Lights1 castle_grounds_dl_f3dlite_material_012_lights = gdSPDefLights1(
	0x66, 0x66, 0x66,
	0xFF, 0xFF, 0xFF, 0x49, 0x49, 0x49);

Lights1 castle_grounds_dl_f3dlite_material_013_lights = gdSPDefLights1(
	0x4E, 0x4E, 0x53,
	0xC4, 0xC4, 0xD0, 0x49, 0x49, 0x49);

Lights1 castle_grounds_dl_f3dlite_material_014_lights = gdSPDefLights1(
	0x66, 0x66, 0x66,
	0xFF, 0xFF, 0xFF, 0x49, 0x49, 0x49);

Lights1 castle_grounds_dl_f3dlite_material_015_lights = gdSPDefLights1(
	0x66, 0x66, 0x66,
	0xFF, 0xFF, 0xFF, 0x49, 0x49, 0x49);

Lights1 castle_grounds_dl_f3dlite_material_016_lights = gdSPDefLights1(
	0x36, 0x36, 0x37,
	0x89, 0x89, 0x8A, 0x49, 0x49, 0x49);

Lights1 castle_grounds_dl_f3dlite_material_017_lights = gdSPDefLights1(
	0x66, 0x66, 0x66,
	0xFF, 0xFF, 0xFF, 0x49, 0x49, 0x49);

Lights1 castle_grounds_dl_f3dlite_material_018_lights = gdSPDefLights1(
	0x36, 0x36, 0x37,
	0x89, 0x89, 0x8A, 0x49, 0x49, 0x49);

Lights1 castle_grounds_dl_f3dlite_material_019_lights = gdSPDefLights1(
	0x66, 0x66, 0x66,
	0xFF, 0xFF, 0xFF, 0x49, 0x49, 0x49);

Lights1 castle_grounds_dl_f3dlite_material_020_lights = gdSPDefLights1(
	0x66, 0x66, 0x66,
	0xFF, 0xFF, 0xFF, 0x49, 0x49, 0x49);

Lights1 castle_grounds_dl_f3dlite_material_021_lights = gdSPDefLights1(
	0x2D, 0x2D, 0x38,
	0x72, 0x72, 0x8C, 0x49, 0x49, 0x49);

Lights1 castle_grounds_dl_f3dlite_material_022_lights = gdSPDefLights1(
	0x66, 0x66, 0x66,
	0xFF, 0xFF, 0xFF, 0x49, 0x49, 0x49);

Lights1 castle_grounds_dl_f3dlite_material_023_lights = gdSPDefLights1(
	0x66, 0x66, 0x66,
	0xFF, 0xFF, 0xFF, 0x49, 0x49, 0x49);

Lights1 castle_grounds_dl_f3dlite_material_024_lights = gdSPDefLights1(
	0x29, 0x29, 0x2A,
	0x67, 0x67, 0x69, 0x49, 0x49, 0x49);

Lights1 castle_grounds_dl_f3dlite_material_025_lights = gdSPDefLights1(
	0x56, 0x56, 0x56,
	0xD8, 0xD8, 0xD8, 0x49, 0x49, 0x49);

Lights1 castle_grounds_dl_f3dlite_material_026_lights = gdSPDefLights1(
	0x66, 0x66, 0x66,
	0xFF, 0xFF, 0xFF, 0x49, 0x49, 0x49);

Lights1 castle_grounds_dl_f3dlite_material_027_lights = gdSPDefLights1(
	0x23, 0x23, 0x27,
	0x58, 0x58, 0x62, 0x49, 0x49, 0x49);

Lights1 castle_grounds_dl_f3dlite_material_028_lights = gdSPDefLights1(
	0x36, 0x36, 0x37,
	0x89, 0x89, 0x8A, 0x49, 0x49, 0x49);

Lights1 castle_grounds_dl_f3dlite_material_029_lights = gdSPDefLights1(
	0x66, 0x66, 0x66,
	0xFF, 0xFF, 0xFF, 0x49, 0x49, 0x49);

Lights1 castle_grounds_dl_f3dlite_material_030_lights = gdSPDefLights1(
	0x13, 0x57, 0x0,
	0x30, 0xDB, 0x2, 0x49, 0x49, 0x49);

Lights1 castle_grounds_dl_f3dlite_material_031_lights = gdSPDefLights1(
	0x29, 0x29, 0x2A,
	0x67, 0x67, 0x69, 0x49, 0x49, 0x49);

Lights1 castle_grounds_dl_f3dlite_material_032_lights = gdSPDefLights1(
	0x36, 0x36, 0x37,
	0x89, 0x89, 0x8A, 0x49, 0x49, 0x49);

Lights1 castle_grounds_dl_f3dlite_material_040_lights = gdSPDefLights1(
	0x3D, 0x3D, 0x44,
	0x99, 0x99, 0xAC, 0x49, 0x49, 0x49);

Lights1 castle_grounds_dl_f3dlite_material_041_lights = gdSPDefLights1(
	0x58, 0x58, 0x5A,
	0xDC, 0xDC, 0xE3, 0x49, 0x49, 0x49);

Lights1 castle_grounds_dl_f3dlite_material_042_lights = gdSPDefLights1(
	0x66, 0x66, 0x66,
	0xFF, 0xFF, 0xFF, 0x49, 0x49, 0x49);

Lights1 castle_grounds_dl_f3dlite_material_043_lights = gdSPDefLights1(
	0x4E, 0x4E, 0x53,
	0xC4, 0xC4, 0xD0, 0x49, 0x49, 0x49);

Lights1 castle_grounds_dl_f3dlite_material_044_lights = gdSPDefLights1(
	0x45, 0x45, 0x4B,
	0xAD, 0xAD, 0xBC, 0x49, 0x49, 0x49);

Lights1 castle_grounds_dl_f3dlite_material_045_lights = gdSPDefLights1(
	0x58, 0x58, 0x5A,
	0xDC, 0xDC, 0xE3, 0x49, 0x49, 0x49);

Gfx castle_grounds_dl__0_rgba16_rgba16_aligner[] = {gsSPEndDisplayList()};
u8 castle_grounds_dl__0_rgba16_rgba16[] = {
	0xff, 0xfe, 0xff, 0xfe, 0xff, 0xfe, 0xff, 0xfe, 
	0xff, 0xfe, 0xff, 0xfe, 0xff, 0xfe, 0xff, 0xfe, 
	0xff, 0xfe, 0xff, 0xfe, 0xff, 0xfe, 0xff, 0xfe, 
	0xff, 0xfe, 0xff, 0xfe, 0xff, 0xfe, 0xff, 0xfe, 
	0xff, 0xfe, 0xff, 0xfe, 0xff, 0xfe, 0xff, 0xfe, 
	0xff, 0xfe, 0xff, 0xfe, 0xff, 0xfe, 0xff, 0xfe, 
	0xff, 0xfe, 0xff, 0xfe, 0xff, 0xfe, 0xff, 0xfe, 
	0xff, 0xfe, 0xff, 0xfe, 0xff, 0xfe, 0xff, 0xfe, 
	0xff, 0xfe, 0xff, 0xfe, 0xff, 0xfe, 0xff, 0xfe, 
	0xff, 0xfe, 0xff, 0xfe, 0xff, 0xfe, 0xff, 0xfe, 
	0xff, 0xfe, 0xff, 0xfe, 0xff, 0xfe, 0xff, 0xde, 
	0xff, 0xde, 0xff, 0xde, 0xff, 0xdc, 0xff, 0xde, 
	0xff, 0xde, 0xff, 0xde, 0xff, 0xde, 0xff, 0xde, 
	0xff, 0xde, 0xff, 0xde, 0xff, 0xfe, 0xff, 0xfe, 
	0xff, 0xfe, 0xff, 0xfe, 0xff, 0xfe, 0xff, 0xfe, 
	0xff, 0xfe, 0xff, 0xfe, 0xff, 0xfe, 0xff, 0xfe, 
	0xff, 0xfe, 0xff, 0xfe, 0xff, 0xfe, 0xff, 0xfe, 
	0xff, 0xfe, 0xff, 0xfe, 0xff, 0xfe, 0xff, 0xfe, 
	0xff, 0xfe, 0xff, 0xfe, 0xff, 0x1e, 0xff, 0xda, 
	0xff, 0xde, 0xff, 0xdc, 0xff, 0xdc, 0xff, 0xde, 
	0xff, 0xde, 0xff, 0xde, 0xff, 0xe0, 0xff, 0xde, 
	0xff, 0xe2, 0xff, 0xe4, 0xff, 0xe0, 0xff, 0xfe, 
	0xff, 0xfe, 0xff, 0xfe, 0xff, 0xfe, 0xff, 0xfe, 
	0xff, 0xfe, 0xff, 0xfe, 0xff, 0xfe, 0xff, 0xfe, 
	0xff, 0xfe, 0xff, 0xfe, 0xff, 0xfe, 0xff, 0xfe, 
	0xff, 0xfe, 0xff, 0xfe, 0xff, 0xfe, 0xff, 0xfe, 
	0xff, 0xfe, 0xff, 0xdc, 0xfe, 0x56, 0xff, 0x16, 
	0xff, 0xa1, 0xff, 0xdb, 0xff, 0xdd, 0xff, 0xdf, 
	0xff, 0xdf, 0xff, 0xe3, 0xff, 0xe7, 0xff, 0xed, 
	0xff, 0xf5, 0xff, 0xe4, 0xff, 0xe4, 0xff, 0xec, 
	0xff, 0xfe, 0xff, 0xfe, 0xff, 0xfe, 0xff, 0xfe, 
	0xff, 0xfe, 0xff, 0xfe, 0xff, 0xfe, 0xff, 0xfe, 
	0xff, 0xfe, 0xff, 0xfe, 0xff, 0xfe, 0xff, 0xfe, 
	0xff, 0xfe, 0xff, 0xfe, 0xff, 0xfe, 0xff, 0xfe, 
	0xff, 0xfe, 0xff, 0xde, 0xfe, 0x61, 0xfe, 0xd7, 
	0xff, 0x97, 0xff, 0xd9, 0xff, 0xdb, 0xff, 0xdd, 
	0xff, 0xe1, 0xff, 0xe3, 0xff, 0xe5, 0xff, 0xe9, 
	0xff, 0xeb, 0xff, 0xf1, 0xff, 0xea, 0xff, 0xf2, 
	0xff, 0xfe, 0xff, 0xfe, 0xff, 0xfe, 0xff, 0xfe, 
	0xff, 0xfe, 0xff, 0xfe, 0xff, 0xfe, 0xff, 0xfe, 
	0xff, 0xfe, 0xff, 0xfe, 0xff, 0xfe, 0xff, 0xfe, 
	0xff, 0xfe, 0xff, 0xfe, 0xff, 0xfe, 0xff, 0xfe, 
	0xff, 0xfe, 0x93, 0x0f, 0xed, 0x9f, 0xff, 0x1d, 
	0xff, 0x5d, 0xff, 0xdd, 0xff, 0xdd, 0xff, 0xdd, 
	0xff, 0xdf, 0xff, 0xe3, 0xff, 0xe7, 0xff, 0xeb, 
	0xff, 0xed, 0xff, 0xf1, 0xfe, 0xe1, 0xff, 0x24, 
	0xff, 0xfe, 0xff, 0xfe, 0xff, 0xfe, 0xff, 0xfe, 
	0xff, 0xfe, 0xff, 0xfe, 0xff, 0xfe, 0xff, 0xfe, 
	0xff, 0xfe, 0xff, 0xfe, 0xff, 0xfe, 0xff, 0xfe, 
	0xff, 0xfe, 0xff, 0xfe, 0xff, 0xfe, 0xff, 0xfe, 
	0x6a, 0x0c, 0x92, 0xcf, 0x9b, 0x0f, 0xc4, 0x53, 
	0xe5, 0x15, 0xfe, 0x99, 0xff, 0x1d, 0xff, 0x5f, 
	0xff, 0xe3, 0xff, 0xe9, 0xff, 0xeb, 0xff, 0xe7, 
	0xfd, 0xd5, 0xed, 0x51, 0xfd, 0xd5, 0xfe, 0x5a, 
	0xff, 0xfe, 0xff, 0xfe, 0xff, 0xfe, 0xff, 0xfe, 
	0xff, 0xfe, 0xff, 0xfe, 0xff, 0xfe, 0xff, 0xfe, 
	0xff, 0xfe, 0xff, 0xfe, 0xff, 0xfe, 0xff, 0xfe, 
	0xff, 0xfe, 0xff, 0xfe, 0xff, 0xfe, 0xff, 0xfe, 
	0x6a, 0x0c, 0x93, 0x11, 0x93, 0x0f, 0x93, 0x0f, 
	0xa3, 0x4f, 0xc4, 0x13, 0xe4, 0xd1, 0xfd, 0x91, 
	0xfd, 0x8f, 0xfd, 0x8f, 0xf5, 0x4f, 0xe5, 0x13, 
	0xed, 0x57, 0xed, 0x99, 0xf6, 0x1d, 0xfe, 0x5e, 
	0xff, 0xfe, 0xff, 0xfe, 0xff, 0xfe, 0xff, 0xfe, 
	0xff, 0xfe, 0xff, 0xfe, 0xff, 0xfe, 0xff, 0xfe, 
	0xff, 0xfe, 0xff, 0xfe, 0xff, 0xfe, 0xff, 0xfe, 
	0xff, 0xfe, 0xff, 0xfe, 0xff, 0xfe, 0xff, 0xfe, 
	0x6a, 0x0c, 0x93, 0x11, 0x92, 0xcf, 0x9b, 0x0f, 
	0xa3, 0x4f, 0xab, 0x4f, 0xb3, 0x8d, 0xcc, 0x4d, 
	0xd4, 0x8d, 0xdc, 0xd1, 0xdd, 0x13, 0xe5, 0x15, 
	0xed, 0x59, 0xe5, 0x59, 0xed, 0xdd, 0xed, 0xde, 
	0xf6, 0x22, 0xff, 0xfe, 0xff, 0xfe, 0xff, 0xfe, 
	0xff, 0xfe, 0xff, 0xfe, 0xff, 0xfe, 0xff, 0xfe, 
	0xff, 0xfe, 0xff, 0xfe, 0xff, 0xfe, 0xff, 0xfe, 
	0xff, 0xfe, 0xff, 0xfe, 0xff, 0xfe, 0xff, 0xfe, 
	0x6a, 0x0c, 0x7a, 0x4d, 0x93, 0x0f, 0x9b, 0x0f, 
	0xab, 0x4d, 0xbb, 0xcf, 0xcc, 0x0d, 0xd4, 0x8f, 
	0xd4, 0x8f, 0xd4, 0x8f, 0xdc, 0xd3, 0xe5, 0x17, 
	0xe5, 0x59, 0xe5, 0x59, 0xe5, 0x9b, 0xed, 0xe0, 
	0xee, 0x22, 0xff, 0xfe, 0xff, 0xfe, 0xff, 0xfe, 
	0xff, 0xfe, 0xff, 0xfe, 0xff, 0xfe, 0xff, 0xfe, 
	0xff, 0xfe, 0xff, 0xfe, 0xff, 0xfe, 0xff, 0xfe, 
	0xff, 0xfe, 0xff, 0xfe, 0xff, 0xfe, 0xff, 0xfe, 
	0x6a, 0x0c, 0x7a, 0x8f, 0x8a, 0x8d, 0x92, 0xcd, 
	0xab, 0x8f, 0xc4, 0x0f, 0xd4, 0x4d, 0xcc, 0x0d, 
	0xcc, 0x4d, 0xdc, 0xd1, 0xdc, 0xd3, 0xdd, 0x15, 
	0xdd, 0x15, 0xdd, 0x17, 0xe5, 0x59, 0xe5, 0xde, 
	0xee, 0x22, 0xff, 0xfe, 0xff, 0xfe, 0xff, 0xfe, 
	0xff, 0xfe, 0xff, 0xfe, 0xff, 0xfe, 0xff, 0xfe, 
	0xff, 0xfe, 0xff, 0xfe, 0xff, 0xfe, 0xff, 0xfe, 
	0xff, 0xfe, 0xff, 0xfe, 0xff, 0xfe, 0xff, 0xfe, 
	0x6a, 0x0c, 0x6a, 0x0d, 0x82, 0x4d, 0x92, 0xcd, 
	0xab, 0x4d, 0xbb, 0xcd, 0xc4, 0x0d, 0xd4, 0x4d, 
	0xdc, 0x4d, 0xdc, 0xd1, 0xdc, 0x91, 0xdc, 0xd3, 
	0xdc, 0xd5, 0xdd, 0x17, 0xdd, 0x59, 0xee, 0x22, 
	0xee, 0x22, 0xff, 0xfe, 0xff, 0xfe, 0xff, 0xfe, 
	0xff, 0xfe, 0xff, 0xfe, 0xff, 0xfe, 0xff, 0xfe, 
	0xff, 0xfe, 0xff, 0xfe, 0xff, 0xfe, 0xff, 0xfe, 
	0xff, 0xfe, 0xff, 0xfe, 0xff, 0xfe, 0xff, 0xfe, 
	0x6a, 0x0c, 0x72, 0x4d, 0x7a, 0x8d, 0x9b, 0x0f, 
	0xab, 0x4d, 0xbb, 0xcf, 0xd4, 0x4f, 0xcc, 0x0d, 
	0xe4, 0xd1, 0xdc, 0x91, 0xdc, 0x4f, 0xdc, 0xd1, 
	0xdd, 0x15, 0xdc, 0xd5, 0xdd, 0x19, 0xe5, 0xe0, 
	0xed, 0xe0, 0xff, 0xfe, 0xff, 0xfe, 0xff, 0xfe, 
	0xff, 0xfe, 0xff, 0xfe, 0xff, 0xfe, 0xff, 0xfe, 
	0xff, 0xfe, 0xff, 0xfe, 0xff, 0xfe, 0xff, 0xfe, 
	0xff, 0xfe, 0xff, 0xfe, 0xff, 0xfe, 0xff, 0xfe, 
	0x6a, 0x0c, 0x7a, 0x8f, 0x82, 0x4d, 0x93, 0x0d, 
	0xab, 0x4d, 0xc3, 0xcf, 0xcc, 0x0d, 0xdc, 0x8f, 
	0xdc, 0x8f, 0xe4, 0x8f, 0xec, 0xcf, 0xe4, 0xd1, 
	0xdc, 0xd3, 0xdc, 0xd5, 0xe5, 0x5b, 0xf6, 0x66, 
	0xf6, 0x66, 0xff, 0xfe, 0xff, 0xfe, 0xff, 0xfe, 
	0xff, 0xfe, 0xff, 0xfe, 0xff, 0xfe, 0xff, 0xfe, 
	0xff, 0xfe, 0xff, 0xfe, 0xff, 0xfe, 0xff, 0xfe, 
	0xff, 0xfe, 0xff, 0xfe, 0xff, 0xfe, 0xff, 0xfe, 
	0x6a, 0x0c, 0x82, 0x8f, 0x8a, 0x8d, 0x9b, 0x0d, 
	0xb3, 0x8d, 0xbb, 0x8d, 0xc4, 0x0d, 0xcc, 0x0d, 
	0xe4, 0x8d, 0xe4, 0x8d, 0xec, 0xcf, 0xec, 0xcd, 
	0xdc, 0x91, 0xdc, 0xd5, 0xdd, 0x5b, 0xed, 0xe0, 
	0xee, 0x22, 0xed, 0xde, 0xee, 0x24, 0xfe, 0x9c, 
	0xff, 0xfe, 0xff, 0xfe, 0xff, 0xfe, 0xff, 0xfe, 
	0xff, 0xfe, 0xff, 0xfe, 0xff, 0xfe, 0xff, 0xfe, 
	0xff, 0xfe, 0xff, 0xfe, 0xff, 0xfe, 0xff, 0xfe, 
	0x6a, 0x0c, 0x7a, 0x4d, 0x8a, 0x8d, 0x9b, 0x0f, 
	0xab, 0x4d, 0xbb, 0xcf, 0xd4, 0x0d, 0xdc, 0x4d, 
	0xe4, 0x8d, 0xec, 0xcd, 0xf5, 0x0f, 0xec, 0xcd, 
	0xdc, 0x8f, 0xdc, 0xd5, 0xe5, 0x9d, 0xe5, 0x9c, 
	0xf6, 0x1a, 0xf6, 0x1a, 0xfe, 0x5a, 0xfe, 0x9a, 
	0xfe, 0xe2, 0xff, 0x26, 0xff, 0xfe, 0xff, 0xfe, 
	0xf5, 0x8a, 0xf5, 0x8a, 0xf5, 0x8a, 0xf5, 0x8a, 
	0xf5, 0x8a, 0xf5, 0x8a, 0xf5, 0x8a, 0xfe, 0x16, 
	0xab, 0x8c, 0x6a, 0x0d, 0x8a, 0x8d, 0xa3, 0x0f, 
	0xbb, 0x8f, 0xcc, 0x0f, 0xdc, 0x8f, 0xec, 0xd1, 
	0xe4, 0x8d, 0xe4, 0x8d, 0xec, 0xcf, 0xe4, 0x8d, 
	0xdc, 0x8f, 0xdc, 0xd5, 0xe5, 0x5d, 0xf6, 0x1a, 
	0xf5, 0xd2, 0xfe, 0x12, 0xfe, 0x56, 0xfe, 0xde, 
	0xfe, 0xe0, 0xff, 0x26, 0xfe, 0xa0, 0xfe, 0x9e, 
	0xf5, 0x8d, 0xf5, 0x8d, 0xf5, 0x8b, 0xf5, 0x8b, 
	0xf5, 0x4b, 0xf5, 0x4b, 0xf5, 0x8b, 0xfd, 0x8d, 
	0xf5, 0x8d, 0x7a, 0x8f, 0x82, 0x8d, 0x92, 0xcd, 
	0xab, 0x4f, 0xab, 0x4d, 0x52, 0x95, 0x84, 0x21, 
	0xa5, 0x29, 0x94, 0xa5, 0xe4, 0x8d, 0xe4, 0x8d, 
	0xe4, 0xcf, 0xdc, 0xd3, 0xe5, 0x5b, 0xf5, 0x8b, 
	0xf5, 0x8b, 0xfd, 0xcd, 0xfd, 0xcd, 0xfd, 0x8d, 
	0xf5, 0x8d, 0xf5, 0x8d, 0xf5, 0x8d, 0xf5, 0x8d, 
	0xfe, 0x0d, 0xfe, 0x0d, 0xfe, 0x0d, 0xfe, 0x0d, 
	0xfd, 0xcb, 0xfd, 0xcb, 0xf5, 0xcb, 0xf5, 0x8b, 
	0xe5, 0x0b, 0x82, 0x8d, 0x8a, 0x8d, 0x8a, 0xcd, 
	0x92, 0xcd, 0x29, 0x4b, 0x5a, 0xd7, 0xbd, 0xef, 
	0xff, 0xff, 0xce, 0x73, 0x7b, 0xdf, 0xe4, 0xcf, 
	0xe4, 0x8d, 0xdc, 0x93, 0xe5, 0x5b, 0xf5, 0x89, 
	0xf5, 0x8b, 0xfe, 0x0b, 0xfe, 0x0d, 0xfe, 0x0d, 
	0xfe, 0x0d, 0xfe, 0x0d, 0xfe, 0x0d, 0xfe, 0x0d, 
	0xfe, 0x0b, 0xfe, 0x0b, 0xfe, 0x0b, 0xfe, 0x0b, 
	0xfe, 0x0b, 0xfd, 0xcb, 0xf5, 0x8b, 0xdc, 0x8b, 
	0xc3, 0xc9, 0x82, 0x8d, 0x92, 0xcd, 0x8a, 0xcd, 
	0x82, 0x8d, 0x21, 0x09, 0x42, 0x11, 0xb5, 0xad, 
	0xff, 0xff, 0xd6, 0xb5, 0x5a, 0xd7, 0xe4, 0x8f, 
	0xe4, 0x8d, 0xdc, 0x91, 0xe5, 0x57, 0xed, 0x0b, 
	0xed, 0x4b, 0xf5, 0x8b, 0xf5, 0xcb, 0xfd, 0xcb, 
	0xfd, 0xcb, 0xfd, 0xcb, 0xfd, 0xcb, 0xfe, 0x0b, 
	0xe4, 0xcb, 0xe4, 0xcb, 0xe4, 0xcb, 0xe4, 0xcb, 
	0xe5, 0x0b, 0xe4, 0xcb, 0xd4, 0x8b, 0xc3, 0x89, 
	0xaa, 0x89, 0x7a, 0x8f, 0x92, 0xcd, 0x92, 0xcd, 
	0x82, 0x8d, 0x39, 0xcf, 0x29, 0x4b, 0x5a, 0xd7, 
	0x94, 0xa5, 0x73, 0x9d, 0x52, 0x95, 0xe4, 0x8d, 
	0xe4, 0x8d, 0xd4, 0x91, 0xe5, 0x15, 0xd4, 0x0b, 
	0xd4, 0x4b, 0xdc, 0x8b, 0xe5, 0x0b, 0xdc, 0x89, 
	0xdc, 0x89, 0xe4, 0xc9, 0xdc, 0xc9, 0xe4, 0xcb, 
	0xc3, 0x89, 0xc3, 0x49, 0xbb, 0x49, 0xbb, 0x0b, 
	0xbb, 0x09, 0xbb, 0x09, 0xaa, 0xc9, 0x92, 0x09, 
	0x81, 0xcb, 0x72, 0x4d, 0x8a, 0x8d, 0x8a, 0x8d, 
	0x8a, 0x8d, 0x82, 0x4d, 0x39, 0xcf, 0x4a, 0x53, 
	0x63, 0x19, 0x63, 0x19, 0xab, 0x4d, 0xdc, 0x4d, 
	0xdc, 0x8d, 0xd4, 0x8f, 0xe5, 0x15, 0xc3, 0x4d, 
	0xbb, 0x4d, 0xbb, 0x49, 0xbb, 0x49, 0xc3, 0x89, 
	0xc3, 0x89, 0xc3, 0x89, 0xcb, 0xc9, 0xcc, 0x09, 
	0xb2, 0xc9, 0xaa, 0x8b, 0xa2, 0x49, 0xaa, 0x89, 
	0xa2, 0x49, 0xaa, 0xc9, 0x9a, 0x0b, 0x71, 0x09, 
	0x71, 0x49, 0x79, 0xcb, 0x8a, 0x8d, 0x8a, 0x8d, 
	0x8a, 0xcd, 0x82, 0x8d, 0x82, 0x8d, 0x8a, 0x8d, 
	0x92, 0xcd, 0xa3, 0x0d, 0xc3, 0xcd, 0xdc, 0x4d, 
	0xdc, 0x4d, 0xd4, 0x4f, 0xe5, 0x13, 0xaa, 0xcb, 
	0xa2, 0x4b, 0xa2, 0x49, 0xa2, 0x49, 0xaa, 0x89, 
	0xaa, 0xc9, 0xb2, 0xc9, 0xbb, 0x0b, 0xbb, 0x09, 
	0xb2, 0xc9, 0xbb, 0x0b, 0xb2, 0xc9, 0xbb, 0x09, 
	0xb2, 0xc9, 0xaa, 0x89, 0x9a, 0x09, 0x89, 0x89, 
	0x81, 0x89, 0x82, 0x8f, 0x8a, 0x8d, 0x9b, 0x0d, 
	0x92, 0xcd, 0x9b, 0x0f, 0x9a, 0xcd, 0xb3, 0x8d, 
	0xc3, 0xcd, 0xcc, 0x0d, 0xdc, 0x4d, 0xe4, 0x8f, 
	0xdc, 0x8f, 0xd4, 0x4f, 0xe5, 0x13, 0x9a, 0x09, 
	0x9a, 0x09, 0x91, 0xc9, 0x9a, 0x09, 0xa2, 0x09, 
	0xaa, 0x49, 0xb2, 0xc9, 0xbb, 0x09, 0xbb, 0x0b, 
	0xb2, 0x88, 0xb2, 0x88, 0xc3, 0x09, 0xcb, 0x89, 
	0xcb, 0x49, 0xc3, 0x09, 0xc3, 0x09, 0xb2, 0x89, 
	0xba, 0xc9, 0x7a, 0x4d, 0x8a, 0x8d, 0x9b, 0x0d, 
	0xab, 0x4d, 0xb3, 0x8d, 0xb3, 0x8d, 0xcc, 0x0d, 
	0xd4, 0x0d, 0xd4, 0x4d, 0xdc, 0x4d, 0xdc, 0x4f, 
	0xd4, 0x4f, 0xd4, 0x4f, 0xe5, 0x13, 0xb2, 0x89, 
	0xb2, 0x89, 0xaa, 0x49, 0xba, 0xc9, 0xb2, 0x89, 
	0xba, 0xc9, 0xba, 0xc9, 0xb2, 0xca, 0xb2, 0x88, 
	0xb2, 0x88, 0xb2, 0x88, 0xb2, 0x88, 0xb2, 0x88, 
	0xb2, 0x88, 0xb2, 0x88, 0xb2, 0x88, 0xb2, 0x88, 
	0xb2, 0x88, 0x8a, 0xcf, 0x92, 0xcd, 0x9b, 0x0d, 
	0xb3, 0x8d, 0xbb, 0x8d, 0xc3, 0xcd, 0xcc, 0x0d, 
	0xdc, 0x4f, 0xdc, 0x4f, 0xd4, 0x0d, 0xdc, 0x4f, 
	0xd4, 0x4f, 0xd4, 0x4f, 0xe5, 0x13, 0xb2, 0x88, 
	0xb2, 0x88, 0xb2, 0x88, 0xb2, 0x88, 0xb2, 0x88, 
	0xb2, 0x88, 0xb2, 0x88, 0xb2, 0x88, 0xb2, 0x88, 
	0xff, 0xfe, 0xff, 0xfe, 0xff, 0xfe, 0xff, 0xfe, 
	0xff, 0xfe, 0xff, 0xfe, 0xff, 0xfe, 0xff, 0xfe, 
	0x8a, 0xce, 0x8a, 0x8d, 0x92, 0xcd, 0xab, 0x4d, 
	0xb3, 0x8d, 0xc3, 0xcd, 0xbb, 0x8d, 0xc3, 0xcd, 
	0xc3, 0xcd, 0xd4, 0x4f, 0xd4, 0x4d, 0xd4, 0x4f, 
	0xcc, 0x0f, 0xd4, 0x8f, 0xe5, 0x13, 0xd4, 0x9a, 
	0xed, 0x9a, 0xed, 0x9a, 0xed, 0x9a, 0xed, 0x9a, 
	0xed, 0x9a, 0xed, 0x9a, 0xed, 0x9a, 0xed, 0x9a, 
	0xff, 0xfe, 0xff, 0xfe, 0xff, 0xfe, 0xff, 0xfe, 
	0xff, 0xfe, 0xff, 0xfe, 0xff, 0xfe, 0xff, 0xfe, 
	0x8a, 0xce, 0x92, 0xcd, 0x92, 0xcd, 0xa3, 0x0d, 
	0xb3, 0x8d, 0xcc, 0x0f, 0xcc, 0x0d, 0xcb, 0xcd, 
	0xd4, 0x0d, 0xcc, 0x0d, 0xd4, 0x0d, 0xd4, 0x4f, 
	0xcc, 0x0f, 0xdc, 0x91, 0xe5, 0x57, 0xed, 0x9a, 
	0xff, 0xfe, 0xff, 0xfe, 0xff, 0xfe, 0xff, 0xfe, 
	0xff, 0xfe, 0xff, 0xfe, 0xff, 0xfe, 0xff, 0xfe, 
	0xff, 0xfe, 0xff, 0xfe, 0xff, 0xfe, 0xff, 0xfe, 
	0xff, 0xfe, 0xff, 0xfe, 0xff, 0xfe, 0xff, 0xfe, 
	0x8a, 0xce, 0x92, 0xcd, 0x9b, 0x0d, 0xab, 0x4d, 
	0xbb, 0x8d, 0xbb, 0x8d, 0xcc, 0x0d, 0xd4, 0x4f, 
	0xdc, 0x4f, 0xd4, 0x0d, 0xd4, 0x4d, 0xd4, 0x4f, 
	0xd4, 0x51, 0xdc, 0xd3, 0xed, 0x59, 0xed, 0x9a, 
	0xff, 0xfe, 0xff, 0xfe, 0xff, 0xfe, 0xff, 0xfe, 
	0xff, 0xfe, 0xff, 0xfe, 0xff, 0xfe, 0xff, 0xfe, 
	0xff, 0xfe, 0xff, 0xfe, 0xff, 0xfe, 0xff, 0xfe, 
	0xff, 0xfe, 0xff, 0xfe, 0xff, 0xfe, 0xff, 0xfe, 
	0x8a, 0xce, 0x92, 0xcd, 0xa3, 0x0d, 0xab, 0x4d, 
	0xbb, 0x8f, 0xbb, 0xcf, 0xbb, 0x8d, 0xcc, 0x0f, 
	0xdc, 0x4f, 0xdc, 0x4f, 0xd4, 0x0d, 0xcc, 0x0f, 
	0xcc, 0x0f, 0xdc, 0xd1, 0xed, 0x9b, 0xed, 0x9a, 
	0xff, 0xfe, 0xff, 0xfe, 0xff, 0xfe, 0xff, 0xfe, 
	0xff, 0xfe, 0xff, 0xfe, 0xff, 0xfe, 0xff, 0xfe, 
	0xff, 0xfe, 0xff, 0xfe, 0xff, 0xfe, 0xff, 0xfe, 
	0xff, 0xfe, 0xff, 0xfe, 0xff, 0xfe, 0xff, 0xfe, 
	0x8a, 0xce, 0x9b, 0x0f, 0xa3, 0x0d, 0xb3, 0x8d, 
	0xbb, 0x8d, 0xbb, 0x8d, 0xbb, 0x8d, 0xc3, 0xcd, 
	0xd4, 0x4f, 0xdc, 0x4f, 0xd4, 0x0d, 0xcc, 0x0d, 
	0xd4, 0x4f, 0xdc, 0x91, 0xed, 0x9b, 0xed, 0x9a, 
	0xff, 0xfe, 0xff, 0xfe, 0xff, 0xfe, 0xff, 0xfe, 
	0xff, 0xfe, 0xff, 0xfe, 0xff, 0xfe, 0xff, 0xfe, 
	0xff, 0xfe, 0xff, 0xfe, 0xff, 0xfe, 0xff, 0xfe, 
	0xff, 0xfe, 0xff, 0xfe, 0xff, 0xfe, 0xff, 0xfe, 
	0x8a, 0xce, 0xa3, 0x51, 0x9b, 0x0f, 0xa3, 0x4f, 
	0xab, 0x4f, 0xbb, 0xcf, 0xc4, 0x0f, 0xc3, 0xcd, 
	0xd4, 0x4f, 0xdc, 0x4f, 0xdc, 0x4f, 0xcb, 0xcd, 
	0xd4, 0x51, 0xdc, 0xd3, 0xed, 0xdd, 0xed, 0x9a, 
	0xff, 0xfe, 0xff, 0xfe, 0xff, 0xfe, 0xff, 0xfe, 
	0xff, 0xfe, 0xff, 0xfe, 0xff, 0xfe, 0xff, 0xfe, 
	0xff, 0xfe, 0xff, 0xfe, 0xff, 0xfe, 0xff, 0xfe, 
	0xff, 0xfe, 0xff, 0xfe, 0xff, 0xfe, 0xff, 0xfe, 
	0x8a, 0xce, 0xab, 0xd5, 0x9b, 0x0f, 0xab, 0x4d, 
	0xbb, 0xcf, 0xbb, 0xcd, 0xc3, 0xcd, 0xcb, 0xcd, 
	0xcc, 0x0d, 0xd4, 0x4f, 0xdc, 0x4f, 0xd4, 0x0f, 
	0xd4, 0x4f, 0xdc, 0xd3, 0xed, 0x9b, 0xed, 0x9a, 
	0xff, 0xfe, 0xff, 0xfe, 0xff, 0xfe, 0xff, 0xfe, 
	0xff, 0xfe, 0xff, 0xfe, 0xff, 0xfe, 0xff, 0xfe, 
	0xff, 0xfe, 0xff, 0xfe, 0xff, 0xfe, 0xff, 0xfe, 
	0xff, 0xfe, 0xff, 0xfe, 0xff, 0xfe, 0xff, 0xfe, 
	0x8a, 0xce, 0xa3, 0x51, 0xa3, 0x4f, 0xbb, 0xd1, 
	0xb3, 0x8d, 0xbb, 0x8d, 0xc3, 0xcf, 0xc3, 0xcd, 
	0xc3, 0xcd, 0xcc, 0x0f, 0xd4, 0x0d, 0xcc, 0x0d, 
	0xcc, 0x4f, 0xdc, 0xd5, 0xe5, 0x59, 0xed, 0x9a, 
	0xff, 0xfe, 0xff, 0xfe, 0xff, 0xfe, 0xff, 0xfe, 
	0xff, 0xfe, 0xff, 0xfe, 0xff, 0xfe, 0xff, 0xfe, 
	0xff, 0xfe, 0xff, 0xfe, 0xff, 0xfe, 0xff, 0xfe, 
	0xff, 0xfe, 0xff, 0xfe, 0xff, 0xfe, 0xff, 0xfe, 
	0x8a, 0xce, 0xa3, 0x51, 0x9b, 0x0f, 0xb3, 0x8f, 
	0xb3, 0x91, 0xc3, 0xcf, 0xc3, 0xcd, 0xc3, 0xcd, 
	0xc3, 0xcd, 0xd4, 0x0f, 0xd4, 0x0d, 0xcc, 0x0d, 
	0xd4, 0x51, 0xd4, 0x91, 0xed, 0x5b, 0xed, 0x9a, 
	0xed, 0x9a, 0xed, 0x9a, 0xff, 0xfe, 0xff, 0xfe, 
	0xff, 0xfe, 0xff, 0xfe, 0xed, 0x9a, 0xed, 0x9a, 
	0xf5, 0x8a, 0xf5, 0x8a, 0xf5, 0x8a, 0xf5, 0x8a, 
	0xf5, 0x8a, 0xf5, 0x8a, 0xf5, 0x8a, 0xf5, 0x8a, 
	0x8a, 0xce, 0x92, 0xcf, 0x9b, 0x0f, 0xab, 0x4f, 
	0xa3, 0x0f, 0xab, 0x4f, 0xbb, 0xcf, 0xbb, 0xcf, 
	0xc4, 0x0d, 0xd4, 0x0d, 0xd4, 0x0f, 0xd4, 0x0d, 
	0xd4, 0x4f, 0xdc, 0x93, 0xe5, 0x59, 0xed, 0x9a, 
	0xed, 0x9a, 0xed, 0x9a, 0xed, 0x9a, 0xed, 0x9a, 
	0xed, 0x9a, 0xed, 0x9a, 0xed, 0x9a, 0xed, 0x9a, 
	0xf5, 0x8b, 0xf5, 0x8b, 0xf5, 0x8b, 0xf5, 0x8b, 
	0xf5, 0x49, 0xed, 0x4b, 0xed, 0x4b, 0xe5, 0x13, 
	0xbb, 0x91, 0x8a, 0xcd, 0x92, 0xcd, 0xa3, 0x4f, 
	0xa3, 0x4f, 0xb3, 0x91, 0xbb, 0xcf, 0xcc, 0x0d, 
	0xcc, 0x0f, 0xd4, 0x0f, 0xcc, 0x0f, 0xcc, 0x0d, 
	0xd4, 0x4f, 0xdc, 0xd1, 0xe5, 0x59, 0xf5, 0x8b, 
	0xf5, 0x8b, 0xfd, 0x8d, 0xfd, 0x8b, 0xf5, 0x8b, 
	0xf5, 0x8b, 0xf5, 0x8b, 0xf5, 0x8b, 0xf5, 0x8b, 
	0xfe, 0x0b, 0xfe, 0x0b, 0xfe, 0x0b, 0xfe, 0x0b, 
	0xfe, 0x0b, 0xf5, 0x8d, 0xe4, 0xcd, 0xc3, 0xcd, 
	0xa2, 0xcb, 0x8a, 0x8d, 0x92, 0xcd, 0x9b, 0x0d, 
	0xa3, 0x4f, 0xab, 0x4f, 0xb3, 0x8f, 0xc3, 0xcf, 
	0xc3, 0xcf, 0xd4, 0x0f, 0xcc, 0x0f, 0xc3, 0xcd, 
	0xd4, 0x4f, 0xdc, 0xd3, 0xed, 0x9b, 0xf5, 0x49, 
	0xf5, 0x89, 0xfd, 0xcb, 0xfe, 0x0d, 0xfe, 0x0d, 
	0xfe, 0x0d, 0xfe, 0x0d, 0xfe, 0x0d, 0xfe, 0x0b, 
	0xfe, 0x0b, 0xfe, 0x0b, 0xfe, 0x0b, 0xfe, 0x0b, 
	0xf5, 0x8b, 0xd4, 0x8b, 0xc3, 0xcb, 0xb3, 0x4b, 
	0xa2, 0x8b, 0x8a, 0x8d, 0x92, 0xcd, 0x93, 0x0d, 
	0x9b, 0x0d, 0x92, 0xcd, 0x52, 0x95, 0x84, 0x21, 
	0xa5, 0x29, 0x94, 0xa5, 0xcc, 0x0d, 0xc3, 0xcd, 
	0xd4, 0x4d, 0xe5, 0x13, 0xed, 0x9b, 0xe4, 0xcb, 
	0xed, 0x0b, 0xed, 0x4b, 0xf5, 0x8b, 0xf5, 0xcb, 
	0xfd, 0xcb, 0xfe, 0x0b, 0xfe, 0x0b, 0xfe, 0x0b, 
	0xe4, 0x89, 0xe4, 0x89, 0xe4, 0x89, 0xdc, 0x4b, 
	0xcb, 0xcb, 0xb3, 0x4b, 0xa2, 0xc9, 0x9a, 0x49, 
	0x92, 0x4b, 0x82, 0x8d, 0x8a, 0xcd, 0x92, 0xcd, 
	0x8a, 0x8d, 0x29, 0x4b, 0x5a, 0xd7, 0xbd, 0xef, 
	0xff, 0xff, 0xce, 0x73, 0x7b, 0xdf, 0xcc, 0x0f, 
	0xd4, 0x4d, 0xe5, 0x13, 0xed, 0xdb, 0xcb, 0xc9, 
	0xcb, 0xc9, 0xcb, 0xc9, 0xd4, 0x4b, 0xd4, 0x49, 
	0xdc, 0x89, 0xdc, 0x89, 0xdc, 0x89, 0xdc, 0x89, 
	0xbb, 0x49, 0xbb, 0x09, 0xbb, 0x09, 0xbb, 0x0b, 
	0xaa, 0xc9, 0xaa, 0xc9, 0xa2, 0x89, 0x92, 0x09, 
	0x8a, 0x0b, 0x82, 0x4d, 0x8a, 0x8d, 0x8a, 0xcd, 
	0x82, 0x8d, 0x21, 0x09, 0x42, 0x11, 0xb5, 0xad, 
	0xff, 0xff, 0xd6, 0xb5, 0x5a, 0xd7, 0xc4, 0x0f, 
	0xd4, 0x4d, 0xe5, 0x11, 0xf5, 0xd9, 0xbb, 0x0b, 
	0xbb, 0x0b, 0xb2, 0xc9, 0xaa, 0xc9, 0xb2, 0xc9, 
	0xb3, 0x09, 0xbb, 0x09, 0xbb, 0x49, 0xc3, 0x49, 
	0xb2, 0x89, 0xaa, 0x89, 0xaa, 0x49, 0xaa, 0x89, 
	0xaa, 0x89, 0xaa, 0x89, 0x9a, 0x09, 0x79, 0x49, 
	0x79, 0x89, 0x82, 0x4d, 0x8a, 0x8d, 0x92, 0xcd, 
	0x82, 0x8d, 0x39, 0xcf, 0x29, 0x4b, 0x5a, 0xd7, 
	0x94, 0xa5, 0x73, 0x9d, 0x52, 0x95, 0xc4, 0x0f, 
	0xd4, 0x4d, 0xe4, 0xcf, 0xed, 0x97, 0xa2, 0x49, 
	0x9a, 0x09, 0x89, 0xc9, 0x91, 0xc9, 0x9a, 0x09, 
	0xaa, 0x49, 0xaa, 0x89, 0xb2, 0xc9, 0xb2, 0xc9, 
	0xb2, 0xc9, 0xbb, 0x0b, 0xb2, 0x89, 0xc3, 0x09, 
	0xbb, 0x09, 0xa2, 0x49, 0x91, 0xc9, 0x89, 0x89, 
	0x81, 0x89, 0x82, 0x8d, 0x8a, 0x8d, 0x92, 0xcd, 
	0x92, 0xcd, 0x82, 0x8d, 0x39, 0xcf, 0x4a, 0x53, 
	0x63, 0x19, 0x63, 0x19, 0xab, 0x8d, 0xcc, 0x0d, 
	0xd4, 0x8d, 0xed, 0x0f, 0xfe, 0x17, 0xaa, 0xcd, 
	0x9a, 0x09, 0x89, 0xc9, 0x91, 0xc9, 0x9a, 0x09, 
	0xa2, 0x09, 0xaa, 0x89, 0xb2, 0x89, 0xbb, 0x09, 
	0xbb, 0x0a, 0xbb, 0x0a, 0xc3, 0x09, 0xd3, 0x89, 
	0xd3, 0x8b, 0xc3, 0x09, 0xc3, 0x09, 0xaa, 0x89, 
	0xb2, 0xc9, 0x8a, 0x8d, 0x8a, 0xcd, 0x9b, 0x0d, 
	0xa3, 0x0d, 0x92, 0xcd, 0x8a, 0x8d, 0x93, 0x0d, 
	0xa3, 0x4d, 0xb3, 0xcd, 0xcc, 0x0d, 0xd4, 0x8d, 
	0xe5, 0x0f, 0xed, 0x51, 0xfe, 0x17, 0xc3, 0x91, 
	0xb2, 0x89, 0xaa, 0x49, 0xba, 0xc9, 0xba, 0xc9, 
	0xba, 0xc9, 0xbb, 0x09, 0xff, 0xfe, 0xff, 0xfe, 
	0xff, 0xfe, 0xbb, 0x0a, 0xd3, 0x88, 0xd3, 0x88, 
	0xd3, 0x88, 0xd3, 0x88, 0xd3, 0x88, 0xd3, 0x88, 
	0x9b, 0x0e, 0x9a, 0xcf, 0x92, 0xcd, 0x9b, 0x0d, 
	0xa3, 0x0d, 0xab, 0x4d, 0xb3, 0x8d, 0xcc, 0x0d, 
	0xdc, 0xcf, 0xed, 0x0f, 0xed, 0x0d, 0xec, 0xcf, 
	0xed, 0x0f, 0xed, 0x4f, 0xfe, 0x17, 0xe5, 0x56, 
	0xe5, 0x56, 0xff, 0xfe, 0xff, 0xfe, 0xff, 0xfe, 
	0xff, 0xfe, 0xff, 0xfe, 0xff, 0xfe, 0xff, 0xfe, 
	0xff, 0xfe, 0xff, 0xfe, 0xff, 0xfe, 0xff, 0xfe, 
	0xff, 0xfe, 0xff, 0xfe, 0xff, 0xfe, 0xff, 0xfe, 
	0x9b, 0x0e, 0xa3, 0x4f, 0x9b, 0x0d, 0xa3, 0x4d, 
	0xab, 0x8d, 0xbb, 0xcd, 0xd4, 0x4d, 0xe4, 0xcd, 
	0xed, 0x0d, 0xfd, 0x4d, 0xfd, 0x4f, 0xf5, 0x4f, 
	0xed, 0x4f, 0xf5, 0x8f, 0xfe, 0x57, 0xe5, 0x56, 
	0xe5, 0x56, 0xff, 0xfe, 0xff, 0xfe, 0xff, 0xfe, 
	0xff, 0xfe, 0xff, 0xfe, 0xff, 0xfe, 0xff, 0xfe, 
	0xff, 0xfe, 0xff, 0xfe, 0xff, 0xfe, 0xff, 0xfe, 
	0xff, 0xfe, 0xff, 0xfe, 0xff, 0xfe, 0xff, 0xfe, 
	0x9b, 0x0e, 0xab, 0x8f, 0x9b, 0x0f, 0xab, 0x4d, 
	0xc3, 0xcd, 0xd4, 0x4d, 0xdc, 0x4d, 0xec, 0xcd, 
	0xfd, 0x4f, 0xfd, 0x4d, 0xfd, 0x8d, 0xfd, 0x8f, 
	0xf5, 0x4f, 0xfd, 0x91, 0xfe, 0x97, 0xe5, 0x56, 
	0xe5, 0x56, 0xff, 0xfe, 0xff, 0xfe, 0xff, 0xfe, 
	0xff, 0xfe, 0xff, 0xfe, 0xff, 0xfe, 0xff, 0xfe, 
	0xff, 0xfe, 0xff, 0xfe, 0xff, 0xfe, 0xff, 0xfe, 
	0xff, 0xfe, 0xff, 0xfe, 0xff, 0xfe, 0xff, 0xfe, 
	0x9b, 0x0e, 0xab, 0x91, 0x9b, 0x0d, 0xab, 0x8f, 
	0xc3, 0xcd, 0xd4, 0x4d, 0xe4, 0x8d, 0xed, 0x0f, 
	0xf5, 0x4d, 0xfd, 0x8f, 0xfd, 0x8f, 0xfd, 0xcf, 
	0xf5, 0x8f, 0xfd, 0xd1, 0xfe, 0x99, 0xe5, 0x56, 
	0xe5, 0x56, 0xff, 0xfe, 0xff, 0xfe, 0xff, 0xfe, 
	0xff, 0xfe, 0xff, 0xfe, 0xff, 0xfe, 0xff, 0xfe, 
	0xff, 0xfe, 0xff, 0xfe, 0xff, 0xfe, 0xff, 0xfe, 
	0xff, 0xfe, 0xff, 0xfe, 0xff, 0xfe, 0xff, 0xfe, 
	0x9b, 0x0e, 0xa3, 0x91, 0x9b, 0x0f, 0xa3, 0x4f, 
	0xbb, 0xcd, 0xd4, 0x4f, 0xe4, 0xcf, 0xe4, 0xcd, 
	0xfd, 0x4f, 0xfd, 0x8f, 0xfd, 0x8f, 0xfd, 0x8f, 
	0xf5, 0x8f, 0xfd, 0xd3, 0xfe, 0x5b, 0xe5, 0x56, 
	0xe5, 0x56, 0xff, 0xfe, 0xff, 0xfe, 0xff, 0xfe, 
	0xff, 0xfe, 0xff, 0xfe, 0xff, 0xfe, 0xff, 0xfe, 
	0xff, 0xfe, 0xff, 0xfe, 0xff, 0xfe, 0xff, 0xfe, 
	0xff, 0xfe, 0xff, 0xfe, 0xff, 0xfe, 0xff, 0xfe, 
	0x9b, 0x0e, 0x9b, 0x0f, 0x92, 0xcf, 0x9b, 0x0d, 
	0xb3, 0x8d, 0xdc, 0x8f, 0xdc, 0x4d, 0xdc, 0x4d, 
	0xf5, 0x0f, 0xfd, 0x4f, 0xf5, 0x4f, 0xed, 0x4f, 
	0xed, 0x4f, 0xf5, 0x93, 0xf5, 0xd9, 0xe5, 0x56, 
	0xe5, 0x56, 0xff, 0xfe, 0xff, 0xfe, 0xff, 0xfe, 
	0xff, 0xfe, 0xff, 0xfe, 0xff, 0xfe, 0xff, 0xfe, 
	0xff, 0xfe, 0xff, 0xfe, 0xff, 0xfe, 0xff, 0xfe, 
	0xff, 0xfe, 0xff, 0xfe, 0xff, 0xfe, 0xff, 0xfe, 
	0x9b, 0x0e, 0x9b, 0x53, 0x92, 0xcf, 0xa3, 0x4f, 
	0xcc, 0x0f, 0xdc, 0x4d, 0xd4, 0x4d, 0xdc, 0x8d, 
	0xf5, 0x0f, 0xed, 0x0f, 0xed, 0x0f, 0xed, 0x0f, 
	0xe5, 0x11, 0xe5, 0x53, 0xe5, 0x57, 0xe5, 0x56, 
	0xe5, 0x56, 0xff, 0xfe, 0xff, 0xfe, 0xff, 0xfe, 
	0xff, 0xfe, 0xff, 0xfe, 0xff, 0xfe, 0xff, 0xfe, 
	0xff, 0xfe, 0xff, 0xfe, 0xff, 0xfe, 0xff, 0xfe, 
	0xff, 0xfe, 0xff, 0xfe, 0xff, 0xfe, 0xff, 0xfe, 
	0x9b, 0x0e, 0x9b, 0x97, 0x93, 0x11, 0xa3, 0x4f, 
	0xc3, 0xcd, 0xd4, 0x4f, 0xdc, 0x4d, 0xe4, 0xcd, 
	0xed, 0x0f, 0xe4, 0xcf, 0xed, 0x0f, 0xe5, 0x0f, 
	0xe5, 0x11, 0xd4, 0xd1, 0xdd, 0x15, 0xe5, 0x56, 
	0xe5, 0x56, 0xff, 0xfe, 0xff, 0xfe, 0xff, 0xfe, 
	0xff, 0xfe, 0xff, 0xfe, 0xff, 0xfe, 0xff, 0xfe, 
	0xff, 0xfe, 0xff, 0xfe, 0xff, 0xfe, 0xff, 0xfe, 
	0xff, 0xfe, 0xff, 0xfe, 0xff, 0xfe, 0xff, 0xfe, 
	0x9b, 0x0e, 0x93, 0x0f, 0x9b, 0x53, 0x92, 0xcd, 
	0xb3, 0x8d, 0xc3, 0xcf, 0xcc, 0x0f, 0xd4, 0x4f, 
	0xe4, 0x8f, 0xdc, 0xcd, 0xe4, 0xcf, 0xe4, 0xcf, 
	0xdc, 0xcf, 0xd4, 0xd1, 0xdd, 0x15, 0xe5, 0x56, 
	0xe5, 0x56, 0xff, 0xfe, 0xff, 0xfe, 0xff, 0xfe, 
	0xff, 0xfe, 0xff, 0xfe, 0xff, 0xfe, 0xff, 0xfe, 
	0xff, 0xfe, 0xff, 0xfe, 0xff, 0xfe, 0xff, 0xfe, 
	0xff, 0xfe, 0xff, 0xfe, 0xff, 0xfe, 0xff, 0xfe, 
	0x9b, 0x0e, 0x82, 0x8d, 0x82, 0x8f, 0x93, 0x11, 
	0xa3, 0x0d, 0xbb, 0x8d, 0xcc, 0x0d, 0xd4, 0x4d, 
	0xd4, 0x4d, 0xdc, 0x8d, 0xe4, 0xcf, 0xdc, 0xcf, 
	0xd4, 0x8f, 0xd4, 0xd3, 0xdd, 0x17, 0xe5, 0x56, 
	0xe5, 0x56, 0xff, 0xfe, 0xff, 0xfe, 0xff, 0xfe, 
	0xff, 0xfe, 0xff, 0xfe, 0xff, 0xfe, 0xff, 0xfe, 
	0xff, 0xfe, 0xff, 0xfe, 0xff, 0xfe, 0xff, 0xfe, 
	0xff, 0xfe, 0xff, 0xfe, 0xff, 0xfe, 0xff, 0xfe, 
	0x9b, 0x0e, 0x93, 0x55, 0x93, 0x13, 0x92, 0xcf, 
	0x9b, 0x0d, 0xbb, 0x8d, 0xc3, 0xcd, 0xcc, 0x0d, 
	0xd4, 0x8f, 0xd4, 0x4f, 0xd4, 0x8d, 0xd4, 0x8f, 
	0xcc, 0x8f, 0xdd, 0x15, 0xdd, 0x57, 0xe5, 0x56, 
	0xe5, 0x56, 0xff, 0xfe, 0xff, 0xfe, 0xff, 0xfe, 
	0xff, 0xfe, 0xff, 0xfe, 0xff, 0xfe, 0xff, 0xfe, 
	0xff, 0xfe, 0xff, 0xfe, 0xff, 0xfe, 0xff, 0xfe, 
	0xff, 0xfe, 0xff, 0xfe, 0xff, 0xfe, 0xff, 0xfe, 
	0x9b, 0x0e, 0x93, 0x11, 0x8a, 0xcd, 0x92, 0xcd, 
	0xa3, 0x4f, 0xab, 0x4d, 0xc4, 0x0d, 0xcc, 0x0f, 
	0xdc, 0x8f, 0xd4, 0x4f, 0xdc, 0x8f, 0xdc, 0x8f, 
	0xcc, 0x8f, 0xd4, 0xd3, 0xd5, 0x15, 0xe5, 0x56, 
	0xe5, 0x56, 0xff, 0xfe, 0xff, 0xfe, 0xff, 0xfe, 
	0xff, 0xfe, 0xff, 0xfe, 0xff, 0xfe, 0xff, 0xfe, 
	0xff, 0xfe, 0xff, 0xfe, 0xff, 0xfe, 0xff, 0xfe, 
	0xff, 0xfe, 0xff, 0xfe, 0xff, 0xfe, 0xff, 0xfe, 
	0x9b, 0x0e, 0x8a, 0xcd, 0x9b, 0x0f, 0x9a, 0xcd, 
	0xa3, 0x4d, 0xab, 0x4f, 0xbb, 0x8d, 0xc4, 0x0d, 
	0xd4, 0x4f, 0xd4, 0x8f, 0xd4, 0x8d, 0xdc, 0xcf, 
	0xd4, 0x8f, 0xd4, 0xd1, 0xe5, 0x99, 0xe5, 0x56, 
	0xe5, 0x56, 0xff, 0xfe, 0xff, 0xfe, 0xff, 0xfe, 
	0xff, 0xfe, 0xff, 0xfe, 0xff, 0xfe, 0xff, 0xfe, 
	0xff, 0xfe, 0xff, 0xfe, 0xff, 0xfe, 0xff, 0xfe, 
	0xff, 0xfe, 0xff, 0xfe, 0xff, 0xfe, 0xff, 0xfe, 
	0x9b, 0x0e, 0xa3, 0x4f, 0x9b, 0x0f, 0x9b, 0x0f, 
	0x9b, 0x0d, 0xab, 0x4d, 0xc3, 0xcf, 0xcc, 0x0f, 
	0xd4, 0x4f, 0xd4, 0x4f, 0xdc, 0xcf, 0xd4, 0x8d, 
	0xd4, 0x8f, 0xd4, 0xd3, 0xe5, 0x57, 0xe5, 0x56, 
	0xe5, 0x56, 0xff, 0xfe, 0xff, 0xfe, 0xff, 0xfe, 
	0xff, 0xfe, 0xff, 0xfe, 0xff, 0xfe, 0xff, 0xfe, 
	0xff, 0xfe, 0xff, 0xfe, 0xff, 0xfe, 0xff, 0xfe, 
	0xff, 0xfe, 0xff, 0xfe, 0xff, 0xfe, 0xff, 0xfe, 
	0x9b, 0x0e, 0x9b, 0x0d, 0x92, 0xcd, 0x9b, 0x0d, 
	0x9b, 0x0d, 0xab, 0x4d, 0xc3, 0xcd, 0xc3, 0xcd, 
	0xd4, 0x4f, 0xdc, 0x8f, 0xe4, 0xcf, 0xd4, 0x4d, 
	0xd4, 0x8f, 0xdd, 0x13, 0xf6, 0x1d, 0xe5, 0x56, 
	0xff, 0xfe, 0xff, 0xfe, 0xff, 0xfe, 0xff, 0xfe, 
	0xff, 0xfe, 0xff, 0xfe, 0xff, 0xfe, 0xff, 0xfe, 
	0xff, 0xfe, 0xff, 0xfe, 0xff, 0xfe, 0xff, 0xfe, 
	0xff, 0xfe, 0xff, 0xfe, 0xff, 0xfe, 0xff, 0xfe, 
	0x9b, 0x0c, 0xcc, 0xdd, 0xa3, 0x4f, 0x9b, 0x0f, 
	0x9b, 0x0f, 0xab, 0x4d, 0xbb, 0x8d, 0xc3, 0xcf, 
	0xd4, 0x0d, 0xd4, 0x4d, 0xdc, 0x8d, 0xdc, 0xcf, 
	0xe4, 0xd1, 0xed, 0x55, 0xfe, 0x19, 0xf5, 0x50, 
	0xff, 0xfe, 0xff, 0xfe, 0xff, 0xfe, 0xff, 0xfe, 
	0xff, 0xfe, 0xff, 0xfe, 0xff, 0xfe, 0xff, 0xfe, 
	0xff, 0xfe, 0xff, 0xfe, 0xff, 0xfe, 0xff, 0xfe, 
	0xff, 0xfe, 0xff, 0xfe, 0xff, 0xfe, 0xff, 0xfe, 
	0x9b, 0x0c, 0x9b, 0x0c, 0xbb, 0xcf, 0xab, 0x8f, 
	0x9b, 0x0d, 0xb3, 0x4d, 0xc3, 0xcd, 0xd4, 0x4f, 
	0xd4, 0x4d, 0xe4, 0xcf, 0xe4, 0xcd, 0xe4, 0xcf, 
	0xed, 0x55, 0xfe, 0x1f, 0xf5, 0x50, 0xf5, 0x50, 
	0xff, 0xfe, 0xff, 0xfe, 0xff, 0xfe, 0xff, 0xfe, 
	0xff, 0xfe, 0xff, 0xfe, 0xff, 0xfe, 0xff, 0xfe, 
	0xff, 0xfe, 0xff, 0xfe, 0xff, 0xfe, 0xff, 0xfe, 
	0xff, 0xfe, 0xff, 0xfe, 0xff, 0xfe, 0xff, 0xfe, 
	0xff, 0xfe, 0x9b, 0x0c, 0x9b, 0x0c, 0xd4, 0xd9, 
	0xc3, 0xcf, 0xc4, 0x0d, 0xdc, 0xcf, 0xf5, 0x51, 
	0xf5, 0x51, 0xf5, 0x91, 0xf5, 0x93, 0xfd, 0xd5, 
	0xf5, 0x51, 0xf5, 0x50, 0xf5, 0x50, 0xff, 0xfe, 
	0xff, 0xfe, 0xff, 0xfe, 0xff, 0xfe, 0xff, 0xfe, 
	0xff, 0xfe, 0xff, 0xfe, 0xff, 0xfe, 0xff, 0xfe, 
	0xff, 0xfe, 0xff, 0xfe, 0xff, 0xfe, 0xff, 0xfe, 
	0xff, 0xfe, 0xff, 0xfe, 0xff, 0xfe, 0xff, 0xfe, 
	0xff, 0xfe, 0xff, 0xfe, 0x9b, 0x0c, 0x9b, 0x0c, 
	0xc4, 0x0c, 0xc4, 0x0c, 0xf5, 0x50, 0xf5, 0x50, 
	0xf5, 0x50, 0xf5, 0x50, 0xf5, 0x50, 0xf5, 0x50, 
	0xf5, 0x50, 0xff, 0xfe, 0xff, 0xfe, 0xff, 0xfe, 
	0xff, 0xfe, 0xff, 0xfe, 0xff, 0xfe, 0xff, 0xfe, 
	0xff, 0xfe, 0xff, 0xfe, 0xff, 0xfe, 0xff, 0xfe, 
	0xff, 0xfe, 0xff, 0xfe, 0xff, 0xfe, 0xff, 0xfe, 
	0xff, 0xfe, 0xff, 0xfe, 0xff, 0xfe, 0xff, 0xfe, 
	0xff, 0xfe, 0xff, 0xfe, 0xff, 0xfe, 0xff, 0xfe, 
	0xff, 0xfe, 0xff, 0xfe, 0xff, 0xfe, 0xff, 0xfe, 
	0xff, 0xfe, 0xff, 0xfe, 0xff, 0xfe, 0xff, 0xfe, 
	0xff, 0xfe, 0xff, 0xfe, 0xff, 0xfe, 0xff, 0xfe, 
	0xff, 0xfe, 0xff, 0xfe, 0xff, 0xfe, 0xff, 0xfe, 
	0xff, 0xfe, 0xff, 0xfe, 0xff, 0xfe, 0xff, 0xfe, 
	
};

Gfx castle_grounds_dl_castle_grounds_textures_0A800_rgba16_rgba16_aligner[] = {gsSPEndDisplayList()};
u8 castle_grounds_dl_castle_grounds_textures_0A800_rgba16_rgba16[] = {
	0x18, 0xc6, 0x18, 0xc6, 0x18, 0xc6, 0x18, 0xc6, 
	0x18, 0xc6, 0x18, 0xc6, 0x18, 0xc6, 0x18, 0xc6, 
	0x10, 0x84, 0x10, 0x86, 0x31, 0x4a, 0x52, 0x0e, 
	0x6a, 0xd5, 0x73, 0x17, 0x7b, 0x57, 0x83, 0x59, 
	0x83, 0x99, 0x7b, 0x57, 0x7b, 0x17, 0x6a, 0xd3, 
	0x4a, 0x0e, 0x29, 0x4a, 0x10, 0x84, 0x10, 0x84, 
	0x18, 0xc6, 0x18, 0xc6, 0x18, 0xc6, 0x18, 0xc6, 
	0x18, 0xc6, 0x18, 0xc6, 0x18, 0xc6, 0x18, 0xc6, 
	0x18, 0xc6, 0x18, 0xc6, 0x18, 0xc6, 0x18, 0xc6, 
	0x18, 0xc6, 0x18, 0xc6, 0x10, 0x84, 0x18, 0xc6, 
	0x4a, 0x0e, 0x7b, 0x17, 0x93, 0x99, 0x93, 0x99, 
	0x83, 0x57, 0x7b, 0x17, 0x83, 0x17, 0x83, 0x17, 
	0x7b, 0x17, 0x7b, 0x17, 0x7b, 0x17, 0x83, 0x59, 
	0x93, 0x99, 0x93, 0x99, 0x7b, 0x17, 0x4a, 0x0e, 
	0x10, 0xc6, 0x10, 0x84, 0x18, 0xc6, 0x18, 0xc6, 
	0x18, 0xc6, 0x18, 0xc6, 0x18, 0xc6, 0x18, 0xc6, 
	0x18, 0xc6, 0x18, 0xc6, 0x18, 0xc6, 0x18, 0xc6, 
	0x18, 0xc6, 0x10, 0x84, 0x39, 0xcc, 0x83, 0x99, 
	0x93, 0x9b, 0x83, 0x59, 0x83, 0x57, 0x9c, 0x1d, 
	0xb4, 0xe3, 0xcd, 0xa9, 0xd6, 0x2d, 0xe6, 0xad, 
	0xe6, 0xab, 0xd6, 0x29, 0xc5, 0xa3, 0xac, 0x9d, 
	0x93, 0x99, 0x7b, 0x17, 0x8b, 0x59, 0x9b, 0xdb, 
	0x83, 0x59, 0x39, 0x8c, 0x08, 0x84, 0x18, 0xc6, 
	0x18, 0xc6, 0x18, 0xc6, 0x18, 0xc6, 0x18, 0xc6, 
	0x18, 0xc6, 0x18, 0xc6, 0x18, 0xc6, 0x18, 0xc6, 
	0x18, 0xc6, 0x6b, 0x15, 0x9b, 0xd9, 0x83, 0x59, 
	0x83, 0x57, 0xa4, 0x5f, 0xcd, 0xed, 0xef, 0x37, 
	0xef, 0x37, 0xe7, 0x31, 0xce, 0x2b, 0xc5, 0xa7, 
	0xc5, 0xa5, 0xce, 0x27, 0xee, 0xe9, 0xff, 0xeb, 
	0xff, 0xeb, 0xe6, 0x65, 0xac, 0x5b, 0x7b, 0x17, 
	0x83, 0x99, 0xa3, 0xdb, 0x6a, 0xd4, 0x10, 0xc6, 
	0x18, 0xc6, 0x18, 0xc6, 0x18, 0xc6, 0x18, 0xc6, 
	0x18, 0xc6, 0x18, 0xc6, 0x18, 0xc6, 0x10, 0xc6, 
	0x73, 0x17, 0x8b, 0x99, 0x83, 0x57, 0xa4, 0x61, 
	0xe6, 0xb5, 0xef, 0x7b, 0xde, 0xb1, 0x94, 0x1d, 
	0x5a, 0x51, 0x41, 0x8b, 0x49, 0xcb, 0x49, 0xcd, 
	0x49, 0xcd, 0x41, 0x8b, 0x41, 0x8d, 0x5a, 0x51, 
	0x8b, 0xd9, 0xde, 0x63, 0xff, 0xeb, 0xee, 0x63, 
	0x93, 0xdb, 0x83, 0x57, 0xac, 0x1b, 0x7b, 0x17, 
	0x10, 0x86, 0x18, 0xc6, 0x18, 0xc6, 0x18, 0xc6, 
	0x18, 0xc6, 0x18, 0xc6, 0x10, 0x84, 0x62, 0x93, 
	0x83, 0x59, 0x83, 0x57, 0xac, 0xe1, 0xef, 0x7b, 
	0xef, 0x37, 0x7b, 0x99, 0x41, 0x8b, 0x39, 0x8b, 
	0x41, 0x8b, 0x41, 0xcd, 0x5a, 0x4f, 0x73, 0x15, 
	0x7b, 0x55, 0x6a, 0xd3, 0x41, 0xcd, 0x41, 0x8d, 
	0x39, 0x8b, 0x39, 0x8b, 0x7b, 0x55, 0xee, 0xe5, 
	0xff, 0x67, 0xac, 0x9d, 0x7b, 0x59, 0x9b, 0xdb, 
	0x73, 0x15, 0x10, 0x84, 0x18, 0xc6, 0x18, 0xc6, 
	0x18, 0xc6, 0x10, 0x84, 0x52, 0x50, 0x8b, 0x9b, 
	0x83, 0x59, 0xb4, 0xe3, 0xef, 0x7b, 0xde, 0x71, 
	0x52, 0x0d, 0x39, 0x8b, 0x41, 0xcd, 0x41, 0xcd, 
	0x41, 0xcd, 0x39, 0x8b, 0xb5, 0x1f, 0xf7, 0x27, 
	0xef, 0x27, 0xac, 0xdd, 0x41, 0xcd, 0x41, 0xcd, 
	0x39, 0x8d, 0x39, 0x8d, 0x31, 0x4b, 0x39, 0x8d, 
	0xcd, 0x9f, 0xff, 0x65, 0xb4, 0x9d, 0x83, 0x59, 
	0xa4, 0x1b, 0x52, 0x10, 0x08, 0x84, 0x18, 0xc6, 
	0x18, 0xc6, 0x21, 0x08, 0x93, 0xd9, 0x7b, 0x57, 
	0xb4, 0xe1, 0xef, 0x7b, 0xe6, 0xf1, 0x62, 0x4f, 
	0x5a, 0x4f, 0x62, 0x91, 0x62, 0x91, 0x6a, 0x91, 
	0x6a, 0xd1, 0x62, 0x91, 0xd5, 0xe3, 0xff, 0x27, 
	0xe6, 0x65, 0xac, 0xdd, 0x7b, 0x55, 0x9c, 0x19, 
	0x9c, 0x17, 0x7b, 0x55, 0x72, 0xd3, 0x6a, 0x91, 
	0x62, 0x91, 0xdd, 0xe1, 0xfe, 0xa3, 0x9b, 0xdb, 
	0x8b, 0x99, 0x9b, 0xd9, 0x21, 0x08, 0x10, 0xc6, 
	0x10, 0x84, 0x5a, 0x92, 0x93, 0xdb, 0x83, 0x59, 
	0xf7, 0x2f, 0xf7, 0xb5, 0x73, 0x15, 0x52, 0x0f, 
	0x62, 0x91, 0x62, 0x91, 0x62, 0x91, 0x62, 0x91, 
	0x6a, 0x91, 0x5a, 0x4f, 0xde, 0x23, 0xf7, 0x27, 
	0xe6, 0x63, 0xac, 0x9b, 0x62, 0x93, 0x62, 0x91, 
	0x5a, 0x0f, 0x5a, 0x4f, 0x5a, 0x4f, 0x62, 0x4f, 
	0x49, 0xcd, 0x5a, 0x51, 0xfe, 0xa1, 0xed, 0x9f, 
	0x83, 0x99, 0xa4, 0x1b, 0x62, 0x92, 0x10, 0x84, 
	0x18, 0xc6, 0x83, 0x59, 0x83, 0x59, 0xac, 0xdf, 
	0xff, 0xf3, 0xc5, 0xe5, 0x49, 0xcd, 0x4a, 0x0f, 
	0x4a, 0x0f, 0x49, 0xcd, 0x41, 0x8b, 0x41, 0xcd, 
	0x4a, 0x0f, 0x62, 0xd3, 0xde, 0x23, 0xfe, 0xe5, 
	0xe6, 0x63, 0xac, 0x9b, 0x52, 0x51, 0x62, 0xd5, 
	0x7b, 0x99, 0x8c, 0x1b, 0x94, 0x5b, 0x8c, 0x1b, 
	0x62, 0xd3, 0x4a, 0x0f, 0xc4, 0x9b, 0xfe, 0x61, 
	0xac, 0x5b, 0x93, 0x99, 0x8b, 0x99, 0x18, 0xc6, 
	0x29, 0x4a, 0x9b, 0xdb, 0x7b, 0x17, 0xde, 0x67, 
	0xff, 0xf1, 0x8b, 0xd9, 0x4a, 0x0f, 0x52, 0x0f, 
	0x73, 0x57, 0x9c, 0xa1, 0xcd, 0xed, 0xe6, 0xb1, 
	0xee, 0xf7, 0xe6, 0xb5, 0xe6, 0x65, 0xfe, 0xe5, 
	0xe6, 0x63, 0xb5, 0x1d, 0x7b, 0x59, 0xce, 0x2d, 
	0xf7, 0x75, 0xef, 0x7b, 0xef, 0x7b, 0xef, 0x7b, 
	0xef, 0x7b, 0xd6, 0xad, 0xbc, 0xdd, 0xf5, 0xdf, 
	0xdd, 0x1f, 0x8b, 0x99, 0xa4, 0x1b, 0x29, 0x4a, 
	0x39, 0xcc, 0x93, 0xdb, 0x83, 0x99, 0xff, 0xa9, 
	0xff, 0xeb, 0x72, 0xd3, 0x62, 0x91, 0x62, 0x91, 
	0x62, 0x91, 0x83, 0x57, 0x9c, 0x5b, 0xa4, 0x19, 
	0x9c, 0x1b, 0x9c, 0x1b, 0xe6, 0x65, 0xfe, 0xe5, 
	0xee, 0xa3, 0xc5, 0x5f, 0x83, 0x57, 0x9c, 0x1b, 
	0x9c, 0x19, 0xa4, 0x19, 0xa4, 0x19, 0xa4, 0x19, 
	0xa4, 0x19, 0xa4, 0x5b, 0xac, 0x5b, 0xf5, 0xdf, 
	0xf5, 0xdf, 0x9b, 0xdb, 0xa4, 0x1b, 0x41, 0xcc, 
	0x41, 0xce, 0x93, 0x9b, 0x8b, 0xd9, 0xff, 0xa9, 
	0xff, 0x69, 0x52, 0x51, 0x52, 0x0f, 0x52, 0x4f, 
	0x5a, 0x51, 0x52, 0x0f, 0x49, 0xcb, 0x41, 0xcb, 
	0x41, 0xcb, 0x4a, 0x0d, 0xde, 0x23, 0xfe, 0xe5, 
	0xf6, 0xa5, 0xc5, 0x9f, 0x5a, 0x51, 0x4a, 0x0d, 
	0x49, 0xcd, 0x41, 0xcb, 0x41, 0x8b, 0x41, 0xcb, 
	0x49, 0xcd, 0x52, 0x0d, 0x62, 0x91, 0xf5, 0x9f, 
	0xf5, 0xdf, 0x9b, 0xdb, 0xa4, 0x1b, 0x41, 0xce, 
	0x41, 0xce, 0x93, 0x9b, 0x93, 0xdb, 0xff, 0xa9, 
	0xff, 0x27, 0x52, 0x0f, 0x4a, 0x0d, 0x52, 0x51, 
	0x9c, 0x5f, 0xb5, 0x67, 0xce, 0x2d, 0xe7, 0x35, 
	0xe6, 0xf3, 0xc5, 0xeb, 0xe6, 0x65, 0xfe, 0xe5, 
	0xf6, 0xe5, 0xc5, 0x5f, 0x6b, 0x15, 0x9c, 0x5f, 
	0xb5, 0x65, 0xbd, 0xe7, 0xc5, 0xe9, 0xc5, 0xe9, 
	0xef, 0x31, 0xef, 0x31, 0xee, 0x67, 0xed, 0x9f, 
	0xf5, 0x9f, 0x93, 0xdb, 0xa4, 0x1b, 0x49, 0xce, 
	0x31, 0x8a, 0x9c, 0x1b, 0x93, 0x99, 0xfe, 0xa5, 
	0xfe, 0xe5, 0x5a, 0x51, 0x52, 0x4f, 0x7b, 0x59, 
	0xac, 0xe3, 0xd6, 0x6d, 0xe6, 0xf1, 0xff, 0x73, 
	0xf7, 0x35, 0xe6, 0xf3, 0xe6, 0x65, 0xfe, 0xe5, 
	0xf6, 0xe5, 0xbd, 0x5d, 0x94, 0x19, 0xbd, 0xa5, 
	0xe6, 0xaf, 0xf6, 0xf3, 0xf6, 0xf7, 0xf6, 0xf7, 
	0xf6, 0xf7, 0xf7, 0x37, 0xfe, 0xa7, 0xed, 0x9f, 
	0xdd, 0x5d, 0x9c, 0x1b, 0xac, 0x1d, 0x31, 0x8a, 
	0x10, 0x86, 0x8b, 0x99, 0x8b, 0x99, 0xcd, 0x61, 
	0xff, 0xe9, 0x9c, 0x19, 0x62, 0x91, 0x62, 0x93, 
	0x73, 0x15, 0x6a, 0xd1, 0x62, 0x8f, 0x6a, 0x91, 
	0x73, 0x13, 0x83, 0x99, 0xe6, 0x63, 0xfe, 0xe5, 
	0xf6, 0xe5, 0xbd, 0x1d, 0x6a, 0xd3, 0x73, 0x13, 
	0x72, 0xd1, 0x6a, 0x8f, 0x62, 0x4f, 0x62, 0x4f, 
	0x62, 0x4f, 0x7b, 0x17, 0xcc, 0xdd, 0xf5, 0xdf, 
	0xc4, 0xdd, 0xa4, 0x1b, 0x9b, 0x99, 0x10, 0x84, 
	0x10, 0x84, 0x8b, 0x98, 0xa4, 0x1d, 0x9c, 0x1b, 
	0xfe, 0xa3, 0xf6, 0x63, 0x83, 0x97, 0x73, 0x15, 
	0x73, 0x17, 0x83, 0xdb, 0x83, 0x99, 0x7b, 0x99, 
	0x7b, 0x99, 0x7b, 0x99, 0xe6, 0x25, 0xfe, 0xe5, 
	0xf6, 0xa5, 0xbd, 0x1d, 0x52, 0x51, 0x6a, 0xd5, 
	0x83, 0xd9, 0x7b, 0x99, 0x7b, 0x97, 0x7b, 0x99, 
	0x73, 0x15, 0xb4, 0x5b, 0xed, 0x5d, 0xed, 0x9f, 
	0xb4, 0x9d, 0xc4, 0x9d, 0x52, 0x0e, 0x10, 0x84, 
	0x18, 0xc6, 0x10, 0x84, 0x7b, 0x57, 0xa4, 0x1d, 
	0xb4, 0x9d, 0xee, 0x21, 0xcd, 0x1f, 0xac, 0x9d, 
	0xb5, 0x25, 0xe7, 0x37, 0xef, 0x7b, 0xef, 0x7b, 
	0xef, 0x7b, 0xde, 0xb3, 0xe6, 0x65, 0xfe, 0xe5, 
	0xf6, 0xa5, 0xbd, 0x1d, 0x62, 0x93, 0xd6, 0xbf, 
	0xef, 0x7b, 0xef, 0x7b, 0xef, 0x7b, 0xef, 0x7b, 
	0xed, 0xa1, 0xed, 0x9d, 0xdd, 0x1d, 0xbc, 0x9f, 
	0xbc, 0x9f, 0x5a, 0x92, 0x08, 0x84, 0x18, 0xc6, 
	0x18, 0xc6, 0x18, 0xc6, 0x10, 0x84, 0x7b, 0x59, 
	0xa4, 0x1f, 0xb4, 0x5d, 0xe5, 0xa1, 0xdd, 0xe1, 
	0xcd, 0x63, 0xac, 0xe5, 0xbd, 0x67, 0xc5, 0x67, 
	0xc5, 0x67, 0xbd, 0x67, 0xe6, 0x65, 0xfe, 0xe5, 
	0xf6, 0xa5, 0xc5, 0x1d, 0x83, 0x99, 0xc5, 0xa9, 
	0xc5, 0xa5, 0xcd, 0xa5, 0xc5, 0xa7, 0xed, 0xe5, 
	0xed, 0x9d, 0xd4, 0xdd, 0x9c, 0x1d, 0xbc, 0x9f, 
	0x41, 0xcc, 0x08, 0x44, 0x18, 0xc6, 0x18, 0xc6, 
	0x18, 0xc6, 0x18, 0xc6, 0x18, 0xc6, 0x08, 0x84, 
	0x73, 0x15, 0x9b, 0xdb, 0xb4, 0x5d, 0xf6, 0xe5, 
	0xb4, 0xdb, 0x49, 0xcb, 0x49, 0xcb, 0x52, 0x0d, 
	0x5a, 0x4f, 0x5a, 0x91, 0xde, 0x25, 0xf6, 0xe5, 
	0xf6, 0xa5, 0xcd, 0x5f, 0x52, 0x0d, 0x52, 0x0d, 
	0x52, 0x0d, 0x52, 0x0d, 0x6a, 0x91, 0x8b, 0x55, 
	0xfd, 0xdf, 0xa3, 0xdb, 0xac, 0x5d, 0x52, 0x50, 
	0x00, 0x42, 0x18, 0xc6, 0x18, 0xc6, 0x18, 0xc6, 
	0x18, 0xc6, 0x18, 0xc6, 0x18, 0xc6, 0x18, 0xc6, 
	0x10, 0x84, 0x8b, 0x59, 0x8b, 0x99, 0xff, 0x67, 
	0xc5, 0x9f, 0x83, 0xdb, 0xad, 0x67, 0xc6, 0x2d, 
	0xce, 0x2d, 0xb5, 0x69, 0xde, 0x25, 0xf6, 0xa5, 
	0xfe, 0xe5, 0xcd, 0x5f, 0x83, 0x99, 0xb5, 0x67, 
	0xce, 0x6d, 0xce, 0x6d, 0xce, 0x2b, 0xf5, 0x9f, 
	0xfd, 0xdf, 0xac, 0x1b, 0xa3, 0xdb, 0x18, 0xc6, 
	0x18, 0xc6, 0x18, 0xc6, 0x18, 0xc6, 0x18, 0xc6, 
	0x18, 0xc6, 0x18, 0xc6, 0x18, 0xc6, 0x18, 0xc6, 
	0x18, 0xc6, 0x6a, 0xd3, 0x93, 0xd9, 0xff, 0xed, 
	0xa4, 0x9b, 0x94, 0x1d, 0xe6, 0xb5, 0xf6, 0xf9, 
	0xef, 0x7b, 0xde, 0xb3, 0xde, 0x25, 0xf6, 0xa5, 
	0xfe, 0xe5, 0xc5, 0x5f, 0xac, 0xe3, 0xe6, 0xf7, 
	0xd7, 0xff, 0xef, 0x7b, 0xef, 0x7b, 0xfe, 0xe9, 
	0xfe, 0x1f, 0xb4, 0x5d, 0xa3, 0xdb, 0x39, 0x8c, 
	0x10, 0x84, 0x18, 0xc6, 0x18, 0xc6, 0x18, 0xc6, 
	0x18, 0xc6, 0x18, 0xc6, 0x18, 0xc6, 0x10, 0x84, 
	0x4a, 0x0e, 0x72, 0xd5, 0xde, 0xa5, 0xf7, 0x69, 
	0x6a, 0xd3, 0x6a, 0xd3, 0x73, 0x13, 0x83, 0x97, 
	0x8b, 0x99, 0x93, 0xdb, 0xde, 0x25, 0xf6, 0xa3, 
	0xfe, 0xe5, 0xc5, 0x5d, 0x83, 0x99, 0x93, 0xd9, 
	0x8b, 0x97, 0x8b, 0x97, 0x8b, 0x99, 0x83, 0x99, 
	0xfe, 0x61, 0xcd, 0x1f, 0x9b, 0xdb, 0x83, 0x57, 
	0x18, 0xc6, 0x18, 0xc6, 0x18, 0xc6, 0x18, 0xc6, 
	0x18, 0xc6, 0x18, 0xc6, 0x10, 0xc6, 0x31, 0x4a, 
	0x83, 0x57, 0x8b, 0x99, 0xf7, 0x27, 0xdd, 0xa1, 
	0x49, 0xcd, 0x52, 0x0f, 0x52, 0x4f, 0x52, 0x4f, 
	0x62, 0x91, 0x73, 0x15, 0xdd, 0xe3, 0xfe, 0xa3, 
	0xfe, 0xe5, 0xc5, 0x5d, 0x52, 0x0f, 0x6a, 0x91, 
	0x73, 0x15, 0x6a, 0xd3, 0x6a, 0xd3, 0x73, 0x15, 
	0xdd, 0x5f, 0xfe, 0x21, 0xa4, 0x1b, 0x9b, 0xd9, 
	0x52, 0x10, 0x18, 0xc6, 0x18, 0xc6, 0x18, 0xc6, 
	0x18, 0xc6, 0x18, 0xc6, 0x10, 0xc6, 0x7b, 0x16, 
	0x93, 0x99, 0x9b, 0xdb, 0xd5, 0x1f, 0xfd, 0xdf, 
	0xe5, 0x9f, 0x9b, 0xd7, 0x72, 0xd5, 0x94, 0x1f, 
	0xf7, 0x77, 0xef, 0x7b, 0xf6, 0xe9, 0xfe, 0xa3, 
	0xfe, 0xe5, 0xbd, 0x1d, 0x94, 0x1b, 0xe6, 0xf1, 
	0xff, 0xf5, 0xf6, 0x69, 0xcc, 0x9d, 0xed, 0x9f, 
	0xf5, 0x9f, 0xdd, 0x1f, 0xb4, 0x5d, 0xbc, 0x5d, 
	0x8b, 0x58, 0x18, 0xc6, 0x18, 0xc6, 0x18, 0xc6, 
	0x18, 0xc6, 0x18, 0xc6, 0x10, 0x86, 0x31, 0x4a, 
	0xa3, 0xd9, 0x93, 0x99, 0x93, 0x99, 0xc4, 0x9d, 
	0xfd, 0xdf, 0xed, 0xdf, 0xd5, 0x1d, 0xd5, 0x61, 
	0xf5, 0xe3, 0xfe, 0xab, 0xfe, 0xa7, 0xfe, 0x63, 
	0xfe, 0xe5, 0xc5, 0x1d, 0x9c, 0x1b, 0xf6, 0x67, 
	0xf5, 0xe1, 0xe5, 0x5d, 0xf5, 0xdf, 0xed, 0x9f, 
	0xc4, 0xdd, 0xb4, 0x1b, 0xb4, 0x1d, 0xa3, 0xdb, 
	0x31, 0x4a, 0x18, 0xc6, 0x18, 0xc6, 0x18, 0xc6, 
	0x18, 0xc6, 0x18, 0xc6, 0x18, 0xc6, 0x08, 0x84, 
	0x39, 0x8c, 0xa3, 0xd9, 0x9b, 0x99, 0x9b, 0x99, 
	0xa3, 0xdb, 0xc4, 0x9d, 0xe5, 0x9f, 0xf5, 0xdf, 
	0xf5, 0x9f, 0xed, 0x9d, 0xed, 0x9f, 0xed, 0x9f, 
	0xed, 0x9f, 0xed, 0x9f, 0xf5, 0x9f, 0xed, 0x9d, 
	0xed, 0x9f, 0xe5, 0x5f, 0xc4, 0x9d, 0xb4, 0x1b, 
	0xac, 0x1b, 0xbc, 0x1b, 0xb4, 0x5b, 0x39, 0x8a, 
	0x10, 0x84, 0x18, 0xc6, 0x18, 0xc6, 0x18, 0xc6, 
	0x18, 0xc6, 0x18, 0xc6, 0x18, 0xc6, 0x18, 0xc6, 
	0x10, 0x84, 0x31, 0x4a, 0x93, 0x99, 0xb4, 0x1b, 
	0xab, 0xd9, 0x9b, 0x99, 0x93, 0x99, 0xac, 0x1b, 
	0xc4, 0x9d, 0xcc, 0xdd, 0xd5, 0x1d, 0xdd, 0x5d, 
	0xdd, 0x5d, 0xd5, 0x1d, 0xd5, 0x1d, 0xc4, 0xdd, 
	0xb4, 0x5b, 0xac, 0x1b, 0xab, 0xdb, 0xb4, 0x1b, 
	0xb4, 0x5b, 0xa3, 0xd9, 0x39, 0x8c, 0x10, 0x84, 
	0x18, 0xc6, 0x18, 0xc6, 0x18, 0xc6, 0x18, 0xc6, 
	0x18, 0xc6, 0x18, 0xc6, 0x18, 0xc6, 0x18, 0xc6, 
	0x18, 0xc6, 0x10, 0x84, 0x18, 0xc6, 0x52, 0x50, 
	0x8b, 0x59, 0xa3, 0xdb, 0xab, 0xdb, 0xa3, 0xdb, 
	0xa3, 0xdb, 0x9b, 0xdb, 0x9b, 0xd9, 0xa3, 0xdb, 
	0xa3, 0xdb, 0xa3, 0xdb, 0xa3, 0xdb, 0xab, 0xdb, 
	0xac, 0x1b, 0xac, 0x1b, 0xa3, 0xdb, 0xa3, 0xd9, 
	0x62, 0x92, 0x31, 0x4a, 0x10, 0xc6, 0x18, 0xc6, 
	0x18, 0xc6, 0x18, 0xc6, 0x18, 0xc6, 0x18, 0xc6, 
	0x18, 0xc6, 0x18, 0xc6, 0x18, 0xc6, 0x18, 0xc6, 
	0x18, 0xc6, 0x18, 0xc6, 0x18, 0xc6, 0x10, 0x86, 
	0x29, 0x08, 0x39, 0x8c, 0x8b, 0x59, 0x93, 0x99, 
	0x93, 0x99, 0xa3, 0xdb, 0xac, 0x1b, 0xac, 0x1b, 
	0xb4, 0x5b, 0xac, 0x1b, 0x9b, 0xdb, 0x9b, 0xdb, 
	0x9b, 0xd9, 0x93, 0x99, 0x5a, 0x50, 0x29, 0x08, 
	0x18, 0xc6, 0x18, 0xc6, 0x18, 0xc6, 0x18, 0xc6, 
	0x18, 0xc6, 0x18, 0xc6, 0x18, 0xc6, 0x18, 0xc6, 
	0x18, 0xc6, 0x18, 0xc6, 0x18, 0xc6, 0x18, 0xc6, 
	0x18, 0xc6, 0x18, 0xc6, 0x18, 0xc6, 0x20, 0xc6, 
	0x21, 0x08, 0x21, 0x08, 0x18, 0xc6, 0x18, 0xc6, 
	0x18, 0xc6, 0x21, 0x08, 0x31, 0x4a, 0x31, 0x8a, 
	0x31, 0x8a, 0x29, 0x4a, 0x29, 0x08, 0x18, 0xc6, 
	0x10, 0x86, 0x10, 0x84, 0x10, 0xc6, 0x18, 0xc6, 
	0x18, 0xc6, 0x18, 0xc6, 0x18, 0xc6, 0x18, 0xc6, 
	0x18, 0xc6, 0x18, 0xc6, 0x18, 0xc6, 0x18, 0xc6, 
	0x4a, 0x52, 0x4a, 0x52, 0x4a, 0x52, 0x4a, 0x52, 
	0x4a, 0x52, 0x4a, 0x52, 0x4a, 0x52, 0x4a, 0x52, 
	0x42, 0x10, 0x42, 0x10, 0x39, 0xce, 0x42, 0x0e, 
	0x42, 0x50, 0x4a, 0x50, 0x4a, 0x10, 0x42, 0x10, 
	0x42, 0x0e, 0x31, 0x8c, 0x31, 0x8c, 0x42, 0x0e, 
	0x42, 0x10, 0x39, 0xcc, 0x31, 0x8a, 0x39, 0xcc, 
	0x4a, 0x52, 0x4a, 0x52, 0x4a, 0x52, 0x4a, 0x52, 
	0x4a, 0x52, 0x4a, 0x52, 0x4a, 0x52, 0x4a, 0x52, 
	
};

Gfx castle_grounds_dl__1_rgba16_rgba16_aligner[] = {gsSPEndDisplayList()};
u8 castle_grounds_dl__1_rgba16_rgba16[] = {
	0x63, 0x1c, 0x5b, 0x1a, 0x42, 0x55, 0x5a, 0xdb, 
	0x8c, 0xa9, 0xad, 0xb1, 0xc6, 0x75, 0xc6, 0x31, 
	0xac, 0x9f, 0xa3, 0x45, 0xa2, 0xc1, 0x18, 0x8d, 
	0x00, 0x1b, 0x00, 0x1f, 0x00, 0x27, 0x00, 0x2f, 
	0x00, 0x2f, 0x00, 0x2b, 0x10, 0x27, 0x08, 0x33, 
	0x00, 0x3d, 0x00, 0x19, 0xcd, 0x67, 0xe5, 0xeb, 
	0xe5, 0xeb, 0xb4, 0xa3, 0x6a, 0xd1, 0x93, 0xcd, 
	0xfe, 0x93, 0xd5, 0xd5, 0x7c, 0xdd, 0x13, 0x67, 
	0x33, 0xed, 0x7b, 0xdb, 0xbc, 0x93, 0xed, 0xcf, 
	0xfe, 0x91, 0xfe, 0xd1, 0xfe, 0x8f, 0xfe, 0x91, 
	0xfe, 0x91, 0xfe, 0x91, 0xfe, 0x8f, 0xdd, 0x8f, 
	0x9c, 0x13, 0x29, 0x17, 0x00, 0x2d, 0x00, 0x35, 
	0x00, 0x2f, 0x00, 0x29, 0x00, 0x21, 0x00, 0x15, 
	0x10, 0x45, 0x20, 0x81, 0xa2, 0xc1, 0x51, 0xc9, 
	0x4a, 0x55, 0x63, 0x5d, 0x94, 0xeb, 0xb6, 0x35, 
	0xce, 0xf9, 0xce, 0xfb, 0xbe, 0x78, 0x84, 0x66, 
	0x5b, 0x1c, 0x52, 0xd8, 0x42, 0x53, 0x53, 0x1b, 
	0x84, 0xa9, 0xad, 0xb1, 0xc6, 0x73, 0xc5, 0xef, 
	0xb4, 0xdf, 0xb3, 0x85, 0xaa, 0xc3, 0x30, 0x85, 
	0x18, 0x09, 0x20, 0x0b, 0x00, 0x11, 0x30, 0x01, 
	0x58, 0x01, 0x78, 0x01, 0x88, 0x01, 0x58, 0x01, 
	0x00, 0x25, 0x00, 0x31, 0x8b, 0xdf, 0xfe, 0xf3, 
	0xde, 0x2d, 0x83, 0x9b, 0x18, 0xc9, 0x7b, 0x55, 
	0x83, 0x59, 0x2a, 0x13, 0x05, 0xff, 0x05, 0xbf, 
	0x05, 0x7f, 0x32, 0x09, 0xfe, 0x4f, 0xfe, 0x4f, 
	0xfe, 0x4f, 0xfe, 0x4f, 0xff, 0x13, 0xfe, 0x4f, 
	0xfe, 0x91, 0xfe, 0xd1, 0xf6, 0x11, 0xcd, 0x9d, 
	0x4a, 0x0f, 0x00, 0x1f, 0x00, 0x39, 0x00, 0x37, 
	0x00, 0x31, 0x00, 0x2b, 0x00, 0x25, 0x00, 0x1d, 
	0x08, 0x05, 0x20, 0x83, 0xa2, 0xc1, 0x59, 0xc7, 
	0x42, 0x53, 0x5b, 0x1d, 0x8c, 0xa9, 0xb5, 0xf5, 
	0xce, 0xb9, 0xce, 0xfb, 0xbe, 0x78, 0x84, 0x66, 
	0x63, 0x1c, 0x4a, 0x96, 0x42, 0x13, 0x5b, 0x1b, 
	0x84, 0x67, 0xad, 0xaf, 0xc6, 0x73, 0xc6, 0x31, 
	0xbd, 0x21, 0xc3, 0xc7, 0xb2, 0xc3, 0x38, 0x41, 
	0x40, 0x01, 0x50, 0x01, 0x20, 0x01, 0x60, 0x01, 
	0x78, 0x01, 0x80, 0x01, 0x88, 0x01, 0x88, 0x01, 
	0x60, 0x01, 0x00, 0x19, 0x00, 0x33, 0x00, 0x2b, 
	0x00, 0x2f, 0x00, 0x3b, 0x00, 0x2b, 0xbd, 0x69, 
	0xff, 0x77, 0xc5, 0x27, 0x22, 0x59, 0x34, 0x2b, 
	0x21, 0x8d, 0xdd, 0x8f, 0xff, 0x13, 0xfe, 0xd1, 
	0xfe, 0x4f, 0xfe, 0x91, 0xfe, 0x8f, 0xfe, 0x91, 
	0xfe, 0x91, 0xfe, 0x91, 0xe5, 0x8d, 0x20, 0xc9, 
	0x00, 0x3b, 0x00, 0x3d, 0x00, 0x3b, 0x00, 0x37, 
	0x00, 0x33, 0x00, 0x2d, 0x00, 0x27, 0x00, 0x21, 
	0x08, 0x09, 0x28, 0x85, 0x9a, 0x81, 0x51, 0xc9, 
	0x42, 0x13, 0x5b, 0x1d, 0x8c, 0xa9, 0xb6, 0x35, 
	0xce, 0xb9, 0xce, 0xfb, 0xbe, 0x78, 0x84, 0x66, 
	0x63, 0x5c, 0x42, 0x52, 0x39, 0xd1, 0x52, 0xdb, 
	0x84, 0x67, 0xad, 0xf1, 0xbe, 0x73, 0xc6, 0x2f, 
	0xbd, 0x21, 0xcb, 0xc7, 0xba, 0xc3, 0x30, 0x01, 
	0x40, 0x01, 0x50, 0x01, 0x40, 0x01, 0x38, 0x01, 
	0x80, 0x01, 0x88, 0x01, 0x88, 0x01, 0x88, 0x01, 
	0x90, 0x01, 0x30, 0x01, 0x00, 0x39, 0x00, 0x3b, 
	0x00, 0x27, 0x52, 0x69, 0x10, 0xa3, 0x62, 0x5b, 
	0x7a, 0xdd, 0x62, 0x55, 0xcc, 0xab, 0xd4, 0xeb, 
	0x7a, 0xd1, 0xff, 0x9d, 0xff, 0xdf, 0xff, 0xdd, 
	0xff, 0xdd, 0xff, 0x57, 0xfe, 0x91, 0xfe, 0x4f, 
	0xfe, 0x91, 0xfe, 0x91, 0xfe, 0x8f, 0xd5, 0x4d, 
	0x20, 0xdf, 0x19, 0x7d, 0x19, 0x7b, 0x21, 0xb9, 
	0x08, 0xf5, 0x00, 0x2b, 0x00, 0xd5, 0x01, 0x09, 
	0x00, 0x81, 0x30, 0xc3, 0x92, 0x81, 0x52, 0x09, 
	0x42, 0x13, 0x5b, 0x1d, 0x8c, 0xa9, 0xb6, 0x35, 
	0xc6, 0xb9, 0xce, 0xb9, 0xb6, 0x36, 0x84, 0x66, 
	0x52, 0xda, 0x39, 0xd0, 0x3a, 0x13, 0x52, 0xdb, 
	0x84, 0x67, 0xad, 0xb1, 0xbe, 0x33, 0xc5, 0xef, 
	0xbc, 0xdf, 0xc3, 0xc7, 0xba, 0x81, 0x30, 0x01, 
	0x40, 0x01, 0x50, 0x01, 0x58, 0x01, 0x28, 0x01, 
	0x78, 0x01, 0x80, 0x01, 0x88, 0x01, 0xb0, 0x01, 
	0x68, 0x01, 0x00, 0x0f, 0x20, 0xe7, 0x00, 0x39, 
	0x00, 0x23, 0xa3, 0xe7, 0xcc, 0xab, 0xdd, 0x2d, 
	0xdc, 0xeb, 0xdd, 0x2d, 0xe5, 0x6f, 0xf5, 0xb3, 
	0x5a, 0x15, 0x52, 0x11, 0x83, 0x5b, 0x8b, 0x5d, 
	0x83, 0x5b, 0xac, 0xdd, 0xee, 0x15, 0xfe, 0x91, 
	0xfe, 0x4f, 0xfe, 0x8f, 0xfe, 0x4f, 0xfe, 0x4f, 
	0x8b, 0x47, 0x01, 0xc3, 0x02, 0x87, 0x02, 0x05, 
	0x01, 0x47, 0x00, 0xc1, 0x02, 0x45, 0x02, 0x05, 
	0x00, 0x81, 0x31, 0x41, 0x92, 0x81, 0x52, 0x07, 
	0x42, 0x13, 0x5b, 0x1d, 0x8c, 0xa9, 0xb6, 0x35, 
	0xce, 0xbb, 0xc6, 0xbb, 0xb6, 0x36, 0x7c, 0x24, 
	0x52, 0xd8, 0x31, 0x8e, 0x39, 0xd1, 0x52, 0xd9, 
	0x84, 0x67, 0xad, 0xaf, 0xbe, 0x33, 0xbd, 0xef, 
	0xb4, 0xdf, 0xc3, 0x85, 0xc2, 0xc1, 0x40, 0x01, 
	0x50, 0x01, 0x58, 0x01, 0x28, 0x01, 0x40, 0x07, 
	0x68, 0x05, 0x90, 0x03, 0x40, 0x01, 0x50, 0x01, 
	0x58, 0x01, 0x78, 0x01, 0x80, 0x01, 0x18, 0x05, 
	0x00, 0x3f, 0x00, 0x31, 0x62, 0x5f, 0xc4, 0xa9, 
	0xd4, 0xeb, 0xdd, 0x2d, 0x9b, 0xe3, 0x72, 0xdb, 
	0xb4, 0x67, 0xdc, 0xed, 0xe5, 0x2f, 0xd4, 0xeb, 
	0xd4, 0xeb, 0xcc, 0xab, 0x83, 0x1d, 0xbc, 0x91, 
	0xfe, 0x4f, 0xfe, 0x91, 0xfe, 0x91, 0xfe, 0x4f, 
	0xe5, 0x8d, 0x0a, 0x03, 0x03, 0x47, 0x03, 0x47, 
	0x02, 0x85, 0x01, 0x01, 0x02, 0xc7, 0x02, 0x05, 
	0x00, 0x81, 0x31, 0x41, 0x92, 0x81, 0x5a, 0x05, 
	0x42, 0x13, 0x5b, 0x1d, 0x84, 0xa9, 0xb6, 0x37, 
	0xce, 0xbb, 0xc6, 0xb9, 0xb6, 0x34, 0x74, 0x22, 
	0x4a, 0x96, 0x31, 0x8e, 0x31, 0x8f, 0x52, 0xd9, 
	0x84, 0x67, 0xad, 0xaf, 0xbe, 0x31, 0xb5, 0xad, 
	0xac, 0x5d, 0xbb, 0x43, 0xcb, 0x01, 0x38, 0x01, 
	0x48, 0x03, 0x30, 0x05, 0x80, 0x0f, 0xa0, 0x11, 
	0xa8, 0x11, 0x68, 0x0b, 0x30, 0x01, 0x88, 0x01, 
	0x98, 0x01, 0x98, 0x01, 0x90, 0x01, 0x78, 0x01, 
	0x10, 0x0f, 0x00, 0x71, 0x5a, 0x17, 0xe5, 0x2f, 
	0xe5, 0x2d, 0x6a, 0x99, 0xac, 0x25, 0xd4, 0xed, 
	0xe5, 0x2f, 0xd4, 0xeb, 0xe5, 0x2f, 0xe5, 0x6f, 
	0xd4, 0xeb, 0xd4, 0xeb, 0xed, 0x6f, 0x9b, 0xa1, 
	0xa4, 0x0b, 0xff, 0x13, 0xfe, 0xd1, 0xfe, 0x4f, 
	0xfe, 0x8f, 0x4a, 0x01, 0x03, 0x05, 0x03, 0x87, 
	0x03, 0x07, 0x01, 0x01, 0x01, 0xc3, 0x02, 0x85, 
	0x00, 0x81, 0x39, 0x81, 0x92, 0x81, 0x52, 0x05, 
	0x42, 0x13, 0x5b, 0x1d, 0x8c, 0xa9, 0xb6, 0x35, 
	0xce, 0xfb, 0xce, 0xfb, 0xb6, 0x34, 0x73, 0xe0, 
	0x42, 0x54, 0x29, 0x4c, 0x31, 0x8f, 0x52, 0xd9, 
	0x84, 0x67, 0xa5, 0xaf, 0xbe, 0x31, 0xad, 0x6b, 
	0x9c, 0x1b, 0xb3, 0x43, 0xdb, 0x41, 0x48, 0x41, 
	0x38, 0x01, 0x38, 0x05, 0x98, 0x0f, 0xb0, 0x13, 
	0xd0, 0x57, 0x90, 0x0f, 0x58, 0x03, 0x80, 0x49, 
	0xa0, 0x05, 0x98, 0x01, 0xa0, 0x01, 0xa0, 0x01, 
	0x38, 0x41, 0x93, 0x5f, 0xdd, 0x2d, 0xe5, 0x6f, 
	0x72, 0x99, 0xb4, 0x27, 0xdc, 0xed, 0xdd, 0x2d, 
	0xdd, 0x2d, 0xe5, 0x6f, 0xd4, 0xeb, 0xe5, 0x2f, 
	0xe5, 0x2f, 0xdd, 0x2d, 0xdd, 0x2d, 0xd4, 0xeb, 
	0x62, 0x4f, 0xfe, 0x51, 0xfe, 0xd1, 0xfe, 0x91, 
	0xfe, 0x4f, 0x62, 0x83, 0x02, 0x85, 0x03, 0x47, 
	0x03, 0x49, 0x01, 0x83, 0x02, 0x45, 0x02, 0x87, 
	0x00, 0x81, 0x41, 0xc1, 0x9a, 0xc1, 0x49, 0xc7, 
	0x42, 0x13, 0x5b, 0x1d, 0x8c, 0xa9, 0xbe, 0x35, 
	0xce, 0xfb, 0xce, 0xfb, 0xad, 0xf4, 0x6b, 0x9e, 
	0x39, 0xd0, 0x29, 0x4c, 0x31, 0x8f, 0x52, 0xd9, 
	0x84, 0x67, 0xa5, 0x6f, 0xb5, 0xf1, 0xad, 0x6b, 
	0x94, 0x1b, 0x9a, 0xc3, 0xdb, 0x81, 0x50, 0x41, 
	0x48, 0x01, 0x20, 0x01, 0xa0, 0x95, 0xb9, 0x19, 
	0x81, 0x13, 0x39, 0x0d, 0x7b, 0xe1, 0x63, 0x1b, 
	0x28, 0x45, 0xb8, 0x01, 0x30, 0x07, 0x29, 0xc7, 
	0xac, 0xc1, 0x6a, 0x51, 0xd4, 0xeb, 0x9b, 0x5f, 
	0x6a, 0x99, 0xe5, 0x2f, 0xe5, 0x2f, 0xdd, 0x2d, 
	0xe5, 0x2f, 0xdd, 0x2d, 0xe5, 0x6f, 0xe5, 0x2f, 
	0xdd, 0x2d, 0xdd, 0x2d, 0xed, 0x6f, 0xe5, 0x2d, 
	0x7a, 0x97, 0xc4, 0xcb, 0xfe, 0x4f, 0xfe, 0x4f, 
	0xfe, 0x4f, 0x6a, 0xc3, 0x03, 0x8b, 0x03, 0x89, 
	0x01, 0x85, 0x50, 0x09, 0x58, 0x09, 0x28, 0xc7, 
	0x18, 0x83, 0x61, 0x81, 0x9a, 0xc1, 0x49, 0x85, 
	0x42, 0x13, 0x5b, 0x1d, 0x8c, 0xeb, 0xb6, 0x37, 
	0xce, 0xf9, 0xce, 0xbb, 0xad, 0xf2, 0x5b, 0x1c, 
	0x31, 0x8e, 0x29, 0x4c, 0x31, 0x8f, 0x52, 0xd9, 
	0x7c, 0x25, 0xa5, 0x6d, 0xb5, 0xf1, 0xa5, 0x6b, 
	0x8b, 0xdb, 0x8a, 0x83, 0xdb, 0xc1, 0x91, 0x83, 
	0x48, 0x01, 0x38, 0x01, 0x10, 0x01, 0x28, 0x01, 
	0x42, 0x11, 0xc6, 0x31, 0x63, 0x1b, 0xbd, 0xf1, 
	0x4a, 0x15, 0x38, 0xd1, 0x04, 0xfd, 0x02, 0x1d, 
	0xb4, 0xc1, 0x5a, 0x0d, 0xd4, 0xeb, 0x7a, 0x97, 
	0xa3, 0xe3, 0xe5, 0x6f, 0xdd, 0x2d, 0xe5, 0x2f, 
	0xcc, 0xab, 0xdd, 0x2d, 0xd4, 0xeb, 0xdd, 0x2d, 
	0xe5, 0x2f, 0xdd, 0x2f, 0xdd, 0x2d, 0xe5, 0x6f, 
	0x7a, 0x97, 0xc4, 0xcb, 0xfe, 0xd1, 0xfe, 0xd1, 
	0xf6, 0x8f, 0x52, 0x43, 0x01, 0xc5, 0x00, 0x41, 
	0x90, 0x0f, 0xc0, 0x13, 0xb0, 0x13, 0x70, 0x0b, 
	0x28, 0xc3, 0xa2, 0x01, 0xa2, 0xc1, 0x49, 0x85, 
	0x42, 0x13, 0x5b, 0x1d, 0x8c, 0xa9, 0xb6, 0x35, 
	0xce, 0xb9, 0xc6, 0xb9, 0xa5, 0xb2, 0x52, 0xd8, 
	0x29, 0x8c, 0x21, 0x0a, 0x31, 0x8f, 0x52, 0xd9, 
	0x7c, 0x25, 0xa5, 0x6f, 0xb5, 0xef, 0xa5, 0x6b, 
	0x83, 0xdb, 0x62, 0x05, 0xcb, 0x81, 0xba, 0x41, 
	0x50, 0x01, 0x28, 0x01, 0x38, 0x01, 0x18, 0x03, 
	0x52, 0x95, 0x6b, 0x5d, 0x73, 0x9f, 0xc6, 0x31, 
	0xa5, 0x2b, 0x0a, 0x5d, 0x05, 0x7f, 0x1a, 0x4f, 
	0xa4, 0x81, 0x83, 0x1d, 0xd4, 0xeb, 0xb4, 0x25, 
	0x7b, 0x1d, 0xed, 0xf3, 0xfe, 0xb9, 0xe5, 0x6f, 
	0xdd, 0x2f, 0xdc, 0xed, 0xd4, 0xeb, 0xdd, 0x2d, 
	0xed, 0x71, 0xd4, 0xeb, 0xe5, 0x2f, 0xdd, 0x2d, 
	0x72, 0x93, 0xf6, 0x0f, 0xfe, 0x4f, 0xfe, 0x4f, 
	0xf6, 0x8f, 0x29, 0xc1, 0x02, 0xc7, 0x01, 0xc3, 
	0x80, 0x0d, 0xb8, 0x13, 0xa8, 0x53, 0x70, 0x0b, 
	0x48, 0xc1, 0xaa, 0x81, 0x9a, 0xc1, 0x39, 0x05, 
	0x42, 0x13, 0x5b, 0x1b, 0x84, 0xa9, 0xb6, 0x35, 
	0xc6, 0xb9, 0xc6, 0x77, 0x9d, 0x6e, 0x4a, 0x96, 
	0x21, 0x4c, 0x29, 0x4c, 0x29, 0x8f, 0x4a, 0x97, 
	0x7c, 0x25, 0x9d, 0x6d, 0xad, 0xef, 0xa5, 0x6b, 
	0x83, 0xdb, 0x52, 0x4b, 0xab, 0x01, 0xdb, 0x81, 
	0x10, 0x0b, 0x10, 0x03, 0x30, 0x01, 0x5a, 0x95, 
	0x52, 0x95, 0xa5, 0x29, 0xbd, 0xef, 0xce, 0x73, 
	0xd6, 0xb5, 0x4a, 0xd9, 0x2b, 0xe7, 0xa4, 0xc1, 
	0x5a, 0x49, 0xc4, 0xa9, 0xd4, 0xed, 0xdd, 0x2d, 
	0xbc, 0x69, 0x83, 0x1b, 0x41, 0x8f, 0xcc, 0xa9, 
	0xe5, 0x2f, 0xdc, 0xed, 0xdd, 0x2d, 0xd4, 0xeb, 
	0xd4, 0xeb, 0xe5, 0x2f, 0xdd, 0x2d, 0xd4, 0xeb, 
	0x62, 0x87, 0xf6, 0x0f, 0xfe, 0x91, 0xf6, 0x4f, 
	0xee, 0x91, 0x19, 0xc1, 0x03, 0x07, 0x02, 0x85, 
	0x28, 0x87, 0x80, 0x8f, 0x38, 0x89, 0x08, 0x41, 
	0x61, 0x81, 0xb3, 0x01, 0x82, 0x41, 0x31, 0x07, 
	0x42, 0x11, 0x5b, 0x1d, 0x8c, 0xa9, 0xb5, 0xf5, 
	0xc6, 0xb9, 0xbe, 0x77, 0x95, 0x2c, 0x42, 0x54, 
	0x21, 0x0a, 0x21, 0x0a, 0x29, 0x8d, 0x4a, 0x99, 
	0x7c, 0x25, 0x9d, 0x6d, 0xad, 0xef, 0xa5, 0x6b, 
	0x84, 0x1d, 0x4a, 0x09, 0x8a, 0x83, 0xeb, 0xc1, 
	0x20, 0x95, 0x08, 0x03, 0x60, 0x01, 0x20, 0x01, 
	0x5a, 0xd7, 0x9c, 0xe7, 0xc6, 0x31, 0xc6, 0x31, 
	0xce, 0x73, 0x7b, 0xdf, 0x83, 0x81, 0x5a, 0x45, 
	0xb4, 0x27, 0xdd, 0x2d, 0xd4, 0xeb, 0xdd, 0x2d, 
	0xdd, 0x2d, 0x5a, 0x51, 0x73, 0x17, 0xbc, 0xe9, 
	0xfe, 0xb9, 0xfe, 0xbb, 0xfe, 0xfb, 0xdd, 0x2d, 
	0xe5, 0x2f, 0xdd, 0x2d, 0xf5, 0xb3, 0x5a, 0x0d, 
	0xed, 0xd1, 0xfe, 0x4f, 0xf6, 0x0f, 0xfe, 0x0f, 
	0xed, 0xcf, 0x83, 0x49, 0x03, 0x8b, 0x02, 0x87, 
	0x00, 0x41, 0x01, 0x83, 0x02, 0x45, 0x00, 0x81, 
	0x62, 0x01, 0xbb, 0x41, 0x69, 0x83, 0x29, 0x49, 
	0x3a, 0x11, 0x5b, 0x1b, 0x84, 0xa9, 0xb5, 0xf5, 
	0xc6, 0xb9, 0xb6, 0x35, 0x94, 0xea, 0x42, 0x12, 
	0x21, 0x0a, 0x21, 0x0a, 0x29, 0x8f, 0x4a, 0x97, 
	0x7c, 0x25, 0xa5, 0x6f, 0xb5, 0xf1, 0xa5, 0x6d, 
	0x7b, 0xe1, 0x31, 0x45, 0x6a, 0x03, 0xe4, 0x01, 
	0x82, 0x0d, 0x00, 0x0f, 0x48, 0x09, 0x30, 0x05, 
	0x52, 0x55, 0xc6, 0x31, 0xde, 0xf7, 0xe7, 0x39, 
	0xce, 0x73, 0xb5, 0xad, 0x63, 0x1b, 0x8b, 0x9f, 
	0xfe, 0xb7, 0xed, 0xb1, 0xd4, 0xeb, 0xe5, 0x6f, 
	0x41, 0x8f, 0x6b, 0x1b, 0xa4, 0xe5, 0x9c, 0x1f, 
	0x83, 0x9d, 0x8b, 0xdf, 0x49, 0xd3, 0x6a, 0x97, 
	0xdd, 0xaf, 0xcc, 0xe9, 0x72, 0xcf, 0xd5, 0x4d, 
	0xfe, 0x4f, 0xf6, 0x0f, 0xf6, 0x0f, 0xf6, 0x4f, 
	0xee, 0x4f, 0xe5, 0x8f, 0x9b, 0xcb, 0x9b, 0xc9, 
	0xac, 0x0b, 0x01, 0x01, 0x01, 0x83, 0x18, 0xc3, 
	0xa3, 0x81, 0xab, 0x01, 0x49, 0x45, 0x21, 0x09, 
	0x39, 0xd1, 0x53, 0x1b, 0x84, 0xa9, 0xb5, 0xf3, 
	0xc6, 0x77, 0xad, 0xf3, 0x84, 0x66, 0x3a, 0x10, 
	0x21, 0x08, 0x29, 0x4c, 0x29, 0x8f, 0x4a, 0x97, 
	0x7c, 0x25, 0xa5, 0x6f, 0xb5, 0xf1, 0xa5, 0x6d, 
	0x73, 0x9f, 0x49, 0x85, 0x51, 0x45, 0xcb, 0x81, 
	0xbb, 0x4b, 0x00, 0x1f, 0x00, 0x23, 0x00, 0x21, 
	0x00, 0x1f, 0x08, 0x9b, 0x3a, 0x25, 0x5a, 0xe7, 
	0xde, 0xf7, 0xe7, 0x39, 0xce, 0x73, 0xa4, 0xe9, 
	0x6b, 0x5d, 0xa4, 0xa7, 0xdd, 0xf1, 0x6a, 0x97, 
	0x9c, 0xe9, 0xc6, 0x71, 0xa5, 0x29, 0x63, 0x19, 
	0x9c, 0x63, 0x41, 0x4d, 0x72, 0x97, 0x9b, 0xcb, 
	0xac, 0x0b, 0xbc, 0x8d, 0xe5, 0x4f, 0xfe, 0x11, 
	0xf6, 0x11, 0xe5, 0x4d, 0xe5, 0x4d, 0xe5, 0x4d, 
	0xdd, 0x4d, 0xd5, 0x0d, 0xcc, 0xcd, 0xcd, 0x0d, 
	0x9b, 0xcb, 0x01, 0x43, 0x01, 0x01, 0x49, 0x81, 
	0xb3, 0x01, 0x8a, 0x81, 0x41, 0x07, 0x20, 0xc7, 
	0x39, 0xcf, 0x5b, 0x1b, 0x84, 0xa9, 0xb5, 0xf3, 
	0xbe, 0x75, 0xad, 0xb1, 0x7c, 0x24, 0x31, 0xd0, 
	0x19, 0x08, 0x29, 0x4c, 0x29, 0x4d, 0x4a, 0x99, 
	0x7c, 0x25, 0xa5, 0xaf, 0xb5, 0xf1, 0xa5, 0x6d, 
	0x7b, 0xe1, 0x59, 0xc5, 0x59, 0x89, 0x7a, 0x43, 
	0xe4, 0x05, 0x20, 0xdb, 0x00, 0x25, 0x00, 0x25, 
	0x00, 0x29, 0x00, 0x2d, 0x00, 0x31, 0x00, 0x33, 
	0x08, 0xa1, 0xc6, 0x33, 0xef, 0x7b, 0xd6, 0xb5, 
	0xce, 0x73, 0xbd, 0xaf, 0x84, 0x23, 0x9c, 0xe7, 
	0xce, 0x73, 0xd6, 0xb5, 0xde, 0xf7, 0xb5, 0xad, 
	0x10, 0x03, 0x51, 0x4d, 0x83, 0x07, 0xdd, 0x4d, 
	0xf5, 0xcf, 0xed, 0x8f, 0xe5, 0x4d, 0xe5, 0x4f, 
	0xe5, 0x4f, 0xed, 0x8f, 0xe5, 0x4d, 0xdd, 0x0d, 
	0xcc, 0xcd, 0xcc, 0xcd, 0xb4, 0x4d, 0x49, 0xcb, 
	0x02, 0x09, 0x03, 0x4b, 0x00, 0x41, 0x72, 0x41, 
	0xc3, 0x81, 0x69, 0xc7, 0x28, 0x85, 0x28, 0xc7, 
	0x31, 0xcf, 0x52, 0xdb, 0x84, 0x69, 0xad, 0xb3, 
	0xb6, 0x33, 0xa5, 0xaf, 0x74, 0x22, 0x31, 0x8e, 
	0x19, 0x08, 0x21, 0x4a, 0x29, 0x8f, 0x4a, 0x99, 
	0x7c, 0x25, 0xa5, 0xaf, 0xb5, 0xf1, 0xad, 0xad, 
	0x84, 0x23, 0x41, 0x45, 0x62, 0x0d, 0x83, 0x0d, 
	0xe4, 0x01, 0x9a, 0xd3, 0x00, 0x23, 0x00, 0x25, 
	0x00, 0x29, 0x00, 0x2b, 0x00, 0x2f, 0x00, 0x35, 
	0x00, 0x39, 0x00, 0x25, 0x8c, 0xad, 0xef, 0x7b, 
	0xde, 0xf7, 0xce, 0x73, 0xd6, 0xb5, 0xc6, 0x31, 
	0xd6, 0xb5, 0xc6, 0x31, 0xbd, 0xef, 0x51, 0x51, 
	0xc2, 0x1d, 0x89, 0x55, 0xbc, 0x8d, 0xed, 0x8f, 
	0xdd, 0x4d, 0xdd, 0x4d, 0xed, 0x8f, 0xdd, 0x0d, 
	0xdd, 0x0d, 0xdd, 0x4d, 0xd5, 0x0d, 0xdd, 0x4d, 
	0xcc, 0xcd, 0xc4, 0x8b, 0x72, 0x87, 0x00, 0x1d, 
	0x00, 0x17, 0x00, 0x09, 0x40, 0xc1, 0xbb, 0x81, 
	0x9a, 0xc1, 0x9b, 0x8d, 0x49, 0x45, 0x28, 0xc9, 
	0x39, 0xd1, 0x52, 0xd9, 0x7c, 0x67, 0xad, 0xf3, 
	0xb6, 0x33, 0x9d, 0x6d, 0x6b, 0xe0, 0x29, 0x8e, 
	0x19, 0x08, 0x21, 0x0a, 0x29, 0x8d, 0x4a, 0x99, 
	0x7c, 0x25, 0xa5, 0xaf, 0xb5, 0xf1, 0xad, 0xaf, 
	0x8c, 0x65, 0x59, 0xc7, 0x83, 0x11, 0x8b, 0x93, 
	0xaa, 0xc1, 0xdb, 0xc9, 0x18, 0x99, 0x00, 0x23, 
	0x00, 0x25, 0x00, 0x27, 0x00, 0x2d, 0x00, 0x33, 
	0x00, 0x35, 0x00, 0x39, 0x00, 0x31, 0x29, 0xa5, 
	0xd6, 0xb9, 0xe7, 0x3b, 0xd6, 0xb5, 0xce, 0x73, 
	0xce, 0x73, 0xd6, 0x73, 0x31, 0x0b, 0x82, 0x17, 
	0x82, 0x57, 0x61, 0xd5, 0x72, 0xd1, 0xc5, 0x15, 
	0xee, 0x57, 0xed, 0xcf, 0xdd, 0x4d, 0xe5, 0x4d, 
	0xdd, 0x4d, 0xd5, 0x0d, 0xcd, 0x0d, 0xcc, 0xcd, 
	0xd5, 0x0f, 0xbc, 0x8d, 0xac, 0x0b, 0x20, 0xcd, 
	0x00, 0x27, 0x00, 0x05, 0x61, 0x41, 0xbb, 0x41, 
	0x9b, 0x4d, 0xdd, 0x59, 0x6a, 0x4b, 0x30, 0xc9, 
	0x31, 0x8d, 0x52, 0x99, 0x7c, 0x27, 0xad, 0xb1, 
	0xb5, 0xf1, 0x95, 0x2b, 0x63, 0x9e, 0x29, 0x4c, 
	0x19, 0x08, 0x29, 0x4c, 0x29, 0x4d, 0x4a, 0x97, 
	0x7c, 0x25, 0xa5, 0xb1, 0xbd, 0xf1, 0xad, 0xaf, 
	0x8c, 0xa7, 0x8b, 0x0d, 0xa3, 0xd5, 0xab, 0xd9, 
	0x59, 0x43, 0xe4, 0x01, 0x92, 0xd3, 0x00, 0x23, 
	0x00, 0x25, 0x00, 0x27, 0x00, 0x29, 0x00, 0x2f, 
	0x00, 0x33, 0x00, 0x37, 0x00, 0x39, 0x00, 0x39, 
	0x29, 0x11, 0x94, 0x23, 0xc5, 0xf1, 0xce, 0x75, 
	0xce, 0x73, 0x4a, 0x13, 0x93, 0x61, 0xc4, 0x67, 
	0xc4, 0xa9, 0xc4, 0x67, 0xab, 0xe3, 0x9b, 0x5f, 
	0x6a, 0x53, 0xac, 0x53, 0xee, 0x55, 0xe6, 0x11, 
	0xdd, 0x4f, 0xdd, 0x4d, 0xd5, 0x0d, 0xc4, 0x8b, 
	0xac, 0x0b, 0xb4, 0x4b, 0xac, 0x0b, 0x62, 0x45, 
	0x00, 0x0b, 0x40, 0xc1, 0xbb, 0x41, 0xa2, 0xc1, 
	0xa2, 0xd5, 0xc3, 0xd5, 0xa3, 0x8d, 0x59, 0xcd, 
	0x31, 0x8d, 0x52, 0x99, 0x7c, 0x65, 0xa5, 0x71, 
	0xb5, 0xf1, 0x94, 0xeb, 0x63, 0x5e, 0x29, 0x4c, 
	0x18, 0xc8, 0x21, 0x4a, 0x29, 0x8d, 0x4a, 0x97, 
	0x7c, 0x25, 0xa5, 0xaf, 0xbe, 0x33, 0xad, 0xb1, 
	0x8c, 0xa7, 0xb3, 0xd1, 0xab, 0x53, 0x58, 0x4d, 
	0x31, 0x0d, 0x8a, 0x41, 0xec, 0x43, 0x51, 0x9b, 
	0x00, 0x23, 0x00, 0x25, 0x00, 0x27, 0x00, 0x2b, 
	0x00, 0x2f, 0x00, 0x33, 0x00, 0x33, 0x51, 0xd7, 
	0xbc, 0x67, 0xcc, 0xeb, 0xa3, 0xe3, 0x8b, 0x1d, 
	0x83, 0x1d, 0xb4, 0x25, 0xd4, 0xeb, 0xcc, 0xa9, 
	0xc4, 0x67, 0xbc, 0x67, 0xbc, 0x25, 0xcc, 0x67, 
	0xbc, 0x25, 0x9b, 0x5f, 0x6a, 0x93, 0xc4, 0xd3, 
	0xdd, 0x91, 0xd5, 0x0b, 0xcc, 0x8b, 0xc4, 0x8b, 
	0xc4, 0x8b, 0xbc, 0x4b, 0xac, 0x09, 0x7a, 0xc7, 
	0x28, 0x41, 0xd3, 0xc1, 0xc3, 0x81, 0x7a, 0x09, 
	0x68, 0x8f, 0xb3, 0x11, 0xb4, 0x09, 0x7b, 0x53, 
	0x29, 0x8b, 0x4a, 0x99, 0x7c, 0x25, 0xa5, 0xb1, 
	0xad, 0xef, 0x8c, 0xe9, 0x5b, 0x1c, 0x21, 0x4a, 
	0x18, 0xc8, 0x21, 0x0a, 0x29, 0x4d, 0x4a, 0x97, 
	0x7c, 0x25, 0xa5, 0xaf, 0xbe, 0x33, 0xb5, 0xf1, 
	0x9c, 0xe7, 0xbb, 0xcf, 0xab, 0x91, 0x50, 0x0b, 
	0x68, 0x4f, 0x49, 0x8d, 0xc3, 0x81, 0xdc, 0x0f, 
	0x10, 0x97, 0x00, 0x25, 0x00, 0x25, 0x00, 0x27, 
	0x00, 0x2b, 0x00, 0x2d, 0x51, 0xd5, 0xb4, 0x25, 
	0xc4, 0xa9, 0xc4, 0x67, 0xc4, 0xa9, 0xcc, 0xa9, 
	0xc4, 0x67, 0xd4, 0xeb, 0xcc, 0xa9, 0xc4, 0x67, 
	0xbc, 0x67, 0xbc, 0x25, 0xc4, 0x25, 0xbc, 0x25, 
	0xc4, 0x25, 0xbb, 0xe3, 0xab, 0xa1, 0x7a, 0x97, 
	0xa4, 0x55, 0xcc, 0xcf, 0xc4, 0x8b, 0xbc, 0xcd, 
	0xbc, 0x4b, 0xac, 0x0b, 0xa3, 0xcb, 0x30, 0xc1, 
	0x82, 0x01, 0xd3, 0xc1, 0x82, 0x45, 0x80, 0x4f, 
	0x60, 0x0d, 0x38, 0x07, 0xab, 0x85, 0x93, 0xd1, 
	0x18, 0xc9, 0x4a, 0x99, 0x74, 0x25, 0xa5, 0x6f, 
	0xad, 0xaf, 0x8c, 0xa7, 0x5b, 0x1a, 0x21, 0x0a, 
	0x19, 0x08, 0x29, 0x4c, 0x29, 0x8d, 0x4a, 0x97, 
	0x7c, 0x25, 0xa5, 0xaf, 0xbe, 0x33, 0xb5, 0xf1, 
	0xa5, 0x27, 0xd4, 0xd3, 0x8b, 0x05, 0x68, 0x0f, 
	0x70, 0x0f, 0x78, 0xd3, 0x69, 0xc7, 0xe4, 0x41, 
	0xa3, 0x13, 0x00, 0x1f, 0x00, 0x23, 0x00, 0x25, 
	0x00, 0x29, 0x29, 0x11, 0x9b, 0x9f, 0xb4, 0x25, 
	0xb4, 0x25, 0xbc, 0x67, 0xcc, 0xeb, 0xc4, 0xa9, 
	0xcc, 0xab, 0xc4, 0xa9, 0xc4, 0xa9, 0xcc, 0xa9, 
	0xc4, 0xa7, 0xc4, 0xa7, 0xc4, 0xa7, 0xb4, 0x25, 
	0xbc, 0x65, 0xbc, 0x65, 0xb4, 0x23, 0xac, 0x23, 
	0x7a, 0xd9, 0x83, 0x51, 0xac, 0x4d, 0xb4, 0x4b, 
	0xac, 0x4b, 0xa3, 0xcb, 0x41, 0x83, 0x61, 0xc1, 
	0xe4, 0x41, 0xa2, 0xc1, 0x62, 0x0d, 0x68, 0x0d, 
	0x68, 0x0d, 0x50, 0x85, 0xbc, 0x09, 0x83, 0x4f, 
	0x10, 0x85, 0x4a, 0x97, 0x7c, 0x25, 0x9d, 0x6f, 
	0xa5, 0xaf, 0x8c, 0xa7, 0x52, 0xd8, 0x21, 0x0a, 
	0x18, 0xc8, 0x29, 0x4c, 0x29, 0x8f, 0x4a, 0x57, 
	0x7c, 0x25, 0xa5, 0x6f, 0xb5, 0xf1, 0xad, 0xb1, 
	0x9d, 0x2b, 0xd4, 0x11, 0x7a, 0xc7, 0x88, 0x13, 
	0x98, 0x13, 0x80, 0x11, 0x61, 0x51, 0x82, 0x43, 
	0xe4, 0x81, 0x92, 0xd3, 0x00, 0x1f, 0x00, 0x25, 
	0x08, 0x51, 0x72, 0xd9, 0x9b, 0x9f, 0xab, 0xe3, 
	0xa3, 0xa1, 0xbc, 0x25, 0xab, 0xe3, 0xb4, 0x25, 
	0xbc, 0x67, 0xc4, 0x67, 0xbc, 0x67, 0xbc, 0x67, 
	0xbc, 0x65, 0xb4, 0x25, 0xb4, 0x25, 0xb4, 0x25, 
	0xb4, 0x25, 0xab, 0xe3, 0xa3, 0xe1, 0xa3, 0xe1, 
	0x93, 0x5d, 0x62, 0x15, 0x7b, 0x51, 0xa4, 0x8f, 
	0xa4, 0x0b, 0x5a, 0x47, 0x49, 0x41, 0xe4, 0x41, 
	0xc3, 0x81, 0x72, 0x0d, 0x80, 0x11, 0x78, 0x0f, 
	0x70, 0x0f, 0x50, 0x85, 0xa3, 0x0f, 0x9b, 0x49, 
	0x39, 0x8d, 0x4a, 0x99, 0x74, 0x25, 0xa5, 0x6f, 
	0xa5, 0xaf, 0x84, 0x65, 0x52, 0xd8, 0x21, 0x0a, 
	0x19, 0x08, 0x21, 0x0a, 0x29, 0x8d, 0x4a, 0x97, 
	0x74, 0x23, 0x9d, 0x2d, 0xb5, 0xf1, 0xad, 0xf1, 
	0x9d, 0x2b, 0xd3, 0x4f, 0x83, 0x45, 0xb0, 0x15, 
	0x98, 0x13, 0x80, 0x11, 0x78, 0x11, 0x59, 0x4f, 
	0x8a, 0x83, 0xe4, 0x83, 0x9b, 0x13, 0x08, 0x55, 
	0x5a, 0x13, 0x7a, 0xd9, 0x8b, 0x1d, 0x93, 0x5f, 
	0x9b, 0xa1, 0xab, 0xe3, 0xac, 0x25, 0xab, 0xe3, 
	0xb4, 0x25, 0xb4, 0x65, 0xb4, 0x25, 0xbc, 0x67, 
	0xb4, 0x23, 0xb4, 0x25, 0xb4, 0x23, 0xab, 0xe3, 
	0xab, 0xe1, 0x9b, 0xa1, 0x9b, 0x9f, 0x9b, 0x9f, 
	0x93, 0x5d, 0x8b, 0x1d, 0x5a, 0x15, 0x7b, 0x4d, 
	0x51, 0xc5, 0x59, 0x83, 0xec, 0x41, 0xcb, 0x81, 
	0x72, 0x0b, 0x78, 0x91, 0x78, 0x0f, 0x78, 0x0f, 
	0x70, 0x0f, 0x78, 0xc9, 0xab, 0x4f, 0xa3, 0x8b, 
	0x20, 0xc5, 0x4a, 0x99, 0x73, 0xe3, 0x9d, 0x6d, 
	0xa5, 0x6d, 0x7c, 0x65, 0x4a, 0x98, 0x21, 0x0a, 
	0x19, 0x08, 0x21, 0x0a, 0x29, 0x8d, 0x42, 0x55, 
	0x73, 0xe3, 0x95, 0x2b, 0xad, 0xef, 0xad, 0xf1, 
	0xa5, 0x2d, 0xc2, 0x8d, 0x9b, 0xc7, 0xa0, 0x51, 
	0x90, 0x13, 0xa0, 0x13, 0x90, 0x13, 0x88, 0x11, 
	0x70, 0x91, 0x7a, 0x05, 0xdc, 0xc5, 0xbc, 0x0d, 
	0x7a, 0xd5, 0x93, 0x9f, 0x8b, 0x1d, 0x93, 0x5d, 
	0x93, 0x5d, 0x9b, 0xa1, 0x9b, 0xa1, 0xa3, 0xe1, 
	0xa3, 0xa1, 0xab, 0xe3, 0xac, 0x25, 0xab, 0xe3, 
	0xab, 0xe3, 0xa3, 0xe1, 0xa3, 0xe1, 0xa3, 0xe1, 
	0x93, 0x9f, 0x93, 0x5d, 0x8b, 0x5d, 0x8b, 0x5d, 
	0x83, 0x1b, 0x8b, 0x5d, 0x83, 0x1b, 0x20, 0x85, 
	0x59, 0x81, 0xf4, 0x41, 0xcb, 0x81, 0x72, 0x0d, 
	0x71, 0x51, 0x68, 0x4d, 0x70, 0x0f, 0x78, 0x0f, 
	0x70, 0x11, 0xab, 0x87, 0xd5, 0x11, 0x7a, 0xcb, 
	0x31, 0x4b, 0x4a, 0x97, 0x73, 0xe3, 0x9d, 0x2d, 
	0xa5, 0x6d, 0x7c, 0x25, 0x4a, 0x96, 0x21, 0x0a, 
	0x21, 0x08, 0x21, 0x4a, 0x29, 0x4d, 0x42, 0x55, 
	0x6b, 0xe1, 0x94, 0xe9, 0xad, 0xef, 0xb5, 0xef, 
	0x9d, 0x2d, 0xc2, 0xcd, 0xce, 0x53, 0xa1, 0x95, 
	0xa0, 0x17, 0xa8, 0x15, 0x98, 0x15, 0x90, 0x13, 
	0x80, 0x11, 0x80, 0x53, 0x7a, 0x47, 0xcc, 0xc9, 
	0xe5, 0x13, 0xa3, 0xdb, 0x8b, 0x5d, 0x93, 0x5f, 
	0x93, 0x5f, 0x9b, 0x5f, 0x9b, 0xa1, 0x9b, 0xa1, 
	0xab, 0xe3, 0x9b, 0xa1, 0xac, 0x23, 0x9b, 0xa1, 
	0x9b, 0xa1, 0x9b, 0xa1, 0x9b, 0x9f, 0x93, 0x5d, 
	0x93, 0x5d, 0x8b, 0x5d, 0x8b, 0x1d, 0x8b, 0x1b, 
	0x8b, 0x5d, 0x83, 0x1b, 0x28, 0xc5, 0xbb, 0x89, 
	0xec, 0x81, 0xbb, 0x41, 0x72, 0x0d, 0x79, 0x51, 
	0x60, 0xcf, 0x70, 0x4d, 0x78, 0x8d, 0x92, 0x0b, 
	0xaa, 0x09, 0xd5, 0xd1, 0xb4, 0x0b, 0x29, 0x05, 
	0x29, 0x4b, 0x4a, 0x97, 0x73, 0xe3, 0x95, 0x2d, 
	0x9d, 0x6d, 0x7c, 0x23, 0x4a, 0x96, 0x21, 0x08, 
	0x19, 0x08, 0x21, 0x0a, 0x29, 0x4c, 0x3a, 0x13, 
	0x63, 0x9f, 0x8c, 0xa9, 0xad, 0xaf, 0xad, 0xaf, 
	0xa5, 0x2b, 0xc2, 0xcd, 0xc4, 0x0d, 0xea, 0xd7, 
	0x8b, 0xc3, 0x94, 0x43, 0xa0, 0x97, 0x98, 0x15, 
	0x80, 0x11, 0x80, 0x11, 0x80, 0x51, 0x71, 0x49, 
	0xc4, 0x07, 0xdd, 0xd5, 0xac, 0x15, 0x8b, 0x59, 
	0x93, 0x5f, 0x9b, 0xa1, 0x8b, 0x1d, 0x9b, 0x5f, 
	0x9b, 0xa1, 0xa3, 0xe1, 0x9b, 0x9f, 0x9b, 0x9f, 
	0x9b, 0x9f, 0x9b, 0x9f, 0x93, 0x5f, 0x93, 0x5d, 
	0x83, 0x1b, 0x83, 0x1b, 0x83, 0x1b, 0x93, 0x9f, 
	0x5a, 0x11, 0x59, 0x87, 0xf4, 0xc7, 0xe5, 0x01, 
	0xab, 0x05, 0x88, 0x51, 0x88, 0x11, 0x70, 0x4f, 
	0x60, 0x8b, 0x78, 0xcd, 0xa3, 0xcd, 0xcd, 0x51, 
	0xee, 0xe3, 0xc4, 0x93, 0xa2, 0xcf, 0x39, 0x8b, 
	0x21, 0x4d, 0x4a, 0x57, 0x73, 0xe3, 0x95, 0x2d, 
	0x9d, 0x6d, 0x7c, 0x22, 0x4a, 0x56, 0x19, 0x08, 
	0x19, 0x08, 0x21, 0x0a, 0x21, 0x0a, 0x39, 0xd1, 
	0x63, 0x5d, 0x84, 0x65, 0xad, 0x6d, 0xad, 0xaf, 
	0x9d, 0x2b, 0xa2, 0x0d, 0xa2, 0xc9, 0xdd, 0x11, 
	0xe6, 0xa5, 0xbc, 0xcd, 0x93, 0x4f, 0x8a, 0x0b, 
	0x90, 0x51, 0x80, 0x11, 0x88, 0x11, 0x78, 0xd1, 
	0x78, 0x91, 0x7a, 0x47, 0xcd, 0x11, 0xdd, 0x59, 
	0x9b, 0xd5, 0x83, 0x59, 0xa3, 0xe1, 0xac, 0x25, 
	0xa3, 0xe1, 0xa3, 0xe1, 0x9b, 0xa1, 0x93, 0x5f, 
	0x93, 0x5d, 0x8b, 0x5d, 0x93, 0x5d, 0x8b, 0x5d, 
	0x8b, 0x5d, 0x83, 0x1b, 0x5a, 0x11, 0x51, 0x85, 
	0xdc, 0x8d, 0xf5, 0x87, 0xd3, 0xc3, 0xbb, 0x89, 
	0x80, 0x11, 0x80, 0x11, 0x80, 0x11, 0x78, 0x0f, 
	0x71, 0x0b, 0x8a, 0x8b, 0xcd, 0x59, 0xf7, 0x71, 
	0xd5, 0xdb, 0xab, 0x4f, 0x81, 0x91, 0x39, 0x8b, 
	0x29, 0x8d, 0x4a, 0x97, 0x73, 0xe3, 0x95, 0x2d, 
	0x9d, 0x2b, 0x74, 0x22, 0x42, 0x54, 0x19, 0x08, 
	0x19, 0x08, 0x18, 0xc8, 0x21, 0x0a, 0x31, 0x8e, 
	0x5a, 0xdb, 0x84, 0x65, 0xa5, 0x6b, 0xad, 0x6d, 
	0x9d, 0x2b, 0xb0, 0x97, 0x9a, 0x8b, 0xc4, 0x0d, 
	0xe6, 0x1d, 0xee, 0xe7, 0xc5, 0x97, 0x8b, 0x4d, 
	0x72, 0x87, 0x80, 0x8f, 0x90, 0x13, 0x80, 0x53, 
	0xaa, 0x4d, 0xab, 0xc7, 0x61, 0x0b, 0xab, 0x49, 
	0xcd, 0x57, 0xd6, 0x5f, 0xbd, 0x1b, 0x8b, 0x55, 
	0x8b, 0x59, 0x72, 0xd7, 0x93, 0x5f, 0xac, 0x65, 
	0xa4, 0x23, 0x83, 0x5b, 0x6a, 0x53, 0x6a, 0x93, 
	0x51, 0xc9, 0xbc, 0x0f, 0xf6, 0x13, 0xf6, 0x0b, 
	0xec, 0xc5, 0xab, 0x47, 0xc4, 0x07, 0x99, 0x51, 
	0x88, 0x11, 0x88, 0x11, 0x90, 0x11, 0x90, 0x13, 
	0x71, 0x49, 0x8b, 0x49, 0xee, 0xdf, 0xc4, 0x93, 
	0xb3, 0xd3, 0x92, 0x0f, 0x78, 0xcf, 0x39, 0x8d, 
	0x31, 0x8f, 0x4a, 0x57, 0x73, 0xe3, 0x94, 0xed, 
	0x9d, 0x2a, 0x73, 0xe0, 0x42, 0x54, 0x19, 0x08, 
	0x19, 0x08, 0x18, 0xc8, 0x21, 0x0a, 0x29, 0x4c, 
	0x52, 0x98, 0x7c, 0x23, 0x9d, 0x2b, 0xa5, 0x6b, 
	0x94, 0xe9, 0xc8, 0x59, 0xa9, 0xcd, 0xaa, 0xcd, 
	0xc4, 0x4f, 0xd5, 0x99, 0xde, 0x1d, 0xcd, 0x53, 
	0xab, 0xc5, 0xa8, 0xcf, 0x90, 0x8d, 0x81, 0x4b, 
	0xbc, 0xcd, 0xe5, 0xcf, 0xbc, 0x07, 0x81, 0x0f, 
	0x7a, 0x89, 0x8a, 0xc9, 0xb4, 0x51, 0xc5, 0xdd, 
	0xce, 0x63, 0xd6, 0x65, 0xd6, 0x25, 0xc5, 0x5f, 
	0xc5, 0x5d, 0xe6, 0x21, 0xf7, 0x23, 0xf7, 0x21, 
	0xf6, 0xd9, 0xf5, 0x4b, 0xcb, 0xcb, 0xa3, 0x47, 
	0x99, 0xd1, 0xb3, 0x0b, 0xc4, 0x47, 0xd5, 0x8d, 
	0xaa, 0x15, 0xa0, 0x55, 0xa8, 0x15, 0xa8, 0x15, 
	0xa8, 0x93, 0xb4, 0x0f, 0xc4, 0x4d, 0xb3, 0xcd, 
	0xa2, 0x8d, 0x88, 0xd1, 0x78, 0x91, 0x39, 0xcd, 
	0x31, 0x8d, 0x42, 0x55, 0x73, 0xe2, 0x94, 0xec, 
	0x95, 0x2a, 0x73, 0xe0, 0x42, 0x54, 0x19, 0x08, 
	0x19, 0x08, 0x10, 0x86, 0x18, 0xc8, 0x21, 0x0a, 
	0x4a, 0x54, 0x73, 0xe2, 0x9d, 0x2a, 0x9d, 0x6b, 
	0x94, 0xa7, 0xd0, 0x1b, 0xb8, 0x55, 0x99, 0x4f, 
	0xa2, 0x4d, 0xbb, 0x4f, 0xb3, 0x91, 0xa3, 0x4d, 
	0x9b, 0x09, 0xd5, 0x0f, 0xee, 0x91, 0xf7, 0x17, 
	0xd4, 0x8d, 0xbb, 0x09, 0x9a, 0x0b, 0x89, 0xcb, 
	0x89, 0x11, 0x88, 0x93, 0x81, 0x0f, 0x69, 0xc7, 
	0x72, 0x05, 0x82, 0x85, 0x93, 0x09, 0xa3, 0xcd, 
	0xb4, 0x11, 0xbb, 0xcd, 0xb3, 0x49, 0xab, 0x45, 
	0xa3, 0x07, 0xa3, 0x8d, 0x92, 0xd3, 0x98, 0x93, 
	0x98, 0x13, 0xa0, 0x53, 0xa0, 0x91, 0xbb, 0x87, 
	0xbd, 0x45, 0xd5, 0x8f, 0xd5, 0xd1, 0xc5, 0x8d, 
	0xd5, 0xcf, 0xcd, 0x0b, 0xbb, 0x8b, 0xaa, 0x4d, 
	0xa8, 0x93, 0x98, 0x15, 0x80, 0x51, 0x39, 0x8d, 
	0x29, 0x4d, 0x42, 0x54, 0x73, 0xe2, 0x95, 0x2a, 
	0x95, 0x28, 0x6b, 0xe0, 0x42, 0x52, 0x19, 0x08, 
	0x18, 0xc6, 0x10, 0x84, 0x10, 0xc6, 0x19, 0x08, 
	0x42, 0x14, 0x73, 0xe0, 0x9c, 0xe8, 0x9d, 0x6a, 
	0x94, 0xe8, 0xd0, 0x1a, 0xd0, 0x1a, 0xd0, 0x1a, 
	0xb0, 0x94, 0xa8, 0xd2, 0xa1, 0x10, 0xa1, 0x8e, 
	0xa9, 0xce, 0xaa, 0x0e, 0xaa, 0x8c, 0xa2, 0x4a, 
	0x9a, 0x0a, 0xa1, 0x8c, 0x98, 0xd0, 0x90, 0x50, 
	0x88, 0x10, 0x88, 0x10, 0x88, 0x10, 0x88, 0x10, 
	0xa0, 0x14, 0xa0, 0x14, 0xa0, 0x14, 0xa0, 0x14, 
	0xa0, 0x14, 0xa0, 0x14, 0xa0, 0x14, 0xa0, 0x14, 
	0xa0, 0x14, 0xa0, 0x54, 0xa0, 0x14, 0xa8, 0x14, 
	0xa8, 0x14, 0xb0, 0x16, 0xc8, 0x18, 0xd0, 0x58, 
	0xd1, 0x14, 0xc2, 0x4c, 0xc3, 0x08, 0xc3, 0x0a, 
	0xca, 0x8e, 0xc9, 0x52, 0xc1, 0x14, 0xb8, 0x96, 
	0xb8, 0x16, 0xa0, 0x12, 0x80, 0x10, 0x39, 0xcc, 
	0x29, 0x4a, 0x42, 0x54, 0x6b, 0xa0, 0x94, 0xea, 
	0x94, 0xe8, 0x6b, 0x9e, 0x42, 0x12, 0x18, 0xc8, 
	
};

Gfx castle_grounds_dl__2_rgba16_rgba16_aligner[] = {gsSPEndDisplayList()};
u8 castle_grounds_dl__2_rgba16_rgba16[] = {
	0x00, 0x42, 0x08, 0x42, 0x08, 0x42, 0x08, 0x84, 
	0x10, 0x84, 0x18, 0xc6, 0x21, 0x08, 0x21, 0x4a, 
	0x29, 0x4c, 0x31, 0x8e, 0x39, 0xd0, 0x42, 0x12, 
	0x52, 0xda, 0x7c, 0x24, 0x8c, 0xea, 0x9d, 0x2e, 
	0x9d, 0x6e, 0xa5, 0xb0, 0xad, 0xb2, 0xad, 0xf2, 
	0xad, 0xf2, 0xad, 0xf4, 0xad, 0xf4, 0xb5, 0xf4, 
	0xb6, 0x34, 0xb6, 0x34, 0xb6, 0x34, 0xad, 0xf4, 
	0xb5, 0xf4, 0xb5, 0xf4, 0xb6, 0x34, 0xb5, 0xf4, 
	0xb5, 0xf4, 0xb5, 0xf4, 0xb5, 0xf4, 0xad, 0xf4, 
	0xad, 0xf2, 0xad, 0xf4, 0xad, 0xf4, 0xad, 0xf4, 
	0xad, 0xf4, 0xad, 0xf2, 0xad, 0xb2, 0xa5, 0xb2, 
	0xa5, 0xb2, 0xa5, 0xb2, 0x9d, 0x70, 0x9d, 0x6e, 
	0x9d, 0x2e, 0x8c, 0xec, 0x84, 0x66, 0x4a, 0x96, 
	0x3a, 0x12, 0x3a, 0x10, 0x29, 0x8e, 0x29, 0x4c, 
	0x31, 0x8e, 0x39, 0xd0, 0x39, 0xd0, 0x31, 0xd0, 
	0x31, 0x8e, 0x29, 0x4c, 0x21, 0x08, 0x10, 0x84, 
	0x08, 0x42, 0x08, 0x42, 0x08, 0x84, 0x10, 0x86, 
	0x18, 0xc6, 0x21, 0x0a, 0x29, 0x4c, 0x29, 0x8c, 
	0x31, 0xd0, 0x3a, 0x10, 0x42, 0x54, 0x6b, 0xa0, 
	0x84, 0x68, 0x94, 0xea, 0x9d, 0x6e, 0xa5, 0x70, 
	0xa5, 0xb0, 0xad, 0xf2, 0xad, 0xf2, 0xad, 0xf4, 
	0xad, 0xf4, 0xb5, 0xf4, 0xb6, 0x34, 0xb6, 0x34, 
	0xb6, 0x34, 0xb6, 0x34, 0xb6, 0x34, 0xb6, 0x36, 
	0xb6, 0x36, 0xb6, 0x36, 0xb6, 0x34, 0xb6, 0x36, 
	0xb6, 0x34, 0xb6, 0x34, 0xb6, 0x36, 0xb5, 0xf4, 
	0xb6, 0x34, 0xb5, 0xf4, 0xb5, 0xf4, 0xb6, 0x34, 
	0xad, 0xf4, 0xad, 0xf4, 0xad, 0xf2, 0xad, 0xf4, 
	0xad, 0xb2, 0xad, 0xf2, 0xa5, 0xb2, 0xa5, 0xb0, 
	0x9d, 0x6e, 0x9d, 0x2e, 0x94, 0xec, 0x8c, 0xaa, 
	0x6b, 0xa0, 0x42, 0x56, 0x3a, 0x12, 0x29, 0x8e, 
	0x31, 0xce, 0x31, 0xd0, 0x3a, 0x10, 0x39, 0xd0, 
	0x31, 0xd0, 0x31, 0x8e, 0x29, 0x4c, 0x10, 0x84, 
	0x08, 0x42, 0x08, 0x44, 0x10, 0x84, 0x18, 0xc6, 
	0x19, 0x08, 0x21, 0x4a, 0x29, 0x4c, 0x31, 0xd0, 
	0x42, 0x12, 0x42, 0x12, 0x6b, 0xa0, 0x84, 0x66, 
	0x8c, 0xea, 0x9d, 0x2e, 0xa5, 0x70, 0xa5, 0xb2, 
	0xad, 0xb2, 0xad, 0xf4, 0xad, 0xf4, 0xb6, 0x34, 
	0xb6, 0x34, 0xb6, 0x34, 0xb6, 0x34, 0xb6, 0x36, 
	0xb6, 0x34, 0xad, 0xf4, 0xad, 0xb3, 0xb5, 0xf3, 
	0xb5, 0xf5, 0xb6, 0x37, 0xb6, 0x35, 0xbe, 0x79, 
	0xbe, 0x37, 0xbe, 0x79, 0xbe, 0x39, 0xb6, 0x37, 
	0xbe, 0x37, 0xb6, 0x37, 0xb6, 0x36, 0xb5, 0xf4, 
	0xb6, 0x34, 0xb5, 0xf4, 0xb5, 0xf4, 0xad, 0xf4, 
	0xad, 0xf4, 0xb5, 0xf4, 0xad, 0xf2, 0xad, 0xb2, 
	0xad, 0xb2, 0xa5, 0x70, 0x9d, 0x2e, 0x94, 0xec, 
	0x8c, 0xea, 0x7c, 0x26, 0x4a, 0x96, 0x3a, 0x12, 
	0x39, 0xd0, 0x29, 0x8e, 0x31, 0xce, 0x31, 0xd0, 
	0x39, 0xd0, 0x31, 0xd0, 0x29, 0x8c, 0x18, 0xc6, 
	0x08, 0x44, 0x10, 0x84, 0x10, 0xc6, 0x18, 0xc8, 
	0x21, 0x08, 0x29, 0x4c, 0x31, 0xce, 0x3a, 0x12, 
	0x42, 0x54, 0x6b, 0xa0, 0x84, 0x66, 0x8c, 0xea, 
	0x9d, 0x2e, 0x9d, 0x6e, 0xa5, 0xb0, 0xa5, 0xb0, 
	0xad, 0xf2, 0xad, 0xf4, 0xb5, 0xf4, 0xb6, 0x34, 
	0xb6, 0x34, 0xb6, 0x36, 0xa5, 0xb1, 0xa5, 0xb1, 
	0xad, 0xf3, 0xb6, 0x35, 0xb6, 0x35, 0xbe, 0x79, 
	0xc6, 0x79, 0xc6, 0x79, 0xc6, 0xb9, 0xc6, 0xbb, 
	0xc6, 0xbb, 0xc6, 0xfb, 0xce, 0xfb, 0xc6, 0xbb, 
	0xce, 0xfd, 0xce, 0xfd, 0xce, 0xfd, 0xc6, 0xbb, 
	0xbe, 0x79, 0xbe, 0x78, 0xb5, 0xf4, 0xb5, 0xf4, 
	0xb5, 0xf4, 0xb5, 0xf4, 0xad, 0xf4, 0xad, 0xf4, 
	0xad, 0xf2, 0xad, 0xb2, 0xa5, 0xb0, 0x9d, 0x6e, 
	0x95, 0x2c, 0x94, 0xec, 0x84, 0x66, 0x4a, 0x98, 
	0x3a, 0x12, 0x3a, 0x12, 0x31, 0xd0, 0x31, 0x8e, 
	0x31, 0xd0, 0x31, 0xd0, 0x31, 0xd0, 0x19, 0x08, 
	0x10, 0x84, 0x10, 0x86, 0x18, 0xc8, 0x19, 0x08, 
	0x21, 0x4a, 0x31, 0x8e, 0x39, 0xd0, 0x4a, 0x96, 
	0x6b, 0xa0, 0x7c, 0x26, 0x8c, 0xaa, 0x9d, 0x2e, 
	0xa5, 0x6e, 0xa5, 0xb0, 0xad, 0xb2, 0xad, 0xf2, 
	0xad, 0xf4, 0xad, 0xf4, 0xb6, 0x34, 0xb6, 0x36, 
	0xa5, 0x6f, 0xa5, 0x71, 0xad, 0xb3, 0xbe, 0x35, 
	0xbe, 0x77, 0xbe, 0x37, 0xc6, 0x79, 0xc6, 0x77, 
	0xc6, 0x79, 0xc6, 0x79, 0xc6, 0x79, 0xc6, 0x79, 
	0xc6, 0xb9, 0xc6, 0xb9, 0xce, 0xbb, 0xce, 0xbb, 
	0xce, 0xfb, 0xd7, 0x3b, 0xd7, 0x3b, 0xd7, 0x3b, 
	0xd7, 0x3b, 0xd7, 0x3b, 0xcf, 0x3b, 0xc6, 0xbb, 
	0xbe, 0x78, 0xad, 0xf4, 0xb5, 0xf4, 0xb5, 0xf4, 
	0xb5, 0xf4, 0xad, 0xf4, 0xad, 0xf2, 0xa5, 0xb0, 
	0xa5, 0xb0, 0x9d, 0x2e, 0x9d, 0x2c, 0x8c, 0xa8, 
	0x5b, 0x1a, 0x3a, 0x12, 0x4a, 0x56, 0x31, 0xd0, 
	0x29, 0x8e, 0x31, 0xd0, 0x39, 0xd0, 0x21, 0x0a, 
	0x08, 0x84, 0x18, 0x86, 0x18, 0xc8, 0x21, 0x0a, 
	0x29, 0x4c, 0x31, 0xd0, 0x4a, 0x96, 0x6b, 0x5e, 
	0x7c, 0x24, 0x8c, 0xa8, 0x95, 0x2c, 0x9d, 0x6e, 
	0xa5, 0x70, 0xa5, 0xb2, 0xad, 0xb2, 0xad, 0xf2, 
	0xb5, 0xf4, 0xad, 0xf2, 0x95, 0x2d, 0x9d, 0x2d, 
	0xad, 0xb1, 0xb5, 0xf3, 0xb6, 0x35, 0xbe, 0x77, 
	0xbe, 0x37, 0xbe, 0x37, 0xb5, 0xf5, 0xad, 0xf3, 
	0xad, 0xb3, 0xa5, 0xb1, 0xa5, 0x71, 0x9d, 0x6f, 
	0x9d, 0x6f, 0xa5, 0x6f, 0xa5, 0xb1, 0xa5, 0xb1, 
	0xad, 0xb3, 0xb5, 0xf3, 0xb6, 0x75, 0xce, 0xb7, 
	0xd6, 0xf9, 0xd7, 0x39, 0xdf, 0x39, 0xdf, 0x7b, 
	0xd7, 0x3b, 0xc6, 0xbb, 0xbe, 0x78, 0xb6, 0x34, 
	0xb6, 0x34, 0xb5, 0xf4, 0xad, 0xf4, 0xad, 0xf2, 
	0xa5, 0xb2, 0xa5, 0xb0, 0x9d, 0x6e, 0x9d, 0x2c, 
	0x95, 0x2c, 0x74, 0x24, 0x4a, 0x96, 0x42, 0x54, 
	0x31, 0xd0, 0x31, 0x8e, 0x31, 0xd0, 0x21, 0x0a, 
	0x10, 0x84, 0x10, 0xc6, 0x19, 0x08, 0x29, 0x4c, 
	0x31, 0x8e, 0x4a, 0x96, 0x63, 0x5e, 0x73, 0xe4, 
	0x8c, 0xa8, 0x95, 0x2c, 0x9d, 0x2e, 0xa5, 0x70, 
	0xa5, 0xb0, 0xa5, 0xb2, 0xad, 0xf2, 0xad, 0xf2, 
	0x8c, 0xe9, 0x94, 0xeb, 0xa5, 0xb1, 0xad, 0xb1, 
	0xb6, 0x33, 0xb6, 0x35, 0xb6, 0x35, 0xb5, 0xf3, 
	0xa5, 0xb1, 0x9d, 0x6f, 0x94, 0xeb, 0x84, 0xa9, 
	0x7c, 0x67, 0x7c, 0x25, 0x73, 0xe3, 0x73, 0xe3, 
	0x6b, 0xa1, 0x73, 0xe1, 0x73, 0xe3, 0x7c, 0x25, 
	0x7c, 0x65, 0x84, 0x67, 0x94, 0xe9, 0x9d, 0x2d, 
	0xad, 0xf1, 0xbe, 0x73, 0xce, 0xb7, 0xdf, 0x39, 
	0xe7, 0x39, 0xd7, 0x79, 0xdf, 0x7b, 0xce, 0xfa, 
	0xbe, 0x78, 0xb5, 0xf4, 0xb5, 0xf4, 0xad, 0xf4, 
	0xad, 0xf2, 0xa5, 0xb2, 0xa5, 0xb0, 0xa5, 0x70, 
	0xa5, 0x6e, 0x9d, 0x2c, 0x84, 0x66, 0x4a, 0x96, 
	0x42, 0x12, 0x31, 0x8e, 0x31, 0x8e, 0x21, 0x4a, 
	0x10, 0x86, 0x18, 0xc8, 0x21, 0x4a, 0x29, 0x8c, 
	0x42, 0x54, 0x5b, 0x1a, 0x73, 0xe2, 0x84, 0x66, 
	0x94, 0xea, 0x9d, 0x2c, 0x9d, 0x2e, 0xa5, 0xb0, 
	0xa5, 0xb0, 0xad, 0xb2, 0x8c, 0xa9, 0x94, 0xeb, 
	0x9d, 0x2d, 0xad, 0xb1, 0xb5, 0xf3, 0xb6, 0x35, 
	0xb5, 0xf5, 0xad, 0xb3, 0x9d, 0x6f, 0x94, 0xeb, 
	0x84, 0x69, 0x7c, 0x23, 0x6b, 0xe1, 0x63, 0x5d, 
	0x5b, 0x1b, 0x5a, 0xd9, 0x52, 0xd9, 0x52, 0x97, 
	0x52, 0x99, 0x4a, 0x97, 0x4a, 0x97, 0x52, 0xd9, 
	0x52, 0xd9, 0x5b, 0x1b, 0x63, 0x5d, 0x73, 0xe1, 
	0x7c, 0x25, 0x8c, 0xe9, 0xa5, 0x6d, 0xbe, 0x31, 
	0xce, 0x75, 0xde, 0xf7, 0xe7, 0x39, 0xe7, 0x7b, 
	0xe7, 0xbb, 0xc6, 0xba, 0xb6, 0x36, 0xb5, 0xf4, 
	0xb5, 0xf4, 0xb5, 0xf4, 0xad, 0xf4, 0xad, 0xb2, 
	0xa5, 0xb0, 0x9d, 0x6e, 0x9d, 0x2e, 0x7c, 0x24, 
	0x42, 0x54, 0x3a, 0x10, 0x29, 0x8e, 0x21, 0x0a, 
	0x10, 0xc6, 0x21, 0x08, 0x29, 0x4c, 0x31, 0x8e, 
	0x52, 0xd8, 0x6b, 0x9e, 0x7c, 0x24, 0x8c, 0xa8, 
	0x95, 0x2c, 0x9d, 0x2e, 0x9d, 0x6e, 0xa5, 0x70, 
	0x9d, 0x6e, 0x74, 0x23, 0x8c, 0xa9, 0x9d, 0x2d, 
	0xad, 0xb1, 0xb6, 0x33, 0xb5, 0xf3, 0xad, 0xf1, 
	0x9d, 0x6f, 0x8c, 0xeb, 0x7c, 0x25, 0x73, 0xe1, 
	0x63, 0x5d, 0x63, 0x1b, 0x5b, 0x19, 0x52, 0x97, 
	0x52, 0x95, 0x52, 0x53, 0x4a, 0x51, 0x52, 0x53, 
	0x52, 0x95, 0x42, 0x11, 0x3a, 0x11, 0x42, 0x11, 
	0x3a, 0x11, 0x42, 0x13, 0x42, 0x53, 0x4a, 0x97, 
	0x52, 0xd9, 0x63, 0x5d, 0x73, 0xe3, 0x8c, 0xa7, 
	0xa5, 0x6d, 0xbe, 0x33, 0xd6, 0xb5, 0xde, 0xf7, 
	0xe7, 0x39, 0xef, 0x7b, 0xd7, 0x3d, 0xbe, 0x78, 
	0xb6, 0x36, 0xb6, 0x34, 0xad, 0xf4, 0xad, 0xf4, 
	0xad, 0xb2, 0xa5, 0xb0, 0xa5, 0x70, 0x9d, 0x2e, 
	0x63, 0x5e, 0x3a, 0x12, 0x39, 0xd0, 0x21, 0x0a, 
	0x18, 0xc8, 0x21, 0x0a, 0x29, 0x8c, 0x4a, 0x96, 
	0x5b, 0x1c, 0x73, 0xe2, 0x84, 0x68, 0x94, 0xea, 
	0x9d, 0x2c, 0x9d, 0x6e, 0xa5, 0x6e, 0x9d, 0x6e, 
	0x73, 0xe3, 0x8c, 0xa9, 0x9d, 0x2d, 0xad, 0xb1, 
	0xb5, 0xf5, 0xad, 0xf3, 0xa5, 0xb1, 0x95, 0x2b, 
	0x84, 0x67, 0x73, 0xe3, 0x63, 0x9f, 0x63, 0x5b, 
	0x63, 0x19, 0x5b, 0x15, 0x6b, 0x59, 0x8b, 0xd7, 
	0x9c, 0x15, 0xc4, 0xd7, 0xd5, 0x5f, 0xe5, 0xe1, 
	0xe6, 0x23, 0xd5, 0x9f, 0xbc, 0xd9, 0xa4, 0x15, 
	0x8b, 0xd5, 0x63, 0x15, 0x4a, 0x51, 0x42, 0x11, 
	0x42, 0x11, 0x42, 0x55, 0x52, 0xd9, 0x63, 0x5d, 
	0x73, 0xe3, 0x8c, 0xe9, 0xad, 0x6f, 0xc6, 0x73, 
	0xde, 0xf7, 0xe7, 0x39, 0xef, 0x7b, 0xe7, 0xbd, 
	0xbe, 0x78, 0xb6, 0x36, 0xb6, 0x34, 0xb5, 0xf4, 
	0xad, 0xf4, 0xad, 0xb2, 0xa5, 0xb0, 0xa5, 0x70, 
	0x9d, 0x2c, 0x52, 0xd8, 0x3a, 0x12, 0x21, 0x4c, 
	0x19, 0x08, 0x21, 0x4a, 0x3a, 0x12, 0x52, 0xd8, 
	0x6b, 0xa0, 0x7c, 0x64, 0x8c, 0xa8, 0x95, 0x2c, 
	0x95, 0x2c, 0x9d, 0x6e, 0x8c, 0xea, 0x73, 0xe3, 
	0x8c, 0xa9, 0x9d, 0x2d, 0xad, 0xb1, 0xb5, 0xf3, 
	0xad, 0xf3, 0xa5, 0x6f, 0x94, 0xeb, 0x84, 0x65, 
	0x73, 0xe1, 0x73, 0x9d, 0x6b, 0x59, 0x6b, 0x59, 
	0x93, 0xd5, 0xd4, 0xd1, 0xee, 0x13, 0xee, 0x0d, 
	0xed, 0x91, 0xed, 0x93, 0xe5, 0x13, 0xdc, 0xd1, 
	0xd4, 0x8f, 0xe5, 0x13, 0xed, 0x97, 0xee, 0x19, 
	0xee, 0x9b, 0xee, 0xdb, 0xe5, 0x97, 0x93, 0xd3, 
	0x62, 0xd3, 0x4a, 0x53, 0x42, 0x53, 0x4a, 0x55, 
	0x52, 0xd9, 0x63, 0x5f, 0x7c, 0x65, 0x9d, 0x2b, 
	0xbe, 0x33, 0xd6, 0xf7, 0xe7, 0x39, 0xef, 0x7b, 
	0xf7, 0xbd, 0xc6, 0xba, 0xb6, 0x34, 0xb5, 0xf4, 
	0xb5, 0xf4, 0xad, 0xf2, 0xad, 0xb2, 0xa5, 0xb0, 
	0x9d, 0x6e, 0x8c, 0xa8, 0x4a, 0x96, 0x29, 0x8c, 
	0x19, 0x08, 0x31, 0x8e, 0x42, 0x54, 0x5b, 0x1c, 
	0x7b, 0xe2, 0x84, 0xa8, 0x94, 0xec, 0x9d, 0x2e, 
	0x9d, 0x2f, 0x95, 0x2d, 0x73, 0xe3, 0x8c, 0xa9, 
	0x9d, 0x2d, 0xad, 0xb1, 0xb5, 0xf3, 0xad, 0xf3, 
	0xa5, 0x6f, 0x94, 0xeb, 0x7c, 0x25, 0x73, 0xe1, 
	0x73, 0x9d, 0x83, 0xdb, 0xbc, 0x95, 0xed, 0x0b, 
	0xed, 0x47, 0xe4, 0x87, 0xbb, 0x47, 0xb4, 0x05, 
	0x6a, 0x45, 0x61, 0xc7, 0x59, 0xc5, 0x61, 0x85, 
	0x59, 0x85, 0x59, 0xc3, 0x51, 0xc5, 0x49, 0xc3, 
	0x49, 0x81, 0xc3, 0xc7, 0xe5, 0x11, 0xee, 0x17, 
	0xee, 0x15, 0xcd, 0x15, 0x6b, 0x15, 0x52, 0x91, 
	0x4a, 0x53, 0x4a, 0x55, 0x5b, 0x1b, 0x73, 0xe1, 
	0x94, 0xe9, 0xb5, 0xf1, 0xd6, 0xb7, 0xe7, 0x39, 
	0xef, 0x7b, 0xf7, 0xbd, 0xc6, 0xba, 0xb6, 0x34, 
	0xb6, 0x34, 0xb5, 0xf4, 0xad, 0xf4, 0xa5, 0xb2, 
	0xa5, 0x70, 0x9d, 0x2c, 0x84, 0x66, 0x31, 0xce, 
	0x21, 0x4a, 0x39, 0xd0, 0x4a, 0x98, 0x6b, 0x9e, 
	0x7c, 0x24, 0x8c, 0xea, 0x95, 0x2c, 0x9d, 0x2e, 
	0x94, 0xeb, 0x63, 0x5d, 0x84, 0x65, 0x94, 0xeb, 
	0xad, 0xb1, 0xad, 0xf3, 0xad, 0xf3, 0xa5, 0x71, 
	0x94, 0xeb, 0x84, 0x65, 0x84, 0x1f, 0x7b, 0x9b, 
	0xac, 0x9b, 0xed, 0x09, 0xed, 0x43, 0xc3, 0x83, 
	0x9b, 0x05, 0x49, 0xc3, 0x31, 0x85, 0x19, 0x85, 
	0x01, 0x03, 0x30, 0x87, 0x80, 0x8f, 0x58, 0x8b, 
	0x30, 0x87, 0x10, 0xc5, 0x01, 0x03, 0x01, 0x03, 
	0x19, 0x03, 0x29, 0x43, 0x39, 0x03, 0x39, 0x01, 
	0xb3, 0x47, 0xed, 0x4f, 0xee, 0x13, 0xbc, 0x97, 
	0x62, 0xd3, 0x52, 0x53, 0x4a, 0x53, 0x52, 0xd9, 
	0x6b, 0x9f, 0x8c, 0xa7, 0xad, 0xaf, 0xce, 0xb5, 
	0xe7, 0x39, 0xef, 0x7b, 0xf7, 0xbd, 0xbe, 0x78, 
	0xb6, 0x34, 0xb6, 0x34, 0xb5, 0xf4, 0xad, 0xb2, 
	0xa5, 0xb0, 0x9d, 0x2e, 0x94, 0xea, 0x4a, 0x54, 
	0x29, 0x4c, 0x42, 0x14, 0x5b, 0x1a, 0x73, 0xe2, 
	0x8c, 0x68, 0x8c, 0xea, 0x95, 0x2c, 0x9d, 0x2f, 
	0x63, 0x1d, 0x73, 0xe3, 0x8c, 0xa9, 0xa5, 0x6f, 
	0xad, 0xb1, 0xad, 0xf3, 0xa5, 0xb1, 0x95, 0x2d, 
	0x8c, 0xa7, 0x8c, 0x61, 0x94, 0x1b, 0xd4, 0xd1, 
	0xf4, 0xc1, 0xdb, 0xc1, 0x9a, 0x87, 0x49, 0xc3, 
	0x21, 0x85, 0x01, 0x43, 0x01, 0x43, 0x09, 0x45, 
	0x09, 0x43, 0x08, 0x83, 0x09, 0x07, 0x09, 0x45, 
	0x09, 0xc7, 0x09, 0x45, 0x00, 0x41, 0x01, 0x85, 
	0x01, 0x85, 0x01, 0x85, 0x09, 0x03, 0x18, 0x87, 
	0x39, 0x05, 0x38, 0xc3, 0xc3, 0xc7, 0xed, 0x8b, 
	0xed, 0x0f, 0x83, 0x55, 0x4a, 0x53, 0x4a, 0x53, 
	0x4a, 0x97, 0x63, 0x5f, 0x84, 0x67, 0xad, 0xb1, 
	0xd6, 0xb7, 0xe7, 0x39, 0xef, 0x7b, 0xdf, 0x7d, 
	0xbe, 0x78, 0xb6, 0x36, 0xb6, 0x36, 0xad, 0xf4, 
	0xad, 0xb2, 0xa5, 0x70, 0x94, 0xec, 0x5b, 0x1a, 
	0x31, 0x8e, 0x4a, 0x56, 0x63, 0x5e, 0x7c, 0x24, 
	0x8c, 0xaa, 0x94, 0xec, 0x95, 0x2d, 0x6b, 0xa1, 
	0x63, 0x5f, 0x84, 0x65, 0x9d, 0x2d, 0xa5, 0xaf, 
	0xad, 0xb3, 0xad, 0xb3, 0x9d, 0x2d, 0x94, 0xa9, 
	0x8c, 0x63, 0xa4, 0x5d, 0xec, 0xc9, 0xf4, 0xc1, 
	0xb3, 0x03, 0x8a, 0xc9, 0x31, 0x0d, 0x08, 0xc7, 
	0x01, 0xc5, 0x09, 0xc5, 0x09, 0xc5, 0x0a, 0x07, 
	0x0a, 0x49, 0x10, 0x85, 0x11, 0x85, 0x0a, 0x05, 
	0x02, 0x05, 0x01, 0x83, 0x01, 0x01, 0x00, 0x01, 
	0x00, 0x13, 0x00, 0x89, 0x10, 0x8d, 0x10, 0x91, 
	0x18, 0x8b, 0x28, 0xc7, 0x38, 0xc5, 0x92, 0x47, 
	0xe4, 0x87, 0xed, 0x89, 0x9b, 0x91, 0x52, 0x95, 
	0x41, 0xd1, 0x4a, 0x57, 0x63, 0x5d, 0x84, 0xa7, 
	0xb5, 0xf1, 0xd6, 0xb7, 0xe7, 0x7b, 0xef, 0xbd, 
	0xd7, 0x3d, 0xb6, 0x36, 0xb6, 0x36, 0xb6, 0x36, 
	0xad, 0xf4, 0xa5, 0xb0, 0x9d, 0x2e, 0x5b, 0x1c, 
	0x31, 0xd0, 0x52, 0x98, 0x6b, 0xa0, 0x84, 0x66, 
	0x94, 0xea, 0x9d, 0x2c, 0x84, 0x67, 0x5a, 0xdb, 
	0x7b, 0xe3, 0x94, 0xe9, 0x9d, 0x6f, 0xad, 0xb1, 
	0xad, 0xb3, 0xa5, 0x71, 0x94, 0xeb, 0x8c, 0x63, 
	0xac, 0x9f, 0xec, 0xc9, 0xec, 0x81, 0xaa, 0xc5, 
	0x51, 0xc5, 0x20, 0xc7, 0x00, 0x93, 0x08, 0x8b, 
	0x08, 0xc7, 0x0a, 0x49, 0x0a, 0x07, 0x09, 0x0f, 
	0x08, 0x57, 0x09, 0x43, 0x01, 0xc3, 0x01, 0x83, 
	0x00, 0x41, 0x01, 0x83, 0x01, 0x83, 0x01, 0x01, 
	0x00, 0x11, 0x08, 0x49, 0x18, 0xa1, 0x20, 0xa3, 
	0x20, 0x9f, 0x18, 0x97, 0x20, 0x89, 0x39, 0x05, 
	0x38, 0xc3, 0xd4, 0x03, 0xed, 0x87, 0xac, 0x15, 
	0x62, 0x95, 0x39, 0xd1, 0x4a, 0x57, 0x63, 0x5f, 
	0x8c, 0xa9, 0xb5, 0xf1, 0xd6, 0xf7, 0xef, 0x7b, 
	0xf7, 0xbd, 0xce, 0xfd, 0xb6, 0x36, 0xb6, 0x36, 
	0xad, 0xf4, 0xad, 0xb2, 0x9d, 0x6e, 0x63, 0x5c, 
	0x3a, 0x12, 0x5b, 0x1a, 0x73, 0xe2, 0x84, 0xa8, 
	0x94, 0xea, 0x95, 0x2c, 0x52, 0x97, 0x73, 0xe1, 
	0x84, 0x67, 0x9d, 0x2d, 0xa5, 0xb1, 0xad, 0xb1, 
	0xad, 0xb1, 0xa5, 0x2d, 0x94, 0xa5, 0xbd, 0x1f, 
	0xf5, 0x09, 0xf4, 0x41, 0xa2, 0xc7, 0x41, 0xc7, 
	0x00, 0x43, 0x01, 0x0d, 0x09, 0x91, 0x09, 0x91, 
	0x0a, 0x15, 0x09, 0xd3, 0x08, 0x47, 0x08, 0xb1, 
	0x08, 0x65, 0x01, 0x01, 0x02, 0x45, 0x18, 0xc1, 
	0x73, 0x41, 0x09, 0x81, 0x01, 0xc3, 0x42, 0x01, 
	0x83, 0x81, 0x52, 0x41, 0x29, 0x2b, 0x20, 0xe9, 
	0x20, 0xe5, 0x20, 0xe3, 0x18, 0x99, 0x10, 0x45, 
	0x31, 0x07, 0x38, 0xc3, 0xcb, 0xc1, 0xed, 0x87, 
	0xc4, 0x4f, 0x5a, 0x53, 0x39, 0xd1, 0x4a, 0x57, 
	0x6b, 0x9f, 0x94, 0xe9, 0xbe, 0x33, 0xdf, 0x39, 
	0xef, 0xbd, 0xef, 0xbd, 0xb6, 0x36, 0xb6, 0x34, 
	0xad, 0xf2, 0xad, 0xf2, 0xa5, 0x6e, 0x6b, 0x9e, 
	0x42, 0x54, 0x63, 0x1c, 0x7c, 0x22, 0x8c, 0xa8, 
	0x94, 0xec, 0x7c, 0x25, 0x52, 0xd9, 0x73, 0xe1, 
	0x94, 0xeb, 0xa5, 0x6f, 0xad, 0xb1, 0xad, 0xb1, 
	0xa5, 0x6d, 0xa4, 0xe9, 0xbd, 0x21, 0xf5, 0x07, 
	0xec, 0x41, 0xa2, 0xc7, 0x39, 0xcb, 0x01, 0x0d, 
	0x00, 0x89, 0x09, 0x4f, 0x09, 0xd3, 0x0a, 0x17, 
	0x2a, 0x51, 0x73, 0x0d, 0x93, 0x8d, 0x93, 0x8b, 
	0x5a, 0x49, 0x19, 0x43, 0x00, 0x01, 0x30, 0xc1, 
	0x8b, 0xc1, 0x8c, 0x01, 0xa4, 0xc1, 0x7c, 0x49, 
	0xad, 0x43, 0x94, 0x01, 0x20, 0x9f, 0x41, 0x6d, 
	0x31, 0x29, 0x31, 0x1f, 0x20, 0xa3, 0x00, 0x0b, 
	0x18, 0x91, 0x29, 0x07, 0x30, 0x83, 0xbb, 0x41, 
	0xed, 0x01, 0xb4, 0x0d, 0x42, 0x11, 0x31, 0xcf, 
	0x4a, 0x97, 0x73, 0xe1, 0x9d, 0x2d, 0xce, 0xb5, 
	0xe7, 0x7b, 0xef, 0xbd, 0xc6, 0xfb, 0xb6, 0x34, 
	0xb5, 0xf4, 0xad, 0xf4, 0xa5, 0xb0, 0x6b, 0xe0, 
	0x4a, 0x96, 0x6b, 0x5e, 0x7c, 0x64, 0x8c, 0xaa, 
	0x94, 0xec, 0x4a, 0x97, 0x6b, 0xa1, 0x84, 0x67, 
	0x9d, 0x2d, 0xad, 0xb1, 0xad, 0xb1, 0xad, 0xaf, 
	0xa5, 0x6b, 0xb4, 0xe1, 0xe5, 0x0d, 0xec, 0x41, 
	0xaa, 0xc7, 0x39, 0xc9, 0x01, 0x4d, 0x01, 0x91, 
	0x09, 0x51, 0x09, 0x91, 0x0a, 0x17, 0x42, 0x4b, 
	0xd5, 0x4f, 0xe6, 0x51, 0xe6, 0x0f, 0xe6, 0x0f, 
	0xf6, 0x4f, 0xd5, 0x0d, 0x39, 0x43, 0x7b, 0x81, 
	0xde, 0x01, 0xb5, 0x01, 0x19, 0xc7, 0x04, 0x79, 
	0x02, 0x59, 0xcd, 0xc1, 0x5a, 0x81, 0x7b, 0x41, 
	0x41, 0xc1, 0x18, 0xa1, 0x20, 0xdb, 0x18, 0x07, 
	0x30, 0xd3, 0x20, 0xc9, 0x31, 0x05, 0x38, 0xc1, 
	0xcb, 0x81, 0xed, 0x41, 0x8b, 0x53, 0x39, 0xd1, 
	0x42, 0x11, 0x5a, 0xdb, 0x84, 0x65, 0xb5, 0xf1, 
	0xd6, 0xf9, 0xef, 0x7b, 0xdf, 0x7d, 0xbe, 0x36, 
	0xb6, 0x34, 0xad, 0xb2, 0xa5, 0xb0, 0x73, 0xe2, 
	0x52, 0x98, 0x6b, 0xa0, 0x84, 0x66, 0x8c, 0xa8, 
	0x84, 0x67, 0x52, 0x97, 0x6b, 0x9f, 0x8c, 0xa9, 
	0x9d, 0x6f, 0xad, 0xb1, 0xad, 0xb1, 0xad, 0x6d, 
	0xad, 0x23, 0xcc, 0xd5, 0xdc, 0x01, 0xbb, 0x01, 
	0x49, 0xc7, 0x01, 0x8f, 0x01, 0x8f, 0x01, 0x91, 
	0x0a, 0x15, 0x08, 0x87, 0x09, 0x8d, 0xcd, 0x0d, 
	0xee, 0x0f, 0xee, 0x4f, 0xf6, 0x4f, 0xf6, 0x4f, 
	0xf6, 0x0f, 0xf6, 0x4f, 0xed, 0xcd, 0x83, 0x45, 
	0xcd, 0xc5, 0xb5, 0x03, 0x62, 0xc1, 0x19, 0xd1, 
	0x42, 0x01, 0x7b, 0x41, 0x9c, 0x41, 0x94, 0x41, 
	0x20, 0x41, 0x28, 0x0b, 0x78, 0x0d, 0x98, 0x11, 
	0x78, 0x0d, 0x48, 0x07, 0x10, 0x01, 0x30, 0xc3, 
	0x30, 0x81, 0xe4, 0x01, 0xe5, 0x07, 0x6a, 0xd5, 
	0x42, 0x11, 0x42, 0x13, 0x6b, 0x9f, 0x94, 0xeb, 
	0xc6, 0x75, 0xe7, 0x3b, 0xef, 0x7d, 0xc6, 0xbb, 
	0xb6, 0x34, 0xad, 0xf4, 0xad, 0xb2, 0x7c, 0x24, 
	0x5a, 0xda, 0x73, 0xe0, 0x84, 0x68, 0x8c, 0xa8, 
	0x42, 0x55, 0x5b, 0x1d, 0x7c, 0x23, 0x95, 0x2b, 
	0xa5, 0xb1, 0xad, 0xf3, 0xad, 0xaf, 0xa5, 0x67, 
	0xbc, 0xdd, 0xd3, 0xc3, 0xd3, 0x81, 0xa2, 0xc7, 
	0x11, 0x8d, 0x0a, 0x99, 0x02, 0xdd, 0x0a, 0x99, 
	0x21, 0x51, 0x58, 0x4b, 0x62, 0x49, 0xee, 0x93, 
	0xee, 0x51, 0xf6, 0x0f, 0xf7, 0x13, 0xf6, 0xd3, 
	0xfe, 0x4f, 0xfe, 0x91, 0xfe, 0x91, 0xfe, 0x51, 
	0xf6, 0x0f, 0xf6, 0x0f, 0xf6, 0x0f, 0xed, 0xd1, 
	0xd5, 0x4d, 0xa3, 0xc9, 0x83, 0x43, 0x39, 0x01, 
	0x18, 0x51, 0x38, 0x0d, 0xc0, 0x95, 0xa8, 0x11, 
	0xa0, 0x53, 0x78, 0x0d, 0x08, 0x0b, 0x18, 0x87, 
	0x30, 0xc5, 0x9a, 0x81, 0xec, 0x41, 0xcc, 0x8d, 
	0x4a, 0x13, 0x39, 0xd1, 0x52, 0x99, 0x7c, 0x25, 
	0xb5, 0xf1, 0xde, 0xf9, 0xe7, 0x7d, 0xdf, 0x7d, 
	0xb6, 0x36, 0xad, 0xf4, 0xad, 0xb2, 0x7c, 0x24, 
	0x5b, 0x1c, 0x73, 0xe2, 0x84, 0x68, 0x6b, 0xa0, 
	0x42, 0x55, 0x6b, 0x9f, 0x8c, 0xa9, 0x9d, 0x6f, 
	0xad, 0xf3, 0xad, 0xf1, 0xb5, 0xaf, 0xac, 0xe1, 
	0xc4, 0x07, 0xd3, 0xc1, 0xa3, 0x07, 0x29, 0x47, 
	0x01, 0x0b, 0x01, 0x4f, 0x01, 0x0d, 0x60, 0x8d, 
	0xc0, 0x55, 0x98, 0x0f, 0x9b, 0x87, 0xf6, 0x0f, 
	0xf6, 0x4f, 0xf6, 0x4f, 0xfe, 0x91, 0xfe, 0x8f, 
	0xfe, 0x91, 0xfe, 0x91, 0xfe, 0x91, 0xfe, 0x91, 
	0xfe, 0x4f, 0xfe, 0x91, 0xfe, 0x91, 0xfe, 0x91, 
	0xfe, 0xd1, 0xfe, 0x91, 0xf6, 0x4f, 0x9b, 0xcb, 
	0x52, 0x23, 0x18, 0x9b, 0xb0, 0xd5, 0xc8, 0xdb, 
	0xa1, 0x57, 0x48, 0x4d, 0x10, 0x4f, 0x18, 0x99, 
	0x20, 0xc7, 0x30, 0xc5, 0xb3, 0x01, 0xe4, 0x41, 
	0x8b, 0x51, 0x39, 0xcd, 0x42, 0x13, 0x63, 0x5f, 
	0x9d, 0x2b, 0xce, 0x75, 0xe7, 0x3b, 0xe7, 0x7d, 
	0xc6, 0xbb, 0xb5, 0xf4, 0xad, 0xf4, 0x84, 0x66, 
	0x63, 0x5c, 0x73, 0xe2, 0x84, 0x66, 0x63, 0x5c, 
	0x4a, 0x97, 0x6b, 0xa1, 0x94, 0xeb, 0xad, 0xb1, 
	0xb5, 0xf5, 0xb5, 0xf3, 0xad, 0x67, 0xb4, 0x97, 
	0xc3, 0xc1, 0xb3, 0x81, 0x31, 0xc9, 0x01, 0x0d, 
	0x01, 0x4f, 0x01, 0x91, 0x01, 0xd3, 0x20, 0x07, 
	0xe0, 0x99, 0xa0, 0x0f, 0xa3, 0xc9, 0xfe, 0xd3, 
	0xfe, 0x91, 0xff, 0x13, 0xff, 0xdb, 0xff, 0x1b, 
	0xff, 0x19, 0xfe, 0xd1, 0xfe, 0x4f, 0xfe, 0x91, 
	0xfe, 0x91, 0xfe, 0x91, 0xfe, 0x91, 0xfe, 0x91, 
	0xfe, 0x4f, 0xfe, 0x8f, 0xfe, 0x4f, 0xf6, 0x4f, 
	0xb4, 0x8d, 0x41, 0x99, 0x18, 0x4f, 0x18, 0x9d, 
	0x28, 0xe9, 0x28, 0xe9, 0x10, 0x57, 0x21, 0x15, 
	0x20, 0xcd, 0x28, 0xc5, 0x28, 0x81, 0xd3, 0xc1, 
	0xcc, 0x07, 0x4a, 0x0f, 0x29, 0x4f, 0x4a, 0x97, 
	0x7c, 0x65, 0xb5, 0xf3, 0xde, 0xf9, 0xe7, 0x7d, 
	0xce, 0xfd, 0xb6, 0x34, 0xad, 0xf4, 0x84, 0x66, 
	0x63, 0x5e, 0x73, 0xe2, 0x84, 0x66, 0x52, 0xd9, 
	0x52, 0xd9, 0x7b, 0xe3, 0x9d, 0x2d, 0xb5, 0xf3, 
	0xb6, 0x35, 0xb5, 0xf1, 0xad, 0x23, 0xbb, 0xc7, 
	0xcb, 0xc1, 0x93, 0x07, 0x11, 0x49, 0x01, 0x91, 
	0x01, 0x91, 0x01, 0xd5, 0x01, 0xd5, 0x00, 0xcb, 
	0xb9, 0x19, 0x88, 0xd3, 0x8b, 0x8b, 0xfe, 0x91, 
	0xff, 0x15, 0xa4, 0x93, 0x7b, 0x57, 0x93, 0xdd, 
	0x8b, 0x8b, 0xff, 0x13, 0xfe, 0x8f, 0xfe, 0x91, 
	0xfe, 0x91, 0xfe, 0x91, 0xfe, 0xd1, 0xfe, 0x4f, 
	0xfe, 0xd1, 0xfe, 0xd1, 0xfe, 0x91, 0xf6, 0x4f, 
	0xf6, 0x4f, 0x72, 0xc9, 0x10, 0x5d, 0x39, 0x37, 
	0x31, 0x33, 0x28, 0xef, 0x20, 0xe7, 0x10, 0x55, 
	0x00, 0x0b, 0x18, 0x87, 0x28, 0x83, 0xa2, 0xc1, 
	0xcb, 0x81, 0x7b, 0x11, 0x31, 0x8b, 0x3a, 0x13, 
	0x6b, 0xa1, 0xa5, 0x6f, 0xce, 0xb7, 0xdf, 0x3b, 
	0xd6, 0xfb, 0xb6, 0x37, 0xad, 0xf4, 0x84, 0x66, 
	0x63, 0x5e, 0x73, 0xe2, 0x73, 0xe2, 0x42, 0x13, 
	0x5b, 0x1b, 0x84, 0x67, 0xa5, 0xb1, 0xb6, 0x35, 
	0xbe, 0x35, 0xad, 0x6f, 0xac, 0x59, 0xb3, 0x41, 
	0xc3, 0x41, 0x31, 0x87, 0x01, 0x0d, 0x01, 0x4f, 
	0x01, 0xd5, 0x02, 0x17, 0x02, 0x15, 0x01, 0xd3, 
	0x00, 0x87, 0x02, 0x17, 0x01, 0x0b, 0xbd, 0x57, 
	0x7b, 0x57, 0xc5, 0x27, 0xe6, 0x2b, 0xd5, 0x67, 
	0x72, 0xc9, 0xff, 0x13, 0xfe, 0x91, 0xfe, 0x91, 
	0xfe, 0x4f, 0xfe, 0x91, 0xfe, 0x4f, 0xfe, 0xd1, 
	0xfe, 0xd1, 0xfe, 0xd3, 0xfe, 0x91, 0xfe, 0x8f, 
	0xfe, 0xd1, 0xdd, 0x4d, 0x39, 0x5f, 0x39, 0x7b, 
	0x41, 0xb7, 0x31, 0x33, 0x29, 0x2d, 0x20, 0xa5, 
	0x00, 0x0d, 0x00, 0x0f, 0x20, 0x85, 0x28, 0x81, 
	0xb3, 0x41, 0x93, 0x07, 0x39, 0xcf, 0x39, 0xd3, 
	0x5b, 0x1b, 0x94, 0xe9, 0xbe, 0x33, 0xd6, 0xf9, 
	0xce, 0xfb, 0xbe, 0x79, 0xad, 0xf4, 0x8c, 0xa8, 
	0x63, 0x5e, 0x73, 0xa0, 0x6b, 0xa0, 0x42, 0x55, 
	0x5b, 0x1d, 0x8c, 0xeb, 0xad, 0xf3, 0xbe, 0x77, 
	0xb6, 0x35, 0xa4, 0xe7, 0x9b, 0x05, 0xcb, 0x81, 
	0xa2, 0xc3, 0x21, 0x09, 0x01, 0xd5, 0x01, 0xd3, 
	0x01, 0xd3, 0x02, 0x17, 0x02, 0x57, 0x00, 0x8b, 
	0x01, 0xd5, 0x02, 0x59, 0x01, 0xd5, 0x00, 0x89, 
	0xc5, 0x25, 0xdd, 0xe9, 0xee, 0x2b, 0xe5, 0xeb, 
	0x62, 0x8f, 0xfe, 0x93, 0xfe, 0x4f, 0xfe, 0x91, 
	0xfe, 0xd1, 0xfe, 0x91, 0xfe, 0xd1, 0xfe, 0xd1, 
	0xfe, 0xd3, 0xfe, 0x91, 0xfe, 0x91, 0xfe, 0x91, 
	0xfe, 0x91, 0xfe, 0x8f, 0x39, 0x4d, 0x41, 0xbd, 
	0x39, 0x39, 0x31, 0x35, 0x39, 0x71, 0x18, 0x9b, 
	0x00, 0x1b, 0x00, 0x19, 0x10, 0x45, 0x20, 0x83, 
	0x92, 0x81, 0x92, 0xc1, 0x5a, 0x4f, 0x29, 0x4f, 
	0x4a, 0x97, 0x7c, 0x25, 0xb5, 0xf1, 0xce, 0xb7, 
	0xce, 0xf9, 0xc6, 0xb9, 0xb5, 0xf4, 0x8c, 0xa8, 
	0x63, 0x5c, 0x6b, 0xa0, 0x52, 0xd9, 0x4a, 0x95, 
	0x6b, 0xa1, 0x9d, 0x2d, 0xb5, 0xf5, 0xbe, 0x37, 
	0xb5, 0xb1, 0x9c, 0x5d, 0xa2, 0xc1, 0xc3, 0x81, 
	0x82, 0x13, 0x00, 0x17, 0x00, 0x1b, 0x01, 0x13, 
	0x02, 0x59, 0x00, 0xd1, 0x00, 0x23, 0x00, 0x0d, 
	0x01, 0xd5, 0x02, 0x59, 0x02, 0x9d, 0x01, 0x0d, 
	0xd5, 0xa9, 0xe5, 0xeb, 0xe5, 0xe9, 0xdd, 0xe9, 
	0xac, 0xa1, 0xb4, 0xd5, 0xff, 0x13, 0xfe, 0x91, 
	0xfe, 0x91, 0xfe, 0x91, 0xfe, 0x91, 0xfe, 0x8f, 
	0xfe, 0x91, 0xfe, 0x91, 0xfe, 0x8f, 0xfe, 0x91, 
	0xfe, 0x8f, 0xf6, 0x4f, 0x49, 0xcb, 0x5a, 0xb1, 
	0x7b, 0x79, 0x51, 0xf5, 0x08, 0x59, 0x00, 0x25, 
	0x00, 0x25, 0x00, 0x1d, 0x00, 0x09, 0x18, 0x85, 
	0x71, 0xc3, 0xa2, 0xc1, 0x6a, 0x89, 0x31, 0x8f, 
	0x3a, 0x13, 0x73, 0xe3, 0xa5, 0x6f, 0xc6, 0x75, 
	0xce, 0xf9, 0xce, 0xbb, 0xb6, 0x34, 0x84, 0x66, 
	0x63, 0x5c, 0x6b, 0xa0, 0x4a, 0x55, 0x52, 0xd9, 
	0x7b, 0xe3, 0xa5, 0x6f, 0xbe, 0x35, 0xc6, 0x37, 
	0xb5, 0xaf, 0x93, 0x93, 0xb3, 0x01, 0xb2, 0xc1, 
	0x20, 0x8d, 0x00, 0x1d, 0x00, 0x23, 0x00, 0x27, 
	0x00, 0x25, 0x00, 0x35, 0x00, 0x39, 0x00, 0x11, 
	0x03, 0x63, 0x03, 0x21, 0x01, 0xd3, 0x93, 0xdf, 
	0xd5, 0xa9, 0xe5, 0xeb, 0xe5, 0xeb, 0xe5, 0xeb, 
	0xe5, 0xe9, 0x83, 0x5b, 0xb4, 0x8b, 0xfe, 0x8f, 
	0xfe, 0x4f, 0xfe, 0x91, 0xfe, 0x8f, 0xfe, 0xd1, 
	0xfe, 0x91, 0xfe, 0x4f, 0xfe, 0x91, 0xfe, 0x91, 
	0xfe, 0x91, 0xfe, 0x4f, 0x20, 0xcd, 0x00, 0x39, 
	0x00, 0x2f, 0x00, 0x25, 0x00, 0x2d, 0x00, 0x2d, 
	0x00, 0x27, 0x00, 0x21, 0x00, 0x13, 0x10, 0x43, 
	0x18, 0x41, 0xa2, 0xc1, 0x82, 0x83, 0x41, 0xcf, 
	0x42, 0x55, 0x6b, 0xa1, 0x9d, 0x2d, 0xbe, 0x33, 
	0xce, 0xf9, 0xce, 0xfb, 0xbe, 0x34, 0x84, 0xa8, 
	0x63, 0x5c, 0x6b, 0xa0, 0x39, 0xd1, 0x5a, 0xdb, 
	0x7c, 0x25, 0xad, 0xb1, 0xbe, 0x75, 0xc6, 0x75, 
	0xb5, 0x6b, 0x93, 0x0b, 0xbb, 0x41, 0x9a, 0x87, 
	0x10, 0x51, 0x00, 0x1f, 0x00, 0x25, 0x00, 0x2b, 
	0x00, 0x31, 0x00, 0x35, 0x00, 0x37, 0x00, 0x2b, 
	0x00, 0x5f, 0x21, 0x15, 0xc5, 0x25, 0xe5, 0xe9, 
	0xe5, 0xeb, 0xe6, 0x2b, 0xee, 0x2b, 0xe6, 0x2b, 
	0xdd, 0xe9, 0x8b, 0x99, 0xd5, 0x0d, 0xfe, 0x91, 
	0xfe, 0x8f, 0xfe, 0xd3, 0xff, 0x17, 0xff, 0x17, 
	0xfe, 0xd1, 0xfe, 0xd3, 0xfe, 0xd3, 0xfe, 0xd1, 
	0xfe, 0x91, 0xfe, 0x91, 0x18, 0x91, 0x00, 0x3d, 
	0x00, 0x3b, 0x00, 0x37, 0x00, 0x35, 0x00, 0x2f, 
	0x00, 0x2b, 0x00, 0x21, 0x00, 0x19, 0x08, 0x05, 
	0x18, 0x43, 0x9a, 0x81, 0x8a, 0x81, 0x49, 0xcd, 
	0x42, 0x53, 0x63, 0x9f, 0x95, 0x2b, 0xbe, 0x33, 
	0xce, 0xf9, 0xce, 0xfb, 0xbe, 0x36, 0x84, 0xa8, 
	0x63, 0x5c, 0x6b, 0xa0, 0x3a, 0x13, 0x5a, 0xdb, 
	0x84, 0x67, 0xad, 0xb1, 0xc6, 0x75, 0xc6, 0x75, 
	0xb5, 0x69, 0x8a, 0xc5, 0xbb, 0x41, 0x82, 0x0d, 
	0x00, 0x15, 0x00, 0x1f, 0x00, 0x25, 0x00, 0x2b, 
	0x00, 0x31, 0x00, 0x37, 0x00, 0x3b, 0x00, 0x3d, 
	0x00, 0x3d, 0x00, 0x15, 0xe5, 0xeb, 0xe5, 0xeb, 
	0xe6, 0x2b, 0xdd, 0xa9, 0xe5, 0xe9, 0xe5, 0xeb, 
	0xdd, 0xeb, 0x72, 0xc9, 0xfe, 0x91, 0xfe, 0x91, 
	0xfe, 0x91, 0x72, 0xcf, 0x8b, 0x9b, 0x9b, 0xcf, 
	0xfe, 0x8f, 0xfe, 0x91, 0xfe, 0xd1, 0xfe, 0x8f, 
	0xfe, 0x8f, 0xfe, 0x4f, 0x4a, 0x11, 0x00, 0x3f, 
	0x00, 0x3d, 0x00, 0x3b, 0x00, 0x37, 0x00, 0x31, 
	0x00, 0x2b, 0x00, 0x23, 0x00, 0x1b, 0x00, 0x09, 
	0x18, 0x43, 0x8a, 0x41, 0xa2, 0xc1, 0x5a, 0x4d, 
	0x4a, 0x55, 0x6b, 0x9f, 0x95, 0x2b, 0xbe, 0x35, 
	0xd6, 0xf9, 0xce, 0xfb, 0xbe, 0x76, 0x84, 0x66, 
	0x5b, 0x1c, 0x63, 0x5c, 0x42, 0x13, 0x5b, 0x1d, 
	0x84, 0x67, 0xad, 0xb1, 0xc6, 0x77, 0xc6, 0x73, 
	0xac, 0xe3, 0x9a, 0xc5, 0xb3, 0x01, 0x61, 0xd3, 
	0x00, 0x17, 0x00, 0x1f, 0x00, 0x25, 0x00, 0x2d, 
	0x00, 0x31, 0x00, 0x37, 0x00, 0x39, 0x00, 0x3d, 
	0x00, 0x3b, 0x31, 0x55, 0xe5, 0xeb, 0xee, 0x2d, 
	0xf6, 0x6d, 0xf6, 0x6d, 0xff, 0x33, 0xcd, 0xa9, 
	0x83, 0x4d, 0xf6, 0x0f, 0xfe, 0x91, 0xfe, 0x91, 
	0x62, 0x4b, 0xc5, 0x27, 0xdd, 0xe9, 0x6a, 0xc7, 
	0xfe, 0x91, 0xfe, 0x8f, 0xfe, 0x4f, 0xfe, 0x91, 
	0xfe, 0x91, 0xfe, 0x91, 0xb4, 0x4b, 0x19, 0x25, 
	0x19, 0x7d, 0x21, 0xbb, 0x00, 0xaf, 0x00, 0x33, 
	0x00, 0x2d, 0x00, 0x25, 0x00, 0x1f, 0x00, 0x0d, 
	0x10, 0x43, 0x71, 0xc1, 0xab, 0x01, 0x51, 0xcb, 
	0x52, 0x99, 0x6b, 0x9f, 0x94, 0xeb, 0xbe, 0x35, 
	0xce, 0xf9, 0xd6, 0xfb, 0xbe, 0x76, 0x84, 0x66, 
	0x63, 0x1c, 0x5b, 0x1a, 0x42, 0x55, 0x5a, 0xdb, 
	0x8c, 0xa9, 0xad, 0xb1, 0xc6, 0x75, 0xc6, 0x31, 
	0xac, 0x9f, 0xa3, 0x45, 0xa2, 0xc1, 0x18, 0x8d, 
	0x00, 0x1b, 0x00, 0x1f, 0x00, 0x27, 0x00, 0x2f, 
	0x00, 0x2f, 0x00, 0x2b, 0x10, 0x27, 0x08, 0x33, 
	0x00, 0x3d, 0x00, 0x19, 0xcd, 0x67, 0xe5, 0xeb, 
	0xe5, 0xeb, 0xb4, 0xa3, 0x6a, 0xd1, 0x93, 0xcd, 
	0xfe, 0x93, 0xd5, 0xd5, 0x7c, 0xdd, 0x13, 0x67, 
	0x33, 0xed, 0x7b, 0xdb, 0xbc, 0x93, 0xed, 0xcf, 
	0xfe, 0x91, 0xfe, 0xd1, 0xfe, 0x8f, 0xfe, 0x91, 
	0xfe, 0x91, 0xfe, 0x91, 0xfe, 0x8f, 0xdd, 0x8f, 
	0x9c, 0x13, 0x29, 0x17, 0x00, 0x2d, 0x00, 0x35, 
	0x00, 0x2f, 0x00, 0x29, 0x00, 0x21, 0x00, 0x15, 
	0x10, 0x45, 0x20, 0x81, 0xa2, 0xc1, 0x51, 0xc9, 
	0x4a, 0x55, 0x63, 0x5d, 0x94, 0xeb, 0xb6, 0x35, 
	0xce, 0xf9, 0xce, 0xfb, 0xbe, 0x78, 0x84, 0x66, 
	
};

Gfx castle_grounds_dl_castle_grounds_textures_05800_rgba16_rgba16_aligner[] = {gsSPEndDisplayList()};
u8 castle_grounds_dl_castle_grounds_textures_05800_rgba16_rgba16[] = {
	0x5b, 0xe7, 0x94, 0x25, 0x41, 0x8e, 0x10, 0x40, 
	0x00, 0x84, 0x02, 0x10, 0x31, 0x97, 0x3a, 0x59, 
	0x1a, 0x50, 0x18, 0xc4, 0x11, 0x00, 0x2a, 0x0c, 
	0x2a, 0xd5, 0x6a, 0x1b, 0x30, 0xd2, 0x00, 0x82, 
	0x20, 0xc4, 0x11, 0x4a, 0x28, 0xcd, 0x40, 0xd1, 
	0x21, 0xca, 0x08, 0xc0, 0x10, 0xc0, 0x39, 0x42, 
	0x43, 0x55, 0x4a, 0xdd, 0x3a, 0x4c, 0x00, 0x48, 
	0x00, 0x00, 0x31, 0x06, 0x31, 0x95, 0x63, 0x1b, 
	0x8c, 0x25, 0x9c, 0xed, 0x3a, 0x52, 0x01, 0x02, 
	0x29, 0x4c, 0x38, 0xcc, 0x3a, 0x57, 0x83, 0xdd, 
	0x52, 0x12, 0x28, 0xc6, 0x18, 0xc8, 0x30, 0xcc, 
	0x29, 0x8d, 0x63, 0x1f, 0x3a, 0x16, 0x08, 0x40, 
	0x20, 0xc6, 0x01, 0x06, 0x40, 0xcb, 0x53, 0x1b, 
	0x5a, 0xda, 0x10, 0x08, 0x08, 0x04, 0x09, 0x88, 
	0x3a, 0x55, 0x7b, 0xe7, 0x53, 0xa0, 0x28, 0x92, 
	0x21, 0x0c, 0x11, 0x10, 0x69, 0x95, 0x7a, 0xdd, 
	0x6c, 0xe5, 0xa5, 0x65, 0x53, 0x96, 0x41, 0xd4, 
	0x32, 0x96, 0x42, 0x50, 0x51, 0x9b, 0x9c, 0x69, 
	0x73, 0xda, 0x41, 0xd0, 0x4a, 0x10, 0x39, 0x96, 
	0x42, 0x93, 0x8c, 0xe7, 0x5b, 0x96, 0x41, 0x88, 
	0x31, 0x4e, 0x3a, 0x0e, 0x2a, 0x55, 0x73, 0xa1, 
	0x8c, 0x66, 0x32, 0x0e, 0x40, 0x90, 0x41, 0xca, 
	0x2a, 0x9d, 0xa5, 0x2b, 0x73, 0xe0, 0x42, 0x94, 
	0x12, 0x0a, 0x2a, 0x98, 0x6b, 0xdb, 0x7b, 0xd9, 
	0x54, 0x9f, 0xad, 0x6f, 0xbd, 0xaf, 0xad, 0x71, 
	0x94, 0xeb, 0x73, 0x9f, 0x4a, 0xd3, 0xa4, 0xef, 
	0xa4, 0xeb, 0x94, 0x6b, 0x7c, 0x61, 0x7c, 0x25, 
	0x5a, 0x1f, 0x9c, 0x25, 0x95, 0x67, 0xa5, 0x29, 
	0x94, 0x69, 0x5c, 0xa3, 0x53, 0x59, 0x94, 0xe7, 
	0xa5, 0x2f, 0xa4, 0x63, 0x7c, 0x1d, 0x62, 0xd9, 
	0x6a, 0x55, 0x84, 0x67, 0x9d, 0x2f, 0x8d, 0x2f, 
	0x95, 0x27, 0x8c, 0xe9, 0x94, 0x2f, 0x73, 0x5f, 
	0x5b, 0x9f, 0x6b, 0xe7, 0x5c, 0x17, 0x62, 0x9d, 
	0x63, 0x17, 0x22, 0x51, 0x2a, 0x59, 0x53, 0x1d, 
	0x71, 0x9f, 0x33, 0x57, 0x42, 0x19, 0x52, 0x13, 
	0x51, 0x95, 0x43, 0x57, 0x6a, 0x95, 0x59, 0xdb, 
	0x42, 0x4f, 0x52, 0x59, 0x21, 0xcd, 0x59, 0xd1, 
	0x51, 0xd3, 0x32, 0x53, 0x39, 0x0d, 0x4a, 0x51, 
	0x39, 0x11, 0x5a, 0x55, 0x53, 0x5d, 0x32, 0x97, 
	0x2a, 0xcf, 0x41, 0xdf, 0x53, 0x1f, 0x3a, 0xa3, 
	0x94, 0xa7, 0x8c, 0x25, 0x2b, 0x14, 0x09, 0x10, 
	0x32, 0x8e, 0x31, 0x12, 0x39, 0xd7, 0x51, 0xdf, 
	0x51, 0xd8, 0x39, 0xcc, 0x29, 0x4a, 0x19, 0x94, 
	0x29, 0xd1, 0x49, 0x8f, 0x41, 0x16, 0x18, 0xce, 
	0x31, 0x46, 0x39, 0x50, 0x4a, 0x09, 0x3a, 0x0d, 
	0x11, 0x8a, 0x08, 0xc8, 0x29, 0x0a, 0x11, 0x8a, 
	0x49, 0x91, 0x53, 0x5b, 0x3a, 0xdc, 0x29, 0x0a, 
	0x21, 0x08, 0x38, 0x4e, 0x29, 0x11, 0x3b, 0x61, 
	0x83, 0x29, 0x9c, 0xeb, 0x31, 0xd2, 0x11, 0x82, 
	0x20, 0x44, 0x20, 0xd0, 0x49, 0x1b, 0x52, 0x9f, 
	0x3a, 0xd4, 0x18, 0x86, 0x28, 0x80, 0x09, 0xc6, 
	0x49, 0x15, 0x5a, 0x99, 0x1a, 0x12, 0x18, 0x40, 
	0x21, 0x00, 0x28, 0xc6, 0x19, 0x51, 0x42, 0xdf, 
	0x2a, 0x0e, 0x01, 0x04, 0x00, 0x02, 0x31, 0x4c, 
	0x4a, 0x51, 0x83, 0x61, 0x4b, 0x58, 0x41, 0x0c, 
	0x10, 0xc8, 0x09, 0x42, 0x52, 0x8d, 0x41, 0xdb, 
	0x93, 0x63, 0xbd, 0xb1, 0x3a, 0x50, 0x01, 0x40, 
	0x28, 0x84, 0x30, 0xca, 0x52, 0x1b, 0x7b, 0xa9, 
	0x73, 0x9e, 0x1a, 0x0a, 0x29, 0x40, 0x29, 0x4e, 
	0x28, 0xd3, 0x74, 0x21, 0x3a, 0xda, 0x18, 0x84, 
	0x19, 0x46, 0x28, 0x8c, 0x52, 0x11, 0x94, 0xab, 
	0x41, 0x98, 0x00, 0xc6, 0x20, 0x48, 0x18, 0x46, 
	0x42, 0xdb, 0xa5, 0x2b, 0x84, 0xa0, 0x30, 0xd2, 
	0x08, 0x46, 0x1a, 0x0e, 0x42, 0x93, 0x5b, 0xa5, 
	0x7c, 0xa5, 0xbe, 0x6d, 0x4b, 0xd8, 0x39, 0x52, 
	0x49, 0x14, 0x21, 0x0e, 0x32, 0xd3, 0xad, 0x71, 
	0x84, 0x20, 0x61, 0xd6, 0x49, 0x54, 0x42, 0xd2, 
	0x4a, 0x19, 0xb4, 0xe9, 0x73, 0xa4, 0x52, 0xd8, 
	0x31, 0x88, 0x4a, 0x4c, 0x5a, 0x5b, 0xad, 0x2f, 
	0x6b, 0x64, 0x51, 0x56, 0x29, 0x50, 0x41, 0xd2, 
	0x42, 0xdd, 0xad, 0xa9, 0x8d, 0x6a, 0x4a, 0xd6, 
	0x41, 0xd4, 0x52, 0x14, 0x62, 0x99, 0x53, 0xe1, 
	0x8b, 0xa7, 0xd6, 0xb7, 0xce, 0x33, 0xc6, 0x2f, 
	0xb5, 0x2b, 0x84, 0x25, 0x74, 0x21, 0x9d, 0x69, 
	0xa6, 0x33, 0xad, 0x69, 0xb5, 0x2d, 0x85, 0x2b, 
	0x74, 0x21, 0x9c, 0xef, 0xb5, 0xef, 0xad, 0x6d, 
	0xad, 0xaf, 0xb5, 0x69, 0xa4, 0x23, 0xa5, 0x69, 
	0xbd, 0xef, 0xb5, 0xb1, 0xad, 0x2d, 0x95, 0x27, 
	0x62, 0x99, 0xa5, 0x69, 0xad, 0xab, 0xbd, 0xf1, 
	0xa4, 0x29, 0x5c, 0x65, 0x53, 0x9d, 0x74, 0x1d, 
	0x53, 0x5b, 0x6c, 0x1d, 0x63, 0xd7, 0x4b, 0x97, 
	0x74, 0x5f, 0x52, 0x97, 0x51, 0xd9, 0x82, 0xdb, 
	0x6a, 0xdd, 0x62, 0x95, 0x73, 0xd3, 0x3a, 0xd7, 
	0x42, 0x15, 0x53, 0xe1, 0x84, 0x5b, 0x6c, 0x5b, 
	0x4b, 0x57, 0x6b, 0x9b, 0x72, 0xd9, 0x52, 0xa3, 
	0x7a, 0xdb, 0x63, 0x61, 0x73, 0xd9, 0x6b, 0x99, 
	0x5a, 0x59, 0x6b, 0xdb, 0x6c, 0x23, 0x83, 0x9d, 
	0x6b, 0x1b, 0x53, 0xdb, 0x72, 0xd9, 0x53, 0xd7, 
	0x74, 0x5f, 0x5b, 0x57, 0x2b, 0x52, 0x33, 0x1a, 
	0x42, 0x18, 0x59, 0xd2, 0x32, 0x59, 0x4a, 0x19, 
	0x73, 0x56, 0x42, 0x54, 0x51, 0xcc, 0x49, 0xd4, 
	0x32, 0x1d, 0x5b, 0x1b, 0x4b, 0xa0, 0x5b, 0xd6, 
	0x6b, 0x10, 0x3a, 0x58, 0x3a, 0x59, 0x5a, 0x61, 
	0x53, 0x1c, 0x5a, 0x1c, 0x52, 0xd6, 0x41, 0x92, 
	0x49, 0xd9, 0x7b, 0xdd, 0x43, 0x56, 0x62, 0x9a, 
	0x39, 0xd4, 0x5a, 0x4e, 0x51, 0x9b, 0x5a, 0x99, 
	0x73, 0x65, 0x53, 0xa3, 0x52, 0x4c, 0x09, 0x0e, 
	0x39, 0xcc, 0x2a, 0x16, 0x32, 0x19, 0x63, 0xdb, 
	0x4b, 0x50, 0x49, 0x0a, 0x2a, 0x12, 0x42, 0x12, 
	0x42, 0x93, 0x8b, 0xe5, 0x5b, 0x5c, 0x32, 0xd2, 
	0x49, 0xcc, 0x2a, 0x8c, 0x5a, 0xd7, 0x74, 0x23, 
	0x42, 0x52, 0x31, 0x56, 0x22, 0x52, 0x19, 0xd8, 
	0x3a, 0xdb, 0x64, 0x5f, 0x5a, 0x9c, 0x41, 0x54, 
	0x10, 0xc8, 0x31, 0xd0, 0x4a, 0x0f, 0x53, 0x59, 
	0x83, 0xab, 0x84, 0xa5, 0x42, 0x98, 0x41, 0x92, 
	0x32, 0x0c, 0x5b, 0x16, 0x52, 0x61, 0xa4, 0xa3, 
	0x6b, 0xe0, 0x31, 0x10, 0x10, 0xcc, 0x39, 0x92, 
	0x3a, 0x53, 0xa5, 0x67, 0x63, 0x60, 0x3a, 0x48, 
	0x39, 0x06, 0x31, 0xce, 0x5a, 0x51, 0xad, 0x29, 
	0x32, 0x52, 0x22, 0x10, 0x38, 0xc8, 0x31, 0xd6, 
	0x3a, 0x5b, 0xb5, 0xeb, 0x42, 0xde, 0x21, 0x48, 
	0x20, 0xce, 0x21, 0x4a, 0x4b, 0x15, 0x6a, 0x65, 
	0x74, 0x69, 0xcd, 0xef, 0x8b, 0xa4, 0x42, 0x10, 
	0x4a, 0x0e, 0x5a, 0x62, 0x7a, 0xdf, 0xad, 0xa7, 
	0x94, 0xa8, 0x5a, 0x58, 0x3a, 0x56, 0x3a, 0x58, 
	0x43, 0x97, 0x8c, 0xa7, 0x7c, 0x62, 0x59, 0xd6, 
	0x2a, 0x92, 0x4b, 0x58, 0x4b, 0xd7, 0xa5, 0x6b, 
	0x6a, 0xe6, 0x52, 0x56, 0x52, 0x54, 0x3a, 0x1a, 
	0x5b, 0x9b, 0xb5, 0xef, 0x7c, 0xde, 0x5b, 0x58, 
	0x3a, 0x16, 0x53, 0x1a, 0x6a, 0x17, 0x7a, 0x9d, 
	0x5c, 0x69, 0xb5, 0xf5, 0xc6, 0x71, 0x9c, 0x67, 
	0x8c, 0xeb, 0x7b, 0xe7, 0x62, 0xe7, 0xbd, 0xf1, 
	0xd6, 0x33, 0x9d, 0x6f, 0x7c, 0x21, 0x53, 0xe1, 
	0x73, 0x5d, 0x6c, 0x27, 0xac, 0xed, 0xce, 0x71, 
	0x95, 0xab, 0x9d, 0x69, 0x74, 0xdf, 0xa5, 0xa9, 
	0xad, 0xeb, 0xa5, 0x2f, 0x8c, 0x25, 0x8c, 0x25, 
	0x83, 0x59, 0x75, 0xa3, 0xad, 0x75, 0xb5, 0x6f, 
	0xac, 0xa9, 0x63, 0x1d, 0x5a, 0xd7, 0x74, 0x1f, 
	0x62, 0xdb, 0x5c, 0x5d, 0x43, 0x97, 0x39, 0xd9, 
	0x2b, 0x19, 0x43, 0x15, 0x5a, 0x97, 0x84, 0x61, 
	0x6b, 0x5b, 0x43, 0x5b, 0x3a, 0x99, 0x2a, 0x59, 
	0x52, 0x9d, 0x62, 0xa3, 0x6a, 0xd7, 0x3b, 0x1d, 
	0x2b, 0x17, 0x32, 0x55, 0x32, 0x55, 0x3b, 0x5d, 
	0x6c, 0x19, 0x4a, 0xd5, 0x52, 0x57, 0x5a, 0xdb, 
	0x42, 0xdd, 0x53, 0xa3, 0x6a, 0xa5, 0x53, 0xdd, 
	0x63, 0x99, 0x4a, 0x55, 0x41, 0x99, 0x42, 0x5f, 
	0x54, 0x9b, 0x4b, 0x9f, 0x3b, 0x0e, 0x2a, 0x0a, 
	0x30, 0xcc, 0x41, 0x90, 0x52, 0x17, 0x5b, 0x21, 
	0x62, 0x58, 0x32, 0x08, 0x31, 0x4a, 0x28, 0xcc, 
	0x41, 0xd7, 0x5a, 0x1b, 0x3a, 0x14, 0x21, 0x48, 
	0x10, 0x84, 0x22, 0x4e, 0x39, 0x51, 0x33, 0x17, 
	0x2a, 0x0c, 0x08, 0x86, 0x11, 0x8c, 0x21, 0x14, 
	0x4a, 0x55, 0x63, 0xdb, 0x62, 0xd4, 0x31, 0x0c, 
	0x19, 0xc6, 0x28, 0x90, 0x3a, 0x0d, 0x62, 0x97, 
	0x5c, 0xdf, 0x9d, 0x6b, 0x31, 0x8c, 0x20, 0x4a, 
	0x21, 0x0a, 0x42, 0x8c, 0x42, 0x1b, 0x7b, 0x5d, 
	0x32, 0xd2, 0x19, 0x42, 0x28, 0x08, 0x21, 0xc6, 
	0x22, 0x4b, 0x53, 0x99, 0x51, 0x58, 0x28, 0x46, 
	0x00, 0x46, 0x38, 0x06, 0x51, 0x57, 0x6c, 0x27, 
	0x4b, 0x18, 0x18, 0x4e, 0x00, 0x4c, 0x30, 0x88, 
	0x69, 0xd5, 0x84, 0xaf, 0x52, 0x18, 0x3a, 0x08, 
	0x11, 0x00, 0x19, 0x0c, 0x11, 0x95, 0x3a, 0x97, 
	0x8c, 0xa7, 0xb5, 0xb3, 0x62, 0x14, 0x10, 0x8a, 
	0x39, 0xd0, 0x4a, 0x12, 0x62, 0x59, 0x7d, 0x65, 
	0x42, 0x54, 0x01, 0x48, 0x20, 0x82, 0x31, 0x48, 
	0x4b, 0x53, 0x83, 0xe3, 0x6a, 0x10, 0x11, 0x84, 
	0x20, 0x44, 0x31, 0xc8, 0x4a, 0xd7, 0x94, 0x67, 
	0x73, 0xde, 0x28, 0xc8, 0x00, 0x0a, 0x11, 0x8a, 
	0x3a, 0x95, 0xbd, 0xad, 0x4b, 0xdc, 0x40, 0xd0, 
	0x01, 0x40, 0x11, 0x04, 0x30, 0xd1, 0x39, 0xcf, 
	0x84, 0x29, 0xad, 0xaf, 0x84, 0x1c, 0x43, 0x12, 
	0x6a, 0xcc, 0x6a, 0xd0, 0x5a, 0x97, 0x95, 0xed, 
	0x7c, 0x9e, 0x51, 0x4c, 0x22, 0x54, 0x53, 0x10, 
	0x72, 0xd7, 0xbd, 0xef, 0x7d, 0x20, 0x41, 0x90, 
	0x39, 0x88, 0x3a, 0xd4, 0x5b, 0x5d, 0x8c, 0xa9, 
	0x8c, 0x22, 0x42, 0xd4, 0x29, 0x4c, 0x4a, 0x92, 
	0x4b, 0x5d, 0xd6, 0xb3, 0x8c, 0x26, 0x52, 0x52, 
	0x22, 0x92, 0x32, 0x4a, 0x42, 0x55, 0x4b, 0x1b, 
	0x9b, 0xa9, 0xbd, 0xf1, 0xbd, 0xaf, 0xb5, 0x6b, 
	0xa4, 0xef, 0x9c, 0xeb, 0x6b, 0x9b, 0x95, 0xaf, 
	0xb5, 0xeb, 0xad, 0x2b, 0x9c, 0xa9, 0x74, 0x9b, 
	0x74, 0x21, 0x9d, 0x2b, 0x9e, 0x6b, 0x9d, 0x2b, 
	0x7c, 0xdf, 0x73, 0xe5, 0x5b, 0x5d, 0x8d, 0x69, 
	0xad, 0xf3, 0x95, 0xa9, 0x8c, 0xa9, 0x73, 0x9b, 
	0x5b, 0x63, 0xb5, 0x71, 0xcd, 0xb5, 0xa5, 0x6d, 
	0x95, 0x6d, 0x8d, 0x63, 0x7c, 0x61, 0x83, 0xdf, 
	0x6a, 0xe1, 0x7b, 0x25, 0x73, 0x9b, 0x5a, 0xd9, 
	0x3a, 0x5d, 0x41, 0xd5, 0x41, 0xd7, 0x54, 0x59, 
	0x5b, 0xa5, 0x6b, 0xa1, 0x5a, 0x99, 0x33, 0x11, 
	0x52, 0x15, 0x53, 0xa3, 0x52, 0x99, 0x31, 0xd3, 
	0x41, 0xcd, 0x32, 0x19, 0x51, 0xdb, 0x43, 0x19, 
	0x4b, 0x9f, 0x42, 0xd9, 0x62, 0x57, 0x4a, 0x8f, 
	0x6a, 0x55, 0x73, 0x1b, 0x83, 0xa1, 0x63, 0x59, 
	0x52, 0x9b, 0x5a, 0xdb, 0x62, 0x99, 0x43, 0x61, 
	0x6c, 0xa1, 0x53, 0x5d, 0x52, 0x18, 0x49, 0x8a, 
	0x42, 0x4e, 0x4a, 0x52, 0x59, 0x95, 0x72, 0xdb, 
	0x4a, 0x9c, 0x08, 0xd0, 0x31, 0xca, 0x1a, 0x8a, 
	0x53, 0x19, 0x5a, 0x97, 0x3b, 0x58, 0x31, 0xc8, 
	0x29, 0x08, 0x40, 0x90, 0x51, 0x4d, 0x63, 0x21, 
	0x32, 0x9a, 0x01, 0x08, 0x19, 0x44, 0x3a, 0x02, 
	0x31, 0x97, 0x72, 0x9b, 0x5a, 0x4c, 0x2a, 0x4c, 
	0x19, 0x44, 0x22, 0x0c, 0x3a, 0x95, 0x42, 0x5b, 
	0x6c, 0x5d, 0x9d, 0x23, 0x2a, 0x98, 0x1a, 0x8e, 
	0x29, 0x8a, 0x4a, 0x0e, 0x3a, 0xd3, 0x84, 0xe7, 
	0x32, 0x12, 0x10, 0x90, 0x0a, 0x08, 0x1a, 0x52, 
	0x4a, 0xd1, 0x6c, 0x21, 0x43, 0x56, 0x28, 0xc6, 
	0x20, 0x42, 0x28, 0x4a, 0x22, 0xcb, 0x73, 0xe3, 
	0x3a, 0x58, 0x28, 0xc4, 0x18, 0x00, 0x30, 0x8a, 
	0x32, 0xd7, 0x53, 0x9d, 0x41, 0x90, 0x10, 0xc6, 
	0x00, 0x00, 0x31, 0x4a, 0x3a, 0xd3, 0x5a, 0x9f, 
	0x7b, 0xe7, 0xa5, 0x6b, 0x2b, 0x94, 0x19, 0xcc, 
	0x29, 0xd2, 0x32, 0x92, 0x53, 0x5b, 0xad, 0xb3, 
	0x5a, 0x1a, 0x30, 0xce, 0x11, 0xca, 0x22, 0xcc, 
	0x3b, 0x5f, 0xa5, 0x6b, 0x84, 0x20, 0x31, 0x48, 
	0x21, 0x02, 0x29, 0x92, 0x43, 0x9d, 0xb5, 0xf1, 
	0x8b, 0xa0, 0x18, 0x86, 0x19, 0x06, 0x39, 0x0a, 
	0x43, 0x5d, 0xb5, 0x2d, 0x63, 0x9a, 0x21, 0x4a, 
	0x18, 0x4c, 0x2a, 0x12, 0x52, 0x93, 0x4c, 0x21, 
	0x6c, 0xeb, 0xbe, 0x73, 0x4b, 0xa4, 0x3a, 0xda, 
	0x42, 0xdc, 0x5a, 0xd8, 0x3a, 0x99, 0xce, 0x33, 
	0x83, 0x62, 0x32, 0x0c, 0x32, 0x14, 0x3b, 0x96, 
	0x5b, 0x9b, 0xbe, 0x71, 0x7c, 0x68, 0x4a, 0x1c, 
	0x39, 0xd0, 0x53, 0x14, 0x62, 0xd7, 0xae, 0x31, 
	0x63, 0xdc, 0x31, 0xd8, 0x42, 0x0a, 0x3a, 0xd6, 
	0x54, 0x61, 0xce, 0x33, 0x83, 0x5a, 0x41, 0xd4, 
	0x63, 0x14, 0x5a, 0x98, 0x73, 0x97, 0x52, 0xe1, 
	0x6c, 0xab, 0xdf, 0x39, 0xa5, 0xf1, 0xa5, 0xef, 
	0xb5, 0x6f, 0x95, 0x6b, 0x7c, 0xe7, 0xc6, 0xf7, 
	0xad, 0x71, 0xb4, 0xe9, 0x95, 0x69, 0x8d, 0x27, 
	0x9c, 0x63, 0xbe, 0xb5, 0xa5, 0x6d, 0x9c, 0xa9, 
	0x8c, 0x69, 0x9c, 0xa7, 0x73, 0x9d, 0xb6, 0x2f, 
	0xbd, 0xf3, 0xce, 0x73, 0xc6, 0x73, 0x95, 0xab, 
	0x95, 0x6d, 0xce, 0xb7, 0xc5, 0xf5, 0xbd, 0xef, 
	0xb5, 0x6b, 0xa5, 0x25, 0x9c, 0xe7, 0x84, 0x69, 
	0x6b, 0xe1, 0x64, 0x5f, 0x42, 0xe1, 0x53, 0xdf, 
	0x63, 0x5f, 0x73, 0xdf, 0x6b, 0x9f, 0x8a, 0xdd, 
	0x7b, 0x1d, 0x82, 0xdb, 0x73, 0xe1, 0x6b, 0x9d, 
	0x53, 0xdd, 0x8d, 0x21, 0x6c, 0x61, 0x6b, 0x9b, 
	0x5b, 0xdf, 0x42, 0x97, 0x52, 0x9f, 0x83, 0xe1, 
	0x8c, 0x5f, 0x6b, 0xe1, 0x74, 0x63, 0x64, 0x65, 
	0x8b, 0xdd, 0x6b, 0x1f, 0x7a, 0x97, 0x53, 0x9d, 
	0x73, 0x9d, 0x6b, 0x15, 0x5c, 0x1b, 0x5c, 0x5d, 
	0x7b, 0x61, 0x8b, 0x5f, 0x41, 0x56, 0x29, 0xd4, 
	0x52, 0x9c, 0x52, 0x9c, 0x43, 0x5b, 0x8c, 0x63, 
	0x62, 0x94, 0x31, 0xd2, 0x51, 0x90, 0x32, 0x98, 
	0x4a, 0x93, 0x84, 0xdf, 0x3b, 0x5a, 0x39, 0x16, 
	0x39, 0x88, 0x1a, 0x4a, 0x32, 0x11, 0x74, 0x67, 
	0x32, 0xd4, 0x29, 0x12, 0x32, 0x06, 0x29, 0xd2, 
	0x6b, 0x19, 0xb4, 0xad, 0x62, 0xd6, 0x31, 0x48, 
	0x32, 0x04, 0x49, 0x12, 0x59, 0xd9, 0x73, 0x1f, 
	0x63, 0x9d, 0xb5, 0xaf, 0x32, 0x10, 0x11, 0xc8, 
	0x42, 0x92, 0x32, 0x94, 0x42, 0x19, 0xad, 0x6f, 
	0x73, 0x1c, 0x2a, 0x4e, 0x22, 0xce, 0x3a, 0x56, 
	0x4b, 0x15, 0xc5, 0xb3, 0x5a, 0x98, 0x00, 0xc8, 
	0x08, 0x84, 0x31, 0x8e, 0x42, 0x17, 0xad, 0xed, 
	0x4a, 0x56, 0x08, 0xc4, 0x00, 0x00, 0x18, 0xc8, 
	0x72, 0xd7, 0xbe, 0x33, 0x6c, 0x1e, 0x28, 0x8c, 
	0x18, 0xca, 0x40, 0x4e, 0x69, 0x9d, 0x63, 0x1d, 
	0x6c, 0x1d, 0xce, 0x73, 0x51, 0x04, 0x41, 0x48, 
	0x4a, 0x14, 0x5a, 0xd2, 0x3a, 0xd3, 0xce, 0x33, 
	0x63, 0x14, 0x21, 0x46, 0x12, 0x4e, 0x2a, 0x0e, 
	0x39, 0xdb, 0xbd, 0xf1, 0x52, 0x52, 0x01, 0x46, 
	0x08, 0x02, 0x10, 0x0c, 0x41, 0x93, 0xbd, 0xaf, 
	0x52, 0x5c, 0x18, 0x8a, 0x00, 0xc8, 0x31, 0xc8, 
	0x43, 0x99, 0xbd, 0xef, 0x62, 0xdc, 0x30, 0xc6, 
	0x00, 0x02, 0x41, 0x94, 0x52, 0xd9, 0x43, 0x65, 
	
};

Gfx castle_grounds_dl_castle_grounds_textures_00000_rgba16_rgba16_aligner[] = {gsSPEndDisplayList()};
u8 castle_grounds_dl_castle_grounds_textures_00000_rgba16_rgba16[] = {
	0x84, 0x27, 0x7b, 0xe7, 0x7b, 0xe5, 0x73, 0xa3, 
	0x73, 0xa3, 0x7b, 0xe5, 0x84, 0x27, 0x7b, 0xe7, 
	0x94, 0xab, 0xd6, 0xb7, 0xa5, 0x2f, 0x9c, 0xed, 
	0x9c, 0xed, 0x94, 0xab, 0x84, 0x29, 0x7b, 0xe5, 
	0x84, 0x29, 0x9c, 0xed, 0xb5, 0xb1, 0xc6, 0x35, 
	0xce, 0x75, 0xad, 0x6f, 0x94, 0xab, 0xb5, 0xb3, 
	0xd6, 0xb7, 0xc6, 0x35, 0xa5, 0x2f, 0x9c, 0xed, 
	0x94, 0xab, 0x84, 0x29, 0x84, 0x29, 0x84, 0x29, 
	0x84, 0x29, 0x84, 0x27, 0x7b, 0xe7, 0x7b, 0xa5, 
	0x7b, 0xe7, 0x84, 0x27, 0x7b, 0xe7, 0x7b, 0xe5, 
	0x94, 0xab, 0xde, 0xf9, 0xa5, 0x2f, 0x9c, 0xed, 
	0xb5, 0xb1, 0xa5, 0x6f, 0x8c, 0x69, 0x7b, 0xe7, 
	0x84, 0x29, 0x84, 0x29, 0xa5, 0x2f, 0xc6, 0x35, 
	0xc6, 0x35, 0xd6, 0x77, 0xad, 0x6f, 0xa5, 0x2f, 
	0xc6, 0x35, 0xc6, 0x35, 0xb5, 0xb1, 0xad, 0x6f, 
	0xa5, 0x2d, 0x94, 0xab, 0x8c, 0x69, 0x8c, 0x69, 
	0x8c, 0x69, 0x8c, 0x69, 0x84, 0x27, 0x84, 0x27, 
	0x84, 0x29, 0x8c, 0x69, 0x84, 0x29, 0x84, 0x27, 
	0x9c, 0xed, 0xd6, 0xb7, 0xde, 0xf9, 0xa5, 0x2f, 
	0xad, 0x6f, 0xa5, 0x2d, 0x8c, 0x69, 0x84, 0x27, 
	0x7b, 0xe7, 0xa5, 0x2f, 0xc6, 0x35, 0xb5, 0xb3, 
	0xb5, 0xb1, 0xbd, 0xf3, 0xc6, 0x35, 0xad, 0x71, 
	0x9c, 0xed, 0xa5, 0x2f, 0xa5, 0x2f, 0xad, 0x6f, 
	0xad, 0x71, 0xa5, 0x2f, 0x8c, 0xab, 0x8c, 0x69, 
	0x8c, 0x69, 0x94, 0xab, 0x8c, 0x69, 0x84, 0x29, 
	0x84, 0x29, 0x8c, 0x69, 0x8c, 0x69, 0x84, 0x29, 
	0xa5, 0x2f, 0xc6, 0x35, 0xd6, 0xb9, 0xad, 0x71, 
	0x94, 0xab, 0x8c, 0x69, 0x84, 0x29, 0x84, 0x27, 
	0x94, 0xab, 0xc6, 0x35, 0xad, 0x71, 0xb5, 0xb1, 
	0xad, 0x6f, 0xad, 0x6f, 0xb5, 0xb3, 0xc6, 0x35, 
	0xa5, 0x2f, 0x9c, 0xed, 0x8c, 0x69, 0x94, 0xab, 
	0xa5, 0x2f, 0xa5, 0x6f, 0x9c, 0xed, 0x8c, 0x69, 
	0x9c, 0xed, 0x94, 0xab, 0x94, 0xab, 0x8c, 0x69, 
	0x8c, 0x69, 0x8c, 0x69, 0x8c, 0x69, 0x9c, 0xed, 
	0xce, 0x77, 0xbd, 0xf3, 0xc6, 0x35, 0xd6, 0xb9, 
	0xa5, 0x2f, 0x84, 0x27, 0x84, 0x29, 0x8c, 0x69, 
	0xa5, 0x2f, 0xbd, 0xf3, 0xb5, 0xb1, 0xbd, 0xf3, 
	0xb5, 0xb1, 0xb5, 0xb1, 0xb5, 0xb1, 0xb5, 0xb1, 
	0xb5, 0xb1, 0xb5, 0xb3, 0x9c, 0xed, 0x8c, 0x69, 
	0x84, 0x29, 0x94, 0xab, 0x9c, 0xed, 0x9c, 0xed, 
	0x94, 0xab, 0x94, 0xab, 0x94, 0xab, 0x8c, 0x69, 
	0x8c, 0x69, 0x8c, 0x69, 0x84, 0x29, 0x9c, 0xed, 
	0xb5, 0xb3, 0xb5, 0xb1, 0xb5, 0xb3, 0xb5, 0xb1, 
	0xce, 0x77, 0xa5, 0x2f, 0x94, 0xab, 0x9c, 0xed, 
	0xb5, 0xb1, 0xb5, 0xb1, 0xd6, 0xb7, 0x9c, 0xed, 
	0x8c, 0x69, 0x84, 0x27, 0x94, 0xab, 0xb5, 0xf3, 
	0xad, 0x71, 0xad, 0x6f, 0xad, 0x71, 0xc6, 0x35, 
	0xa4, 0xed, 0x7b, 0xe7, 0x84, 0x27, 0x8c, 0x69, 
	0x84, 0x27, 0x84, 0x29, 0x8c, 0x69, 0x8c, 0x69, 
	0x8c, 0x69, 0x8c, 0x69, 0x8c, 0x69, 0xad, 0x6f, 
	0xb5, 0xb3, 0xb5, 0xb1, 0xb5, 0xb1, 0xb5, 0xb1, 
	0xb5, 0xb3, 0xc6, 0x35, 0xbd, 0xf3, 0xbd, 0xf3, 
	0x9c, 0xed, 0xbd, 0xf3, 0xa5, 0x2f, 0x8c, 0x69, 
	0x94, 0xab, 0x73, 0xa5, 0x63, 0x21, 0x8c, 0x69, 
	0xc6, 0x35, 0xb5, 0xb3, 0xad, 0x6f, 0xb5, 0xb1, 
	0xce, 0x75, 0x9c, 0xed, 0x73, 0xa5, 0x7b, 0xe5, 
	0x7b, 0xe7, 0x7b, 0xe5, 0x7b, 0xe7, 0x84, 0x27, 
	0x84, 0x27, 0x84, 0x27, 0x94, 0xab, 0xce, 0x77, 
	0xb5, 0xb1, 0xb5, 0xb1, 0xb5, 0xb1, 0xb5, 0xb1, 
	0xad, 0x6f, 0xa5, 0x2f, 0xa5, 0x2d, 0xa5, 0x2f, 
	0x94, 0xab, 0xb5, 0xb1, 0x9c, 0xed, 0x94, 0xab, 
	0x8c, 0x6b, 0x7b, 0xe7, 0x6b, 0x63, 0x5a, 0xdf, 
	0x73, 0xa5, 0x8c, 0x69, 0xc6, 0x35, 0xbd, 0xf3, 
	0xad, 0x71, 0xc6, 0x35, 0x9c, 0xed, 0x8c, 0x69, 
	0xa5, 0x2f, 0x8c, 0x69, 0x7b, 0xe5, 0x7b, 0xe7, 
	0x7b, 0xe7, 0x7b, 0xe7, 0xa5, 0x2d, 0xc6, 0x35, 
	0xad, 0x71, 0xad, 0x71, 0xbd, 0xf3, 0xbd, 0xf3, 
	0xad, 0x71, 0xa5, 0x2f, 0xa5, 0x2f, 0xa5, 0x2f, 
	0xa5, 0x2f, 0xb5, 0xb1, 0x9c, 0xed, 0xa5, 0x2f, 
	0xa5, 0x2f, 0x8c, 0x29, 0x73, 0xa3, 0x6b, 0x61, 
	0x63, 0x1f, 0x5a, 0xdf, 0x7b, 0xe7, 0x9c, 0xed, 
	0xc6, 0x35, 0xa5, 0x2f, 0xb5, 0xb3, 0xc6, 0x35, 
	0xbd, 0xf3, 0xc6, 0x35, 0x9c, 0xed, 0x8c, 0x69, 
	0x8c, 0x69, 0x9c, 0xed, 0xbd, 0xf3, 0xad, 0x71, 
	0xad, 0x71, 0xb5, 0xb1, 0xbd, 0xf3, 0xb5, 0xb1, 
	0xb5, 0x71, 0xad, 0x71, 0xad, 0x71, 0x9c, 0xed, 
	0xa5, 0x2f, 0xa5, 0x2f, 0xb5, 0xb1, 0x9c, 0xed, 
	0x9c, 0xed, 0x8c, 0x69, 0x7b, 0xe5, 0x6b, 0x63, 
	0x6b, 0x61, 0x6b, 0x61, 0x73, 0xa5, 0x7b, 0xe5, 
	0xa5, 0x2d, 0xbd, 0xf3, 0xad, 0x71, 0xad, 0x6f, 
	0xa5, 0x2f, 0xa5, 0x2f, 0xb5, 0xb1, 0xb5, 0xb1, 
	0xad, 0x71, 0xad, 0x6f, 0xa5, 0x2f, 0xb5, 0xb1, 
	0xbd, 0xf3, 0xc6, 0x35, 0xc6, 0x35, 0xb5, 0xb3, 
	0xbd, 0xf3, 0xbd, 0xf3, 0xb5, 0xb1, 0xb5, 0xb1, 
	0xa5, 0x2f, 0xa5, 0x2f, 0xa5, 0x2f, 0xa5, 0x2f, 
	0x9c, 0xed, 0x94, 0xab, 0x7c, 0x27, 0x73, 0xa3, 
	0x73, 0x63, 0x73, 0xa5, 0x7b, 0xe5, 0x7b, 0xe5, 
	0x8c, 0x69, 0xc6, 0x35, 0xad, 0x71, 0xa5, 0x2f, 
	0x9c, 0xed, 0x9c, 0xed, 0xa5, 0x2d, 0x9c, 0xed, 
	0x94, 0xab, 0x94, 0xab, 0x9c, 0xed, 0xb5, 0xb1, 
	0xb5, 0xb3, 0xbd, 0xf3, 0xce, 0x75, 0xce, 0x77, 
	0xa5, 0x2f, 0x94, 0xab, 0xad, 0x6f, 0xc6, 0x35, 
	0xc6, 0x35, 0xb5, 0xb1, 0xad, 0x71, 0x9c, 0xed, 
	0x94, 0xab, 0x9c, 0xed, 0x84, 0x29, 0x7b, 0xe5, 
	0x73, 0xa5, 0x7b, 0xe5, 0x7b, 0xe5, 0x7b, 0xe5, 
	0x8c, 0x69, 0xbd, 0xf3, 0xa5, 0x2f, 0x9c, 0xed, 
	0x9c, 0xed, 0x9c, 0xed, 0x9c, 0xed, 0x9c, 0xed, 
	0x9d, 0x2d, 0x9c, 0xed, 0x9c, 0xed, 0xb5, 0xb1, 
	0xc6, 0x35, 0xd6, 0xb7, 0x9c, 0xed, 0x8c, 0x69, 
	0x7b, 0xe7, 0x7b, 0xe7, 0x7b, 0xe7, 0x94, 0xab, 
	0xa5, 0x2f, 0xc6, 0x33, 0xbd, 0xf3, 0xad, 0x6f, 
	0x94, 0xab, 0xa5, 0x2f, 0x9c, 0xed, 0x73, 0xa5, 
	0x7b, 0xe5, 0x7b, 0xe7, 0x7b, 0xe7, 0x7b, 0xe5, 
	0x8c, 0x69, 0xb5, 0xb3, 0xa5, 0x2d, 0x9c, 0xed, 
	0xb5, 0xb3, 0xbd, 0xf3, 0xbd, 0xf3, 0xb5, 0xb1, 
	0xad, 0x71, 0xad, 0x71, 0xb5, 0xb1, 0xce, 0x77, 
	0xad, 0x71, 0x94, 0xab, 0x7b, 0xe7, 0x7b, 0xe5, 
	0x7b, 0xe5, 0x7b, 0xe5, 0x7b, 0xe7, 0x84, 0x27, 
	0x84, 0x29, 0x8c, 0x6b, 0x9c, 0xed, 0xb5, 0xb1, 
	0x94, 0xab, 0x94, 0xab, 0x94, 0xab, 0xa5, 0x2f, 
	0x84, 0x27, 0x84, 0x27, 0x7b, 0xe5, 0x7b, 0xe5, 
	0x9c, 0xed, 0xb5, 0xb1, 0xad, 0x71, 0xb5, 0xb1, 
	0x7b, 0xe7, 0x94, 0xab, 0xa5, 0x2f, 0xc6, 0x35, 
	0xb5, 0xb1, 0xb5, 0xb3, 0xb5, 0xb3, 0xad, 0x6f, 
	0x8c, 0x69, 0x84, 0x29, 0x84, 0x27, 0x84, 0x27, 
	0x7c, 0x27, 0x7b, 0xe7, 0x7b, 0xe7, 0x84, 0x27, 
	0x84, 0x29, 0x7b, 0xe5, 0x73, 0xa5, 0x9c, 0xed, 
	0xa5, 0x2f, 0x8c, 0x69, 0x94, 0xab, 0xb5, 0xb3, 
	0xa5, 0x2f, 0x84, 0x29, 0x7b, 0xe5, 0x94, 0xab, 
	0xce, 0x75, 0xb5, 0xb1, 0xce, 0x75, 0xad, 0x71, 
	0x84, 0x29, 0x84, 0x29, 0x84, 0x29, 0xad, 0x6f, 
	0xb5, 0xb1, 0xb5, 0xb3, 0xbd, 0xf3, 0x94, 0xab, 
	0x84, 0x27, 0x84, 0x27, 0x84, 0x27, 0x84, 0x27, 
	0x84, 0x27, 0x7b, 0xe7, 0x7b, 0xe7, 0x84, 0x29, 
	0x8c, 0x69, 0x7b, 0xe7, 0x73, 0xa5, 0x73, 0xa5, 
	0xa5, 0x2d, 0x9c, 0xed, 0x9c, 0xed, 0xa5, 0x2f, 
	0xb5, 0xb3, 0x94, 0xab, 0x7b, 0xe7, 0x94, 0xab, 
	0xc6, 0x35, 0xc6, 0x35, 0xa5, 0x2f, 0x84, 0x29, 
	0x73, 0xa3, 0x73, 0xa5, 0x8c, 0x69, 0xbd, 0xf3, 
	0xad, 0x71, 0xad, 0x71, 0xad, 0x71, 0x8c, 0x69, 
	0x7b, 0xe5, 0x8c, 0x69, 0x84, 0x27, 0x84, 0x27, 
	0x84, 0x27, 0x84, 0x27, 0x84, 0x27, 0x84, 0x29, 
	0x8c, 0x69, 0x84, 0x27, 0x84, 0x29, 0x84, 0x27, 
	0x7b, 0xe7, 0x94, 0xab, 0xad, 0x71, 0xa5, 0x2f, 
	0xa5, 0x2d, 0xb5, 0xb1, 0xa5, 0x2f, 0xce, 0x75, 
	0x84, 0x29, 0x73, 0xa3, 0x6b, 0x63, 0x6b, 0x63, 
	0x73, 0xa5, 0x7b, 0xe5, 0x94, 0xab, 0xb5, 0xb3, 
	0xad, 0x71, 0xad, 0xb1, 0x9c, 0xed, 0x84, 0x29, 
	0x94, 0xab, 0x84, 0x27, 0x84, 0x27, 0x84, 0x27, 
	0x84, 0x27, 0x84, 0x27, 0x84, 0x29, 0x8c, 0x69, 
	0x8c, 0x69, 0x84, 0x29, 0x84, 0x27, 0x7b, 0xe7, 
	0x7b, 0xe7, 0x84, 0x27, 0xa5, 0x2f, 0xc6, 0x35, 
	0xad, 0x71, 0xb5, 0xb1, 0xce, 0x77, 0x9c, 0xed, 
	0x73, 0xa5, 0x73, 0xa3, 0x73, 0xa5, 0x73, 0xa3, 
	0x7b, 0xe5, 0x7b, 0xe7, 0x94, 0xab, 0xb5, 0xb3, 
	0xad, 0x71, 0xad, 0xb1, 0x9c, 0xed, 0x9c, 0xed, 
	0x94, 0xab, 0x84, 0x27, 0x7c, 0x27, 0x84, 0x27, 
	0x84, 0x27, 0x84, 0x27, 0x84, 0x29, 0x8c, 0x69, 
	0x84, 0x29, 0x7b, 0xe7, 0x7b, 0xe7, 0x7b, 0xe5, 
	0x7b, 0xe7, 0x84, 0x27, 0x84, 0x27, 0xa5, 0x2f, 
	0xbd, 0xf3, 0xc6, 0x35, 0xa5, 0x2f, 0x84, 0x27, 
	0x84, 0x29, 0x7b, 0xe5, 0x73, 0xa5, 0x73, 0xa5, 
	0x84, 0x27, 0x84, 0x27, 0xad, 0x6f, 0xad, 0x6f, 
	0xad, 0x71, 0xad, 0xb1, 0x9c, 0xed, 0xa5, 0x2f, 
	0xad, 0x6f, 0x8c, 0x69, 0x8c, 0x69, 0x84, 0x27, 
	0x7b, 0xe7, 0x7b, 0xe7, 0x84, 0x29, 0x8c, 0x69, 
	0x84, 0x29, 0x7b, 0xe7, 0x7b, 0xe5, 0x7b, 0xe5, 
	0x7b, 0xe5, 0x7b, 0xe7, 0x7b, 0xe7, 0x8c, 0x69, 
	0xce, 0x77, 0xa5, 0x6f, 0x94, 0xab, 0x9c, 0xed, 
	0xa5, 0x2f, 0x8c, 0x69, 0x7b, 0xe7, 0x7b, 0xe5, 
	0x84, 0x29, 0xad, 0x6f, 0xb5, 0xb3, 0xa4, 0xed, 
	0xb5, 0x71, 0xad, 0x71, 0x9c, 0xab, 0x9c, 0xab, 
	0xad, 0x6f, 0x9c, 0xed, 0x84, 0x29, 0x84, 0x27, 
	0x84, 0x27, 0x84, 0x27, 0x8c, 0x69, 0x8c, 0x69, 
	0x84, 0x27, 0x84, 0x27, 0x7b, 0xe7, 0x7b, 0xe7, 
	0x84, 0x27, 0x7b, 0xe7, 0x7b, 0xe5, 0x9c, 0xed, 
	0xd6, 0xb9, 0xa5, 0x2d, 0xa5, 0x2f, 0xad, 0x71, 
	0xad, 0x71, 0x94, 0xab, 0x84, 0x29, 0x84, 0x29, 
	0xad, 0x6f, 0xce, 0x75, 0xad, 0x71, 0xa5, 0x2f, 
	0xb5, 0xb1, 0xad, 0x71, 0x9c, 0xed, 0x94, 0xab, 
	0xa5, 0x2d, 0xa5, 0x2f, 0x94, 0xeb, 0x84, 0x27, 
	0x84, 0x27, 0x84, 0x27, 0x84, 0x27, 0x84, 0x29, 
	0x8c, 0x69, 0x8c, 0x69, 0x8c, 0x69, 0x7b, 0xe7, 
	0x84, 0x27, 0x84, 0x27, 0x94, 0xab, 0xd6, 0xb7, 
	0xce, 0x77, 0xad, 0x6f, 0x9c, 0xed, 0xa5, 0x2f, 
	0x9c, 0xed, 0x84, 0x29, 0x84, 0x27, 0x94, 0xab, 
	0xbd, 0xf3, 0xad, 0x71, 0xad, 0x71, 0xad, 0x71, 
	0xb5, 0xb3, 0xb5, 0xb1, 0xb5, 0xb3, 0x8c, 0x6b, 
	0x94, 0xab, 0x9c, 0xad, 0x94, 0xab, 0x84, 0x29, 
	0x8c, 0x69, 0x8c, 0x69, 0x8c, 0x69, 0x8c, 0x69, 
	0x8c, 0x69, 0x8c, 0x69, 0x84, 0x29, 0x7b, 0xe7, 
	0x84, 0x27, 0x7b, 0xe7, 0xa5, 0x2d, 0xc6, 0x35, 
	0xbd, 0xf3, 0xd6, 0xb9, 0xad, 0x71, 0x8c, 0x6b, 
	0x8c, 0x69, 0x94, 0xab, 0xa5, 0x2f, 0xce, 0x75, 
	0xb5, 0xb1, 0xb5, 0xb1, 0xbd, 0xf3, 0xb5, 0xb1, 
	0xbd, 0xf3, 0xbd, 0xf3, 0xb5, 0xb1, 0x9c, 0xed, 
	0x8c, 0x29, 0x84, 0x29, 0x8c, 0x69, 0x8c, 0x69, 
	0x8c, 0x69, 0x84, 0x29, 0x84, 0x29, 0x8c, 0x69, 
	0x94, 0xab, 0x94, 0xab, 0x8c, 0x69, 0x8c, 0x69, 
	0x84, 0x29, 0xa5, 0x2f, 0xce, 0x77, 0xb5, 0xb3, 
	0xad, 0x71, 0xb5, 0xb3, 0xd6, 0xb7, 0xa5, 0x2f, 
	0xad, 0x6f, 0xd6, 0xb7, 0xc6, 0x35, 0xad, 0x71, 
	0xad, 0x71, 0x9c, 0xed, 0xad, 0x2f, 0xce, 0x77, 
	0xce, 0x77, 0xbd, 0xf3, 0xce, 0x35, 0xd6, 0xb9, 
	0xa5, 0x2f, 0x94, 0xab, 0x8c, 0x69, 0x8c, 0x69, 
	0x84, 0x27, 0x84, 0x27, 0x8c, 0x69, 0x8c, 0x6b, 
	0x9c, 0xed, 0x9c, 0xed, 0x8c, 0x6b, 0x9c, 0xed, 
	0xad, 0x6f, 0xc6, 0x35, 0xad, 0x71, 0xb5, 0xb1, 
	0xb5, 0xb1, 0xb5, 0xb1, 0xb5, 0xb3, 0xbd, 0xf3, 
	0xbd, 0xf3, 0xb5, 0xb3, 0xc6, 0x35, 0xce, 0x77, 
	0x7b, 0xe7, 0x84, 0x27, 0x84, 0x27, 0x94, 0xab, 
	0xa5, 0x2f, 0xd6, 0xb7, 0xc6, 0x35, 0xb5, 0xb3, 
	0xc6, 0x35, 0xd6, 0xb9, 0xa5, 0x2f, 0x84, 0x27, 
	0x84, 0x27, 0x84, 0x27, 0x84, 0x29, 0x8c, 0x69, 
	0x84, 0x29, 0x94, 0xab, 0xb5, 0xb1, 0xce, 0x75, 
	0xb5, 0xb1, 0xa5, 0x2d, 0xa5, 0x2d, 0xad, 0x6f, 
	0xb5, 0xb1, 0xb5, 0xb3, 0xbd, 0xf3, 0xb5, 0xb3, 
	0xbd, 0xf3, 0xce, 0x77, 0x9c, 0xed, 0x94, 0x6b, 
	0x7b, 0xe5, 0x7b, 0xe7, 0x7b, 0xe5, 0x7b, 0xe5, 
	0x7b, 0xe5, 0x8c, 0x6b, 0xa5, 0x2d, 0xc6, 0x35, 
	0xc6, 0x35, 0xc6, 0x35, 0xd6, 0xb9, 0xad, 0x6f, 
	0x84, 0x27, 0x7b, 0xe7, 0x84, 0x27, 0x8c, 0x69, 
	0x7b, 0xe5, 0xad, 0x6f, 0xce, 0x77, 0xb5, 0xb1, 
	0xad, 0x6f, 0xa5, 0x2f, 0xa5, 0x2f, 0xa5, 0x2f, 
	0xad, 0x71, 0xb5, 0xb1, 0xc6, 0x35, 0xd6, 0xb9, 
	0x9c, 0xed, 0x8c, 0x69, 0x73, 0xa5, 0x7b, 0xe5, 
	0x73, 0xa5, 0x73, 0xa5, 0x73, 0xa3, 0x73, 0xa5, 
	0x73, 0xa5, 0x7b, 0xe5, 0x7b, 0xe7, 0xa5, 0x2f, 
	0xce, 0x77, 0xbd, 0xf3, 0xc6, 0x35, 0xde, 0xf9, 
	0xa5, 0x2f, 0x8c, 0x6b, 0x7b, 0xe7, 0x8c, 0x69, 
	0xa5, 0x2f, 0xce, 0x77, 0xbd, 0xf3, 0xb5, 0xb1, 
	0xad, 0x71, 0xa5, 0x2f, 0xa5, 0x2d, 0xa5, 0x2f, 
	0xbd, 0xf3, 0xce, 0x75, 0xa5, 0x2d, 0x8c, 0x69, 
	0x73, 0xa5, 0x73, 0xa5, 0x73, 0xa5, 0x73, 0xa5, 
	0x73, 0xa3, 0x73, 0xa3, 0x73, 0xa3, 0x73, 0xa5, 
	0x73, 0xa3, 0x73, 0xe5, 0x7b, 0xe5, 0x84, 0x27, 
	0xad, 0x6f, 0xc6, 0x35, 0xb5, 0xb1, 0xb5, 0xb1, 
	0xbd, 0xf3, 0xce, 0x75, 0xa5, 0x2d, 0x94, 0xab, 
	0xc6, 0x35, 0xbd, 0xf3, 0xb5, 0xb1, 0xb5, 0xb1, 
	0xad, 0x71, 0xa5, 0x2f, 0xb5, 0xb1, 0xc6, 0x35, 
	0xa5, 0x2f, 0x94, 0xab, 0x7b, 0xe5, 0x73, 0xa5, 
	0x73, 0xa5, 0x73, 0xa5, 0x7b, 0xe5, 0x73, 0xa5, 
	0x73, 0xa5, 0x73, 0xa5, 0x73, 0xa5, 0x73, 0xa3, 
	0x6b, 0x63, 0x73, 0xa5, 0x7b, 0xe5, 0x84, 0x27, 
	0x94, 0xab, 0xbd, 0xf3, 0xad, 0x71, 0xa5, 0x2f, 
	0xad, 0x71, 0xb5, 0xb1, 0xbd, 0xf3, 0xbd, 0xf3, 
	0xbd, 0xf3, 0xbd, 0xf3, 0xb5, 0xb1, 0xad, 0x6f, 
	0xad, 0x71, 0xce, 0x75, 0xa5, 0x2f, 0x94, 0xab, 
	0x8c, 0x29, 0x84, 0x27, 0x7b, 0xe7, 0x73, 0xa5, 
	0x73, 0xa5, 0x73, 0xa5, 0x7b, 0xe5, 0x7b, 0xe5, 
	0x7b, 0xe7, 0x7b, 0xe7, 0x7b, 0xa5, 0x73, 0xa3, 
	0x6b, 0x63, 0x73, 0xa5, 0x7b, 0xe5, 0x84, 0x27, 
	0x94, 0xab, 0xb5, 0xb3, 0xad, 0x71, 0xb5, 0xb1, 
	0xc6, 0x35, 0xc6, 0x35, 0xbd, 0xf3, 0xc6, 0x35, 
	0xc6, 0x35, 0xb5, 0xb3, 0xad, 0x71, 0xa5, 0x2f, 
	0xb5, 0xb1, 0xad, 0x6f, 0x84, 0x27, 0x8c, 0x6b, 
	0x9c, 0xed, 0x94, 0x6b, 0x84, 0x29, 0x7b, 0xe7, 
	0x7b, 0xe5, 0x7b, 0xe5, 0x7b, 0xe7, 0x7b, 0xe7, 
	0x84, 0x27, 0x7b, 0xe7, 0x7b, 0xe5, 0x73, 0x63, 
	0x6b, 0x63, 0x73, 0xa3, 0x7b, 0xe7, 0x84, 0x29, 
	0x94, 0xab, 0xbd, 0xf3, 0xbd, 0xf3, 0xd6, 0xb7, 
	0x9c, 0xed, 0x7b, 0xe7, 0x7b, 0xe7, 0x7b, 0xe7, 
	0xad, 0x71, 0xd6, 0xb7, 0xbd, 0xf3, 0xb5, 0xb1, 
	0xc6, 0x35, 0x94, 0xab, 0x8c, 0x69, 0xa5, 0x2f, 
	0xbd, 0xf3, 0xad, 0x6f, 0x9c, 0xed, 0x8c, 0xab, 
	0x84, 0x29, 0x7b, 0xe7, 0x83, 0xe7, 0x84, 0x27, 
	
};

Gfx castle_grounds_dl_castle_grounds_textures_06000_rgba16_rgba16_aligner[] = {gsSPEndDisplayList()};
u8 castle_grounds_dl_castle_grounds_textures_06000_rgba16_rgba16[] = {
	0x00, 0x01, 0x00, 0x01, 0x00, 0x01, 0x00, 0x01, 
	0x00, 0x01, 0x00, 0x01, 0x00, 0x01, 0x00, 0x01, 
	0x00, 0x01, 0x00, 0x01, 0x00, 0x01, 0x00, 0x01, 
	0x00, 0x01, 0x00, 0x01, 0x00, 0x01, 0x00, 0x01, 
	0x00, 0x01, 0x00, 0x01, 0x00, 0x01, 0x00, 0x01, 
	0x00, 0x01, 0x00, 0x01, 0x00, 0x01, 0x00, 0x01, 
	0x00, 0x01, 0x00, 0x01, 0x00, 0x01, 0x00, 0x01, 
	0x00, 0x01, 0x00, 0x01, 0x00, 0x01, 0x00, 0x01, 
	0x00, 0x01, 0x00, 0x01, 0x00, 0x01, 0x00, 0x01, 
	0x00, 0x01, 0x00, 0x01, 0x00, 0x01, 0x00, 0x01, 
	0x00, 0x01, 0x00, 0x01, 0x00, 0x01, 0x00, 0x01, 
	0x00, 0x01, 0x00, 0x01, 0x00, 0x01, 0x00, 0x01, 
	0x00, 0x01, 0x00, 0x01, 0x00, 0x01, 0x00, 0x01, 
	0x00, 0x01, 0x00, 0x01, 0x00, 0x01, 0x00, 0x01, 
	0x00, 0x01, 0x00, 0x01, 0x00, 0x01, 0x00, 0x01, 
	0x00, 0x01, 0x00, 0x01, 0x00, 0x01, 0x00, 0x01, 
	0x00, 0x01, 0x00, 0x01, 0x00, 0x01, 0x00, 0x01, 
	0x00, 0x01, 0x00, 0x01, 0x00, 0x01, 0x00, 0x01, 
	0x00, 0x01, 0x00, 0x01, 0x00, 0x01, 0x00, 0x01, 
	0x00, 0x01, 0x00, 0x01, 0x00, 0x01, 0x00, 0x01, 
	0x00, 0x01, 0x00, 0x01, 0x00, 0x01, 0x00, 0x01, 
	0x00, 0x01, 0x00, 0x01, 0x00, 0x01, 0x00, 0x01, 
	0x00, 0x01, 0x00, 0x01, 0x00, 0x01, 0x00, 0x01, 
	0x00, 0x01, 0x00, 0x01, 0x00, 0x01, 0x00, 0x01, 
	0x00, 0x01, 0x00, 0x01, 0x00, 0x01, 0x00, 0x01, 
	0x00, 0x01, 0x00, 0x01, 0x00, 0x01, 0x00, 0x01, 
	0x00, 0x01, 0x00, 0x01, 0x00, 0x01, 0x00, 0x01, 
	0x00, 0x01, 0x00, 0x01, 0x00, 0x01, 0x00, 0x01, 
	0x00, 0x01, 0x00, 0x01, 0x00, 0x01, 0x00, 0x01, 
	0x00, 0x01, 0x00, 0x01, 0x00, 0x01, 0x00, 0x01, 
	0x00, 0x01, 0x00, 0x01, 0x00, 0x01, 0x00, 0x01, 
	0x00, 0x01, 0x00, 0x01, 0x00, 0x01, 0x00, 0x01, 
	0x00, 0x01, 0x00, 0x01, 0x00, 0x01, 0x00, 0x01, 
	0x00, 0x01, 0x00, 0x01, 0x00, 0x01, 0x00, 0x01, 
	0x00, 0x01, 0x00, 0x01, 0x00, 0x01, 0x00, 0x01, 
	0x00, 0x01, 0x00, 0x01, 0x00, 0x01, 0x00, 0x01, 
	0x00, 0x01, 0x00, 0x01, 0x00, 0x01, 0x00, 0x01, 
	0x00, 0x01, 0x00, 0x01, 0x00, 0x01, 0x00, 0x01, 
	0x00, 0x01, 0x00, 0x01, 0x00, 0x01, 0x00, 0x01, 
	0x00, 0x01, 0x00, 0x01, 0x00, 0x01, 0x00, 0x01, 
	0x00, 0x01, 0x00, 0x01, 0x00, 0x01, 0x00, 0x01, 
	0x00, 0x01, 0x00, 0x01, 0x00, 0x01, 0x00, 0x01, 
	0x00, 0x01, 0x00, 0x01, 0x00, 0x01, 0x00, 0x01, 
	0x00, 0x01, 0x00, 0x01, 0x00, 0x01, 0x00, 0x01, 
	0x00, 0x01, 0x00, 0x01, 0x00, 0x01, 0x00, 0x01, 
	0x00, 0x01, 0x00, 0x01, 0x00, 0x01, 0x00, 0x01, 
	0x00, 0x01, 0x00, 0x01, 0x00, 0x01, 0x00, 0x01, 
	0x00, 0x01, 0x00, 0x01, 0x00, 0x01, 0x00, 0x01, 
	0x00, 0x01, 0x00, 0x01, 0x00, 0x01, 0x00, 0x01, 
	0x00, 0x01, 0x00, 0x01, 0x00, 0x01, 0x00, 0x01, 
	0x00, 0x01, 0x00, 0x01, 0x00, 0x01, 0x00, 0x01, 
	0x00, 0x01, 0x00, 0x01, 0x00, 0x01, 0x00, 0x01, 
	0x00, 0x01, 0x00, 0x01, 0x00, 0x01, 0x00, 0x01, 
	0x00, 0x01, 0x00, 0x01, 0x00, 0x01, 0x00, 0x01, 
	0x00, 0x01, 0x00, 0x01, 0x00, 0x01, 0x00, 0x01, 
	0x00, 0x01, 0x00, 0x01, 0x00, 0x01, 0x00, 0x01, 
	0x00, 0x01, 0x00, 0x01, 0x00, 0x01, 0x00, 0x01, 
	0x00, 0x01, 0x00, 0x01, 0x00, 0x01, 0x00, 0x01, 
	0x08, 0x01, 0x08, 0x01, 0x08, 0x01, 0x08, 0x01, 
	0x08, 0x01, 0x08, 0x01, 0x10, 0x01, 0x08, 0x01, 
	0x08, 0x01, 0x10, 0x01, 0x08, 0x01, 0x08, 0x01, 
	0x08, 0x01, 0x08, 0x01, 0x08, 0x01, 0x08, 0x01, 
	0x08, 0x01, 0x08, 0x01, 0x00, 0x01, 0x00, 0x01, 
	0x00, 0x01, 0x00, 0x01, 0x00, 0x01, 0x00, 0x01, 
	0x00, 0x01, 0x00, 0x01, 0x00, 0x01, 0x00, 0x01, 
	0x00, 0x01, 0x08, 0x01, 0x08, 0x01, 0x10, 0x01, 
	0x10, 0x01, 0x10, 0x01, 0x18, 0x01, 0x18, 0x01, 
	0x18, 0x01, 0x18, 0x01, 0x18, 0x01, 0x18, 0x01, 
	0x20, 0x01, 0x20, 0x01, 0x20, 0x01, 0x18, 0x01, 
	0x18, 0x01, 0x18, 0x01, 0x10, 0x01, 0x18, 0x01, 
	0x10, 0x01, 0x08, 0x01, 0x08, 0x01, 0x08, 0x01, 
	0x08, 0x01, 0x00, 0x01, 0x00, 0x01, 0x00, 0x01, 
	0x00, 0x01, 0x00, 0x01, 0x08, 0x01, 0x08, 0x01, 
	0x10, 0x01, 0x18, 0x01, 0x18, 0x01, 0x20, 0x01, 
	0x20, 0x01, 0x20, 0x01, 0x28, 0x01, 0x28, 0x01, 
	0x28, 0x01, 0x20, 0x01, 0x28, 0x01, 0x38, 0x01, 
	0x38, 0x01, 0x38, 0x01, 0x30, 0x01, 0x28, 0x01, 
	0x20, 0x01, 0x30, 0x01, 0x28, 0x01, 0x28, 0x01, 
	0x18, 0x01, 0x10, 0x01, 0x18, 0x01, 0x10, 0x01, 
	0x08, 0x01, 0x08, 0x01, 0x08, 0x01, 0x00, 0x01, 
	0x08, 0x01, 0x10, 0x01, 0x10, 0x01, 0x18, 0x01, 
	0x20, 0x01, 0x20, 0x01, 0x28, 0x01, 0x30, 0x01, 
	0x30, 0x01, 0x30, 0x01, 0x40, 0x01, 0x48, 0x01, 
	0x38, 0x01, 0x38, 0x01, 0x48, 0x01, 0x50, 0x01, 
	0x48, 0x01, 0x40, 0x01, 0x40, 0x01, 0x40, 0x01, 
	0x40, 0x01, 0x38, 0x01, 0x38, 0x01, 0x38, 0x01, 
	0x30, 0x01, 0x20, 0x01, 0x28, 0x01, 0x20, 0x01, 
	0x20, 0x01, 0x10, 0x01, 0x10, 0x01, 0x08, 0x01, 
	0x10, 0x01, 0x18, 0x01, 0x18, 0x01, 0x28, 0x01, 
	0x28, 0x01, 0x30, 0x01, 0x38, 0x01, 0x38, 0x01, 
	0x30, 0x01, 0x38, 0x01, 0x40, 0x01, 0x50, 0x01, 
	0x68, 0x01, 0x58, 0x01, 0x68, 0x01, 0x70, 0x01, 
	0x60, 0x01, 0x40, 0x01, 0x38, 0x01, 0x58, 0x01, 
	0x60, 0x01, 0x50, 0x01, 0x58, 0x01, 0x58, 0x01, 
	0x40, 0x01, 0x38, 0x01, 0x38, 0x01, 0x30, 0x01, 
	0x28, 0x01, 0x28, 0x01, 0x20, 0x01, 0x10, 0x01, 
	0x18, 0x01, 0x20, 0x01, 0x30, 0x01, 0x40, 0x01, 
	0x50, 0x01, 0x40, 0x01, 0x48, 0x01, 0x58, 0x01, 
	0x50, 0x01, 0x58, 0x01, 0x70, 0x01, 0x70, 0x01, 
	0x78, 0x01, 0x68, 0x01, 0x70, 0x01, 0x90, 0x01, 
	0x90, 0x01, 0x60, 0x01, 0x58, 0x01, 0x68, 0x01, 
	0x70, 0x01, 0x70, 0x01, 0x78, 0x01, 0x60, 0x01, 
	0x58, 0x01, 0x60, 0x01, 0x50, 0x01, 0x30, 0x01, 
	0x38, 0x01, 0x38, 0x01, 0x28, 0x01, 0x20, 0x01, 
	0x30, 0x01, 0x38, 0x01, 0x50, 0x01, 0x50, 0x01, 
	0x58, 0x01, 0x60, 0x01, 0x70, 0x01, 0x68, 0x01, 
	0x70, 0x01, 0x88, 0x01, 0x80, 0x01, 0x78, 0x01, 
	0x78, 0x01, 0x98, 0x01, 0x90, 0x01, 0x90, 0x01, 
	0x80, 0x01, 0x78, 0x01, 0x80, 0x01, 0x80, 0x01, 
	0x78, 0x01, 0x70, 0x01, 0x78, 0x01, 0x58, 0x01, 
	0x68, 0x01, 0x68, 0x01, 0x68, 0x01, 0x58, 0x01, 
	0x50, 0x01, 0x50, 0x01, 0x38, 0x01, 0x30, 0x01, 
	0x40, 0x01, 0x50, 0x01, 0x60, 0x01, 0x60, 0x01, 
	0x70, 0x01, 0x80, 0x01, 0x70, 0x01, 0x78, 0x01, 
	0x98, 0x01, 0x98, 0x01, 0x98, 0x01, 0xa0, 0x01, 
	0xa0, 0x01, 0xb0, 0x01, 0xa8, 0x01, 0x88, 0x01, 
	0x78, 0x01, 0x78, 0x01, 0x90, 0x01, 0xa0, 0x01, 
	0x88, 0x01, 0x90, 0x01, 0x80, 0x01, 0x60, 0x01, 
	0x70, 0x01, 0x78, 0x01, 0x80, 0x01, 0x80, 0x01, 
	0x68, 0x01, 0x58, 0x01, 0x50, 0x01, 0x48, 0x01, 
	0x48, 0x01, 0x50, 0x01, 0x60, 0x01, 0x70, 0x01, 
	0x90, 0x01, 0x80, 0x01, 0x78, 0x01, 0x98, 0x01, 
	0x98, 0x01, 0xa0, 0x01, 0xa8, 0x01, 0x90, 0x01, 
	0x98, 0x01, 0x98, 0x01, 0x78, 0x01, 0x68, 0x01, 
	0xa0, 0x01, 0xb8, 0x01, 0xb0, 0x01, 0x98, 0x01, 
	0xa0, 0x01, 0xa0, 0x01, 0x88, 0x01, 0x90, 0x01, 
	0x90, 0x01, 0x78, 0x01, 0x70, 0x01, 0x80, 0x01, 
	0x78, 0x01, 0x60, 0x01, 0x50, 0x01, 0x48, 0x01, 
	0x58, 0x01, 0x60, 0x01, 0x58, 0x01, 0x78, 0x01, 
	0x88, 0x01, 0x78, 0x01, 0x80, 0x01, 0xa0, 0x01, 
	0xa8, 0x01, 0xa8, 0x01, 0xb8, 0x01, 0xa8, 0x01, 
	0xc0, 0x01, 0xb8, 0x01, 0x78, 0x01, 0xa8, 0x01, 
	0xb0, 0x01, 0xa8, 0x01, 0xa8, 0x01, 0xa8, 0x01, 
	0xb0, 0x01, 0x90, 0x01, 0x88, 0x01, 0x98, 0x01, 
	0xa0, 0x01, 0x90, 0x01, 0x78, 0x01, 0x78, 0x01, 
	0x80, 0x01, 0x78, 0x01, 0x60, 0x01, 0x40, 0x01, 
	0x70, 0x01, 0x60, 0x01, 0x68, 0x01, 0x90, 0x01, 
	0xa0, 0x01, 0x90, 0x01, 0x98, 0x01, 0xc0, 0x01, 
	0xd8, 0x01, 0xb8, 0x01, 0xc8, 0x01, 0xa0, 0x01, 
	0x98, 0x01, 0xa0, 0x01, 0x90, 0x01, 0xc8, 0x01, 
	0xd0, 0x01, 0xb8, 0x01, 0x80, 0x01, 0x90, 0x01, 
	0x98, 0x01, 0x98, 0x01, 0x88, 0x01, 0x88, 0x01, 
	0xa0, 0x01, 0x98, 0x01, 0xa0, 0x01, 0xa0, 0x01, 
	0x90, 0x01, 0x88, 0x01, 0x68, 0x01, 0x50, 0x01, 
	0x70, 0x01, 0x68, 0x01, 0x90, 0x01, 0xa8, 0x01, 
	0x98, 0x01, 0xa0, 0x01, 0x98, 0x01, 0xb0, 0x01, 
	0xb0, 0x01, 0xb8, 0x01, 0xc0, 0x01, 0xb0, 0x01, 
	0xd0, 0x01, 0xc8, 0x01, 0xc8, 0x01, 0xd8, 0x01, 
	0xb8, 0x01, 0xc0, 0x01, 0xd0, 0x01, 0xb8, 0x01, 
	0xb8, 0x01, 0xb0, 0x01, 0xa0, 0x01, 0x98, 0x01, 
	0xa8, 0x01, 0xa8, 0x01, 0x98, 0x01, 0xa0, 0x01, 
	0x98, 0x01, 0x88, 0x01, 0x70, 0x01, 0x60, 0x01, 
	0x60, 0x01, 0x60, 0x01, 0x98, 0x01, 0xb8, 0x01, 
	0xc0, 0x01, 0xc0, 0x01, 0xa0, 0x01, 0x90, 0x01, 
	0x90, 0x01, 0xa8, 0x01, 0xb8, 0x01, 0xc0, 0x01, 
	0xe8, 0x01, 0xd8, 0x01, 0xa8, 0x01, 0xc0, 0x01, 
	0xe8, 0x01, 0xe8, 0x01, 0xc8, 0x01, 0xa8, 0x01, 
	0xc8, 0x01, 0xb0, 0x01, 0xb8, 0x01, 0xa0, 0x01, 
	0x88, 0x01, 0x80, 0x01, 0x80, 0x01, 0x80, 0x01, 
	0x78, 0x01, 0x68, 0x01, 0x60, 0x01, 0x68, 0x01, 
	0x90, 0x01, 0x90, 0x01, 0x98, 0x01, 0xb0, 0x01, 
	0xb0, 0x01, 0xa0, 0x01, 0xc0, 0x01, 0xb8, 0x01, 
	0x88, 0x01, 0x98, 0x01, 0xb8, 0x01, 0xa0, 0x01, 
	0xb8, 0x01, 0xc8, 0x01, 0xd8, 0x01, 0xf0, 0x01, 
	0xc8, 0x01, 0xc0, 0x01, 0xe8, 0x01, 0xd8, 0x01, 
	0xd0, 0x01, 0xa8, 0x01, 0xc0, 0x01, 0xa8, 0x01, 
	0xa0, 0x01, 0xb8, 0x01, 0xb0, 0x01, 0x88, 0x01, 
	0x90, 0x01, 0x98, 0x01, 0x90, 0x01, 0x78, 0x01, 
	0x70, 0x01, 0x88, 0x01, 0x90, 0x01, 0xa0, 0x01, 
	0xa0, 0x01, 0xa0, 0x01, 0xa0, 0x01, 0xb8, 0x01, 
	0xc0, 0x01, 0xb0, 0x01, 0xd0, 0x01, 0xd0, 0x01, 
	0xd0, 0x01, 0xa0, 0x01, 0xb0, 0x01, 0xb8, 0x01, 
	0xa8, 0x01, 0xa0, 0x01, 0xa0, 0x01, 0xc0, 0x01, 
	0xb0, 0x01, 0xa8, 0x01, 0xa8, 0x01, 0xa8, 0x01, 
	0xc0, 0x01, 0xb8, 0x01, 0x90, 0x01, 0x80, 0x01, 
	0x98, 0x01, 0x88, 0x01, 0x78, 0x01, 0x70, 0x01, 
	0x78, 0x01, 0x98, 0x01, 0xb0, 0x01, 0xa8, 0x01, 
	0x90, 0x01, 0x88, 0x01, 0x90, 0x01, 0xc8, 0x01, 
	0xb8, 0x01, 0x98, 0x01, 0xb0, 0x01, 0xd8, 0x01, 
	0xc8, 0x01, 0xc8, 0x01, 0xc8, 0x01, 0xb0, 0x01, 
	0xb0, 0x01, 0xc8, 0x01, 0xb8, 0x01, 0xc8, 0x01, 
	0xd8, 0x01, 0xb0, 0x01, 0xb8, 0x01, 0xc8, 0x01, 
	0xc8, 0x01, 0xd0, 0x01, 0xb0, 0x01, 0xa8, 0x01, 
	0xa0, 0x01, 0x80, 0x01, 0x88, 0x01, 0x90, 0x01, 
	0x80, 0x01, 0xa0, 0x01, 0xa0, 0x01, 0x98, 0x01, 
	0xb8, 0x01, 0xb0, 0x01, 0xa8, 0x01, 0xc0, 0x01, 
	0xb0, 0x01, 0xa0, 0x01, 0xc0, 0x01, 0xc8, 0x01, 
	0xb8, 0x01, 0xb0, 0x01, 0xa8, 0x01, 0xc8, 0x01, 
	0xd0, 0x01, 0xc0, 0x01, 0xe8, 0x01, 0xb8, 0x01, 
	0xa8, 0x01, 0xc0, 0x01, 0xa0, 0x01, 0xd8, 0x01, 
	0xc0, 0x01, 0x88, 0x01, 0x98, 0x01, 0xa8, 0x01, 
	0x98, 0x01, 0x80, 0x01, 0x90, 0x01, 0x90, 0x01, 
	0x78, 0x01, 0x98, 0x01, 0x98, 0x01, 0xa0, 0x01, 
	0xd8, 0x01, 0xc0, 0x01, 0xc8, 0x01, 0xd0, 0x01, 
	0xc8, 0x01, 0xb0, 0x01, 0xd8, 0x01, 0xd0, 0x01, 
	0xb0, 0x01, 0x98, 0x01, 0xa8, 0x01, 0xe0, 0x01, 
	0xf0, 0x01, 0xe0, 0x01, 0xd0, 0x01, 0xb0, 0x01, 
	0xa8, 0x01, 0xe8, 0x01, 0xd0, 0x01, 0xc0, 0x01, 
	0xa8, 0x01, 0x80, 0x01, 0xb0, 0x01, 0x90, 0x01, 
	0x98, 0x01, 0x80, 0x01, 0x80, 0x01, 0x90, 0x01, 
	0xa8, 0x01, 0xb8, 0x01, 0x98, 0x01, 0xb8, 0x01, 
	0xa8, 0x01, 0xa0, 0x01, 0xb0, 0x01, 0xb0, 0x01, 
	0xa0, 0x01, 0xa0, 0x01, 0xc0, 0x01, 0xd0, 0x01, 
	0xb0, 0x01, 0xb0, 0x01, 0xe0, 0x01, 0xf0, 0x01, 
	0xd0, 0x01, 0xa8, 0x01, 0xa8, 0x01, 0xc8, 0x01, 
	0xc0, 0x01, 0xa8, 0x01, 0xd0, 0x01, 0xd0, 0x01, 
	0xa8, 0x01, 0x88, 0x01, 0xa0, 0x01, 0xa0, 0x01, 
	0xb8, 0x01, 0xa8, 0x01, 0xb8, 0x01, 0x98, 0x01, 
	0xa8, 0x01, 0xb0, 0x01, 0x90, 0x01, 0xc0, 0x01, 
	0xb8, 0x01, 0xa0, 0x01, 0xb0, 0x01, 0x90, 0x01, 
	0x88, 0x01, 0x90, 0x01, 0xa8, 0x01, 0xc8, 0x01, 
	0xe0, 0x01, 0xc0, 0x01, 0xe8, 0x01, 0xf8, 0x01, 
	0xe0, 0x01, 0xa0, 0x01, 0x80, 0x01, 0xc8, 0x01, 
	0xd8, 0x01, 0xd0, 0x01, 0xe8, 0x01, 0xe8, 0x01, 
	0xc0, 0x01, 0xc8, 0x01, 0xd0, 0x01, 0xa8, 0x01, 
	0xb0, 0x01, 0xb0, 0x01, 0xb0, 0x01, 0x80, 0x01, 
	0xa0, 0x01, 0xa8, 0x01, 0xb8, 0x01, 0xd0, 0x01, 
	0xc8, 0x01, 0xa8, 0x01, 0xa8, 0x01, 0xd8, 0x01, 
	0xb0, 0x01, 0xb8, 0x01, 0xd0, 0x01, 0xd0, 0x01, 
	0xd8, 0x01, 0xb8, 0x01, 0xd0, 0x01, 0xf8, 0x01, 
	0xe8, 0x01, 0xa8, 0x01, 0xb0, 0x01, 0xc0, 0x01, 
	0xd0, 0x01, 0xc0, 0x01, 0xd8, 0x01, 0xb0, 0x01, 
	0xc0, 0x01, 0xd8, 0x01, 0xc0, 0x01, 0x80, 0x01, 
	0xa0, 0x01, 0xb8, 0x01, 0x98, 0x01, 0xa0, 0x01, 
	0xc8, 0x01, 0xc0, 0x01, 0xd0, 0x01, 0xb8, 0x01, 
	0xd0, 0x01, 0xc0, 0x01, 0xc0, 0x01, 0xb0, 0x01, 
	0xd8, 0x01, 0xe0, 0x01, 0xd8, 0x01, 0xe0, 0x01, 
	0xc8, 0x01, 0xf8, 0x01, 0xe0, 0x01, 0xd8, 0x01, 
	0xc0, 0x01, 0xc8, 0x01, 0xd0, 0x01, 0xd0, 0x01, 
	0xc0, 0x01, 0xb8, 0x01, 0xc8, 0x01, 0x90, 0x01, 
	0xb8, 0x01, 0xc0, 0x01, 0xd8, 0x01, 0xc8, 0x01, 
	0xc0, 0x01, 0xd0, 0x01, 0xb8, 0x01, 0xc8, 0x01, 
	0xa8, 0x01, 0xb8, 0x01, 0xc8, 0x01, 0xb8, 0x01, 
	0xd8, 0x01, 0xd8, 0x01, 0xb0, 0x01, 0xc8, 0x01, 
	0xe0, 0x01, 0xe0, 0x01, 0xd0, 0x01, 0xd8, 0x01, 
	0xe0, 0x01, 0xe8, 0x01, 0xd8, 0x01, 0xb0, 0x01, 
	0xa8, 0x01, 0xb8, 0x01, 0xd0, 0x01, 0xe8, 0x01, 
	0xc8, 0x01, 0xe8, 0x01, 0xb8, 0x01, 0x98, 0x01, 
	0xb0, 0x01, 0xb8, 0x01, 0xd0, 0x01, 0xe0, 0x01, 
	0xb8, 0x01, 0xa8, 0x01, 0xb0, 0x01, 0xb0, 0x01, 
	0xb8, 0x01, 0xa8, 0x01, 0xa0, 0x01, 0xa8, 0x01, 
	0xd8, 0x01, 0xb0, 0x01, 0x98, 0x01, 0xd8, 0x01, 
	0xd8, 0x01, 0xe0, 0x01, 0xe8, 0x01, 0xd0, 0x01, 
	0xd0, 0x01, 0xd0, 0x01, 0x88, 0x01, 0x98, 0x01, 
	0xd0, 0x01, 0xe8, 0x01, 0xe0, 0x01, 0xd0, 0x01, 
	0xd0, 0x01, 0xc8, 0x01, 0xb8, 0x01, 0xd0, 0x01, 
	0xd8, 0x01, 0xc8, 0x01, 0xa8, 0x01, 0xc0, 0x01, 
	0xd0, 0x01, 0xc8, 0x01, 0xa8, 0x01, 0x98, 0x01, 
	0xa8, 0x01, 0x98, 0x01, 0x88, 0x01, 0xb8, 0x01, 
	0xb8, 0x01, 0xa0, 0x01, 0xb8, 0x01, 0xd8, 0x01, 
	0xf0, 0x01, 0xe0, 0x01, 0xe0, 0x01, 0xd0, 0x01, 
	0xe0, 0x01, 0xd8, 0x01, 0x90, 0x01, 0xe0, 0x01, 
	0xe8, 0x01, 0xd0, 0x01, 0xb8, 0x01, 0xc8, 0x01, 
	0xd0, 0x01, 0xb0, 0x01, 0xa0, 0x01, 0xb0, 0x01, 
	0xd0, 0x01, 0xb8, 0x01, 0xa8, 0x01, 0xa8, 0x01, 
	0xc0, 0x01, 0xc0, 0x01, 0xa8, 0x01, 0x78, 0x01, 
	
};

Gfx castle_grounds_dl_castle_grounds_textures_0A000_rgba16_rgba16_aligner[] = {gsSPEndDisplayList()};
u8 castle_grounds_dl_castle_grounds_textures_0A000_rgba16_rgba16[] = {
	0xbe, 0x31, 0xbe, 0x2f, 0xb5, 0xed, 0xbe, 0x2f, 
	0xb5, 0xad, 0x9c, 0xa3, 0xa5, 0x67, 0xb5, 0xe9, 
	0xbe, 0x2d, 0xce, 0xb1, 0xce, 0x33, 0xbe, 0x31, 
	0xce, 0x71, 0xce, 0x2f, 0xbd, 0xed, 0xb5, 0xad, 
	0xc5, 0xf3, 0xce, 0x33, 0xd6, 0x35, 0xce, 0x73, 
	0xce, 0x75, 0xc6, 0x75, 0xce, 0x73, 0xb5, 0xad, 
	0xad, 0xad, 0xb5, 0xaf, 0xa5, 0x6b, 0xc6, 0x71, 
	0xce, 0xb3, 0xbe, 0x2f, 0xc6, 0x71, 0xc6, 0x71, 
	0xce, 0x75, 0xce, 0x73, 0xc6, 0x71, 0xc6, 0x31, 
	0xb5, 0xad, 0xa4, 0xe5, 0xb5, 0xad, 0xce, 0x31, 
	0xce, 0x73, 0xce, 0x73, 0xc6, 0x73, 0xc6, 0x73, 
	0xce, 0xb3, 0xc6, 0x71, 0xbe, 0x2f, 0xbe, 0x2f, 
	0xce, 0x33, 0xce, 0x33, 0xce, 0x33, 0xce, 0x31, 
	0xc6, 0x31, 0xbe, 0x2f, 0xc6, 0x31, 0xbd, 0xef, 
	0xbe, 0x2f, 0xb5, 0xef, 0x9d, 0x27, 0xb5, 0xef, 
	0xc6, 0x73, 0xc6, 0x71, 0xc6, 0x31, 0xc6, 0x31, 
	0xd6, 0xb5, 0xce, 0x75, 0xc6, 0x73, 0xc6, 0x71, 
	0xbd, 0xef, 0xa5, 0x27, 0xbd, 0xad, 0xce, 0x33, 
	0xd6, 0x75, 0xce, 0xb5, 0xd6, 0xf5, 0xd6, 0xf7, 
	0xce, 0xb5, 0xbe, 0x71, 0xb6, 0x2f, 0xb5, 0xef, 
	0xc5, 0xf3, 0xcd, 0xf1, 0xcd, 0xf1, 0xcd, 0xef, 
	0xce, 0x2f, 0xc6, 0x31, 0xce, 0x73, 0xc6, 0x33, 
	0xc6, 0x73, 0xb6, 0x2f, 0x9d, 0x29, 0xad, 0xed, 
	0xbe, 0x33, 0xce, 0x73, 0xc6, 0x33, 0xbe, 0x31, 
	0xce, 0x73, 0xc6, 0x73, 0xc6, 0x73, 0xce, 0x33, 
	0xc5, 0xf1, 0xa4, 0xe7, 0xa5, 0x29, 0xb5, 0xaf, 
	0xc6, 0x33, 0xce, 0xb5, 0xce, 0xf5, 0xd6, 0xb5, 
	0xc6, 0x33, 0xb5, 0xad, 0xa5, 0x69, 0x9d, 0x29, 
	0xad, 0x2b, 0xb5, 0x6b, 0xc5, 0xef, 0xce, 0x31, 
	0xc6, 0x2f, 0xbe, 0x31, 0xc6, 0x33, 0xbd, 0xf3, 
	0xb5, 0x6d, 0xad, 0x6b, 0xa5, 0x69, 0xb6, 0x2d, 
	0xbe, 0x31, 0xce, 0x75, 0xc6, 0x33, 0xbd, 0xf1, 
	0xce, 0x73, 0xbe, 0x31, 0xc6, 0x33, 0xc6, 0x31, 
	0xc5, 0xef, 0xb5, 0x6b, 0xad, 0x69, 0xa5, 0x6b, 
	0xb5, 0xab, 0xc6, 0x2f, 0xc6, 0x31, 0xc5, 0xef, 
	0xb5, 0x6d, 0xa5, 0x69, 0xa5, 0x69, 0xa5, 0x69, 
	0xa5, 0x29, 0x9c, 0xa7, 0xa5, 0x2b, 0xb5, 0xef, 
	0xc6, 0x2f, 0xbd, 0xef, 0xb5, 0xaf, 0xad, 0x6d, 
	0x9c, 0xe7, 0xa5, 0x29, 0xb5, 0xed, 0xc6, 0x71, 
	0xc5, 0xf1, 0xcd, 0xf3, 0xce, 0x33, 0xc6, 0x31, 
	0xd6, 0xb3, 0xce, 0x33, 0xce, 0x33, 0xc6, 0x31, 
	0xce, 0x31, 0xce, 0x71, 0xce, 0x6f, 0xb5, 0xed, 
	0xb5, 0x6b, 0xb5, 0x69, 0xa5, 0x29, 0xac, 0xeb, 
	0xa5, 0x2b, 0xb5, 0xad, 0xbe, 0x2d, 0xbe, 0x2f, 
	0xbd, 0xf1, 0xad, 0x6d, 0x9d, 0x2b, 0x9d, 0x2b, 
	0xa5, 0x2b, 0x9c, 0xe9, 0x9c, 0xe9, 0xad, 0xab, 
	0xb5, 0xad, 0xbe, 0x31, 0xce, 0x75, 0xce, 0xb5, 
	0xc6, 0x33, 0xce, 0x33, 0xc6, 0x33, 0xc6, 0x31, 
	0xc6, 0x71, 0xce, 0x31, 0xce, 0x31, 0xc6, 0x31, 
	0xc6, 0x33, 0xce, 0x33, 0xce, 0x71, 0xce, 0x31, 
	0xc6, 0x2f, 0xc5, 0xed, 0xa5, 0x27, 0xb5, 0x6d, 
	0xb5, 0xad, 0xc5, 0xef, 0xc6, 0x2f, 0xbe, 0x2f, 
	0xc6, 0x33, 0xbe, 0x31, 0xb5, 0xef, 0xad, 0xad, 
	0xa5, 0x2b, 0x9c, 0xa7, 0xad, 0x2b, 0xbd, 0xef, 
	0xc6, 0x31, 0xbe, 0x33, 0xc6, 0x73, 0xce, 0xb5, 
	0xce, 0xb5, 0xce, 0x75, 0xbd, 0xf3, 0xb6, 0x2f, 
	0xbe, 0x31, 0xc6, 0x31, 0xce, 0x31, 0xce, 0x71, 
	0xce, 0x73, 0xc6, 0x33, 0xbe, 0x31, 0xc6, 0x73, 
	0xce, 0x73, 0xc6, 0x71, 0xa5, 0x69, 0xc5, 0xef, 
	0xce, 0x73, 0xce, 0x73, 0xce, 0x73, 0xc6, 0x31, 
	0xc6, 0x33, 0xce, 0x73, 0xc6, 0x73, 0xc6, 0x31, 
	0xb5, 0xaf, 0xa5, 0x2b, 0xbd, 0xaf, 0xc6, 0x71, 
	0xc6, 0x31, 0xbe, 0x6f, 0xbe, 0x71, 0xc6, 0x71, 
	0xce, 0x73, 0xce, 0x73, 0xbe, 0x33, 0xb6, 0x31, 
	0xce, 0x71, 0xce, 0x31, 0xce, 0x31, 0xce, 0x71, 
	0xd6, 0xb3, 0xce, 0x31, 0xb5, 0xed, 0xc6, 0x2f, 
	0xce, 0x33, 0xc6, 0x31, 0xa5, 0x69, 0xc6, 0x2f, 
	0xce, 0xb1, 0xce, 0x75, 0xce, 0x77, 0xce, 0x33, 
	0xc6, 0x2f, 0xc6, 0x71, 0xce, 0x71, 0xce, 0x71, 
	0xbe, 0x2f, 0xa5, 0x29, 0xbd, 0xef, 0xce, 0x33, 
	0xce, 0x31, 0xc6, 0x71, 0xbe, 0x71, 0xbe, 0x31, 
	0xc6, 0x31, 0xce, 0x73, 0xce, 0x75, 0xc6, 0x31, 
	0xd6, 0xb1, 0xce, 0x71, 0xc6, 0x31, 0xce, 0x31, 
	0xd6, 0xb5, 0xce, 0x35, 0xc6, 0x33, 0xc6, 0x71, 
	0xc6, 0x31, 0xbd, 0xad, 0xa5, 0x29, 0xc5, 0xef, 
	0xce, 0x71, 0xc6, 0x31, 0xce, 0x33, 0xce, 0x73, 
	0xc6, 0x2d, 0xc5, 0xef, 0xc5, 0xf1, 0xc5, 0xf1, 
	0xb5, 0xad, 0xa4, 0xe7, 0xbd, 0xed, 0xce, 0x31, 
	0xce, 0x31, 0xce, 0x73, 0xc6, 0x73, 0xc6, 0x33, 
	0xce, 0x33, 0xd6, 0x77, 0xd6, 0xb7, 0xce, 0xb5, 
	0xce, 0x71, 0xce, 0x73, 0xc6, 0x73, 0xc6, 0x73, 
	0xce, 0x75, 0xce, 0x35, 0xce, 0x73, 0xce, 0x71, 
	0xbd, 0xf1, 0xad, 0x6d, 0x9c, 0xe9, 0xbd, 0xed, 
	0xce, 0x71, 0xce, 0x31, 0xc6, 0x2f, 0xc6, 0x31, 
	0xce, 0x71, 0xc6, 0x71, 0xbe, 0x31, 0xb5, 0xf1, 
	0xad, 0x6d, 0x9d, 0x29, 0xbe, 0x31, 0xce, 0x31, 
	0xc5, 0xed, 0xc6, 0x2f, 0xc6, 0x33, 0xc6, 0x35, 
	0xce, 0x35, 0xce, 0x35, 0xce, 0x73, 0xc6, 0x33, 
	0xb5, 0xad, 0xc5, 0xf1, 0xb6, 0x2f, 0xbe, 0x2f, 
	0xce, 0x73, 0xce, 0x33, 0xce, 0x73, 0xce, 0x31, 
	0xbd, 0xf1, 0xad, 0x6b, 0xa5, 0x69, 0xbe, 0x2d, 
	0xce, 0x31, 0xce, 0x31, 0xc5, 0xef, 0xbd, 0xef, 
	0xce, 0x33, 0xce, 0x73, 0xce, 0x73, 0xc6, 0x31, 
	0xbd, 0xef, 0xad, 0x6d, 0xbd, 0xf1, 0xc6, 0x31, 
	0xbd, 0xed, 0xb5, 0xef, 0xbd, 0xf1, 0xc5, 0xf1, 
	0xc5, 0xb1, 0xbd, 0xb1, 0xb5, 0xef, 0xad, 0xad, 
	0xb5, 0x6d, 0xbd, 0x6f, 0xbd, 0xed, 0xc6, 0x2d, 
	0xce, 0x33, 0xce, 0x33, 0xce, 0x33, 0xbd, 0xaf, 
	0xad, 0x2b, 0xa5, 0x29, 0xb5, 0xab, 0xc6, 0x2f, 
	0xce, 0x31, 0xce, 0x73, 0xce, 0x31, 0xbd, 0xef, 
	0xbd, 0xef, 0xce, 0x31, 0xce, 0x33, 0xce, 0x33, 
	0xc5, 0xf3, 0xbd, 0xaf, 0xb5, 0x6d, 0xbd, 0xab, 
	0xbd, 0xab, 0xc6, 0x2f, 0xc5, 0xf1, 0xc6, 0x31, 
	0xbd, 0xaf, 0xbd, 0xaf, 0xad, 0xad, 0xa5, 0x6b, 
	0xbd, 0xb1, 0xbd, 0xb1, 0xb5, 0x6b, 0xad, 0x69, 
	0xad, 0x2b, 0xb5, 0x6b, 0xb5, 0xab, 0xb5, 0x6b, 
	0xb5, 0x6d, 0xb5, 0xad, 0xc5, 0xef, 0xc6, 0x2f, 
	0xc5, 0xef, 0xc6, 0x31, 0xce, 0x71, 0xc6, 0x31, 
	0xb6, 0x2d, 0xc6, 0x31, 0xce, 0x31, 0xc6, 0x31, 
	0xbd, 0xf1, 0xbd, 0xb1, 0xbd, 0xef, 0xbd, 0xed, 
	0xbd, 0xab, 0xbd, 0xab, 0xad, 0xab, 0xad, 0xa9, 
	0xad, 0x29, 0xb5, 0x6d, 0xb5, 0xef, 0xb5, 0xef, 
	0xce, 0x33, 0xc6, 0x31, 0xbd, 0xef, 0xad, 0xad, 
	0xa5, 0x29, 0xa5, 0x27, 0xb5, 0xeb, 0xb6, 0x2d, 
	0xbe, 0x31, 0xc6, 0x31, 0xce, 0x71, 0xce, 0x71, 
	0xce, 0x31, 0xc6, 0x33, 0xce, 0x73, 0xc6, 0x73, 
	0xc6, 0x73, 0xce, 0x73, 0xc6, 0x73, 0xc6, 0x31, 
	0xc5, 0xf1, 0xc6, 0x33, 0xce, 0x73, 0xce, 0x71, 
	0xc6, 0x2f, 0xb5, 0xab, 0x9d, 0x27, 0xa5, 0x67, 
	0xb5, 0x69, 0xbd, 0xad, 0xce, 0x33, 0xc6, 0x33, 
	0xce, 0x75, 0xce, 0x73, 0xc6, 0x31, 0xbe, 0x31, 
	0xad, 0xab, 0x9c, 0xe5, 0xb5, 0xeb, 0xbe, 0x2f, 
	0xc6, 0x33, 0xce, 0x73, 0xce, 0xb3, 0xce, 0xb5, 
	0xce, 0x73, 0xc6, 0x73, 0xbe, 0x2f, 0xbd, 0xef, 
	0xc6, 0x71, 0xc6, 0x71, 0xc6, 0x71, 0xc6, 0x31, 
	0xbd, 0xef, 0xbd, 0xef, 0xce, 0x31, 0xce, 0x73, 
	0xc6, 0x31, 0xbe, 0x2f, 0xad, 0xa9, 0xbe, 0x2d, 
	0xc6, 0x31, 0xc6, 0x31, 0xce, 0x33, 0xce, 0x33, 
	0xc6, 0x33, 0xce, 0x33, 0xc5, 0xf1, 0xce, 0x33, 
	0xbd, 0xef, 0xa4, 0xe7, 0xbd, 0xef, 0xce, 0x73, 
	0xce, 0x71, 0xce, 0x71, 0xc6, 0x6f, 0xc6, 0x73, 
	0xc6, 0x73, 0xc6, 0x71, 0xc6, 0x71, 0xc6, 0x2f, 
	0xc6, 0x31, 0xc6, 0x31, 0xc6, 0x31, 0xc6, 0x31, 
	0xc6, 0x2d, 0xc6, 0x2f, 0xbd, 0xf1, 0xbe, 0x31, 
	0xc6, 0x31, 0xc6, 0x2f, 0xb5, 0xed, 0xc6, 0x71, 
	0xce, 0x71, 0xc6, 0x31, 0xc6, 0x31, 0xbe, 0x2f, 
	0xbd, 0xf1, 0xc6, 0x31, 0xc5, 0xf1, 0xce, 0x33, 
	0xb5, 0xb1, 0x94, 0xa7, 0xb5, 0xad, 0xce, 0x31, 
	0xc6, 0x31, 0xc6, 0x71, 0xc6, 0x71, 0xc6, 0x71, 
	0xc6, 0x71, 0xce, 0x73, 0xce, 0xb3, 0xce, 0x6f, 
	0xce, 0x73, 0xce, 0x73, 0xce, 0x75, 0xce, 0x75, 
	0xce, 0x73, 0xce, 0x73, 0xc6, 0x31, 0xb5, 0xef, 
	0xc6, 0x31, 0xbd, 0xf1, 0xad, 0xad, 0xc6, 0x71, 
	0xce, 0x71, 0xc6, 0x31, 0xc6, 0x73, 0xc6, 0x73, 
	0xc6, 0x31, 0xc6, 0x31, 0xb5, 0xef, 0xbd, 0xf1, 
	0xb5, 0x6f, 0x9c, 0x67, 0xb5, 0x6d, 0xc5, 0xf1, 
	0xc6, 0x2f, 0xce, 0x73, 0xce, 0x73, 0xce, 0x73, 
	0xce, 0xb3, 0xce, 0xb5, 0xce, 0x73, 0xce, 0x71, 
	0xce, 0xf5, 0xc6, 0xb5, 0xc6, 0x75, 0xc6, 0x73, 
	0xce, 0x73, 0xce, 0xb3, 0xce, 0x71, 0xce, 0x31, 
	0xd6, 0xb1, 0xc6, 0x2f, 0xb5, 0xab, 0xc6, 0x2f, 
	0xc6, 0x31, 0xbe, 0x31, 0xc6, 0x73, 0xce, 0x73, 
	0xce, 0xb3, 0xc6, 0x73, 0xb5, 0xef, 0xbd, 0xef, 
	0xbd, 0xb1, 0xa4, 0xe9, 0xbd, 0xaf, 0xbd, 0xf1, 
	0xbd, 0xed, 0xc5, 0xef, 0xce, 0x31, 0xc6, 0x31, 
	0xce, 0x71, 0xc6, 0x73, 0xbd, 0xef, 0xb5, 0xed, 
	0xbe, 0x71, 0xc6, 0x73, 0xce, 0x73, 0xce, 0x73, 
	0xce, 0x73, 0xd6, 0x71, 0xd6, 0x71, 0xce, 0x31, 
	0xce, 0x6f, 0xbd, 0xeb, 0xad, 0x69, 0xbe, 0x2d, 
	0xce, 0x31, 0xce, 0x31, 0xc5, 0xf1, 0xc6, 0x31, 
	0xd6, 0xb3, 0xd6, 0xb3, 0xc6, 0x73, 0xc6, 0x31, 
	0xbd, 0xf1, 0xa5, 0x2b, 0xad, 0x6b, 0xad, 0x6d, 
	0xb5, 0x6d, 0xb5, 0xad, 0xbd, 0xaf, 0xb5, 0xad, 
	0xad, 0x6b, 0xb5, 0xad, 0xad, 0x6b, 0xa5, 0x29, 
	0x9d, 0x29, 0xa5, 0x6d, 0xad, 0xaf, 0xbd, 0xef, 
	0xc6, 0x31, 0xce, 0x71, 0xc6, 0x2f, 0xbd, 0xef, 
	0xb5, 0xad, 0xb5, 0x6b, 0xad, 0x69, 0xb5, 0xed, 
	0xce, 0x31, 0xce, 0x73, 0xc6, 0x2f, 0xc5, 0xed, 
	0xd6, 0x73, 0xd6, 0xb3, 0xce, 0x73, 0xc6, 0x33, 
	0xc6, 0x31, 0xbe, 0x2f, 0xb5, 0xed, 0xa5, 0x6b, 
	0xa5, 0x6b, 0xb5, 0xed, 0xb5, 0xef, 0xb5, 0xaf, 
	0xa5, 0x2b, 0xb5, 0x6d, 0xb5, 0xef, 0xbd, 0xef, 
	0xb5, 0xad, 0xa5, 0x6b, 0x9d, 0x29, 0xa5, 0x69, 
	0xb5, 0xab, 0xbe, 0x2d, 0xbd, 0xed, 0xa5, 0x2b, 
	0xa5, 0x6b, 0xbd, 0xaf, 0xc6, 0x31, 0xc6, 0x31, 
	0xce, 0x73, 0xd6, 0x73, 0xc6, 0x31, 0xbd, 0xed, 
	0xc6, 0x31, 0xce, 0x73, 0xce, 0x33, 0xbd, 0xf1, 
	0xbd, 0xf1, 0xc6, 0x31, 0xc6, 0x2f, 0xb6, 0x2d, 
	0xad, 0xeb, 0xa5, 0xa9, 0x9c, 0xe7, 0xa5, 0x29, 
	0xad, 0x6b, 0xbd, 0xf1, 0xc6, 0x33, 0xc5, 0xb1, 
	0xc5, 0xef, 0xc6, 0x2f, 0xb5, 0xed, 0xa5, 0x69, 
	0x9d, 0x27, 0x9d, 0x27, 0xad, 0xab, 0xad, 0x6d, 
	0xad, 0xad, 0xc6, 0x2f, 0xce, 0x71, 0xc6, 0x31, 
	0xc6, 0x31, 0xbe, 0x31, 0xbe, 0x31, 0xbd, 0xed, 
	0xd6, 0xb1, 0xd6, 0x71, 0xce, 0x73, 0xbe, 0x31, 
	0xc6, 0x33, 0xce, 0x35, 0xc6, 0x33, 0xbe, 0x73, 
	0xbe, 0x31, 0xad, 0xad, 0x9c, 0xe9, 0xb5, 0x6d, 
	0xb5, 0xef, 0xbe, 0x33, 0xc6, 0x73, 0xc6, 0x31, 
	0xbe, 0x31, 0xce, 0x73, 0xc6, 0x73, 0xc6, 0x31, 
	0xb5, 0xef, 0x9d, 0x29, 0xb5, 0xed, 0xbe, 0x31, 
	0xbe, 0x2f, 0xc6, 0x71, 0xce, 0x73, 0xce, 0x33, 
	0xc6, 0x33, 0xc6, 0x73, 0xce, 0xb3, 0xce, 0x73, 
	0xd6, 0x73, 0xce, 0x71, 0xc6, 0x71, 0xbe, 0x71, 
	0xbe, 0x71, 0xc6, 0x33, 0xc5, 0xf1, 0xc6, 0x33, 
	0xc6, 0x33, 0xbe, 0x31, 0xad, 0xad, 0xc6, 0x31, 
	0xc6, 0x73, 0xce, 0x73, 0xc6, 0x73, 0xbe, 0x2f, 
	0xbe, 0x31, 0xc6, 0x71, 0xc6, 0x71, 0xc6, 0x31, 
	0xb6, 0x31, 0x9d, 0x27, 0xbd, 0xad, 0xce, 0x31, 
	0xc6, 0x73, 0xc6, 0x33, 0xc6, 0x73, 0xce, 0x73, 
	0xce, 0x73, 0xc6, 0x73, 0xce, 0x73, 0xce, 0x71, 
	0xbe, 0x31, 0xc6, 0x31, 0xc6, 0x71, 0xce, 0x73, 
	0xce, 0x73, 0xc6, 0x71, 0xc6, 0x31, 0xce, 0x33, 
	0xce, 0x71, 0xc6, 0x6f, 0xb5, 0xab, 0xc6, 0x31, 
	0xce, 0x71, 0xd6, 0x73, 0xc6, 0x31, 0xb5, 0xab, 
	0xb5, 0xeb, 0xc6, 0x2f, 0xc6, 0x33, 0xc6, 0x33, 
	0xb5, 0xef, 0x9c, 0xe7, 0xc5, 0xad, 0xce, 0x71, 
	0xc6, 0x73, 0xbd, 0xf1, 0xbd, 0xf1, 0xc6, 0x33, 
	0xce, 0x73, 0xce, 0x75, 0xc6, 0x33, 0xbe, 0x31, 
	0xce, 0x33, 0xce, 0x73, 0xce, 0x71, 0xce, 0x73, 
	0xce, 0x73, 0xc6, 0x73, 0xbe, 0x31, 0xc6, 0x31, 
	0xbe, 0x31, 0xb5, 0xed, 0xa5, 0x69, 0xbd, 0xef, 
	0xce, 0x73, 0xd6, 0xb5, 0xce, 0xb5, 0xc6, 0x31, 
	0xbe, 0x2d, 0xbe, 0x31, 0xc6, 0x33, 0xce, 0x73, 
	0xb5, 0xad, 0x94, 0xa7, 0xb5, 0x6d, 0xce, 0x33, 
	0xce, 0x33, 0xc6, 0x31, 0xc6, 0x33, 0xbe, 0x33, 
	0xc6, 0x33, 0xce, 0x75, 0xce, 0x35, 0xc6, 0x31, 
	0xce, 0xb3, 0xce, 0xb3, 0xc6, 0x31, 0xce, 0x31, 
	0xd6, 0x73, 0xd6, 0x73, 0xce, 0x73, 0xc6, 0x73, 
	0xbe, 0x31, 0xad, 0xed, 0xa5, 0x6b, 0xc5, 0xb1, 
	0xce, 0x31, 0xce, 0x73, 0xce, 0xb5, 0xce, 0x73, 
	0xbe, 0x2f, 0xbe, 0x71, 0xbe, 0x33, 0xce, 0x75, 
	0xbe, 0x31, 0x9c, 0xe9, 0xb5, 0x6b, 0xcd, 0xef, 
	0xce, 0x31, 0xce, 0x71, 0xce, 0xb3, 0xc6, 0x73, 
	0xce, 0x75, 0xce, 0xb5, 0xce, 0xb5, 0xce, 0xb3, 
	0xbe, 0x2d, 0xbe, 0x2f, 0xbe, 0x31, 0xc6, 0x31, 
	0xce, 0x73, 0xce, 0x73, 0xc6, 0x31, 0xbe, 0x31, 
	0xb5, 0xaf, 0xad, 0x2b, 0xad, 0x6d, 0xc5, 0xf1, 
	0xc6, 0x31, 0xc6, 0x31, 0xc6, 0x2f, 0xc6, 0x2f, 
	0xc6, 0x2f, 0xbe, 0x6f, 0xbe, 0x2d, 0xc6, 0x31, 
	0xb5, 0xef, 0x9d, 0x29, 0xa4, 0xe7, 0xb5, 0x6b, 
	0xb5, 0xad, 0xbe, 0x2f, 0xce, 0x73, 0xc6, 0x71, 
	0xc6, 0x33, 0xc6, 0x31, 0xbd, 0xf1, 0xb5, 0xab, 
	0xbe, 0x31, 0xb6, 0x2f, 0xad, 0xed, 0xad, 0xad, 
	0xc6, 0x31, 0xc5, 0xef, 0xb5, 0xad, 0xa5, 0x6b, 
	0xa5, 0x29, 0xb5, 0x69, 0xb5, 0xab, 0xbd, 0xef, 
	0xbe, 0x71, 0xc6, 0x73, 0xb5, 0xef, 0xb5, 0xed, 
	0xce, 0x73, 0xd6, 0xb3, 0xce, 0x73, 0xce, 0x33, 
	0xc6, 0x73, 0xb5, 0xaf, 0xa5, 0x29, 0xac, 0xe7, 
	0xad, 0x27, 0xb5, 0x6b, 0xbd, 0xad, 0xb5, 0xab, 
	0xad, 0xab, 0xad, 0xab, 0xad, 0xab, 0xad, 0xad, 
	0xce, 0x75, 0xce, 0x73, 0xb5, 0xed, 0xa5, 0x2b, 
	0xa5, 0x6b, 0xa4, 0xe7, 0xa4, 0xa9, 0xad, 0x2d, 
	0xbd, 0xaf, 0xc6, 0x2f, 0xbd, 0xef, 0xbd, 0xef, 
	0xc6, 0x33, 0xce, 0x73, 0xbd, 0xf1, 0xb5, 0xef, 
	0xce, 0x31, 0xce, 0x73, 0xce, 0x33, 0xd6, 0x33, 
	0xd6, 0x75, 0xd6, 0x75, 0xcd, 0xf1, 0xbd, 0xad, 
	0xa5, 0x29, 0x9c, 0xe5, 0xa4, 0xa3, 0xad, 0x27, 
	0xa5, 0x6b, 0xb6, 0x2f, 0xbe, 0x2f, 0xbd, 0xf1, 
	0xce, 0x35, 0xd6, 0x73, 0xc6, 0x2f, 0xb5, 0xef, 
	0xad, 0xef, 0xa4, 0xe7, 0xad, 0x2d, 0xb5, 0xf1, 
	0xbd, 0xf1, 0xb5, 0xad, 0xb5, 0xaf, 0xbe, 0x2f, 
	0xb6, 0x6f, 0xc6, 0x6f, 0xc6, 0x6f, 0xb5, 0xed, 
	0xb5, 0xef, 0xc5, 0xf1, 0xc5, 0xf1, 0xce, 0x31, 
	0xce, 0xb3, 0xde, 0xb7, 0xde, 0xb7, 0xce, 0x73, 
	0xad, 0xed, 0x9d, 0x69, 0x8c, 0x63, 0xad, 0x29, 
	0xb5, 0x6d, 0xc6, 0x73, 0xc6, 0x71, 0xb5, 0xaf, 
	
};

Gfx castle_grounds_dl_castle_grounds_textures_07800_rgba16_rgba16_aligner[] = {gsSPEndDisplayList()};
u8 castle_grounds_dl_castle_grounds_textures_07800_rgba16_rgba16[] = {
	0xea, 0xc1, 0xfb, 0x0b, 0xfb, 0x55, 0xfb, 0x55, 
	0xf3, 0x95, 0xf3, 0x51, 0xfa, 0x47, 0xd2, 0x01, 
	0x99, 0x81, 0x88, 0x81, 0x80, 0x81, 0x88, 0xc1, 
	0x91, 0x41, 0xa1, 0x81, 0xaa, 0x01, 0xba, 0x81, 
	0xea, 0xc1, 0xfb, 0x0d, 0xfb, 0x13, 0xfb, 0x15, 
	0xf3, 0x95, 0xf3, 0x4f, 0xfa, 0x45, 0xd2, 0x01, 
	0x99, 0x81, 0x80, 0x81, 0x80, 0x81, 0x91, 0x01, 
	0x99, 0x41, 0xa1, 0xc1, 0xaa, 0x41, 0xba, 0x81, 
	0xea, 0xc1, 0xfb, 0x0b, 0xfb, 0x55, 0xfb, 0x55, 
	0xf3, 0x93, 0xf3, 0x4f, 0xfa, 0x45, 0xd2, 0x01, 
	0x99, 0x81, 0x88, 0x81, 0x80, 0x81, 0x88, 0xc1, 
	0x91, 0x41, 0xa1, 0x81, 0xaa, 0x01, 0xba, 0x81, 
	0xea, 0xc1, 0xfb, 0x0b, 0xfb, 0x15, 0xfb, 0x55, 
	0xf3, 0x95, 0xf3, 0x4f, 0xfa, 0x45, 0xd2, 0x01, 
	0x99, 0x41, 0x88, 0x81, 0x80, 0x81, 0x89, 0x01, 
	0x99, 0x41, 0xa1, 0xc1, 0xaa, 0x41, 0xba, 0x81, 
	0xe2, 0xc1, 0xfb, 0x07, 0xfb, 0x11, 0xfb, 0x11, 
	0xf3, 0x0d, 0xf2, 0x85, 0xea, 0x41, 0xba, 0x01, 
	0xa1, 0x81, 0x90, 0xc1, 0x88, 0xc1, 0x90, 0xc1, 
	0x91, 0x01, 0x99, 0x81, 0xa1, 0xc1, 0xb2, 0x41, 
	0xe2, 0xc1, 0xfa, 0xcb, 0xfb, 0x13, 0xfb, 0x15, 
	0xf3, 0x51, 0xf2, 0xcb, 0xea, 0x41, 0xba, 0x01, 
	0xa1, 0x81, 0x90, 0xc1, 0x90, 0xc1, 0x91, 0x01, 
	0x91, 0x01, 0x99, 0x81, 0xaa, 0x01, 0xb2, 0x81, 
	0xe2, 0x81, 0xfb, 0x09, 0xfb, 0x0f, 0xfb, 0x0d, 
	0xf2, 0x85, 0xd2, 0x43, 0xb2, 0x41, 0xaa, 0x01, 
	0xaa, 0x01, 0xa1, 0xc5, 0x99, 0x87, 0x99, 0x03, 
	0x90, 0xc1, 0x89, 0x01, 0x99, 0x41, 0xaa, 0x01, 
	0xd2, 0xc1, 0xfb, 0x09, 0xfb, 0x11, 0xfa, 0xcd, 
	0xe2, 0x03, 0xa9, 0xc3, 0x99, 0xc1, 0x92, 0x01, 
	0xaa, 0x01, 0xa1, 0xc5, 0x99, 0x87, 0x99, 0x03, 
	0x88, 0xc1, 0x91, 0x01, 0x99, 0x81, 0xb2, 0x01, 
	0xf2, 0xc1, 0xfb, 0x0b, 0xfb, 0x0f, 0xfa, 0x89, 
	0xe2, 0x01, 0xba, 0x01, 0xaa, 0x01, 0xb2, 0x41, 
	0xd2, 0x81, 0xfa, 0x43, 0xc1, 0xc9, 0x91, 0x89, 
	0x90, 0xc1, 0x88, 0xc1, 0x91, 0x41, 0xaa, 0x01, 
	0xf2, 0xc1, 0xfb, 0x0f, 0xf3, 0x51, 0xfa, 0x43, 
	0xb1, 0x81, 0xa1, 0x81, 0xa2, 0x01, 0xb2, 0x81, 
	0xda, 0xc1, 0xfa, 0x41, 0xb9, 0xc9, 0x99, 0x87, 
	0x90, 0xc1, 0x91, 0x01, 0x99, 0x81, 0xba, 0x01, 
	0xfa, 0xc1, 0xfb, 0x0b, 0xfa, 0xcb, 0xfa, 0x03, 
	0xc1, 0xc1, 0xa9, 0xc1, 0xaa, 0x41, 0xc2, 0x81, 
	0xea, 0xc1, 0xfa, 0x43, 0xd9, 0xcb, 0x89, 0x8b, 
	0x98, 0xc3, 0x88, 0xc1, 0x99, 0x41, 0xb2, 0x41, 
	0xfa, 0xc1, 0xfb, 0x51, 0xf3, 0x4f, 0xea, 0x41, 
	0xa1, 0x41, 0xa1, 0x81, 0xaa, 0x01, 0xba, 0x81, 
	0xe2, 0xc1, 0xfa, 0xc7, 0xd1, 0xc9, 0x91, 0x89, 
	0x91, 0x03, 0x91, 0x01, 0x99, 0x81, 0xba, 0x01, 
	0xfa, 0x81, 0xfa, 0xc9, 0xfa, 0x45, 0xd1, 0xc1, 
	0xb1, 0x81, 0xa1, 0xc1, 0xaa, 0x41, 0xc2, 0x81, 
	0xea, 0xc1, 0xfa, 0x85, 0xe2, 0x0b, 0x91, 0x8b, 
	0x91, 0x03, 0x88, 0xc1, 0x99, 0x41, 0xb2, 0x01, 
	0xfa, 0xc3, 0xfb, 0x11, 0xf3, 0x0d, 0xda, 0x01, 
	0xa1, 0x41, 0xa1, 0x81, 0xaa, 0x01, 0xba, 0x81, 
	0xe2, 0xc1, 0xfa, 0xc7, 0xd9, 0xcb, 0x99, 0x8b, 
	0x99, 0x45, 0x99, 0x01, 0xa1, 0x81, 0xc2, 0x01, 
	0xe2, 0x01, 0xe9, 0xc3, 0xd1, 0x83, 0xb1, 0x81, 
	0xa1, 0x81, 0xa1, 0xc1, 0xaa, 0x41, 0xc2, 0x81, 
	0xea, 0xc1, 0xfa, 0xc5, 0xea, 0x4b, 0xa9, 0xcd, 
	0x91, 0x89, 0x89, 0x05, 0x99, 0x01, 0xb1, 0xc1, 
	0xfa, 0x01, 0xf2, 0x49, 0xc9, 0x85, 0xa9, 0x41, 
	0x99, 0x41, 0xa1, 0x81, 0xaa, 0x01, 0xba, 0x81, 
	0xe2, 0xc1, 0xfa, 0xc9, 0xea, 0x4d, 0xd1, 0xc9, 
	0xa9, 0x89, 0xa1, 0x85, 0xa1, 0x81, 0xb9, 0xc1, 
	0xb1, 0xc3, 0xa9, 0x43, 0xa1, 0x01, 0x99, 0x01, 
	0x99, 0x41, 0xa1, 0xc1, 0xaa, 0x01, 0xc2, 0x81, 
	0xea, 0xc1, 0xfa, 0xc7, 0xfa, 0x8d, 0xea, 0xd3, 
	0xd2, 0x8d, 0xba, 0x09, 0xa9, 0x87, 0xa1, 0x83, 
	0xa9, 0x83, 0xa0, 0xc3, 0x90, 0x81, 0x90, 0xc1, 
	0x91, 0x41, 0xa1, 0x81, 0xaa, 0x01, 0xba, 0x81, 
	0xe2, 0xc1, 0xfa, 0xc9, 0xfb, 0x13, 0xea, 0x8f, 
	0xda, 0x0b, 0xc1, 0xc9, 0xb9, 0xc5, 0xb1, 0xc3, 
	0xa1, 0x41, 0x99, 0x01, 0x90, 0xc1, 0x91, 0x01, 
	0x99, 0x41, 0x99, 0x81, 0xaa, 0x01, 0xba, 0x81, 
	0xea, 0xc1, 0xfa, 0xc7, 0xfb, 0x11, 0xfb, 0x55, 
	0xeb, 0x53, 0xeb, 0x0d, 0xf2, 0x03, 0xca, 0x01, 
	0x99, 0x41, 0x88, 0xc1, 0x80, 0x81, 0x88, 0xc1, 
	0x91, 0x41, 0x99, 0x81, 0xaa, 0x01, 0xba, 0x81, 
	0xda, 0xc1, 0xfb, 0x09, 0xfb, 0x13, 0xfb, 0x11, 
	0xea, 0xcf, 0xe2, 0x47, 0xd2, 0x05, 0xb1, 0xc3, 
	0xa9, 0x81, 0x99, 0x43, 0x91, 0x03, 0x91, 0x01, 
	0x91, 0x01, 0x99, 0x41, 0xa1, 0xc1, 0xba, 0x41, 
	0xe2, 0x81, 0xfb, 0x07, 0xfb, 0x0f, 0xfb, 0x11, 
	0xea, 0x89, 0xca, 0x45, 0xc2, 0x43, 0xc2, 0x41, 
	0xa1, 0x81, 0x89, 0x03, 0x88, 0xc5, 0x98, 0xc3, 
	0x91, 0x01, 0x91, 0x41, 0xa1, 0xc1, 0xb2, 0x41, 
	0xd2, 0xc1, 0xfa, 0xc7, 0xfb, 0x13, 0xfb, 0x0f, 
	0xf2, 0x89, 0xe2, 0x43, 0xca, 0x43, 0xb2, 0x01, 
	0xca, 0x41, 0xc2, 0x03, 0xa1, 0x87, 0x99, 0x45, 
	0x91, 0x01, 0x91, 0x01, 0x99, 0x81, 0xba, 0x01, 
	0xea, 0x81, 0xfb, 0x09, 0xfb, 0x0f, 0xfa, 0xcd, 
	0xd9, 0xc3, 0xb1, 0xc1, 0xaa, 0x01, 0xba, 0x81, 
	0xd2, 0x81, 0xd2, 0x05, 0xa1, 0xc9, 0x91, 0x47, 
	0x90, 0xc1, 0x88, 0xc1, 0x99, 0x41, 0xaa, 0x01, 
	0xe2, 0x81, 0xfb, 0x0d, 0xfb, 0x51, 0xfa, 0x8b, 
	0xea, 0x43, 0xc2, 0x41, 0xb2, 0x41, 0xba, 0x41, 
	0xe2, 0xc1, 0xf2, 0x41, 0xb9, 0xc9, 0x99, 0x87, 
	0x91, 0x03, 0x91, 0x01, 0x99, 0x81, 0xba, 0x01, 
	0xf2, 0x81, 0xfb, 0x0b, 0xfa, 0xcd, 0xfa, 0x47, 
	0xb9, 0xc3, 0xa1, 0xc1, 0xaa, 0x01, 0xb2, 0x81, 
	0xea, 0xc1, 0xfa, 0x87, 0xc9, 0xcb, 0x89, 0x89, 
	0x90, 0xc1, 0x88, 0xc1, 0x99, 0x41, 0xb2, 0x41, 
	0xf2, 0xc1, 0xfb, 0x0f, 0xfb, 0x51, 0xfa, 0x45, 
	0xd2, 0x01, 0xb2, 0x01, 0xaa, 0x41, 0xba, 0x81, 
	0xea, 0xc1, 0xfa, 0x43, 0xd1, 0xc7, 0x99, 0x89, 
	0x91, 0x03, 0x99, 0x01, 0x99, 0x81, 0xc2, 0x41, 
	0xfa, 0x81, 0xfa, 0xc9, 0xfa, 0xcd, 0xf2, 0x01, 
	0xa9, 0x41, 0xa1, 0x81, 0xaa, 0x01, 0xb2, 0x81, 
	0xea, 0xc1, 0xfa, 0xc9, 0xd9, 0xcb, 0x89, 0x8b, 
	0x98, 0xc3, 0x90, 0xc1, 0x99, 0x41, 0xb2, 0x41, 
	0xfa, 0xc1, 0xfb, 0x0f, 0xfa, 0xcd, 0xfa, 0x01, 
	0xb9, 0xc1, 0xa9, 0xc1, 0xaa, 0x01, 0xba, 0x81, 
	0xea, 0xc1, 0xfa, 0x85, 0xe2, 0x09, 0xb1, 0x8b, 
	0x99, 0x47, 0x91, 0x03, 0xa1, 0x41, 0xba, 0x01, 
	0xea, 0x41, 0xfa, 0x03, 0xe9, 0xc3, 0xb9, 0x83, 
	0x99, 0x41, 0xa1, 0x81, 0xaa, 0x01, 0xb2, 0x81, 
	0xea, 0xc1, 0xfa, 0xc9, 0xe1, 0xcb, 0x91, 0x8b, 
	0x91, 0x05, 0x90, 0xc3, 0x91, 0x41, 0xb2, 0x01, 
	0xf2, 0xc1, 0xfa, 0xcb, 0xf2, 0x05, 0xc9, 0xc1, 
	0xa9, 0x81, 0xa1, 0xc1, 0xaa, 0x01, 0xba, 0x81, 
	0xea, 0xc1, 0xfa, 0xc7, 0xf2, 0x4b, 0xda, 0x0b, 
	0xb9, 0xcb, 0xa9, 0xc7, 0xa9, 0xc5, 0xb9, 0xc3, 
	0xc9, 0xc3, 0xc9, 0x85, 0xa9, 0x03, 0x99, 0x01, 
	0x91, 0x41, 0x99, 0x81, 0xa2, 0x01, 0xb2, 0x81, 
	0xea, 0xc1, 0xfa, 0xcb, 0xfa, 0x8f, 0xd2, 0x0d, 
	0xa2, 0x0b, 0x89, 0x89, 0x91, 0x05, 0xa9, 0x81, 
	0xca, 0x03, 0xc9, 0x85, 0xb1, 0x43, 0xa1, 0x41, 
	0x99, 0x41, 0xa1, 0xc1, 0xaa, 0x01, 0xba, 0x81, 
	0xea, 0xc1, 0xfa, 0xc7, 0xfa, 0xcf, 0xea, 0xd1, 
	0xe2, 0xcf, 0xe2, 0x49, 0xd2, 0x05, 0xc1, 0xc3, 
	0xa9, 0x81, 0x90, 0xc1, 0x88, 0x81, 0x88, 0xc1, 
	0x91, 0x41, 0x99, 0x81, 0xa2, 0x01, 0xb2, 0x81, 
	0xe2, 0xc1, 0xfa, 0xc9, 0xfa, 0xd3, 0xf3, 0x15, 
	0xe3, 0x51, 0xe2, 0xcd, 0xf1, 0xc3, 0xca, 0x01, 
	0xa9, 0x81, 0x90, 0xc1, 0x88, 0x81, 0x89, 0x01, 
	0x91, 0x41, 0xa1, 0xc1, 0xaa, 0x01, 0xba, 0x81, 
	0xe2, 0xc1, 0xfa, 0xc7, 0xfb, 0x0f, 0xfb, 0x13, 
	0xeb, 0x11, 0xea, 0xcb, 0xfa, 0x45, 0xca, 0x01, 
	0x99, 0x41, 0x80, 0x81, 0x80, 0x81, 0x89, 0x01, 
	0x91, 0x41, 0x99, 0x81, 0xa2, 0x01, 0xb2, 0x81, 
	0xe2, 0xc1, 0xfa, 0xc9, 0xfa, 0xd3, 0xfb, 0x15, 
	0xeb, 0x93, 0xeb, 0x0f, 0xfa, 0x43, 0xd2, 0x01, 
	0x99, 0x41, 0x80, 0x81, 0x88, 0x81, 0x89, 0x01, 
	0x91, 0x41, 0xa1, 0xc1, 0xaa, 0x01, 0xb2, 0x81, 
	0xda, 0xc1, 0xfa, 0xc7, 0xfb, 0x11, 0xfb, 0x13, 
	0xf3, 0x0f, 0xe2, 0x45, 0xc2, 0x05, 0xa9, 0xc1, 
	0x91, 0x41, 0x88, 0xc1, 0x88, 0x83, 0x91, 0x01, 
	0x91, 0x01, 0x99, 0x41, 0xa1, 0xc1, 0xb2, 0x41, 
	0xda, 0xc1, 0xfa, 0xc7, 0xfb, 0x11, 0xfb, 0x13, 
	0xeb, 0x0f, 0xea, 0x47, 0xd2, 0x43, 0xb1, 0xc1, 
	0x91, 0x81, 0x88, 0xc1, 0x88, 0xc3, 0x91, 0x01, 
	0x91, 0x01, 0x99, 0x41, 0xa1, 0xc1, 0xaa, 0x41, 
	0xe2, 0xc1, 0xfb, 0x0b, 0xfb, 0x11, 0xfa, 0x89, 
	0xd2, 0x01, 0xa9, 0xc1, 0xa2, 0x01, 0xaa, 0x01, 
	0xb2, 0x41, 0xb2, 0x05, 0x91, 0x89, 0x91, 0x45, 
	0x90, 0xc1, 0x88, 0xc1, 0x99, 0x41, 0xaa, 0x01, 
	0xe2, 0xc1, 0xfa, 0xcb, 0xfb, 0x11, 0xf2, 0x89, 
	0xc9, 0xc3, 0xa9, 0x81, 0xa1, 0xc1, 0xaa, 0x41, 
	0xb2, 0x41, 0xaa, 0x05, 0x91, 0x87, 0x99, 0x45, 
	0x90, 0xc1, 0x89, 0x01, 0x99, 0x81, 0xaa, 0x01, 
	0xfa, 0xc1, 0xfb, 0x0f, 0xfb, 0x51, 0xfa, 0x41, 
	0xa9, 0x81, 0xa1, 0xc1, 0xaa, 0x01, 0xba, 0x81, 
	0xda, 0xc1, 0xfa, 0x83, 0xc1, 0xcb, 0x91, 0x89, 
	0x90, 0xc1, 0x88, 0xc1, 0x91, 0x41, 0xaa, 0x01, 
	0xf2, 0xc1, 0xfb, 0x0f, 0xf3, 0x51, 0xf2, 0x41, 
	0xa9, 0x81, 0x99, 0x81, 0xa2, 0x01, 0xb2, 0x81, 
	0xda, 0xc1, 0xfa, 0x41, 0xb9, 0xc9, 0x91, 0x87, 
	0x90, 0xc1, 0x88, 0xc1, 0x99, 0x81, 0xaa, 0x41, 
	0xfa, 0xc3, 0xfb, 0x51, 0xfb, 0x4f, 0xf2, 0x01, 
	0xa1, 0x81, 0xa1, 0xc1, 0xaa, 0x41, 0xba, 0x81, 
	0xe2, 0xc1, 0xfa, 0xc7, 0xd9, 0xc9, 0x89, 0x89, 
	0x98, 0xc3, 0x88, 0xc1, 0x99, 0x41, 0xb2, 0x41, 
	0xfa, 0xc1, 0xfb, 0x11, 0xf3, 0x0f, 0xe2, 0x41, 
	0xa1, 0x41, 0x99, 0x81, 0xaa, 0x01, 0xb2, 0x81, 
	0xda, 0xc1, 0xfa, 0xc5, 0xca, 0x09, 0x89, 0x89, 
	0x90, 0xc3, 0x88, 0xc1, 0x99, 0x81, 0xaa, 0x41, 
	0xfa, 0xc3, 0xfb, 0x0f, 0xf2, 0xcb, 0xda, 0x01, 
	0xa1, 0x81, 0xa1, 0xc1, 0xaa, 0x41, 0xba, 0x81, 
	0xe2, 0xc1, 0xfa, 0xc7, 0xd9, 0xcb, 0x89, 0x8b, 
	0x91, 0x03, 0x90, 0xc1, 0x99, 0x41, 0xb2, 0x01, 
	0xfa, 0x83, 0xfa, 0xcf, 0xf2, 0xcb, 0xd2, 0x01, 
	0x99, 0x41, 0xa1, 0x81, 0xaa, 0x01, 0xb2, 0x81, 
	0xda, 0xc1, 0xfa, 0x85, 0xda, 0x09, 0x91, 0x8b, 
	0x91, 0x05, 0x90, 0xc1, 0x99, 0x41, 0xaa, 0x01, 
	0xda, 0x43, 0xd9, 0x85, 0xb1, 0x05, 0xa1, 0x01, 
	0x99, 0x41, 0xa1, 0xc1, 0xaa, 0x41, 0xba, 0x81, 
	0xe2, 0xc1, 0xfa, 0xc9, 0xf2, 0x4f, 0xb1, 0xcd, 
	0x99, 0xcb, 0x91, 0x45, 0x99, 0x03, 0xb1, 0x81, 
	0xea, 0x03, 0xe1, 0x85, 0xb1, 0x45, 0x99, 0x01, 
	0x91, 0x41, 0xa1, 0x81, 0xaa, 0x01, 0xb2, 0x81, 
	0xda, 0xc1, 0xfa, 0xc7, 0xf2, 0x4d, 0xc1, 0xcd, 
	0x99, 0xcb, 0x91, 0x47, 0xa1, 0x43, 0xa9, 0x81, 
	0x91, 0x41, 0x90, 0xc1, 0x88, 0x81, 0x89, 0x01, 
	0x99, 0x41, 0xa1, 0xc1, 0xaa, 0x41, 0xba, 0x81, 
	0xe2, 0xc1, 0xfa, 0xc9, 0xfb, 0x13, 0xf2, 0xd3, 
	0xe2, 0xd1, 0xca, 0x49, 0xba, 0x05, 0xa9, 0x83, 
	0x91, 0x41, 0x90, 0xc1, 0x88, 0x81, 0x88, 0xc1, 
	0x91, 0x41, 0x99, 0x81, 0xaa, 0x01, 0xba, 0x81, 
	0xda, 0xc1, 0xfa, 0xc7, 0xfb, 0x13, 0xf2, 0xd5, 
	0xe3, 0x11, 0xda, 0x49, 0xca, 0x05, 0xb9, 0xc3, 
	0x81, 0x41, 0x80, 0xc1, 0x88, 0x81, 0x90, 0xc1, 
	0x91, 0x41, 0xa1, 0x81, 0xaa, 0x01, 0xba, 0x81, 
	0xe2, 0xc1, 0xfa, 0xc9, 0xfb, 0x13, 0xfb, 0x15, 
	0xf3, 0x53, 0xea, 0xcd, 0xfa, 0x01, 0xd2, 0x41, 
	0x91, 0x81, 0x88, 0xc1, 0x88, 0x81, 0x88, 0xc1, 
	0x91, 0x01, 0x99, 0x81, 0xa2, 0x01, 0xb2, 0x81, 
	0xda, 0xc1, 0xfa, 0xc7, 0xfb, 0x13, 0xfb, 0x15, 
	0xf3, 0x53, 0xea, 0xcd, 0xfa, 0x03, 0xe2, 0x01, 
	0xa1, 0xc1, 0x99, 0x45, 0x89, 0x07, 0x99, 0x03, 
	0x90, 0xc1, 0x91, 0x01, 0x99, 0x81, 0xaa, 0x41, 
	0xd2, 0x81, 0xfa, 0xc7, 0xfb, 0x53, 0xfb, 0x11, 
	0xf2, 0x47, 0xc2, 0x05, 0xb2, 0x03, 0xb2, 0x41, 
	0xa1, 0xc1, 0x99, 0x85, 0x91, 0x05, 0x99, 0x03, 
	0x90, 0xc1, 0x91, 0x01, 0x99, 0x81, 0xaa, 0x01, 
	0xca, 0x81, 0xfa, 0xc5, 0xfb, 0x51, 0xfb, 0x11, 
	0xf2, 0x87, 0xca, 0x43, 0xb2, 0x03, 0xb1, 0xc1, 
	0xe2, 0xc1, 0xea, 0x43, 0xa1, 0xcb, 0x91, 0x47, 
	0x90, 0xc1, 0x88, 0xc1, 0x99, 0x41, 0xb2, 0x01, 
	0xea, 0xc1, 0xfb, 0x0d, 0xfb, 0x51, 0xfa, 0x89, 
	0xc9, 0xc1, 0xa9, 0xc1, 0xaa, 0x01, 0xba, 0x81, 
	0xe2, 0xc1, 0xfa, 0x03, 0xb1, 0xc9, 0x91, 0x47, 
	0x98, 0xc1, 0x88, 0xc1, 0x91, 0x41, 0xaa, 0x01, 
	0xda, 0xc1, 0xfb, 0x0b, 0xfb, 0x53, 0xfa, 0xcb, 
	0xd1, 0xc1, 0xa9, 0xc1, 0xaa, 0x01, 0xb2, 0x81, 
	0xea, 0xc1, 0xfa, 0xc7, 0xc9, 0xcb, 0x89, 0x89, 
	0x98, 0xc1, 0x88, 0xc1, 0x99, 0x81, 0xb2, 0x41, 
	0xf2, 0xc1, 0xfb, 0x11, 0xfb, 0x0f, 0xfa, 0x01, 
	0xa9, 0x81, 0xa1, 0xc1, 0xaa, 0x01, 0xba, 0x81, 
	0xea, 0xc1, 0xfa, 0xc9, 0xd9, 0xcb, 0x89, 0x8b, 
	0x99, 0x03, 0x88, 0xc1, 0x99, 0x41, 0xb2, 0x01, 
	0xea, 0xc1, 0xfb, 0x4f, 0xfb, 0x0f, 0xfa, 0x45, 
	0xb1, 0xc1, 0xa1, 0xc1, 0xaa, 0x41, 0xba, 0x81, 
	0xea, 0xc1, 0xfa, 0xc9, 0xd9, 0xcb, 0x89, 0x8b, 
	0x99, 0x03, 0x90, 0xc1, 0x99, 0x81, 0xb2, 0x41, 
	0xfa, 0xc1, 0xfb, 0x51, 0xfb, 0x0d, 0xea, 0x01, 
	0xa1, 0x41, 0xa1, 0x81, 0xaa, 0x01, 0xba, 0x81, 
	0xea, 0xc1, 0xfa, 0xcb, 0xe2, 0x0d, 0x89, 0x8b, 
	0x91, 0x05, 0x90, 0xc1, 0x99, 0x41, 0xb2, 0x41, 
	0xf2, 0xc1, 0xfb, 0x0f, 0xfa, 0xcb, 0xea, 0x01, 
	0xa9, 0x81, 0xa1, 0xc1, 0xaa, 0x41, 0xba, 0x81, 
	0xf2, 0xc1, 0xfa, 0xc9, 0xe2, 0x0d, 0xa1, 0xcb, 
	0x99, 0x47, 0x91, 0x03, 0x99, 0x41, 0xb2, 0x01, 
	0xfa, 0x81, 0xfa, 0x8b, 0xf2, 0x05, 0xb9, 0x83, 
	0x99, 0x41, 0xa1, 0x81, 0xaa, 0x01, 0xba, 0x81, 
	0xea, 0xc1, 0xfa, 0xcb, 0xea, 0x4d, 0xa1, 0xcd, 
	0x89, 0x49, 0x91, 0x03, 0x99, 0x01, 0xa9, 0xc1, 
	0xea, 0x81, 0xfa, 0x8b, 0xf2, 0x05, 0xb9, 0x83, 
	0xa1, 0x41, 0xa1, 0xc1, 0xaa, 0x41, 0xba, 0x81, 
	0xf2, 0xc1, 0xfb, 0x0b, 0xfa, 0xd1, 0xe2, 0x91, 
	0xc2, 0x0b, 0x91, 0xc9, 0x89, 0x45, 0xa1, 0x83, 
	0xb9, 0xc3, 0xb1, 0x05, 0xa1, 0x01, 0x99, 0x01, 
	0x99, 0x41, 0xa1, 0x81, 0xaa, 0x01, 0xba, 0x81, 
	0xea, 0xc1, 0xfb, 0x0b, 0xfa, 0xd1, 0xe2, 0x91, 
	0xba, 0x0d, 0x91, 0xc9, 0x81, 0x45, 0x89, 0x01, 
	0xb1, 0xc5, 0xb9, 0x45, 0xa1, 0x01, 0x99, 0x01, 
	0x99, 0x41, 0xa1, 0xc1, 0xaa, 0x41, 0xba, 0x81, 
	
};

Gfx castle_grounds_dl_castle_grounds_textures_03000_rgba16_rgba16_aligner[] = {gsSPEndDisplayList()};
u8 castle_grounds_dl_castle_grounds_textures_03000_rgba16_rgba16[] = {
	0xce, 0x73, 0xce, 0x73, 0xce, 0x73, 0xce, 0xb3, 
	0xce, 0xb3, 0xce, 0xb3, 0xce, 0xb3, 0xd6, 0xb3, 
	0xd6, 0xb3, 0xd6, 0xb3, 0xd6, 0xb5, 0xd6, 0xb5, 
	0xd6, 0xb5, 0xd6, 0xf5, 0xde, 0xf5, 0xde, 0xf7, 
	0xde, 0xf7, 0xde, 0xf7, 0xde, 0xf7, 0xde, 0xf7, 
	0xde, 0xf7, 0xde, 0xf7, 0xde, 0xf7, 0xd6, 0xf5, 
	0xd6, 0xf5, 0xd6, 0xb5, 0xd6, 0xb5, 0xd6, 0xb7, 
	0xd6, 0xb5, 0xd6, 0xb5, 0xd6, 0xb5, 0xd6, 0xb5, 
	0xe7, 0x39, 0xe7, 0x39, 0xdf, 0x37, 0xde, 0xf7, 
	0xde, 0xf7, 0xde, 0xf7, 0xde, 0xf7, 0xde, 0xf7, 
	0xde, 0xf7, 0xde, 0xf7, 0xde, 0xf7, 0xdf, 0x39, 
	0xde, 0xf7, 0xde, 0xf7, 0xde, 0xf9, 0xe6, 0xf7, 
	0xde, 0xf7, 0xe6, 0xf9, 0xe7, 0x39, 0xe7, 0x39, 
	0xe7, 0x39, 0xe7, 0x39, 0xe7, 0x39, 0xdf, 0x37, 
	0xe7, 0x39, 0xdf, 0x37, 0xdf, 0x37, 0xdf, 0x37, 
	0xe7, 0x39, 0xe7, 0x39, 0xe6, 0xf7, 0xde, 0xf7, 
	0xef, 0x7b, 0xef, 0x7b, 0xef, 0x7b, 0xef, 0x7b, 
	0xef, 0x7b, 0xef, 0x7b, 0xef, 0x7b, 0xef, 0x7b, 
	0xef, 0x7b, 0xe7, 0x3b, 0xf7, 0x3b, 0xf7, 0x79, 
	0xef, 0x7b, 0xef, 0x7b, 0xef, 0x7b, 0xef, 0x7b, 
	0xef, 0x7b, 0xef, 0x7b, 0xef, 0x7b, 0xef, 0x7b, 
	0xef, 0x7b, 0xef, 0x7b, 0xef, 0x7b, 0xef, 0x7b, 
	0xef, 0x7b, 0xef, 0x7b, 0xef, 0x7b, 0xef, 0x7b, 
	0xef, 0x7b, 0xef, 0x7b, 0xef, 0x7b, 0xef, 0x7b, 
	0xef, 0x7b, 0xef, 0x7b, 0xef, 0x7b, 0xef, 0x7b, 
	0xef, 0x7b, 0xef, 0x7b, 0xef, 0x7b, 0xef, 0x7b, 
	0xef, 0x7b, 0xef, 0x7b, 0xef, 0x7b, 0xef, 0x7b, 
	0xef, 0x7b, 0xef, 0x7b, 0xf7, 0x3b, 0xce, 0x73, 
	0xd6, 0x73, 0xef, 0x7b, 0xef, 0x7b, 0xef, 0x7b, 
	0xef, 0x7b, 0xef, 0x7b, 0xef, 0x7b, 0xef, 0x79, 
	0xef, 0x79, 0xef, 0x79, 0xef, 0x39, 0xef, 0x39, 
	0xef, 0x39, 0xef, 0x79, 0xef, 0x79, 0xef, 0x79, 
	0xe7, 0x39, 0xef, 0x39, 0xef, 0x3b, 0xe7, 0x39, 
	0xe7, 0x39, 0xe7, 0x39, 0xe7, 0x39, 0xe7, 0x39, 
	0xde, 0xf9, 0xdf, 0x39, 0xe7, 0x39, 0xde, 0xf7, 
	0xe7, 0x39, 0xef, 0x7b, 0xde, 0xf7, 0xce, 0xb3, 
	0xbd, 0xf1, 0xce, 0x73, 0xe7, 0x7d, 0xe7, 0x7b, 
	0xef, 0x39, 0xde, 0xf9, 0xde, 0xf7, 0xde, 0xf7, 
	0xde, 0xf7, 0xde, 0xf7, 0xde, 0xf7, 0xd6, 0xb5, 
	0xde, 0xf7, 0xde, 0xf7, 0xe7, 0x37, 0xe7, 0x37, 
	0xce, 0x73, 0xce, 0x73, 0xce, 0x73, 0xce, 0x73, 
	0xce, 0x73, 0xce, 0x73, 0xce, 0x73, 0xce, 0x73, 
	0xce, 0x73, 0xc6, 0x31, 0xc6, 0x31, 0xc6, 0x31, 
	0xd6, 0xb3, 0xef, 0x37, 0xd6, 0xb7, 0xde, 0xf7, 
	0xdf, 0x39, 0xd6, 0xf5, 0xef, 0x7b, 0xd6, 0xb7, 
	0xc6, 0x31, 0xc6, 0x31, 0xc6, 0x31, 0xc6, 0x31, 
	0xc6, 0x31, 0xc6, 0x31, 0xc6, 0x31, 0xc6, 0x31, 
	0xc6, 0x31, 0xc6, 0x31, 0xc6, 0x31, 0xc6, 0x31, 
	0xad, 0x6b, 0xad, 0x6b, 0xad, 0x6b, 0xad, 0x6b, 
	0xad, 0x6b, 0xad, 0x6b, 0xad, 0x6b, 0xad, 0x6b, 
	0xad, 0x6b, 0xad, 0x6b, 0xa5, 0x29, 0xa5, 0x29, 
	0xb5, 0xad, 0xd6, 0xf5, 0xef, 0x7b, 0xce, 0x75, 
	0xce, 0x73, 0xef, 0x77, 0xef, 0x3b, 0xc5, 0xef, 
	0x9c, 0xe7, 0x9c, 0xe7, 0xa5, 0x29, 0xa5, 0x29, 
	0xa5, 0x29, 0xa5, 0x29, 0xa5, 0x29, 0xa5, 0x29, 
	0xa5, 0x6b, 0xa5, 0x6b, 0xa5, 0x29, 0xa5, 0x69, 
	0x94, 0xa5, 0x94, 0xa5, 0x94, 0xa5, 0x94, 0xa5, 
	0x94, 0xa5, 0x94, 0xa5, 0x94, 0xa5, 0x94, 0xa5, 
	0x9c, 0xe7, 0x9d, 0x27, 0x94, 0xe5, 0x8c, 0xa5, 
	0x9c, 0xe7, 0xc6, 0x73, 0xef, 0x39, 0xde, 0xf7, 
	0xf7, 0x79, 0xef, 0x7b, 0xee, 0xf7, 0xad, 0x6b, 
	0x84, 0x21, 0x8c, 0x63, 0x94, 0xa7, 0x9c, 0xa7, 
	0x94, 0xa5, 0x8c, 0x63, 0x8c, 0x63, 0x8c, 0x63, 
	0x8c, 0x63, 0x8c, 0x63, 0x8c, 0x63, 0x8c, 0x63, 
	0x83, 0xe1, 0x84, 0x21, 0x84, 0x21, 0x84, 0x21, 
	0x84, 0x21, 0x84, 0x21, 0x84, 0x21, 0x8c, 0x63, 
	0x9c, 0xe7, 0xb5, 0xad, 0xad, 0x6b, 0x8c, 0xa5, 
	0x9c, 0xe5, 0xc6, 0x71, 0xd6, 0xb5, 0xde, 0xb7, 
	0xde, 0xf9, 0xde, 0xf7, 0xde, 0xf7, 0xad, 0x6b, 
	0x84, 0x21, 0x9c, 0xe7, 0xad, 0x6b, 0xa5, 0x69, 
	0x8c, 0xa3, 0x84, 0x21, 0x7b, 0xdf, 0x7b, 0xdf, 
	0x7b, 0xdf, 0x7b, 0xdf, 0x7b, 0xdf, 0x7b, 0xdf, 
	0x6b, 0x9b, 0x73, 0x9d, 0x73, 0x9d, 0x73, 0x9d, 
	0x7b, 0x9d, 0x7b, 0xdf, 0x7b, 0xdf, 0x8c, 0x63, 
	0xb5, 0xad, 0xde, 0xf7, 0xd6, 0xb5, 0xbd, 0xef, 
	0xbd, 0xef, 0xc6, 0x75, 0x94, 0xe7, 0x73, 0x9d, 
	0x63, 0x19, 0x84, 0x21, 0xad, 0x6b, 0xbd, 0xef, 
	0xc6, 0x31, 0xd6, 0xb3, 0xde, 0xf9, 0xd6, 0xb5, 
	0x9c, 0xe7, 0x7b, 0xdf, 0x73, 0x9d, 0x6b, 0x5b, 
	0x6b, 0x5b, 0x6b, 0x5b, 0x6b, 0x5b, 0x6b, 0x5b, 
	0x63, 0x19, 0x63, 0x19, 0x63, 0x19, 0x63, 0x19, 
	0x6b, 0x5b, 0x6b, 0x5b, 0x73, 0x9d, 0x84, 0x21, 
	0xc6, 0x31, 0xef, 0x7b, 0xef, 0x7b, 0xe7, 0x37, 
	0xc6, 0x73, 0x8c, 0x63, 0x63, 0x19, 0x5a, 0x95, 
	0x52, 0x53, 0x4a, 0x53, 0x63, 0x19, 0x94, 0xa5, 
	0xbd, 0xef, 0xde, 0xb7, 0xe7, 0x3b, 0xe7, 0x79, 
	0xc5, 0xef, 0x6b, 0x5d, 0x63, 0x19, 0x63, 0x19, 
	0x5b, 0x19, 0x63, 0x19, 0x63, 0x19, 0x63, 0x19, 
	0x63, 0x19, 0x63, 0x19, 0x63, 0x19, 0x63, 0x19, 
	0x63, 0x19, 0x63, 0x19, 0x63, 0x19, 0x73, 0x9d, 
	0xa5, 0x29, 0xde, 0xf7, 0xe7, 0x39, 0xce, 0x73, 
	0x8c, 0x63, 0x63, 0x19, 0x52, 0xd5, 0x63, 0x19, 
	0x8c, 0x63, 0x63, 0x19, 0x52, 0x53, 0x5a, 0xd7, 
	0x84, 0x21, 0xb5, 0xad, 0xd6, 0x75, 0xd6, 0xb5, 
	0xad, 0x2b, 0x5a, 0xd7, 0x52, 0xd7, 0x5a, 0xd7, 
	0x5a, 0xd7, 0x5a, 0xd7, 0x5a, 0xd7, 0x63, 0x19, 
	0x63, 0x19, 0x63, 0x19, 0x63, 0x19, 0x63, 0x19, 
	0x63, 0x19, 0x63, 0x19, 0x63, 0x19, 0x63, 0x19, 
	0x5b, 0x19, 0x73, 0x5d, 0x9c, 0xa7, 0x84, 0x21, 
	0x63, 0x19, 0x63, 0x19, 0x63, 0x19, 0x9c, 0xe9, 
	0xb5, 0xad, 0xc6, 0x73, 0x73, 0x9d, 0x52, 0x95, 
	0x52, 0x97, 0x84, 0x21, 0x9c, 0xe9, 0x9c, 0xe7, 
	0x7b, 0xdf, 0x5a, 0xd7, 0x5a, 0xd7, 0x5a, 0xd7, 
	0x63, 0x19, 0x63, 0x19, 0x63, 0x19, 0x63, 0x19, 
	0x6b, 0x5b, 0x6b, 0x5b, 0x6b, 0x5b, 0x6b, 0x1b, 
	0x6b, 0x1b, 0x63, 0x19, 0x63, 0x19, 0x5a, 0xd7, 
	0x5a, 0xd7, 0x52, 0xd7, 0x63, 0x19, 0x6b, 0x5b, 
	0x73, 0x9d, 0x7b, 0xe1, 0xad, 0x6b, 0xbd, 0xef, 
	0xc6, 0x31, 0xd6, 0xb5, 0xbd, 0xef, 0x6b, 0x5b, 
	0x52, 0x95, 0x63, 0x19, 0x73, 0x9d, 0x73, 0x9b, 
	0x6b, 0x19, 0x63, 0x19, 0x63, 0x19, 0x63, 0x19, 
	0x6b, 0x5b, 0x6b, 0x5b, 0x73, 0x9d, 0x73, 0x9d, 
	0x8c, 0x63, 0x84, 0x21, 0x84, 0x21, 0x84, 0x21, 
	0x83, 0xdf, 0x7b, 0xdf, 0x7b, 0x9f, 0x73, 0x9d, 
	0x73, 0x9d, 0x7c, 0x1f, 0xbd, 0xef, 0xe6, 0xf7, 
	0xe7, 0x3b, 0xde, 0xbb, 0xdf, 0x39, 0xce, 0xb5, 
	0xc6, 0x31, 0xe7, 0x39, 0xdf, 0x77, 0xde, 0xf7, 
	0xd6, 0xb5, 0xb5, 0xad, 0xad, 0x6b, 0x9c, 0xe7, 
	0x84, 0x21, 0x84, 0x21, 0x84, 0x21, 0x84, 0x21, 
	0x8c, 0x21, 0x8c, 0x63, 0x8c, 0x63, 0x8c, 0x63, 
	0xad, 0x6b, 0xad, 0x6b, 0xa5, 0x29, 0x9d, 0x29, 
	0x9c, 0xe7, 0x94, 0xe7, 0x94, 0xa5, 0x8c, 0x63, 
	0x84, 0x21, 0x7b, 0xdf, 0x73, 0xdf, 0xa5, 0x29, 
	0xce, 0x73, 0xce, 0xb5, 0xc6, 0x73, 0xc6, 0x31, 
	0xc6, 0x31, 0xdf, 0x37, 0xe7, 0x3b, 0xe7, 0x79, 
	0xd6, 0xf5, 0xc6, 0x31, 0x9c, 0xe7, 0x84, 0x21, 
	0x9c, 0xe7, 0xad, 0x6b, 0xad, 0x6b, 0xad, 0x6b, 
	0xad, 0x6b, 0xad, 0x6b, 0xad, 0x6d, 0xad, 0x6b, 
	0xc6, 0x71, 0xc6, 0x31, 0xbd, 0xef, 0xb5, 0xad, 
	0xb5, 0xad, 0xad, 0xab, 0xb5, 0xad, 0xbd, 0xef, 
	0xb5, 0xad, 0x94, 0xa5, 0x7b, 0xdf, 0x6b, 0x1b, 
	0x73, 0x9d, 0xbd, 0xef, 0xce, 0x73, 0xbe, 0x31, 
	0xbd, 0xad, 0xde, 0xf7, 0xd6, 0xb5, 0xde, 0xf7, 
	0xc6, 0x31, 0x94, 0x63, 0x7b, 0xdd, 0x84, 0x21, 
	0xad, 0x6b, 0xc6, 0x31, 0xc6, 0x31, 0xc6, 0x31, 
	0xbe, 0x2f, 0xbd, 0xef, 0xc6, 0x31, 0xc6, 0x31, 
	0x9d, 0x29, 0xa5, 0x29, 0xa5, 0x29, 0xa5, 0x29, 
	0xa5, 0x29, 0xa5, 0x29, 0xa5, 0x29, 0xa5, 0x29, 
	0x9c, 0xe7, 0x8c, 0x63, 0x73, 0x9d, 0x5a, 0xd5, 
	0x6b, 0x5b, 0xb5, 0xad, 0xc5, 0xf1, 0xb5, 0xad, 
	0xad, 0x6b, 0xa5, 0x69, 0xbe, 0x2f, 0xc6, 0x71, 
	0xc6, 0x31, 0x7b, 0xdf, 0x63, 0x19, 0x73, 0x9d, 
	0x8c, 0x63, 0x94, 0xa5, 0x9c, 0xe7, 0x9c, 0xe7, 
	0x9d, 0x27, 0x9d, 0x27, 0x9d, 0x29, 0x9d, 0x27, 
	0x8c, 0x63, 0x94, 0x63, 0x94, 0xa5, 0x94, 0xa5, 
	0x94, 0xa5, 0x94, 0xa5, 0x94, 0x63, 0x8c, 0x63, 
	0x84, 0x21, 0x7b, 0xdf, 0x6b, 0x5b, 0x5a, 0xd7, 
	0x9c, 0xe7, 0xb5, 0xad, 0xad, 0x6b, 0x94, 0xa5, 
	0x8c, 0x63, 0x94, 0xa5, 0x9c, 0xe9, 0xc6, 0x2f, 
	0xce, 0x71, 0x9c, 0xe7, 0x63, 0x1b, 0x5a, 0xd7, 
	0x6b, 0x5b, 0x7b, 0xdf, 0x84, 0x21, 0x84, 0x21, 
	0x8c, 0x63, 0x8c, 0x63, 0x8c, 0xa3, 0x8c, 0x63, 
	0x9c, 0xa7, 0x9c, 0xa7, 0x9c, 0xa5, 0x94, 0xa5, 
	0x94, 0xa5, 0x94, 0x63, 0x8c, 0x63, 0x84, 0x23, 
	0x84, 0x21, 0x73, 0x9d, 0x63, 0x19, 0x84, 0x21, 
	0xad, 0x6b, 0xad, 0x6b, 0x94, 0xa5, 0x8c, 0x63, 
	0x84, 0x61, 0x73, 0xdd, 0x83, 0xdf, 0x9c, 0xe7, 
	0xbd, 0xef, 0xbd, 0xaf, 0x7b, 0xdf, 0x63, 0x1b, 
	0x6b, 0x5b, 0x73, 0x9d, 0x84, 0x21, 0x84, 0x23, 
	0x94, 0x63, 0x94, 0xa5, 0x9c, 0xe7, 0x94, 0xe5, 
	0xc6, 0x31, 0xbd, 0xef, 0xb5, 0xaf, 0xb5, 0xad, 
	0xad, 0x6d, 0xad, 0x6b, 0xad, 0x2b, 0xa5, 0x27, 
	0xa4, 0xe7, 0x94, 0xa5, 0x8c, 0x63, 0xad, 0x6b, 
	0xad, 0x6b, 0x9c, 0xe7, 0xa5, 0x29, 0xad, 0x6b, 
	0xb5, 0xad, 0xad, 0x6b, 0x9c, 0xe7, 0x8c, 0x21, 
	0x9c, 0xe7, 0xbd, 0xef, 0xad, 0x6b, 0x8c, 0x21, 
	0x94, 0xa5, 0xa5, 0x29, 0xb5, 0xab, 0xbd, 0xef, 
	0xbd, 0xef, 0xc6, 0x31, 0xce, 0x33, 0xc6, 0x73, 
	0xdf, 0x37, 0xde, 0xf7, 0xde, 0xf7, 0xde, 0xf7, 
	0xde, 0xf7, 0xde, 0xf7, 0xd6, 0xb5, 0xce, 0x73, 
	0xce, 0x73, 0xce, 0x73, 0xce, 0x73, 0xc6, 0x31, 
	0xc6, 0x31, 0xc6, 0x31, 0xce, 0x73, 0xce, 0x73, 
	0xd6, 0xb3, 0xce, 0x73, 0xce, 0x73, 0xce, 0x73, 
	0xc6, 0x31, 0xbd, 0xef, 0xbd, 0xef, 0xce, 0x33, 
	0xde, 0xf7, 0xde, 0xf7, 0xde, 0xf7, 0xe6, 0xf9, 
	0xe7, 0x39, 0xe7, 0x39, 0xe7, 0x39, 0xe7, 0x39, 
	0xe7, 0x39, 0xe7, 0x39, 0xe7, 0x39, 0xe7, 0x39, 
	0xe6, 0xf9, 0xde, 0xf9, 0xde, 0xf7, 0xde, 0xf7, 
	0xde, 0xf7, 0xde, 0xf7, 0xde, 0xf7, 0xde, 0xf7, 
	0xde, 0xf7, 0xde, 0xf7, 0xe7, 0x39, 0xe7, 0x39, 
	0xe7, 0x39, 0xe7, 0x39, 0xe7, 0x39, 0xe7, 0x39, 
	0xe7, 0x39, 0xe7, 0x39, 0xe7, 0x39, 0xe7, 0x39, 
	0xe7, 0x39, 0xe7, 0x39, 0xe7, 0x39, 0xe7, 0x39, 
	0xef, 0x7b, 0xef, 0x7b, 0xef, 0x79, 0xe7, 0x39, 
	0xd6, 0xb5, 0xd6, 0xb5, 0xd6, 0xb5, 0xd6, 0xb5, 
	0xd6, 0xb5, 0xde, 0xf7, 0xde, 0xf7, 0xde, 0xf7, 
	0xde, 0xf7, 0xde, 0xf7, 0xde, 0xf7, 0xde, 0xf7, 
	0xde, 0xf7, 0xde, 0xf7, 0xde, 0xf7, 0xe7, 0x39, 
	0xe7, 0x39, 0xe7, 0x39, 0xe7, 0x39, 0xe7, 0x39, 
	0xe7, 0x39, 0xe7, 0x39, 0xe7, 0x39, 0xe7, 0x39, 
	0xe7, 0x39, 0xde, 0xf7, 0xde, 0xf7, 0xde, 0xf7, 
	0xde, 0xf7, 0xde, 0xf7, 0xde, 0xb5, 0xd6, 0xb5, 
	0xb5, 0xad, 0xb5, 0xad, 0xb5, 0xad, 0xb5, 0xad, 
	0xb5, 0xad, 0xb5, 0xad, 0xbd, 0xef, 0xbd, 0xef, 
	0xc6, 0x31, 0xc6, 0x31, 0xc6, 0x31, 0xbd, 0xef, 
	0xbd, 0xef, 0xbd, 0xef, 0xc6, 0x31, 0xc6, 0x31, 
	0xc6, 0x33, 0xce, 0x33, 0xce, 0x73, 0xce, 0x73, 
	0xce, 0x73, 0xce, 0x73, 0xce, 0x73, 0xc6, 0x31, 
	0xc6, 0x31, 0xc6, 0x31, 0xbd, 0xef, 0xbd, 0xaf, 
	0xbd, 0xad, 0xbd, 0xaf, 0xbd, 0xef, 0xb5, 0xad, 
	0x84, 0x21, 0x8c, 0x61, 0x8c, 0x61, 0x8c, 0x63, 
	0x8c, 0x63, 0x8c, 0x63, 0x84, 0x21, 0x8c, 0x63, 
	0x8c, 0x63, 0x8c, 0x65, 0x94, 0xa5, 0x94, 0xa5, 
	0x9c, 0xa7, 0x9c, 0xa7, 0x9c, 0xe7, 0x9c, 0xe7, 
	0x9c, 0xe7, 0x9c, 0xe7, 0x9c, 0xe7, 0x9c, 0xe9, 
	0x9c, 0xe7, 0x9c, 0xe7, 0x9c, 0xa7, 0x94, 0xa5, 
	0x94, 0x63, 0x8c, 0x63, 0x8c, 0x23, 0x8c, 0x63, 
	0x8c, 0x63, 0x8c, 0x63, 0x8c, 0x63, 0x8c, 0x63, 
	0x6b, 0x5b, 0x6b, 0x5b, 0x6b, 0x5b, 0x6b, 0x5b, 
	0x6b, 0x5b, 0x6b, 0x5b, 0x6b, 0x5b, 0x73, 0x9d, 
	0x73, 0x9d, 0x73, 0x9d, 0x73, 0xdf, 0x7b, 0xdf, 
	0x83, 0xdf, 0x84, 0x21, 0x7b, 0xdf, 0x7c, 0x1f, 
	0x7b, 0xdf, 0x83, 0xdf, 0x7b, 0xdf, 0x83, 0xdf, 
	0x83, 0xdf, 0x84, 0x21, 0x7b, 0xdf, 0x7b, 0xdf, 
	0x7b, 0x9d, 0x73, 0x9d, 0x73, 0x9d, 0x73, 0x9d, 
	0x7b, 0x9d, 0x73, 0x9d, 0x73, 0x9d, 0x6b, 0x5d, 
	0x63, 0x5b, 0x6b, 0x5b, 0x6b, 0x5b, 0x6b, 0x5b, 
	0x6b, 0x5b, 0x6b, 0x5b, 0x6b, 0x5b, 0x6b, 0x5b, 
	0x6b, 0x5b, 0x6b, 0x5b, 0x6b, 0x5b, 0x73, 0x5b, 
	0x73, 0x9d, 0x73, 0x9d, 0x73, 0x9d, 0x73, 0x9d, 
	0x73, 0x9d, 0x73, 0x9d, 0x6b, 0x5d, 0x73, 0x9d, 
	0x73, 0x9d, 0x73, 0x9d, 0x73, 0x9d, 0x73, 0x9d, 
	0x73, 0x9d, 0x73, 0x9d, 0x73, 0x9d, 0x6b, 0x5b, 
	0x6b, 0x5b, 0x6b, 0x5d, 0x6b, 0x5b, 0x63, 0x5b, 
	0x63, 0x19, 0x63, 0x19, 0x63, 0x19, 0x63, 0x19, 
	0x6b, 0x59, 0x6b, 0x59, 0x63, 0x59, 0x6b, 0x5b, 
	0x6b, 0x5b, 0x6b, 0x5b, 0x6b, 0x5b, 0x6b, 0x5b, 
	0x6b, 0x5b, 0x6b, 0x5b, 0x6b, 0x5b, 0x73, 0x9d, 
	0x73, 0x9d, 0x6b, 0x5d, 0x73, 0x9d, 0x73, 0x5d, 
	0x73, 0x9d, 0x73, 0x9d, 0x73, 0x9d, 0x73, 0x9d, 
	0x73, 0x9d, 0x73, 0x9d, 0x73, 0x9d, 0x6b, 0x5b, 
	0x6b, 0x5b, 0x6b, 0x5b, 0x6b, 0x5b, 0x63, 0x19, 
	0x63, 0x19, 0x63, 0x19, 0x63, 0x19, 0x63, 0x19, 
	0x63, 0x19, 0x63, 0x19, 0x63, 0x19, 0x63, 0x19, 
	0x63, 0x19, 0x63, 0x19, 0x63, 0x5b, 0x6b, 0x5b, 
	0x6b, 0x5b, 0x6b, 0x5b, 0x6b, 0x5b, 0x6b, 0x5b, 
	0x6b, 0x5b, 0x6b, 0x5b, 0x6b, 0x5b, 0x6b, 0x5b, 
	0x6b, 0x5b, 0x6b, 0x5b, 0x6b, 0x5b, 0x73, 0x9d, 
	0x6b, 0x5b, 0x6b, 0x5b, 0x6b, 0x5b, 0x6b, 0x5b, 
	0x6b, 0x5b, 0x6b, 0x5b, 0x6b, 0x1b, 0x63, 0x19, 
	0x5a, 0xd7, 0x5a, 0xd7, 0x5a, 0xd7, 0x5a, 0xd7, 
	0x5a, 0xd7, 0x5a, 0xd7, 0x5a, 0xd9, 0x63, 0x19, 
	0x5b, 0x19, 0x63, 0x19, 0x63, 0x19, 0x6b, 0x5b, 
	0x6b, 0x5b, 0x6b, 0x5b, 0x6b, 0x5b, 0x6b, 0x5b, 
	0x6b, 0x19, 0x6b, 0x19, 0x63, 0x19, 0x6b, 0x19, 
	0x6b, 0x5b, 0x6b, 0x5b, 0x63, 0x19, 0x6b, 0x5b, 
	0x6b, 0x5b, 0x6b, 0x5b, 0x6b, 0x5b, 0x6b, 0x5b, 
	0x63, 0x19, 0x63, 0x19, 0x63, 0x19, 0x63, 0x19, 
	0x5a, 0xd7, 0x52, 0xd7, 0x52, 0x95, 0x52, 0x95, 
	0x52, 0x95, 0x5a, 0xd7, 0x5a, 0xd7, 0x5a, 0xd5, 
	0x5a, 0xd7, 0x5a, 0xd5, 0x5b, 0x19, 0x63, 0x19, 
	0x63, 0x19, 0x63, 0x19, 0x6b, 0x19, 0x63, 0x19, 
	0x62, 0xd7, 0x5a, 0xd7, 0x5a, 0xd7, 0x63, 0x19, 
	0x63, 0x19, 0x63, 0x17, 0x63, 0x19, 0x63, 0x19, 
	0x63, 0x1b, 0x63, 0x5b, 0x63, 0x59, 0x63, 0x19, 
	0x63, 0x19, 0x63, 0x19, 0x5a, 0xd7, 0x5a, 0xd7, 
	
};

Gfx castle_grounds_dl_castle_grounds_textures_09000_rgba16_rgba16_aligner[] = {gsSPEndDisplayList()};
u8 castle_grounds_dl_castle_grounds_textures_09000_rgba16_rgba16[] = {
	0x6b, 0x5b, 0x6b, 0x5b, 0x73, 0x9d, 0x73, 0x9d, 
	0x73, 0x9d, 0x7b, 0xdf, 0x7b, 0xdf, 0x7b, 0xdf, 
	0x84, 0x21, 0x84, 0x21, 0x84, 0x21, 0x7b, 0xdf, 
	0x7b, 0xdf, 0x73, 0x9d, 0x73, 0x9d, 0x73, 0x9d, 
	0x73, 0x9d, 0x7b, 0xdf, 0x7b, 0xdf, 0x84, 0x21, 
	0x7b, 0xdf, 0x7b, 0xdf, 0x73, 0x9d, 0x73, 0x9d, 
	0x73, 0x9d, 0x7b, 0xdf, 0x7b, 0xdf, 0x7b, 0xdf, 
	0x73, 0x9d, 0x73, 0x9d, 0x73, 0x9d, 0x6b, 0x5b, 
	0x7b, 0xdf, 0x7b, 0xdf, 0x73, 0x9d, 0x73, 0x9d, 
	0x7b, 0xdf, 0x7b, 0xdf, 0x84, 0x21, 0x84, 0x21, 
	0x84, 0x21, 0x84, 0x21, 0x84, 0x21, 0x84, 0x21, 
	0x84, 0x21, 0x7b, 0xdf, 0x7b, 0xdf, 0x7b, 0xdf, 
	0x7b, 0xdf, 0x7b, 0xdf, 0x84, 0x21, 0x84, 0x21, 
	0x73, 0x9d, 0x73, 0x9d, 0x73, 0x9d, 0x73, 0x9d, 
	0x73, 0x9d, 0x73, 0x9d, 0x7b, 0xdf, 0x7b, 0xdf, 
	0x73, 0x9d, 0x73, 0x9d, 0x73, 0x9d, 0x73, 0x9d, 
	0x8c, 0x63, 0x8c, 0x63, 0x84, 0x21, 0x7b, 0xdf, 
	0x7b, 0xdf, 0x7b, 0xdf, 0x84, 0x21, 0x8c, 0x63, 
	0x8c, 0x63, 0x8c, 0x63, 0x8c, 0x63, 0x8c, 0x63, 
	0x84, 0x21, 0x84, 0x21, 0x84, 0x21, 0x84, 0x21, 
	0x84, 0x21, 0x84, 0x21, 0x84, 0x21, 0x84, 0x21, 
	0x84, 0x21, 0x7b, 0xdf, 0x73, 0x9d, 0x73, 0x9d, 
	0x73, 0x9d, 0x73, 0x9d, 0x7b, 0xdf, 0x7b, 0xdf, 
	0x7b, 0xdf, 0x7b, 0xdf, 0x7b, 0xdf, 0x84, 0x21, 
	0x8c, 0x63, 0x8c, 0x63, 0x8c, 0x63, 0x84, 0x21, 
	0x7b, 0xdf, 0x7b, 0xdf, 0x7b, 0xdf, 0x84, 0x21, 
	0x84, 0x21, 0x8c, 0x63, 0x8c, 0x63, 0x8c, 0x63, 
	0x8c, 0x63, 0x84, 0x63, 0x84, 0x21, 0x84, 0x21, 
	0x8c, 0x63, 0x8c, 0x63, 0x94, 0xa5, 0x94, 0xa5, 
	0x8c, 0x63, 0x84, 0x21, 0x7b, 0xdf, 0x7b, 0xdf, 
	0x73, 0x9d, 0x73, 0x9d, 0x73, 0x9d, 0x73, 0x9d, 
	0x73, 0x9d, 0x73, 0x9d, 0x7b, 0xdf, 0x84, 0x21, 
	0x84, 0x21, 0x8c, 0x63, 0x8c, 0x63, 0x8c, 0x63, 
	0x84, 0x21, 0x7b, 0xdf, 0x73, 0x9d, 0x73, 0x9d, 
	0x7b, 0xdf, 0x84, 0x21, 0x8c, 0x63, 0x8c, 0xa5, 
	0x8c, 0x63, 0x84, 0x21, 0x7b, 0xdf, 0x84, 0x21, 
	0x84, 0x21, 0x8c, 0x63, 0x94, 0xa5, 0x94, 0xa5, 
	0x8c, 0x63, 0x84, 0x21, 0x84, 0x21, 0x7b, 0xdf, 
	0x7b, 0xdf, 0x73, 0x9d, 0x73, 0x9d, 0x73, 0x9d, 
	0x73, 0x9d, 0x73, 0x9d, 0x73, 0x9d, 0x7b, 0xdf, 
	0x7b, 0xdf, 0x84, 0x21, 0x8c, 0x63, 0x84, 0x21, 
	0x84, 0x21, 0x73, 0x9d, 0x73, 0x9d, 0x6b, 0x5b, 
	0x73, 0x9d, 0x7b, 0xdf, 0x84, 0x21, 0x8c, 0x63, 
	0x84, 0x21, 0x7b, 0xdf, 0x73, 0x9d, 0x73, 0x9d, 
	0x7b, 0xdf, 0x84, 0x21, 0x8c, 0x63, 0x94, 0xa5, 
	0x8c, 0x63, 0x8c, 0x63, 0x84, 0x21, 0x84, 0x21, 
	0x7b, 0xdf, 0x7b, 0xdf, 0x73, 0x9d, 0x73, 0x9d, 
	0x6b, 0x5b, 0x6b, 0x5b, 0x6b, 0x5b, 0x73, 0x9d, 
	0x73, 0x9d, 0x7b, 0xdf, 0x84, 0x21, 0x84, 0x21, 
	0x84, 0x21, 0x73, 0x9d, 0x73, 0x9d, 0x6b, 0x5b, 
	0x6b, 0x5b, 0x7b, 0xdf, 0x84, 0x21, 0x8c, 0x63, 
	0x84, 0x21, 0x7b, 0xdf, 0x73, 0x9d, 0x73, 0x9d, 
	0x73, 0x9d, 0x7b, 0xdf, 0x84, 0x63, 0x8c, 0x63, 
	0x8c, 0x63, 0x8c, 0x63, 0x84, 0x21, 0x84, 0x21, 
	0x84, 0x21, 0x7b, 0xdf, 0x7b, 0xdf, 0x73, 0x9d, 
	0x6b, 0x5b, 0x6b, 0x5b, 0x6b, 0x5b, 0x6b, 0x5b, 
	0x6b, 0x5b, 0x73, 0x9d, 0x7b, 0xdf, 0x7b, 0xdf, 
	0x7b, 0xdf, 0x7b, 0xdf, 0x73, 0x9d, 0x73, 0x9d, 
	0x73, 0x9d, 0x7b, 0xdf, 0x84, 0x21, 0x8c, 0x63, 
	0x94, 0xa5, 0x8c, 0x63, 0x84, 0x21, 0x7b, 0xdf, 
	0x7b, 0xdf, 0x84, 0x21, 0x84, 0x21, 0x84, 0x63, 
	0x84, 0x63, 0x84, 0x21, 0x84, 0x21, 0x84, 0x21, 
	0x84, 0x21, 0x84, 0x21, 0x84, 0x21, 0x84, 0x21, 
	0x7b, 0xdf, 0x73, 0x9d, 0x6b, 0x5b, 0x6b, 0x5b, 
	0x6b, 0x5b, 0x73, 0x9d, 0x73, 0x9d, 0x7b, 0xdf, 
	0x7b, 0xdf, 0x7b, 0xdf, 0x7b, 0xdf, 0x73, 0x9d, 
	0x73, 0x9d, 0x7b, 0xdf, 0x84, 0x21, 0x94, 0xa5, 
	0x94, 0xa5, 0x94, 0xe7, 0x94, 0xa5, 0x8c, 0x63, 
	0x84, 0x21, 0x84, 0x21, 0x8c, 0x63, 0x84, 0x21, 
	0x84, 0x21, 0x7b, 0xdf, 0x7b, 0xdf, 0x84, 0x21, 
	0x84, 0x21, 0x8c, 0x63, 0x94, 0xa5, 0x94, 0xa5, 
	0x8c, 0x63, 0x84, 0x21, 0x73, 0x9d, 0x73, 0x9d, 
	0x73, 0x9d, 0x73, 0x9d, 0x73, 0x9d, 0x7b, 0xdf, 
	0x84, 0x21, 0x84, 0x21, 0x84, 0x21, 0x7b, 0xdf, 
	0x7b, 0xdf, 0x7b, 0xdf, 0x84, 0x21, 0x8c, 0x63, 
	0x8c, 0xa5, 0x94, 0xa5, 0x8c, 0xa5, 0x8c, 0x63, 
	0x84, 0x63, 0x84, 0x21, 0x84, 0x21, 0x84, 0x21, 
	0x7b, 0xdf, 0x7b, 0xdf, 0x7b, 0xdf, 0x7b, 0xdf, 
	0x84, 0x21, 0x8c, 0x63, 0x94, 0xa5, 0x9c, 0xe7, 
	0x9c, 0xe7, 0x8c, 0xa5, 0x84, 0x21, 0x73, 0x9d, 
	0x7b, 0xdf, 0x7b, 0xdf, 0x7b, 0xdf, 0x84, 0x21, 
	0x84, 0x63, 0x8c, 0x63, 0x84, 0x63, 0x84, 0x21, 
	0x7b, 0xdf, 0x7b, 0xdf, 0x7b, 0xdf, 0x84, 0x21, 
	0x84, 0x21, 0x84, 0x21, 0x7b, 0xdf, 0x84, 0x21, 
	0x84, 0x21, 0x84, 0x21, 0x84, 0x21, 0x84, 0x21, 
	0x7b, 0xdf, 0x7b, 0xdf, 0x73, 0x9d, 0x73, 0x9d, 
	0x73, 0x9d, 0x84, 0x21, 0x8c, 0x63, 0x94, 0xa5, 
	0x9c, 0xe7, 0x94, 0xa5, 0x8c, 0x63, 0x84, 0x21, 
	0x84, 0x21, 0x84, 0x21, 0x8c, 0x63, 0x8c, 0x63, 
	0x8c, 0x63, 0x94, 0xa5, 0x8c, 0x63, 0x84, 0x21, 
	0x7b, 0xdf, 0x7b, 0xdf, 0x7b, 0xdf, 0x73, 0x9d, 
	0x73, 0x9d, 0x6b, 0x5b, 0x6b, 0x5b, 0x73, 0x9d, 
	0x73, 0x9d, 0x7b, 0xdf, 0x84, 0x21, 0x84, 0x21, 
	0x84, 0x21, 0x7b, 0xdf, 0x73, 0x9d, 0x73, 0x9d, 
	0x73, 0x9d, 0x73, 0x9d, 0x7b, 0xdf, 0x8c, 0x63, 
	0x94, 0xa5, 0x94, 0xa5, 0x8c, 0x63, 0x84, 0x63, 
	0x84, 0x63, 0x8c, 0x63, 0x8c, 0x63, 0x8c, 0xa5, 
	0x94, 0xa5, 0x94, 0xa5, 0x8c, 0x63, 0x84, 0x21, 
	0x7b, 0xdf, 0x7b, 0xdf, 0x7b, 0xdf, 0x73, 0x9d, 
	0x73, 0x9d, 0x6b, 0x5b, 0x63, 0x19, 0x6b, 0x5b, 
	0x6b, 0x5b, 0x73, 0x9d, 0x7b, 0xdf, 0x84, 0x21, 
	0x84, 0x21, 0x7b, 0xdf, 0x73, 0x9d, 0x73, 0x9d, 
	0x6b, 0x5b, 0x6b, 0x5b, 0x73, 0x9d, 0x84, 0x21, 
	0x8c, 0x63, 0x8c, 0x63, 0x8c, 0x63, 0x8c, 0x63, 
	0x84, 0x21, 0x84, 0x21, 0x84, 0x63, 0x8c, 0x63, 
	0x94, 0xa5, 0x8c, 0xa5, 0x8c, 0x63, 0x84, 0x21, 
	0x7b, 0xdf, 0x7b, 0xdf, 0x84, 0x21, 0x84, 0x21, 
	0x7b, 0xdf, 0x73, 0x9d, 0x6b, 0x5b, 0x63, 0x19, 
	0x6b, 0x5b, 0x6b, 0x5b, 0x73, 0x9d, 0x84, 0x21, 
	0x84, 0x21, 0x84, 0x21, 0x7b, 0xdf, 0x73, 0x9d, 
	0x73, 0x9d, 0x6b, 0x5b, 0x6b, 0x5b, 0x73, 0x9d, 
	0x7b, 0xdf, 0x84, 0x21, 0x84, 0x21, 0x84, 0x21, 
	0x7b, 0xdf, 0x7b, 0xdf, 0x84, 0x21, 0x84, 0x21, 
	0x8c, 0x63, 0x8c, 0x63, 0x84, 0x21, 0x84, 0x21, 
	0x7b, 0xdf, 0x84, 0x21, 0x84, 0x63, 0x8c, 0x63, 
	0x8c, 0x63, 0x84, 0x21, 0x73, 0x9d, 0x6b, 0x5b, 
	0x63, 0x19, 0x6b, 0x5b, 0x73, 0x9d, 0x84, 0x21, 
	0x84, 0x21, 0x84, 0x21, 0x7b, 0xdf, 0x7b, 0xdf, 
	0x73, 0x9d, 0x73, 0x9d, 0x73, 0x9d, 0x73, 0x9d, 
	0x73, 0x9d, 0x73, 0x9d, 0x7b, 0xdf, 0x7b, 0xdf, 
	0x73, 0x9d, 0x73, 0x9d, 0x7b, 0xdf, 0x7b, 0xdf, 
	0x84, 0x21, 0x8c, 0x63, 0x8c, 0x63, 0x84, 0x21, 
	0x84, 0x21, 0x84, 0x21, 0x8c, 0x63, 0x8c, 0xa5, 
	0x8c, 0xa5, 0x84, 0x63, 0x7b, 0xdf, 0x73, 0x9d, 
	0x6b, 0x5b, 0x73, 0x9d, 0x7b, 0xdf, 0x84, 0x21, 
	0x8c, 0x63, 0x84, 0x21, 0x84, 0x21, 0x7b, 0xdf, 
	0x7b, 0xdf, 0x7b, 0xdf, 0x73, 0x9d, 0x73, 0x9d, 
	0x73, 0x9d, 0x73, 0x9d, 0x73, 0x9d, 0x73, 0x9d, 
	0x73, 0x9d, 0x73, 0x9d, 0x7b, 0xdf, 0x7b, 0xdf, 
	0x84, 0x21, 0x84, 0x21, 0x8c, 0x63, 0x8c, 0x63, 
	0x8c, 0x63, 0x8c, 0x63, 0x8c, 0x63, 0x94, 0xa5, 
	0x8c, 0xa5, 0x8c, 0x63, 0x84, 0x21, 0x7b, 0xdf, 
	0x7b, 0xdf, 0x7b, 0xdf, 0x84, 0x21, 0x8c, 0x63, 
	0x8c, 0xa5, 0x8c, 0x63, 0x84, 0x21, 0x84, 0x21, 
	0x84, 0x21, 0x84, 0x21, 0x84, 0x21, 0x7b, 0xdf, 
	0x73, 0x9d, 0x73, 0x9d, 0x73, 0x9d, 0x73, 0x9d, 
	0x73, 0x9d, 0x73, 0x9d, 0x7b, 0xdf, 0x7b, 0xdf, 
	0x7b, 0xdf, 0x84, 0x21, 0x8c, 0x63, 0x8c, 0x63, 
	0x8c, 0x63, 0x8c, 0x63, 0x8c, 0xa5, 0x8c, 0xa5, 
	0x8c, 0x63, 0x8c, 0x63, 0x84, 0x21, 0x84, 0x21, 
	0x84, 0x21, 0x8c, 0x63, 0x8c, 0x63, 0x8c, 0xa5, 
	0x94, 0xa5, 0x8c, 0x63, 0x8c, 0x63, 0x8c, 0x63, 
	0x8c, 0xa5, 0x94, 0xa5, 0x8c, 0x63, 0x84, 0x21, 
	0x7b, 0xdf, 0x73, 0x9d, 0x73, 0x9d, 0x73, 0x9d, 
	0x73, 0x9d, 0x73, 0x9d, 0x7b, 0xdf, 0x7b, 0xdf, 
	0x7b, 0xdf, 0x7b, 0xdf, 0x84, 0x21, 0x84, 0x21, 
	0x8c, 0x63, 0x94, 0xa5, 0x94, 0xa5, 0x94, 0xa5, 
	0x8c, 0x63, 0x8c, 0x63, 0x8c, 0x63, 0x8c, 0x63, 
	0x8c, 0x63, 0x8c, 0x63, 0x8c, 0xa5, 0x94, 0xa5, 
	0x94, 0xa5, 0x94, 0xa5, 0x8c, 0x63, 0x8c, 0x63, 
	0x8c, 0x63, 0x8c, 0x63, 0x8c, 0x63, 0x84, 0x21, 
	0x7b, 0xdf, 0x73, 0x9d, 0x73, 0x9d, 0x73, 0x9d, 
	0x73, 0x9d, 0x73, 0x9d, 0x7b, 0xdf, 0x7b, 0xdf, 
	0x73, 0x9d, 0x73, 0x9d, 0x73, 0x9d, 0x73, 0x9d, 
	0x7b, 0xdf, 0x8c, 0x63, 0x94, 0xa5, 0x94, 0xa5, 
	0x94, 0xa5, 0x94, 0xa5, 0x94, 0xa5, 0x8c, 0x63, 
	0x8c, 0x63, 0x8c, 0x63, 0x94, 0xa5, 0x94, 0xa5, 
	0x94, 0xa5, 0x94, 0xa5, 0x8c, 0x63, 0x84, 0x63, 
	0x84, 0x21, 0x84, 0x21, 0x84, 0x21, 0x7b, 0xdf, 
	0x73, 0x9d, 0x6b, 0x5b, 0x6b, 0x5b, 0x73, 0x9d, 
	0x73, 0x9d, 0x73, 0x9d, 0x73, 0x9d, 0x7b, 0xdf, 
	0x73, 0x9d, 0x73, 0x9d, 0x6b, 0x5b, 0x63, 0x19, 
	0x73, 0x9d, 0x7b, 0xdf, 0x8c, 0x63, 0x94, 0xa5, 
	0x94, 0xa5, 0x94, 0xa5, 0x8c, 0xa5, 0x8c, 0x63, 
	0x8c, 0x63, 0x8c, 0x63, 0x8c, 0xa5, 0x94, 0xa5, 
	0x94, 0xa5, 0x8c, 0xa5, 0x8c, 0x63, 0x84, 0x21, 
	0x84, 0x21, 0x84, 0x21, 0x7b, 0xdf, 0x73, 0x9d, 
	0x6b, 0x5b, 0x63, 0x19, 0x6b, 0x5b, 0x6b, 0x5b, 
	0x73, 0x9d, 0x73, 0x9d, 0x73, 0x9d, 0x73, 0x9d, 
	0x73, 0x9d, 0x73, 0x9d, 0x6b, 0x5b, 0x6b, 0x5b, 
	0x6b, 0x5b, 0x73, 0x9d, 0x84, 0x21, 0x8c, 0x63, 
	0x94, 0xa5, 0x8c, 0xa5, 0x8c, 0x63, 0x8c, 0x63, 
	0x84, 0x21, 0x84, 0x21, 0x84, 0x21, 0x8c, 0x63, 
	0x8c, 0x63, 0x8c, 0x63, 0x84, 0x21, 0x84, 0x21, 
	0x84, 0x21, 0x84, 0x21, 0x7b, 0xdf, 0x7b, 0xdf, 
	0x73, 0x9d, 0x6b, 0x5b, 0x63, 0x19, 0x6b, 0x5b, 
	0x73, 0x9d, 0x73, 0x9d, 0x73, 0x9d, 0x73, 0x9d, 
	0x73, 0x9d, 0x73, 0x9d, 0x73, 0x9d, 0x6b, 0x5b, 
	0x6b, 0x5b, 0x6b, 0x5b, 0x73, 0x9d, 0x84, 0x21, 
	0x84, 0x63, 0x8c, 0x63, 0x84, 0x21, 0x84, 0x21, 
	0x84, 0x21, 0x7b, 0xdf, 0x7b, 0xdf, 0x7b, 0xdf, 
	0x7b, 0xdf, 0x84, 0x21, 0x84, 0x21, 0x7b, 0xdf, 
	0x7b, 0xdf, 0x84, 0x21, 0x84, 0x21, 0x84, 0x21, 
	0x7b, 0xdf, 0x73, 0x9d, 0x6b, 0x5b, 0x6b, 0x5b, 
	0x73, 0x9d, 0x73, 0x9d, 0x73, 0x9d, 0x73, 0x9d, 
	0x73, 0x9d, 0x73, 0x9d, 0x7b, 0xdf, 0x73, 0x9d, 
	0x6b, 0x5b, 0x6b, 0x5b, 0x6b, 0x5b, 0x73, 0x9d, 
	0x7b, 0xdf, 0x84, 0x21, 0x84, 0x21, 0x84, 0x21, 
	0x84, 0x21, 0x7b, 0xdf, 0x73, 0x9d, 0x73, 0x9d, 
	0x73, 0x9d, 0x73, 0x9d, 0x73, 0x9d, 0x7b, 0xdf, 
	0x7b, 0xdf, 0x7b, 0xdf, 0x84, 0x21, 0x84, 0x63, 
	0x8c, 0x63, 0x84, 0x63, 0x7b, 0xdf, 0x73, 0x9d, 
	0x7b, 0xdf, 0x7b, 0xdf, 0x7b, 0xdf, 0x7b, 0xdf, 
	0x7b, 0xdf, 0x7b, 0xdf, 0x7b, 0xdf, 0x7b, 0xdf, 
	0x7b, 0xdf, 0x73, 0x9d, 0x73, 0x9d, 0x73, 0x9d, 
	0x73, 0x9d, 0x73, 0x9d, 0x7b, 0xdf, 0x7b, 0xdf, 
	0x84, 0x21, 0x84, 0x21, 0x7b, 0xdf, 0x7b, 0xdf, 
	0x73, 0x9d, 0x73, 0x9d, 0x73, 0x9d, 0x73, 0x9d, 
	0x73, 0x9d, 0x73, 0x9d, 0x84, 0x21, 0x8c, 0x63, 
	0x94, 0xa5, 0x94, 0xa5, 0x8c, 0x63, 0x84, 0x21, 
	0x84, 0x21, 0x84, 0x21, 0x84, 0x21, 0x84, 0x21, 
	0x7b, 0xdf, 0x7b, 0xdf, 0x84, 0x21, 0x84, 0x21, 
	0x84, 0x21, 0x84, 0x21, 0x73, 0x9d, 0x73, 0x9d, 
	0x73, 0x9d, 0x73, 0x9d, 0x73, 0x9d, 0x7b, 0xdf, 
	0x84, 0x21, 0x8c, 0x63, 0x8c, 0x63, 0x84, 0x21, 
	0x7b, 0xdf, 0x73, 0x9d, 0x6b, 0x5b, 0x6b, 0x5b, 
	0x6b, 0x5b, 0x73, 0x9d, 0x7b, 0xdf, 0x84, 0x21, 
	0x94, 0xa5, 0x9c, 0xe7, 0x9c, 0xe7, 0x8c, 0x63, 
	0x84, 0x63, 0x84, 0x21, 0x84, 0x21, 0x84, 0x21, 
	0x84, 0x21, 0x7b, 0xdf, 0x84, 0x21, 0x84, 0x21, 
	0x8c, 0x63, 0x84, 0x21, 0x84, 0x21, 0x73, 0x9d, 
	0x73, 0x9d, 0x73, 0x9d, 0x73, 0x9d, 0x7b, 0xdf, 
	0x84, 0x21, 0x8c, 0x63, 0x94, 0xa5, 0x8c, 0xa5, 
	0x84, 0x21, 0x73, 0x9d, 0x6b, 0x5b, 0x6b, 0x5b, 
	0x6b, 0x5b, 0x73, 0x9d, 0x73, 0x9d, 0x84, 0x21, 
	0x8c, 0x63, 0x9c, 0xe7, 0x9c, 0xe7, 0x8c, 0xa5, 
	0x84, 0x21, 0x7b, 0xdf, 0x7b, 0xdf, 0x7b, 0xdf, 
	0x7b, 0xdf, 0x7b, 0xdf, 0x7b, 0xdf, 0x84, 0x21, 
	0x8c, 0x63, 0x8c, 0x63, 0x84, 0x63, 0x84, 0x21, 
	0x73, 0x9d, 0x73, 0x9d, 0x73, 0x9d, 0x7b, 0xdf, 
	0x84, 0x21, 0x8c, 0x63, 0x94, 0xa5, 0x94, 0xa5, 
	0x8c, 0x63, 0x84, 0x21, 0x7b, 0xdf, 0x73, 0x9d, 
	0x73, 0x9d, 0x73, 0x9d, 0x7b, 0xdf, 0x84, 0x21, 
	0x84, 0x21, 0x8c, 0x63, 0x8c, 0x63, 0x8c, 0x63, 
	0x7b, 0xdf, 0x73, 0x9d, 0x6b, 0x5b, 0x6b, 0x5b, 
	0x73, 0x9d, 0x73, 0x9d, 0x73, 0x9d, 0x7b, 0xdf, 
	0x84, 0x21, 0x8c, 0x63, 0x8c, 0x63, 0x84, 0x21, 
	0x7b, 0xdf, 0x73, 0x9d, 0x73, 0x9d, 0x7b, 0xdf, 
	0x84, 0x21, 0x84, 0x63, 0x8c, 0x63, 0x8c, 0xa5, 
	0x8c, 0x63, 0x8c, 0x63, 0x84, 0x21, 0x84, 0x21, 
	0x84, 0x21, 0x84, 0x21, 0x84, 0x21, 0x84, 0x21, 
	0x84, 0x21, 0x84, 0x21, 0x84, 0x21, 0x84, 0x21, 
	0x73, 0x9d, 0x6b, 0x5b, 0x63, 0x19, 0x6b, 0x5b, 
	0x6b, 0x5b, 0x6b, 0x5b, 0x73, 0x9d, 0x7b, 0xdf, 
	0x84, 0x21, 0x8c, 0x63, 0x8c, 0x63, 0x84, 0x21, 
	0x84, 0x21, 0x73, 0x9d, 0x73, 0x9d, 0x73, 0x9d, 
	0x7b, 0xdf, 0x84, 0x21, 0x84, 0x21, 0x8c, 0x63, 
	0x8c, 0x63, 0x8c, 0x63, 0x8c, 0x63, 0x8c, 0x63, 
	0x8c, 0x63, 0x8c, 0x63, 0x8c, 0x63, 0x84, 0x21, 
	0x84, 0x21, 0x7b, 0xdf, 0x7b, 0xdf, 0x7b, 0xdf, 
	0x73, 0x9d, 0x6b, 0x5b, 0x6b, 0x5b, 0x6b, 0x5b, 
	0x6b, 0x5b, 0x6b, 0x5b, 0x73, 0x9d, 0x7b, 0xdf, 
	0x7b, 0xdf, 0x84, 0x21, 0x84, 0x21, 0x84, 0x21, 
	0x7b, 0xdf, 0x73, 0x9d, 0x6b, 0x5b, 0x73, 0x9d, 
	0x73, 0x9d, 0x7b, 0xdf, 0x84, 0x21, 0x84, 0x21, 
	0x84, 0x21, 0x8c, 0x63, 0x84, 0x63, 0x84, 0x21, 
	0x84, 0x63, 0x8c, 0x63, 0x8c, 0x63, 0x8c, 0xa5, 
	0x84, 0x21, 0x7b, 0xdf, 0x7b, 0xdf, 0x7b, 0xdf, 
	0x73, 0x9d, 0x6b, 0x5b, 0x6b, 0x5b, 0x73, 0x9d, 
	0x73, 0x9d, 0x73, 0x9d, 0x73, 0x9d, 0x7b, 0xdf, 
	0x7b, 0xdf, 0x84, 0x21, 0x84, 0x21, 0x84, 0x21, 
	0x7b, 0xdf, 0x73, 0x9d, 0x6b, 0x5b, 0x6b, 0x5b, 
	0x73, 0x9d, 0x7b, 0xdf, 0x7b, 0xdf, 0x84, 0x21, 
	0x84, 0x21, 0x84, 0x21, 0x7b, 0xdf, 0x7b, 0xdf, 
	0x7b, 0xdf, 0x84, 0x21, 0x8c, 0x63, 0x8c, 0x63, 
	0x7b, 0xdf, 0x73, 0x9d, 0x73, 0x9d, 0x73, 0x9d, 
	
};

Gfx castle_grounds_dl_castle_grounds_textures_04800_rgba16_rgba16_aligner[] = {gsSPEndDisplayList()};
u8 castle_grounds_dl_castle_grounds_textures_04800_rgba16_rgba16[] = {
	0x52, 0x95, 0x63, 0x19, 0x6b, 0x5b, 0x73, 0x9d, 
	0x7b, 0xdf, 0x84, 0x21, 0x8c, 0x63, 0x94, 0xa5, 
	0x9c, 0xe7, 0xa5, 0x29, 0xad, 0x6b, 0xb5, 0xad, 
	0xbd, 0xef, 0xbd, 0xef, 0xc6, 0x31, 0xce, 0x73, 
	0xce, 0x73, 0xd6, 0xb5, 0xd6, 0xb5, 0xd6, 0xb5, 
	0xd6, 0xb5, 0xd6, 0xb5, 0xd6, 0xb5, 0xd6, 0xb5, 
	0xd6, 0xb5, 0xd6, 0xb5, 0xd6, 0xb5, 0xd6, 0xb5, 
	0xd6, 0xb5, 0xd6, 0xb5, 0xd6, 0xb5, 0xd6, 0xb5, 
	0x52, 0x95, 0x63, 0x19, 0x6b, 0x5b, 0x73, 0x9d, 
	0x7b, 0xdf, 0x8c, 0x63, 0x94, 0xa5, 0x9c, 0xe7, 
	0x9c, 0xe7, 0xa5, 0x29, 0xad, 0x6b, 0xb5, 0xad, 
	0xbd, 0xef, 0xc6, 0x31, 0xc6, 0x31, 0xce, 0x73, 
	0xce, 0x73, 0xd6, 0xb5, 0xd6, 0xb5, 0xd6, 0xb5, 
	0xd6, 0xb5, 0xd6, 0xb5, 0xde, 0xf7, 0xd6, 0xb5, 
	0xd6, 0xb5, 0xd6, 0xb5, 0xd6, 0xb5, 0xd6, 0xb5, 
	0xd6, 0xb5, 0xd6, 0xb5, 0xd6, 0xb5, 0xd6, 0xb5, 
	0x5a, 0xd7, 0x63, 0x19, 0x6b, 0x5b, 0x73, 0x9d, 
	0x84, 0x21, 0x8c, 0x63, 0x94, 0xa5, 0x9c, 0xe7, 
	0xa5, 0x29, 0xa5, 0x29, 0xad, 0x6b, 0xb5, 0xad, 
	0xbd, 0xef, 0xc6, 0x31, 0xc6, 0x31, 0xce, 0x73, 
	0xce, 0x73, 0xd6, 0xb5, 0xd6, 0xb5, 0xd6, 0xb5, 
	0xd6, 0xb5, 0xde, 0xf7, 0xde, 0xf7, 0xde, 0xf7, 
	0xd6, 0xb5, 0xd6, 0xb5, 0xd6, 0xb5, 0xd6, 0xb5, 
	0xd6, 0xb5, 0xd6, 0xb5, 0xd6, 0xb5, 0xce, 0x73, 
	0x5a, 0xd7, 0x63, 0x19, 0x6b, 0x5b, 0x73, 0x9d, 
	0x84, 0x21, 0x8c, 0x63, 0x94, 0xa5, 0x9c, 0xe7, 
	0xa5, 0x29, 0xa5, 0x29, 0xad, 0x6b, 0xb5, 0xad, 
	0xbd, 0xef, 0xc6, 0x31, 0xc6, 0x31, 0xce, 0x73, 
	0xce, 0x73, 0xd6, 0xb5, 0xd6, 0xb5, 0xd6, 0xb5, 
	0xd6, 0xb5, 0xde, 0xf7, 0xde, 0xf7, 0xde, 0xf7, 
	0xd6, 0xb5, 0xd6, 0xb5, 0xd6, 0xb5, 0xd6, 0xb5, 
	0xd6, 0xb5, 0xd6, 0xb5, 0xd6, 0xb5, 0xce, 0x73, 
	0x5a, 0xd7, 0x63, 0x19, 0x6b, 0x5b, 0x73, 0x9d, 
	0x84, 0x21, 0x8c, 0x63, 0x94, 0xa5, 0x9c, 0xe7, 
	0x9c, 0xe7, 0xa5, 0x29, 0xad, 0x6b, 0xb5, 0xad, 
	0xbd, 0xef, 0xc6, 0x31, 0xc6, 0x31, 0xce, 0x73, 
	0xd6, 0xb5, 0xd6, 0xb5, 0xd6, 0xb5, 0xd6, 0xb5, 
	0xde, 0xf7, 0xde, 0xf7, 0xde, 0xf7, 0xd6, 0xb5, 
	0xd6, 0xb5, 0xd6, 0xb5, 0xd6, 0xb5, 0xd6, 0xb5, 
	0xd6, 0xb5, 0xd6, 0xb5, 0xd6, 0xb5, 0xce, 0x73, 
	0x5a, 0xd7, 0x63, 0x19, 0x6b, 0x5b, 0x73, 0x9d, 
	0x84, 0x21, 0x8c, 0x63, 0x94, 0xa5, 0x9c, 0xe7, 
	0x9c, 0xe7, 0xa5, 0x29, 0xad, 0x6b, 0xb5, 0xad, 
	0xbd, 0xef, 0xc6, 0x31, 0xc6, 0x31, 0xce, 0x73, 
	0xd6, 0xb5, 0xd6, 0xb5, 0xd6, 0xb5, 0xde, 0xf7, 
	0xde, 0xf7, 0xde, 0xf7, 0xde, 0xf7, 0xd6, 0xb5, 
	0xd6, 0xb5, 0xd6, 0xb5, 0xd6, 0xb5, 0xd6, 0xb5, 
	0xd6, 0xb5, 0xd6, 0xb5, 0xd6, 0xb5, 0xce, 0x73, 
	0x5a, 0xd7, 0x63, 0x19, 0x6b, 0x5b, 0x73, 0x9d, 
	0x7b, 0xdf, 0x84, 0x21, 0x8c, 0x63, 0x94, 0xa5, 
	0x9c, 0xe7, 0xa5, 0x29, 0xad, 0x6b, 0xb5, 0xad, 
	0xbd, 0xef, 0xbd, 0xef, 0xc6, 0x31, 0xce, 0x73, 
	0xce, 0x73, 0xd6, 0xb5, 0xd6, 0xb5, 0xde, 0xf7, 
	0xde, 0xf7, 0xde, 0xf7, 0xd6, 0xb5, 0xd6, 0xb5, 
	0xd6, 0xb5, 0xd6, 0xb5, 0xd6, 0xb5, 0xd6, 0xb5, 
	0xd6, 0xb5, 0xd6, 0xb5, 0xd6, 0xb5, 0xce, 0x73, 
	0x5a, 0xd7, 0x63, 0x19, 0x6b, 0x5b, 0x73, 0x9d, 
	0x7b, 0xdf, 0x84, 0x21, 0x8c, 0x63, 0x94, 0xa5, 
	0x9c, 0xe7, 0xa5, 0x29, 0xad, 0x6b, 0xad, 0x6b, 
	0xb5, 0xad, 0xbd, 0xef, 0xc6, 0x31, 0xc6, 0x31, 
	0xce, 0x73, 0xd6, 0xb5, 0xd6, 0xb5, 0xd6, 0xb5, 
	0xd6, 0xb5, 0xd6, 0xb5, 0xd6, 0xb5, 0xd6, 0xb5, 
	0xd6, 0xb5, 0xd6, 0xb5, 0xd6, 0xb5, 0xd6, 0xb5, 
	0xd6, 0xb5, 0xd6, 0xb5, 0xd6, 0xb5, 0xce, 0x73, 
	0x5a, 0xd7, 0x63, 0x19, 0x6b, 0x5b, 0x73, 0x9d, 
	0x7b, 0xdf, 0x84, 0x21, 0x8c, 0x63, 0x94, 0xa5, 
	0x9c, 0xe7, 0xa5, 0x29, 0xa5, 0x29, 0xad, 0x6b, 
	0xb5, 0xad, 0xbd, 0xef, 0xbd, 0xef, 0xc6, 0x31, 
	0xc6, 0x31, 0xce, 0x73, 0xce, 0x73, 0xd6, 0xb5, 
	0xd6, 0xb5, 0xd6, 0xb5, 0xd6, 0xb5, 0xd6, 0xb5, 
	0xd6, 0xb5, 0xd6, 0xb5, 0xd6, 0xb5, 0xd6, 0xb5, 
	0xd6, 0xb5, 0xd6, 0xb5, 0xd6, 0xb5, 0xce, 0x73, 
	0x5a, 0xd7, 0x63, 0x19, 0x63, 0x19, 0x6b, 0x5b, 
	0x73, 0x9d, 0x84, 0x21, 0x8c, 0x63, 0x94, 0xa5, 
	0x9c, 0xe7, 0x9c, 0xe7, 0xa5, 0x29, 0xad, 0x6b, 
	0xad, 0x6b, 0xb5, 0xad, 0xbd, 0xef, 0xbd, 0xef, 
	0xc6, 0x31, 0xce, 0x73, 0xce, 0x73, 0xd6, 0xb5, 
	0xd6, 0xb5, 0xd6, 0xb5, 0xd6, 0xb5, 0xd6, 0xb5, 
	0xd6, 0xb5, 0xd6, 0xb5, 0xd6, 0xb5, 0xd6, 0xb5, 
	0xd6, 0xb5, 0xd6, 0xb5, 0xd6, 0xb5, 0xce, 0x73, 
	0x5a, 0xd7, 0x63, 0x19, 0x63, 0x19, 0x6b, 0x5b, 
	0x73, 0x9d, 0x7b, 0xdf, 0x8c, 0x63, 0x94, 0xa5, 
	0x9c, 0xe7, 0x9c, 0xe7, 0xa5, 0x29, 0xad, 0x6b, 
	0xad, 0x6b, 0xb5, 0xad, 0xbd, 0xef, 0xbd, 0xef, 
	0xc6, 0x31, 0xc6, 0x31, 0xce, 0x73, 0xce, 0x73, 
	0xd6, 0xb5, 0xd6, 0xb5, 0xd6, 0xb5, 0xd6, 0xb5, 
	0xd6, 0xb5, 0xd6, 0xb5, 0xd6, 0xb5, 0xd6, 0xb5, 
	0xd6, 0xb5, 0xd6, 0xb5, 0xd6, 0xb5, 0xce, 0x73, 
	0x5a, 0xd7, 0x63, 0x19, 0x63, 0x19, 0x6b, 0x5b, 
	0x73, 0x9d, 0x7b, 0xdf, 0x8c, 0x63, 0x94, 0xa5, 
	0x9c, 0xe7, 0xa5, 0x29, 0xa5, 0x29, 0xad, 0x6b, 
	0xb5, 0xad, 0xb5, 0xad, 0xbd, 0xef, 0xbd, 0xef, 
	0xc6, 0x31, 0xc6, 0x31, 0xce, 0x73, 0xce, 0x73, 
	0xd6, 0xb5, 0xd6, 0xb5, 0xd6, 0xb5, 0xd6, 0xb5, 
	0xd6, 0xb5, 0xd6, 0xb5, 0xd6, 0xb5, 0xd6, 0xb5, 
	0xd6, 0xb5, 0xd6, 0xb5, 0xd6, 0xb5, 0xce, 0x73, 
	0x5a, 0xd7, 0x63, 0x19, 0x6b, 0x5b, 0x6b, 0x5b, 
	0x73, 0x9d, 0x84, 0x21, 0x8c, 0x63, 0x94, 0xa5, 
	0x9c, 0xe7, 0xa5, 0x29, 0xad, 0x6b, 0xad, 0x6b, 
	0xb5, 0xad, 0xbd, 0xef, 0xbd, 0xef, 0xbd, 0xef, 
	0xc6, 0x31, 0xc6, 0x31, 0xce, 0x73, 0xce, 0x73, 
	0xd6, 0xb5, 0xd6, 0xb5, 0xd6, 0xb5, 0xd6, 0xb5, 
	0xd6, 0xb5, 0xd6, 0xb5, 0xd6, 0xb5, 0xd6, 0xb5, 
	0xd6, 0xb5, 0xd6, 0xb5, 0xd6, 0xb5, 0xd6, 0xb5, 
	0x5a, 0xd7, 0x63, 0x19, 0x6b, 0x5b, 0x73, 0x9d, 
	0x7b, 0xdf, 0x84, 0x21, 0x8c, 0x63, 0x94, 0xa5, 
	0x9c, 0xe7, 0xa5, 0x29, 0xad, 0x6b, 0xb5, 0xad, 
	0xbd, 0xef, 0xbd, 0xef, 0xc6, 0x31, 0xc6, 0x31, 
	0xc6, 0x31, 0xce, 0x73, 0xce, 0x73, 0xd6, 0xb5, 
	0xd6, 0xb5, 0xd6, 0xb5, 0xd6, 0xb5, 0xd6, 0xb5, 
	0xd6, 0xb5, 0xd6, 0xb5, 0xd6, 0xb5, 0xd6, 0xb5, 
	0xd6, 0xb5, 0xd6, 0xb5, 0xd6, 0xb5, 0xd6, 0xb5, 
	0x5a, 0xd7, 0x63, 0x19, 0x6b, 0x5b, 0x73, 0x9d, 
	0x7b, 0xdf, 0x84, 0x21, 0x8c, 0x63, 0x94, 0xa5, 
	0x9c, 0xe7, 0xad, 0x6b, 0xb5, 0xad, 0xb5, 0xad, 
	0xbd, 0xef, 0xc6, 0x31, 0xc6, 0x31, 0xce, 0x73, 
	0xce, 0x73, 0xce, 0x73, 0xd6, 0xb5, 0xd6, 0xb5, 
	0xd6, 0xb5, 0xd6, 0xb5, 0xd6, 0xb5, 0xd6, 0xb5, 
	0xd6, 0xb5, 0xd6, 0xb5, 0xd6, 0xb5, 0xd6, 0xb5, 
	0xd6, 0xb5, 0xd6, 0xb5, 0xd6, 0xb5, 0xd6, 0xb5, 
	0x5a, 0xd7, 0x63, 0x19, 0x73, 0x9d, 0x7b, 0xdf, 
	0x84, 0x21, 0x8c, 0x63, 0x94, 0xa5, 0x9c, 0xe7, 
	0xa5, 0x29, 0xad, 0x6b, 0xb5, 0xad, 0xbd, 0xef, 
	0xc6, 0x31, 0xc6, 0x31, 0xce, 0x73, 0xce, 0x73, 
	0xd6, 0xb5, 0xd6, 0xb5, 0xd6, 0xb5, 0xd6, 0xb5, 
	0xd6, 0xb5, 0xd6, 0xb5, 0xd6, 0xb5, 0xd6, 0xb5, 
	0xd6, 0xb5, 0xd6, 0xb5, 0xd6, 0xb5, 0xd6, 0xb5, 
	0xd6, 0xb5, 0xd6, 0xb5, 0xd6, 0xb5, 0xd6, 0xb5, 
	0x5a, 0xd7, 0x63, 0x19, 0x6b, 0x5b, 0x7b, 0xdf, 
	0x84, 0x21, 0x8c, 0x63, 0x94, 0xa5, 0x9c, 0xe7, 
	0xa5, 0x29, 0xad, 0x6b, 0xb5, 0xad, 0xbd, 0xef, 
	0xc6, 0x31, 0xc6, 0x31, 0xce, 0x73, 0xd6, 0xb5, 
	0xd6, 0xb5, 0xd6, 0xb5, 0xd6, 0xb5, 0xd6, 0xb5, 
	0xd6, 0xb5, 0xd6, 0xb5, 0xd6, 0xb5, 0xd6, 0xb5, 
	0xd6, 0xb5, 0xd6, 0xb5, 0xd6, 0xb5, 0xd6, 0xb5, 
	0xd6, 0xb5, 0xd6, 0xb5, 0xd6, 0xb5, 0xd6, 0xb5, 
	0x5a, 0xd7, 0x63, 0x19, 0x6b, 0x5b, 0x7b, 0xdf, 
	0x84, 0x21, 0x8c, 0x63, 0x94, 0xa5, 0x9c, 0xe7, 
	0xa5, 0x29, 0xad, 0x6b, 0xb5, 0xad, 0xbd, 0xef, 
	0xc6, 0x31, 0xce, 0x73, 0xce, 0x73, 0xd6, 0xb5, 
	0xd6, 0xb5, 0xd6, 0xb5, 0xd6, 0xb5, 0xd6, 0xb5, 
	0xd6, 0xb5, 0xd6, 0xb5, 0xd6, 0xb5, 0xd6, 0xb5, 
	0xd6, 0xb5, 0xd6, 0xb5, 0xd6, 0xb5, 0xd6, 0xb5, 
	0xd6, 0xb5, 0xd6, 0xb5, 0xd6, 0xb5, 0xd6, 0xb5, 
	0x5a, 0xd7, 0x63, 0x19, 0x6b, 0x5b, 0x73, 0x9d, 
	0x84, 0x21, 0x8c, 0x63, 0x94, 0xa5, 0x9c, 0xe7, 
	0xa5, 0x29, 0xad, 0x6b, 0xb5, 0xad, 0xbd, 0xef, 
	0xc6, 0x31, 0xce, 0x73, 0xd6, 0xb5, 0xd6, 0xb5, 
	0xd6, 0xb5, 0xde, 0xf7, 0xde, 0xf7, 0xd6, 0xb5, 
	0xd6, 0xb5, 0xd6, 0xb5, 0xd6, 0xb5, 0xd6, 0xb5, 
	0xd6, 0xb5, 0xd6, 0xb5, 0xd6, 0xb5, 0xd6, 0xb5, 
	0xd6, 0xb5, 0xd6, 0xb5, 0xd6, 0xb5, 0xd6, 0xb5, 
	0x5a, 0xd7, 0x63, 0x19, 0x63, 0x19, 0x73, 0x9d, 
	0x7b, 0xdf, 0x8c, 0x63, 0x94, 0xa5, 0x9c, 0xe7, 
	0xa5, 0x29, 0xad, 0x6b, 0xb5, 0xad, 0xbd, 0xef, 
	0xc6, 0x31, 0xce, 0x73, 0xce, 0x73, 0xd6, 0xb5, 
	0xd6, 0xb5, 0xd6, 0xb5, 0xde, 0xf7, 0xd6, 0xb5, 
	0xd6, 0xb5, 0xd6, 0xb5, 0xd6, 0xb5, 0xd6, 0xb5, 
	0xd6, 0xb5, 0xd6, 0xb5, 0xd6, 0xb5, 0xd6, 0xb5, 
	0xd6, 0xb5, 0xd6, 0xb5, 0xd6, 0xb5, 0xd6, 0xb5, 
	0x5a, 0xd7, 0x63, 0x19, 0x63, 0x19, 0x6b, 0x5b, 
	0x7b, 0xdf, 0x84, 0x21, 0x94, 0xa5, 0x9c, 0xe7, 
	0xa5, 0x29, 0xad, 0x6b, 0xb5, 0xad, 0xbd, 0xef, 
	0xbd, 0xef, 0xc6, 0x31, 0xce, 0x73, 0xce, 0x73, 
	0xd6, 0xb5, 0xd6, 0xb5, 0xd6, 0xb5, 0xd6, 0xb5, 
	0xd6, 0xb5, 0xd6, 0xb5, 0xd6, 0xb5, 0xd6, 0xb5, 
	0xd6, 0xb5, 0xd6, 0xb5, 0xd6, 0xb5, 0xd6, 0xb5, 
	0xd6, 0xb5, 0xd6, 0xb5, 0xd6, 0xb5, 0xd6, 0xb5, 
	0x5a, 0xd7, 0x63, 0x19, 0x63, 0x19, 0x6b, 0x5b, 
	0x73, 0x9d, 0x84, 0x21, 0x8c, 0x63, 0x9c, 0xe7, 
	0xa5, 0x29, 0xad, 0x6b, 0xb5, 0xad, 0xb5, 0xad, 
	0xbd, 0xef, 0xc6, 0x31, 0xc6, 0x31, 0xce, 0x73, 
	0xce, 0x73, 0xce, 0x73, 0xd6, 0xb5, 0xd6, 0xb5, 
	0xd6, 0xb5, 0xd6, 0xb5, 0xd6, 0xb5, 0xd6, 0xb5, 
	0xd6, 0xb5, 0xd6, 0xb5, 0xd6, 0xb5, 0xd6, 0xb5, 
	0xd6, 0xb5, 0xd6, 0xb5, 0xd6, 0xb5, 0xd6, 0xb5, 
	0x5a, 0xd7, 0x5a, 0xd7, 0x63, 0x19, 0x6b, 0x5b, 
	0x73, 0x9d, 0x84, 0x21, 0x8c, 0x63, 0x9c, 0xe7, 
	0xa5, 0x29, 0xad, 0x6b, 0xad, 0x6b, 0xb5, 0xad, 
	0xbd, 0xef, 0xbd, 0xef, 0xc6, 0x31, 0xc6, 0x31, 
	0xce, 0x73, 0xce, 0x73, 0xce, 0x73, 0xd6, 0xb5, 
	0xd6, 0xb5, 0xd6, 0xb5, 0xd6, 0xb5, 0xd6, 0xb5, 
	0xd6, 0xb5, 0xd6, 0xb5, 0xd6, 0xb5, 0xd6, 0xb5, 
	0xd6, 0xb5, 0xd6, 0xb5, 0xd6, 0xb5, 0xd6, 0xb5, 
	0x52, 0x95, 0x5a, 0xd7, 0x63, 0x19, 0x6b, 0x5b, 
	0x73, 0x9d, 0x7b, 0xdf, 0x8c, 0x63, 0x94, 0xa5, 
	0xa5, 0x29, 0xad, 0x6b, 0xad, 0x6b, 0xb5, 0xad, 
	0xbd, 0xef, 0xbd, 0xef, 0xbd, 0xef, 0xc6, 0x31, 
	0xc6, 0x31, 0xce, 0x73, 0xce, 0x73, 0xce, 0x73, 
	0xd6, 0xb5, 0xd6, 0xb5, 0xd6, 0xb5, 0xd6, 0xb5, 
	0xd6, 0xb5, 0xd6, 0xb5, 0xd6, 0xb5, 0xd6, 0xb5, 
	0xde, 0xf7, 0xde, 0xf7, 0xd6, 0xb5, 0xd6, 0xb5, 
	0x52, 0x95, 0x5a, 0xd7, 0x63, 0x19, 0x63, 0x19, 
	0x73, 0x9d, 0x7b, 0xdf, 0x8c, 0x63, 0x94, 0xa5, 
	0x9c, 0xe7, 0xad, 0x6b, 0xb5, 0xad, 0xb5, 0xad, 
	0xbd, 0xef, 0xbd, 0xef, 0xc6, 0x31, 0xc6, 0x31, 
	0xce, 0x73, 0xce, 0x73, 0xce, 0x73, 0xd6, 0xb5, 
	0xd6, 0xb5, 0xd6, 0xb5, 0xd6, 0xb5, 0xd6, 0xb5, 
	0xd6, 0xb5, 0xd6, 0xb5, 0xd6, 0xb5, 0xd6, 0xb5, 
	0xde, 0xf7, 0xde, 0xf7, 0xd6, 0xb5, 0xd6, 0xb5, 
	0x52, 0x95, 0x5a, 0xd7, 0x63, 0x19, 0x63, 0x19, 
	0x6b, 0x5b, 0x7b, 0xdf, 0x84, 0x21, 0x94, 0xa5, 
	0x9c, 0xe7, 0xa5, 0x29, 0xad, 0x6b, 0xb5, 0xad, 
	0xbd, 0xef, 0xc6, 0x31, 0xc6, 0x31, 0xce, 0x73, 
	0xce, 0x73, 0xce, 0x73, 0xd6, 0xb5, 0xd6, 0xb5, 
	0xd6, 0xb5, 0xd6, 0xb5, 0xd6, 0xb5, 0xd6, 0xb5, 
	0xd6, 0xb5, 0xd6, 0xb5, 0xd6, 0xb5, 0xde, 0xf7, 
	0xde, 0xf7, 0xde, 0xf7, 0xde, 0xf7, 0xd6, 0xb5, 
	0x52, 0x95, 0x5a, 0xd7, 0x63, 0x19, 0x63, 0x19, 
	0x6b, 0x5b, 0x73, 0x9d, 0x84, 0x21, 0x8c, 0x63, 
	0x9c, 0xe7, 0xa5, 0x29, 0xad, 0x6b, 0xb5, 0xad, 
	0xbd, 0xef, 0xc6, 0x31, 0xce, 0x73, 0xce, 0x73, 
	0xd6, 0xb5, 0xd6, 0xb5, 0xd6, 0xb5, 0xd6, 0xb5, 
	0xd6, 0xb5, 0xd6, 0xb5, 0xd6, 0xb5, 0xd6, 0xb5, 
	0xd6, 0xb5, 0xd6, 0xb5, 0xde, 0xf7, 0xde, 0xf7, 
	0xde, 0xf7, 0xde, 0xf7, 0xde, 0xf7, 0xd6, 0xb5, 
	0x52, 0x95, 0x5a, 0xd7, 0x63, 0x19, 0x6b, 0x5b, 
	0x73, 0x9d, 0x73, 0x9d, 0x84, 0x21, 0x8c, 0x63, 
	0x94, 0xa5, 0x9c, 0xe7, 0xad, 0x6b, 0xb5, 0xad, 
	0xbd, 0xef, 0xc6, 0x31, 0xce, 0x73, 0xd6, 0xb5, 
	0xd6, 0xb5, 0xd6, 0xb5, 0xd6, 0xb5, 0xd6, 0xb5, 
	0xd6, 0xb5, 0xd6, 0xb5, 0xd6, 0xb5, 0xde, 0xf7, 
	0xde, 0xf7, 0xde, 0xf7, 0xde, 0xf7, 0xde, 0xf7, 
	0xde, 0xf7, 0xde, 0xf7, 0xde, 0xf7, 0xd6, 0xb5, 
	0x52, 0x95, 0x5a, 0xd7, 0x63, 0x19, 0x6b, 0x5b, 
	0x73, 0x9d, 0x7b, 0xdf, 0x84, 0x21, 0x8c, 0x63, 
	0x94, 0xa5, 0x9c, 0xe7, 0xa5, 0x29, 0xb5, 0xad, 
	0xbd, 0xef, 0xc6, 0x31, 0xce, 0x73, 0xd6, 0xb5, 
	0xd6, 0xb5, 0xd6, 0xb5, 0xd6, 0xb5, 0xd6, 0xb5, 
	0xd6, 0xb5, 0xde, 0xf7, 0xde, 0xf7, 0xd6, 0xb5, 
	0xde, 0xf7, 0xde, 0xf7, 0xde, 0xf7, 0xde, 0xf7, 
	0xde, 0xf7, 0xde, 0xf7, 0xde, 0xf7, 0xd6, 0xb5, 
	0x52, 0x95, 0x5a, 0xd7, 0x63, 0x19, 0x73, 0x9d, 
	0x7b, 0xdf, 0x84, 0x21, 0x84, 0x21, 0x8c, 0x63, 
	0x8c, 0x63, 0x94, 0xa5, 0xa5, 0x29, 0xad, 0x6b, 
	0xb5, 0xad, 0xc6, 0x31, 0xce, 0x73, 0xd6, 0xb5, 
	0xd6, 0xb5, 0xd6, 0xb5, 0xd6, 0xb5, 0xd6, 0xb5, 
	0xd6, 0xb5, 0xd6, 0xb5, 0xd6, 0xb5, 0xd6, 0xb5, 
	0xde, 0xf7, 0xde, 0xf7, 0xde, 0xf7, 0xde, 0xf7, 
	0xde, 0xf7, 0xde, 0xf7, 0xde, 0xf7, 0xd6, 0xb5, 
	0x52, 0x95, 0x63, 0x19, 0x6b, 0x5b, 0x7b, 0xdf, 
	0x84, 0x21, 0x8c, 0x63, 0x8c, 0x63, 0x8c, 0x63, 
	0x94, 0xa5, 0x94, 0xa5, 0x9c, 0xe7, 0xad, 0x6b, 
	0xb5, 0xad, 0xbd, 0xef, 0xce, 0x73, 0xd6, 0xb5, 
	0xd6, 0xb5, 0xd6, 0xb5, 0xd6, 0xb5, 0xd6, 0xb5, 
	0xd6, 0xb5, 0xd6, 0xb5, 0xd6, 0xb5, 0xd6, 0xb5, 
	0xde, 0xf7, 0xde, 0xf7, 0xde, 0xf7, 0xde, 0xf7, 
	0xde, 0xf7, 0xde, 0xf7, 0xde, 0xf7, 0xd6, 0xb5, 
	0x52, 0x95, 0x63, 0x19, 0x73, 0x9d, 0x84, 0x21, 
	0x8c, 0x63, 0x8c, 0x63, 0x94, 0xa5, 0x94, 0xa5, 
	0x94, 0xa5, 0x9c, 0xe7, 0x9c, 0xe7, 0xa5, 0x29, 
	0xb5, 0xad, 0xbd, 0xef, 0xc6, 0x31, 0xce, 0x73, 
	0xd6, 0xb5, 0xd6, 0xb5, 0xd6, 0xb5, 0xd6, 0xb5, 
	0xd6, 0xb5, 0xd6, 0xb5, 0xd6, 0xb5, 0xd6, 0xb5, 
	0xde, 0xf7, 0xde, 0xf7, 0xde, 0xf7, 0xde, 0xf7, 
	0xde, 0xf7, 0xde, 0xf7, 0xde, 0xf7, 0xd6, 0xb5, 
	0x52, 0x95, 0x63, 0x19, 0x73, 0x9d, 0x84, 0x21, 
	0x94, 0xa5, 0x94, 0xa5, 0x9c, 0xe7, 0x9c, 0xe7, 
	0x9c, 0xe7, 0x9c, 0xe7, 0x9c, 0xe7, 0xa5, 0x29, 
	0xad, 0x6b, 0xbd, 0xef, 0xc6, 0x31, 0xce, 0x73, 
	0xce, 0x73, 0xd6, 0xb5, 0xd6, 0xb5, 0xd6, 0xb5, 
	0xd6, 0xb5, 0xd6, 0xb5, 0xd6, 0xb5, 0xd6, 0xb5, 
	0xde, 0xf7, 0xde, 0xf7, 0xde, 0xf7, 0xde, 0xf7, 
	0xde, 0xf7, 0xde, 0xf7, 0xde, 0xf7, 0xde, 0xf7, 
	0x52, 0x95, 0x63, 0x19, 0x73, 0x9d, 0x84, 0x21, 
	0x94, 0xa5, 0x9c, 0xe7, 0x9c, 0xe7, 0x9c, 0xe7, 
	0x9c, 0xe7, 0xa5, 0x29, 0xa5, 0x29, 0xad, 0x6b, 
	0xb5, 0xad, 0xb5, 0xad, 0xbd, 0xef, 0xc6, 0x31, 
	0xce, 0x73, 0xce, 0x73, 0xd6, 0xb5, 0xd6, 0xb5, 
	0xd6, 0xb5, 0xd6, 0xb5, 0xd6, 0xb5, 0xd6, 0xb5, 
	0xde, 0xf7, 0xde, 0xf7, 0xde, 0xf7, 0xde, 0xf7, 
	0xde, 0xf7, 0xde, 0xf7, 0xde, 0xf7, 0xde, 0xf7, 
	0x52, 0x95, 0x63, 0x19, 0x73, 0x9d, 0x84, 0x21, 
	0x94, 0xa5, 0x9c, 0xe7, 0xa5, 0x29, 0xa5, 0x29, 
	0xa5, 0x29, 0xa5, 0x29, 0xad, 0x6b, 0xad, 0x6b, 
	0xb5, 0xad, 0xbd, 0xef, 0xbd, 0xef, 0xc6, 0x31, 
	0xce, 0x73, 0xce, 0x73, 0xce, 0x73, 0xd6, 0xb5, 
	0xd6, 0xb5, 0xd6, 0xb5, 0xd6, 0xb5, 0xde, 0xf7, 
	0xde, 0xf7, 0xde, 0xf7, 0xde, 0xf7, 0xde, 0xf7, 
	0xde, 0xf7, 0xde, 0xf7, 0xde, 0xf7, 0xde, 0xf7, 
	0x52, 0x95, 0x63, 0x19, 0x73, 0x9d, 0x84, 0x21, 
	0x94, 0xa5, 0x9c, 0xe7, 0xa5, 0x29, 0xa5, 0x29, 
	0xad, 0x6b, 0xad, 0x6b, 0xad, 0x6b, 0xb5, 0xad, 
	0xb5, 0xad, 0xbd, 0xef, 0xbd, 0xef, 0xc6, 0x31, 
	0xc6, 0x31, 0xce, 0x73, 0xce, 0x73, 0xce, 0x73, 
	0xd6, 0xb5, 0xd6, 0xb5, 0xd6, 0xb5, 0xde, 0xf7, 
	0xde, 0xf7, 0xde, 0xf7, 0xde, 0xf7, 0xde, 0xf7, 
	0xde, 0xf7, 0xde, 0xf7, 0xde, 0xf7, 0xde, 0xf7, 
	0x52, 0x95, 0x5a, 0xd7, 0x6b, 0x5b, 0x7b, 0xdf, 
	0x8c, 0x63, 0x9c, 0xe7, 0xa5, 0x29, 0xa5, 0x29, 
	0xad, 0x6b, 0xad, 0x6b, 0xb5, 0xad, 0xb5, 0xad, 
	0xbd, 0xef, 0xbd, 0xef, 0xbd, 0xef, 0xc6, 0x31, 
	0xc6, 0x31, 0xc6, 0x31, 0xce, 0x73, 0xce, 0x73, 
	0xd6, 0xb5, 0xd6, 0xb5, 0xd6, 0xb5, 0xd6, 0xb5, 
	0xde, 0xf7, 0xde, 0xf7, 0xde, 0xf7, 0xde, 0xf7, 
	0xde, 0xf7, 0xde, 0xf7, 0xde, 0xf7, 0xde, 0xf7, 
	0x52, 0x95, 0x5a, 0xd7, 0x6b, 0x5b, 0x7b, 0xdf, 
	0x84, 0x21, 0x94, 0xa5, 0x9c, 0xe7, 0xa5, 0x29, 
	0xad, 0x6b, 0xad, 0x6b, 0xb5, 0xad, 0xb5, 0xad, 
	0xbd, 0xef, 0xbd, 0xef, 0xc6, 0x31, 0xc6, 0x31, 
	0xc6, 0x31, 0xc6, 0x31, 0xce, 0x73, 0xce, 0x73, 
	0xce, 0x73, 0xd6, 0xb5, 0xd6, 0xb5, 0xd6, 0xb5, 
	0xd6, 0xb5, 0xd6, 0xb5, 0xd6, 0xb5, 0xde, 0xf7, 
	0xde, 0xf7, 0xde, 0xf7, 0xde, 0xf7, 0xde, 0xf7, 
	0x52, 0x95, 0x5a, 0xd7, 0x63, 0x19, 0x73, 0x9d, 
	0x84, 0x21, 0x8c, 0x63, 0x9c, 0xe7, 0xa5, 0x29, 
	0xad, 0x6b, 0xad, 0x6b, 0xb5, 0xad, 0xbd, 0xef, 
	0xbd, 0xef, 0xbd, 0xef, 0xc6, 0x31, 0xc6, 0x31, 
	0xc6, 0x31, 0xce, 0x73, 0xce, 0x73, 0xce, 0x73, 
	0xce, 0x73, 0xce, 0x73, 0xd6, 0xb5, 0xd6, 0xb5, 
	0xd6, 0xb5, 0xd6, 0xb5, 0xd6, 0xb5, 0xde, 0xf7, 
	0xde, 0xf7, 0xde, 0xf7, 0xde, 0xf7, 0xde, 0xf7, 
	0x52, 0x95, 0x5a, 0xd7, 0x63, 0x19, 0x73, 0x9d, 
	0x7b, 0xdf, 0x8c, 0x63, 0x94, 0xa5, 0x9c, 0xe7, 
	0xa5, 0x29, 0xad, 0x6b, 0xb5, 0xad, 0xbd, 0xef, 
	0xbd, 0xef, 0xc6, 0x31, 0xc6, 0x31, 0xc6, 0x31, 
	0xce, 0x73, 0xce, 0x73, 0xce, 0x73, 0xce, 0x73, 
	0xce, 0x73, 0xce, 0x73, 0xce, 0x73, 0xd6, 0xb5, 
	0xd6, 0xb5, 0xd6, 0xb5, 0xd6, 0xb5, 0xd6, 0xb5, 
	0xde, 0xf7, 0xde, 0xf7, 0xde, 0xf7, 0xde, 0xf7, 
	0x52, 0x95, 0x5a, 0xd7, 0x63, 0x19, 0x6b, 0x5b, 
	0x7b, 0xdf, 0x84, 0x21, 0x94, 0xa5, 0x9c, 0xe7, 
	0xa5, 0x29, 0xad, 0x6b, 0xb5, 0xad, 0xbd, 0xef, 
	0xbd, 0xef, 0xc6, 0x31, 0xc6, 0x31, 0xce, 0x73, 
	0xce, 0x73, 0xce, 0x73, 0xce, 0x73, 0xce, 0x73, 
	0xce, 0x73, 0xce, 0x73, 0xce, 0x73, 0xd6, 0xb5, 
	0xd6, 0xb5, 0xd6, 0xb5, 0xd6, 0xb5, 0xd6, 0xb5, 
	0xde, 0xf7, 0xde, 0xf7, 0xde, 0xf7, 0xde, 0xf7, 
	0x52, 0x95, 0x63, 0x19, 0x63, 0x19, 0x6b, 0x5b, 
	0x7b, 0xdf, 0x84, 0x21, 0x94, 0xa5, 0x9c, 0xe7, 
	0xa5, 0x29, 0xad, 0x6b, 0xb5, 0xad, 0xbd, 0xef, 
	0xc6, 0x31, 0xc6, 0x31, 0xce, 0x73, 0xce, 0x73, 
	0xce, 0x73, 0xce, 0x73, 0xce, 0x73, 0xce, 0x73, 
	0xce, 0x73, 0xce, 0x73, 0xd6, 0xb5, 0xd6, 0xb5, 
	0xd6, 0xb5, 0xd6, 0xb5, 0xd6, 0xb5, 0xd6, 0xb5, 
	0xd6, 0xb5, 0xde, 0xf7, 0xde, 0xf7, 0xde, 0xf7, 
	0x52, 0x95, 0x63, 0x19, 0x63, 0x19, 0x73, 0x9d, 
	0x7b, 0xdf, 0x84, 0x21, 0x94, 0xa5, 0x9c, 0xe7, 
	0xad, 0x6b, 0xb5, 0xad, 0xbd, 0xef, 0xbd, 0xef, 
	0xc6, 0x31, 0xce, 0x73, 0xce, 0x73, 0xd6, 0xb5, 
	0xd6, 0xb5, 0xd6, 0xb5, 0xd6, 0xb5, 0xd6, 0xb5, 
	0xd6, 0xb5, 0xd6, 0xb5, 0xd6, 0xb5, 0xd6, 0xb5, 
	0xd6, 0xb5, 0xd6, 0xb5, 0xd6, 0xb5, 0xd6, 0xb5, 
	0xde, 0xf7, 0xde, 0xf7, 0xde, 0xf7, 0xde, 0xf7, 
	0x52, 0x95, 0x63, 0x19, 0x6b, 0x5b, 0x73, 0x9d, 
	0x7b, 0xdf, 0x8c, 0x63, 0x94, 0xa5, 0x9c, 0xe7, 
	0xad, 0x6b, 0xb5, 0xad, 0xbd, 0xef, 0xc6, 0x31, 
	0xce, 0x73, 0xce, 0x73, 0xd6, 0xb5, 0xd6, 0xb5, 
	0xd6, 0xb5, 0xd6, 0xb5, 0xd6, 0xb5, 0xd6, 0xb5, 
	0xd6, 0xb5, 0xd6, 0xb5, 0xd6, 0xb5, 0xd6, 0xb5, 
	0xd6, 0xb5, 0xd6, 0xb5, 0xd6, 0xb5, 0xd6, 0xb5, 
	0xde, 0xf7, 0xde, 0xf7, 0xde, 0xf7, 0xde, 0xf7, 
	0x5a, 0xd7, 0x63, 0x19, 0x6b, 0x5b, 0x73, 0x9d, 
	0x7b, 0xdf, 0x8c, 0x63, 0x94, 0xa5, 0x9c, 0xe7, 
	0xad, 0x6b, 0xb5, 0xad, 0xbd, 0xef, 0xc6, 0x31, 
	0xce, 0x73, 0xd6, 0xb5, 0xd6, 0xb5, 0xde, 0xf7, 
	0xde, 0xf7, 0xde, 0xf7, 0xde, 0xf7, 0xde, 0xf7, 
	0xde, 0xf7, 0xde, 0xf7, 0xd6, 0xb5, 0xd6, 0xb5, 
	0xde, 0xf7, 0xde, 0xf7, 0xde, 0xf7, 0xde, 0xf7, 
	0xde, 0xf7, 0xde, 0xf7, 0xde, 0xf7, 0xde, 0xf7, 
	0x5a, 0xd7, 0x63, 0x19, 0x6b, 0x5b, 0x73, 0x9d, 
	0x7b, 0xdf, 0x84, 0x21, 0x8c, 0x63, 0x9c, 0xe7, 
	0xa5, 0x29, 0xad, 0x6b, 0xbd, 0xef, 0xc6, 0x31, 
	0xce, 0x73, 0xd6, 0xb5, 0xd6, 0xb5, 0xde, 0xf7, 
	0xde, 0xf7, 0xde, 0xf7, 0xde, 0xf7, 0xde, 0xf7, 
	0xde, 0xf7, 0xde, 0xf7, 0xde, 0xf7, 0xde, 0xf7, 
	0xde, 0xf7, 0xde, 0xf7, 0xde, 0xf7, 0xde, 0xf7, 
	0xde, 0xf7, 0xde, 0xf7, 0xde, 0xf7, 0xde, 0xf7, 
	0x5a, 0xd7, 0x63, 0x19, 0x6b, 0x5b, 0x73, 0x9d, 
	0x7b, 0xdf, 0x84, 0x21, 0x8c, 0x63, 0x94, 0xa5, 
	0x9c, 0xe7, 0xad, 0x6b, 0xb5, 0xad, 0xbd, 0xef, 
	0xc6, 0x31, 0xce, 0x73, 0xd6, 0xb5, 0xde, 0xf7, 
	0xde, 0xf7, 0xde, 0xf7, 0xde, 0xf7, 0xde, 0xf7, 
	0xde, 0xf7, 0xde, 0xf7, 0xde, 0xf7, 0xde, 0xf7, 
	0xde, 0xf7, 0xde, 0xf7, 0xde, 0xf7, 0xde, 0xf7, 
	0xde, 0xf7, 0xde, 0xf7, 0xde, 0xf7, 0xde, 0xf7, 
	0x5a, 0xd7, 0x63, 0x19, 0x63, 0x19, 0x6b, 0x5b, 
	0x73, 0x9d, 0x7b, 0xdf, 0x84, 0x21, 0x8c, 0x63, 
	0x9c, 0xe7, 0xa5, 0x29, 0xad, 0x6b, 0xb5, 0xad, 
	0xc6, 0x31, 0xce, 0x73, 0xd6, 0xb5, 0xde, 0xf7, 
	0xde, 0xf7, 0xde, 0xf7, 0xde, 0xf7, 0xe7, 0x39, 
	0xe7, 0x39, 0xe7, 0x39, 0xde, 0xf7, 0xde, 0xf7, 
	0xde, 0xf7, 0xde, 0xf7, 0xde, 0xf7, 0xde, 0xf7, 
	0xde, 0xf7, 0xde, 0xf7, 0xde, 0xf7, 0xde, 0xf7, 
	0x5a, 0xd7, 0x63, 0x19, 0x63, 0x19, 0x6b, 0x5b, 
	0x73, 0x9d, 0x7b, 0xdf, 0x84, 0x21, 0x8c, 0x63, 
	0x94, 0xa5, 0x9c, 0xe7, 0xa5, 0x29, 0xb5, 0xad, 
	0xbd, 0xef, 0xc6, 0x31, 0xce, 0x73, 0xd6, 0xb5, 
	0xde, 0xf7, 0xde, 0xf7, 0xde, 0xf7, 0xe7, 0x39, 
	0xe7, 0x39, 0xe7, 0x39, 0xde, 0xf7, 0xde, 0xf7, 
	0xde, 0xf7, 0xde, 0xf7, 0xde, 0xf7, 0xde, 0xf7, 
	0xde, 0xf7, 0xde, 0xf7, 0xde, 0xf7, 0xd6, 0xb5, 
	0x5a, 0xd7, 0x63, 0x19, 0x6b, 0x5b, 0x6b, 0x5b, 
	0x73, 0x9d, 0x7b, 0xdf, 0x7b, 0xdf, 0x84, 0x21, 
	0x8c, 0x63, 0x94, 0xa5, 0x9c, 0xe7, 0xad, 0x6b, 
	0xb5, 0xad, 0xc6, 0x31, 0xce, 0x73, 0xd6, 0xb5, 
	0xd6, 0xb5, 0xde, 0xf7, 0xde, 0xf7, 0xe7, 0x39, 
	0xe7, 0x39, 0xe7, 0x39, 0xde, 0xf7, 0xde, 0xf7, 
	0xde, 0xf7, 0xde, 0xf7, 0xde, 0xf7, 0xde, 0xf7, 
	0xde, 0xf7, 0xde, 0xf7, 0xde, 0xf7, 0xde, 0xf7, 
	0x5a, 0xd7, 0x63, 0x19, 0x6b, 0x5b, 0x73, 0x9d, 
	0x7b, 0xdf, 0x7b, 0xdf, 0x84, 0x21, 0x84, 0x21, 
	0x8c, 0x63, 0x94, 0xa5, 0x9c, 0xe7, 0xa5, 0x29, 
	0xb5, 0xad, 0xbd, 0xef, 0xc6, 0x31, 0xce, 0x73, 
	0xd6, 0xb5, 0xd6, 0xb5, 0xde, 0xf7, 0xde, 0xf7, 
	0xde, 0xf7, 0xde, 0xf7, 0xde, 0xf7, 0xde, 0xf7, 
	0xde, 0xf7, 0xde, 0xf7, 0xde, 0xf7, 0xde, 0xf7, 
	0xde, 0xf7, 0xde, 0xf7, 0xde, 0xf7, 0xd6, 0xb5, 
	0x5a, 0xd7, 0x63, 0x19, 0x73, 0x9d, 0x7b, 0xdf, 
	0x7b, 0xdf, 0x84, 0x21, 0x84, 0x21, 0x8c, 0x63, 
	0x8c, 0x63, 0x94, 0xa5, 0x9c, 0xe7, 0xa5, 0x29, 
	0xb5, 0xad, 0xbd, 0xef, 0xc6, 0x31, 0xce, 0x73, 
	0xd6, 0xb5, 0xd6, 0xb5, 0xd6, 0xb5, 0xde, 0xf7, 
	0xde, 0xf7, 0xde, 0xf7, 0xde, 0xf7, 0xde, 0xf7, 
	0xde, 0xf7, 0xde, 0xf7, 0xde, 0xf7, 0xde, 0xf7, 
	0xde, 0xf7, 0xde, 0xf7, 0xde, 0xf7, 0xd6, 0xb5, 
	0x5a, 0xd7, 0x63, 0x19, 0x73, 0x9d, 0x7b, 0xdf, 
	0x84, 0x21, 0x8c, 0x63, 0x8c, 0x63, 0x8c, 0x63, 
	0x94, 0xa5, 0x94, 0xa5, 0x9c, 0xe7, 0xa5, 0x29, 
	0xb5, 0xad, 0xbd, 0xef, 0xc6, 0x31, 0xce, 0x73, 
	0xce, 0x73, 0xd6, 0xb5, 0xd6, 0xb5, 0xde, 0xf7, 
	0xde, 0xf7, 0xde, 0xf7, 0xde, 0xf7, 0xde, 0xf7, 
	0xde, 0xf7, 0xde, 0xf7, 0xde, 0xf7, 0xde, 0xf7, 
	0xde, 0xf7, 0xde, 0xf7, 0xde, 0xf7, 0xde, 0xf7, 
	0x5a, 0xd7, 0x63, 0x19, 0x73, 0x9d, 0x84, 0x21, 
	0x8c, 0x63, 0x94, 0xa5, 0x94, 0xa5, 0x94, 0xa5, 
	0x94, 0xa5, 0x9c, 0xe7, 0xa5, 0x29, 0xad, 0x6b, 
	0xb5, 0xad, 0xbd, 0xef, 0xc6, 0x31, 0xce, 0x73, 
	0xce, 0x73, 0xce, 0x73, 0xd6, 0xb5, 0xd6, 0xb5, 
	0xd6, 0xb5, 0xde, 0xf7, 0xde, 0xf7, 0xde, 0xf7, 
	0xde, 0xf7, 0xde, 0xf7, 0xde, 0xf7, 0xde, 0xf7, 
	0xde, 0xf7, 0xde, 0xf7, 0xde, 0xf7, 0xd6, 0xb5, 
	0x5a, 0xd7, 0x63, 0x19, 0x73, 0x9d, 0x84, 0x21, 
	0x8c, 0x63, 0x94, 0xa5, 0x94, 0xa5, 0x9c, 0xe7, 
	0x9c, 0xe7, 0x9c, 0xe7, 0xa5, 0x29, 0xad, 0x6b, 
	0xb5, 0xad, 0xbd, 0xef, 0xc6, 0x31, 0xce, 0x73, 
	0xce, 0x73, 0xce, 0x73, 0xd6, 0xb5, 0xd6, 0xb5, 
	0xd6, 0xb5, 0xde, 0xf7, 0xde, 0xf7, 0xde, 0xf7, 
	0xde, 0xf7, 0xde, 0xf7, 0xde, 0xf7, 0xde, 0xf7, 
	0xde, 0xf7, 0xde, 0xf7, 0xde, 0xf7, 0xde, 0xf7, 
	0x5a, 0xd7, 0x63, 0x19, 0x73, 0x9d, 0x84, 0x21, 
	0x8c, 0x63, 0x94, 0xa5, 0x9c, 0xe7, 0x9c, 0xe7, 
	0xa5, 0x29, 0xa5, 0x29, 0xad, 0x6b, 0xb5, 0xad, 
	0xb5, 0xad, 0xbd, 0xef, 0xc6, 0x31, 0xce, 0x73, 
	0xce, 0x73, 0xd6, 0xb5, 0xd6, 0xb5, 0xd6, 0xb5, 
	0xd6, 0xb5, 0xde, 0xf7, 0xde, 0xf7, 0xde, 0xf7, 
	0xde, 0xf7, 0xde, 0xf7, 0xde, 0xf7, 0xde, 0xf7, 
	0xde, 0xf7, 0xde, 0xf7, 0xde, 0xf7, 0xd6, 0xb5, 
	0x52, 0x95, 0x63, 0x19, 0x6b, 0x5b, 0x7b, 0xdf, 
	0x8c, 0x63, 0x94, 0xa5, 0x9c, 0xe7, 0x9c, 0xe7, 
	0xa5, 0x29, 0xad, 0x6b, 0xad, 0x6b, 0xb5, 0xad, 
	0xbd, 0xef, 0xc6, 0x31, 0xc6, 0x31, 0xce, 0x73, 
	0xd6, 0xb5, 0xd6, 0xb5, 0xd6, 0xb5, 0xd6, 0xb5, 
	0xd6, 0xb5, 0xd6, 0xb5, 0xd6, 0xb5, 0xde, 0xf7, 
	0xde, 0xf7, 0xde, 0xf7, 0xde, 0xf7, 0xde, 0xf7, 
	0xde, 0xf7, 0xde, 0xf7, 0xde, 0xf7, 0xd6, 0xb5, 
	0x52, 0x95, 0x5a, 0xd7, 0x6b, 0x5b, 0x73, 0x9d, 
	0x84, 0x21, 0x8c, 0x63, 0x9c, 0xe7, 0x9c, 0xe7, 
	0xa5, 0x29, 0xad, 0x6b, 0xb5, 0xad, 0xb5, 0xad, 
	0xbd, 0xef, 0xc6, 0x31, 0xce, 0x73, 0xce, 0x73, 
	0xd6, 0xb5, 0xd6, 0xb5, 0xd6, 0xb5, 0xd6, 0xb5, 
	0xd6, 0xb5, 0xd6, 0xb5, 0xd6, 0xb5, 0xde, 0xf7, 
	0xde, 0xf7, 0xde, 0xf7, 0xd6, 0xb5, 0xd6, 0xb5, 
	0xd6, 0xb5, 0xde, 0xf7, 0xde, 0xf7, 0xd6, 0xb5, 
	0x52, 0x95, 0x5a, 0xd7, 0x63, 0x19, 0x73, 0x9d, 
	0x84, 0x21, 0x8c, 0x63, 0x94, 0xa5, 0x9c, 0xe7, 
	0xa5, 0x29, 0xad, 0x6b, 0xb5, 0xad, 0xb5, 0xad, 
	0xbd, 0xef, 0xc6, 0x31, 0xce, 0x73, 0xce, 0x73, 
	0xce, 0x73, 0xd6, 0xb5, 0xd6, 0xb5, 0xd6, 0xb5, 
	0xd6, 0xb5, 0xd6, 0xb5, 0xd6, 0xb5, 0xd6, 0xb5, 
	0xde, 0xf7, 0xde, 0xf7, 0xd6, 0xb5, 0xd6, 0xb5, 
	0xd6, 0xb5, 0xd6, 0xb5, 0xde, 0xf7, 0xd6, 0xb5, 
	0x52, 0x95, 0x5a, 0xd7, 0x63, 0x19, 0x6b, 0x5b, 
	0x7b, 0xdf, 0x8c, 0x63, 0x94, 0xa5, 0x9c, 0xe7, 
	0xa5, 0x29, 0xad, 0x6b, 0xb5, 0xad, 0xb5, 0xad, 
	0xbd, 0xef, 0xc6, 0x31, 0xc6, 0x31, 0xce, 0x73, 
	0xce, 0x73, 0xce, 0x73, 0xce, 0x73, 0xce, 0x73, 
	0xd6, 0xb5, 0xd6, 0xb5, 0xd6, 0xb5, 0xd6, 0xb5, 
	0xd6, 0xb5, 0xd6, 0xb5, 0xd6, 0xb5, 0xd6, 0xb5, 
	0xd6, 0xb5, 0xd6, 0xb5, 0xde, 0xf7, 0xd6, 0xb5, 
	0x52, 0x95, 0x5a, 0xd7, 0x63, 0x19, 0x6b, 0x5b, 
	0x7b, 0xdf, 0x84, 0x21, 0x8c, 0x63, 0x9c, 0xe7, 
	0xa5, 0x29, 0xad, 0x6b, 0xad, 0x6b, 0xb5, 0xad, 
	0xbd, 0xef, 0xc6, 0x31, 0xc6, 0x31, 0xce, 0x73, 
	0xce, 0x73, 0xce, 0x73, 0xce, 0x73, 0xce, 0x73, 
	0xce, 0x73, 0xce, 0x73, 0xd6, 0xb5, 0xd6, 0xb5, 
	0xd6, 0xb5, 0xd6, 0xb5, 0xd6, 0xb5, 0xd6, 0xb5, 
	0xd6, 0xb5, 0xd6, 0xb5, 0xd6, 0xb5, 0xd6, 0xb5, 
	0x52, 0x95, 0x5a, 0xd7, 0x63, 0x19, 0x6b, 0x5b, 
	0x7b, 0xdf, 0x84, 0x21, 0x8c, 0x63, 0x94, 0xa5, 
	0x9c, 0xe7, 0xa5, 0x29, 0xad, 0x6b, 0xb5, 0xad, 
	0xbd, 0xef, 0xc6, 0x31, 0xc6, 0x31, 0xce, 0x73, 
	0xce, 0x73, 0xce, 0x73, 0xce, 0x73, 0xce, 0x73, 
	0xce, 0x73, 0xce, 0x73, 0xd6, 0xb5, 0xd6, 0xb5, 
	0xd6, 0xb5, 0xd6, 0xb5, 0xd6, 0xb5, 0xd6, 0xb5, 
	0xd6, 0xb5, 0xd6, 0xb5, 0xd6, 0xb5, 0xd6, 0xb5, 
	0x52, 0x95, 0x5a, 0xd7, 0x63, 0x19, 0x73, 0x9d, 
	0x7b, 0xdf, 0x84, 0x21, 0x8c, 0x63, 0x94, 0xa5, 
	0x9c, 0xe7, 0xa5, 0x29, 0xad, 0x6b, 0xb5, 0xad, 
	0xbd, 0xef, 0xc6, 0x31, 0xc6, 0x31, 0xce, 0x73, 
	0xce, 0x73, 0xce, 0x73, 0xce, 0x73, 0xce, 0x73, 
	0xd6, 0xb5, 0xd6, 0xb5, 0xd6, 0xb5, 0xd6, 0xb5, 
	0xd6, 0xb5, 0xd6, 0xb5, 0xd6, 0xb5, 0xd6, 0xb5, 
	0xd6, 0xb5, 0xd6, 0xb5, 0xd6, 0xb5, 0xd6, 0xb5, 
	0x52, 0x95, 0x63, 0x19, 0x6b, 0x5b, 0x73, 0x9d, 
	0x7b, 0xdf, 0x84, 0x21, 0x8c, 0x63, 0x94, 0xa5, 
	0x9c, 0xe7, 0xa5, 0x29, 0xad, 0x6b, 0xb5, 0xad, 
	0xbd, 0xef, 0xbd, 0xef, 0xc6, 0x31, 0xce, 0x73, 
	0xce, 0x73, 0xce, 0x73, 0xd6, 0xb5, 0xd6, 0xb5, 
	0xd6, 0xb5, 0xd6, 0xb5, 0xd6, 0xb5, 0xd6, 0xb5, 
	0xd6, 0xb5, 0xd6, 0xb5, 0xd6, 0xb5, 0xd6, 0xb5, 
	0xd6, 0xb5, 0xd6, 0xb5, 0xd6, 0xb5, 0xd6, 0xb5, 
	
};

Gfx castle_grounds_dl_castle_grounds_textures_02000_rgba16_rgba16_aligner[] = {gsSPEndDisplayList()};
u8 castle_grounds_dl_castle_grounds_textures_02000_rgba16_rgba16[] = {
	0xa4, 0x4f, 0xbd, 0x11, 0xfe, 0xdf, 0xee, 0x9d, 
	0xde, 0x5d, 0xde, 0x9f, 0xcd, 0xd9, 0xde, 0x1b, 
	0xf6, 0xe1, 0xd5, 0xdb, 0xd5, 0xdb, 0xac, 0x93, 
	0xa4, 0x53, 0xd5, 0xdb, 0xe6, 0x5d, 0xde, 0x5d, 
	0xde, 0x1d, 0xc5, 0x9b, 0xbd, 0x59, 0xbd, 0x17, 
	0xee, 0x9f, 0xf6, 0x9f, 0xde, 0x1b, 0xf6, 0xe1, 
	0xff, 0xa7, 0xcd, 0x97, 0xa4, 0x4d, 0xd5, 0x97, 
	0xff, 0x63, 0xff, 0xe9, 0xdd, 0xd9, 0xd5, 0x97, 
	0xb4, 0xcf, 0xac, 0x8f, 0xd5, 0xd9, 0xee, 0x5d, 
	0xe6, 0x5d, 0xe6, 0x5d, 0xcd, 0xdb, 0xbd, 0x57, 
	0xb4, 0xd3, 0xd5, 0xdb, 0xee, 0xe1, 0xc5, 0x99, 
	0xac, 0x93, 0xb4, 0xd3, 0xcd, 0x9b, 0xdd, 0xdd, 
	0xb5, 0x17, 0xb4, 0xd5, 0xbd, 0x59, 0xbd, 0x15, 
	0xcd, 0x99, 0xf6, 0x9f, 0xe6, 0x1b, 0xee, 0x5d, 
	0xff, 0xa9, 0xfe, 0xdf, 0xc5, 0x55, 0xcd, 0x55, 
	0xe6, 0x59, 0xff, 0x21, 0xe6, 0x19, 0xee, 0x5b, 
	0xe6, 0x1b, 0xbd, 0x11, 0xbd, 0x11, 0xd5, 0xd9, 
	0xf6, 0xdf, 0xee, 0x9f, 0xce, 0x1b, 0xc5, 0xdb, 
	0xb5, 0x57, 0xde, 0x1d, 0xe6, 0x5f, 0xee, 0xe1, 
	0xbd, 0x17, 0xac, 0x93, 0xac, 0x93, 0xb4, 0xd5, 
	0xac, 0x93, 0xac, 0xd3, 0xbd, 0x13, 0xb5, 0x15, 
	0xc5, 0x15, 0xff, 0x21, 0xf6, 0x9d, 0xfe, 0xdf, 
	0xff, 0xa5, 0xff, 0xa5, 0xdd, 0xd9, 0xd5, 0xd7, 
	0xc5, 0x55, 0xbd, 0x11, 0xde, 0x19, 0xff, 0x21, 
	0xe6, 0xdd, 0xf7, 0x61, 0xe6, 0xdf, 0xcd, 0xd9, 
	0xb5, 0x15, 0xd5, 0xdb, 0xbd, 0x57, 0xce, 0x1b, 
	0xde, 0x5f, 0xee, 0xa1, 0xd5, 0xd9, 0xf7, 0x23, 
	0xee, 0x9f, 0xbd, 0x57, 0xa4, 0x91, 0xa4, 0x51, 
	0x94, 0x11, 0xa4, 0x51, 0xac, 0x91, 0xac, 0xd3, 
	0xa4, 0x51, 0xf6, 0xdf, 0xe6, 0x1b, 0xe6, 0x5b, 
	0xff, 0x63, 0xff, 0xe5, 0xe6, 0x5b, 0xe6, 0x9d, 
	0xc5, 0xd9, 0xbd, 0x53, 0xcd, 0xd9, 0xd5, 0xd7, 
	0xce, 0x19, 0xff, 0xa9, 0xee, 0xdf, 0xde, 0x9d, 
	0xb5, 0x55, 0xac, 0x91, 0xac, 0xd1, 0xac, 0xd3, 
	0xce, 0x1b, 0xb5, 0x59, 0xbd, 0x59, 0xe6, 0x5d, 
	0xee, 0x9f, 0xee, 0xdf, 0xbd, 0x57, 0xac, 0x91, 
	0x93, 0xcf, 0x7b, 0x4d, 0xa4, 0x51, 0xb5, 0x13, 
	0x93, 0xcf, 0xe6, 0x5d, 0xc5, 0x57, 0xbd, 0x15, 
	0xf6, 0xdf, 0xff, 0x63, 0xcd, 0x97, 0xd6, 0x19, 
	0xce, 0x19, 0xb5, 0x53, 0xb5, 0x11, 0xad, 0x51, 
	0xb5, 0x53, 0xe6, 0x5b, 0xde, 0x1b, 0xe6, 0x5d, 
	0xc5, 0xd9, 0xac, 0xd3, 0xb5, 0x55, 0x8c, 0x51, 
	0xce, 0x1b, 0xb5, 0x15, 0xc5, 0xd9, 0xd6, 0x5d, 
	0xd6, 0x1b, 0xee, 0x9f, 0xee, 0x9f, 0x9c, 0x0f, 
	0xac, 0xd3, 0x8b, 0xcf, 0xb4, 0xd3, 0xd5, 0xdb, 
	0xac, 0x91, 0xe6, 0x5d, 0xcd, 0x99, 0xb4, 0xd1, 
	0xee, 0x5b, 0xfe, 0xdf, 0xb4, 0x8f, 0xc5, 0x95, 
	0xe6, 0xdf, 0xde, 0x9d, 0xb5, 0x53, 0xad, 0x11, 
	0xbd, 0x55, 0xe6, 0x59, 0xf6, 0x9f, 0xff, 0x21, 
	0xde, 0x1b, 0xbd, 0x17, 0xb5, 0x57, 0x8c, 0x51, 
	0xd6, 0x9f, 0xd6, 0x1d, 0xf7, 0x21, 0xce, 0x1b, 
	0xbd, 0x99, 0xde, 0x5d, 0xf6, 0xe3, 0xac, 0xd3, 
	0xcd, 0xdb, 0xd5, 0xdb, 0xcd, 0x99, 0xde, 0x1b, 
	0xc5, 0x57, 0xf6, 0x9f, 0xee, 0x9d, 0xc5, 0x55, 
	0xee, 0x5b, 0xfe, 0xdf, 0xac, 0x8f, 0xa4, 0xcf, 
	0xe6, 0xdf, 0xef, 0x1f, 0xef, 0x21, 0xc6, 0x19, 
	0xe6, 0x19, 0xfe, 0x9d, 0xff, 0x21, 0xff, 0x63, 
	0xfe, 0xe1, 0xe6, 0x1d, 0xc5, 0xd9, 0xad, 0x13, 
	0xc5, 0x99, 0xe6, 0xdf, 0xff, 0xa5, 0xc5, 0xdb, 
	0xb5, 0x55, 0xbd, 0x59, 0xee, 0x9f, 0xbd, 0x17, 
	0xb5, 0x57, 0xce, 0x1b, 0xd5, 0xdb, 0xb4, 0xd5, 
	0xac, 0xd3, 0xb5, 0x15, 0xe6, 0x5d, 0xf7, 0x23, 
	0xf7, 0x61, 0xff, 0x65, 0xa4, 0x8f, 0x83, 0x8b, 
	0xcd, 0xd9, 0xf7, 0x1f, 0xff, 0xa3, 0xef, 0x63, 
	0xe6, 0x19, 0xf6, 0x9d, 0xe6, 0x5d, 0xee, 0x9d, 
	0xff, 0x23, 0xf6, 0x9f, 0xde, 0x5d, 0xc5, 0xd9, 
	0xb5, 0x57, 0xee, 0x9f, 0xbd, 0x99, 0xb5, 0x59, 
	0xad, 0x55, 0xc5, 0x57, 0xfe, 0xe3, 0xc5, 0x99, 
	0xa4, 0xd3, 0xd6, 0x1b, 0xf7, 0x21, 0xb4, 0xd3, 
	0x9c, 0x51, 0xb5, 0x15, 0xf7, 0x23, 0xff, 0xed, 
	0xff, 0xe9, 0xff, 0x65, 0xc5, 0x15, 0x7b, 0x4b, 
	0xbc, 0xd1, 0xee, 0x9d, 0xff, 0x21, 0xff, 0x65, 
	0xd5, 0x97, 0xd5, 0x97, 0xcd, 0x99, 0xd5, 0xdb, 
	0xff, 0x23, 0xee, 0x9f, 0xde, 0x9f, 0xd6, 0x5d, 
	0xb5, 0x99, 0xb5, 0x17, 0xc5, 0x99, 0xa5, 0x15, 
	0xac, 0xd3, 0xe6, 0x1d, 0xe6, 0x5d, 0xa4, 0x91, 
	0x9c, 0x93, 0xcd, 0xd9, 0xff, 0x63, 0xc5, 0x57, 
	0xa4, 0x91, 0xc5, 0x97, 0xff, 0xa5, 0xff, 0xa5, 
	0xf6, 0xdf, 0xf6, 0xdf, 0xe6, 0x5b, 0x9c, 0x0d, 
	0xac, 0x4f, 0xee, 0x5b, 0xff, 0xa5, 0xff, 0xe9, 
	0xdd, 0xd9, 0xd5, 0x97, 0xb5, 0x15, 0xbd, 0x57, 
	0xfe, 0xdf, 0xee, 0x5d, 0xde, 0x5d, 0xde, 0x9f, 
	0xd6, 0x5d, 0xe6, 0x5d, 0xce, 0x1b, 0x9c, 0xd3, 
	0x9c, 0x93, 0xf6, 0xe1, 0xee, 0x9f, 0xbd, 0x17, 
	0x94, 0x4f, 0xbd, 0x15, 0xee, 0x5d, 0xcd, 0x99, 
	0xc5, 0x57, 0xc5, 0x55, 0xf6, 0x9d, 0xf6, 0xdf, 
	0xde, 0x1b, 0xf6, 0xe1, 0xff, 0x67, 0xcd, 0x97, 
	0xa4, 0x4f, 0xd5, 0x97, 0xff, 0x63, 0xff, 0xe7, 
	0xde, 0x19, 0xe6, 0x1b, 0xbc, 0xd3, 0xb5, 0x15, 
	0xd5, 0xdb, 0xe6, 0x5d, 0xe6, 0x5d, 0xe6, 0x9f, 
	0xd6, 0x5f, 0xe6, 0xe1, 0xce, 0x1b, 0xa4, 0xd3, 
	0x9c, 0x93, 0xd5, 0xdb, 0xd6, 0x5d, 0xd6, 0x5d, 
	0xa4, 0x51, 0xac, 0x91, 0xbd, 0x13, 0xb5, 0x15, 
	0xcd, 0x9b, 0xbd, 0x15, 0xcd, 0x97, 0xf6, 0x9f, 
	0xe6, 0x1b, 0xee, 0x5d, 0xff, 0xa9, 0xfe, 0xdf, 
	0xc5, 0x13, 0xcd, 0x55, 0xe6, 0x1b, 0xff, 0x1f, 
	0xde, 0x19, 0xfe, 0xdf, 0xd5, 0xd9, 0xb4, 0xd3, 
	0xbd, 0x15, 0xd5, 0x99, 0xf6, 0x9f, 0xee, 0x9f, 
	0xc5, 0xd9, 0xce, 0x1b, 0xbd, 0x99, 0xa4, 0xd3, 
	0xac, 0xd3, 0xb5, 0x13, 0xce, 0x1b, 0xd5, 0x99, 
	0xb4, 0xd1, 0x94, 0x0f, 0x8b, 0xcf, 0x8b, 0xcd, 
	0xa4, 0x91, 0xb4, 0xd1, 0xc5, 0x15, 0xf6, 0xdf, 
	0xf6, 0x9f, 0xfe, 0xdf, 0xff, 0xa5, 0xff, 0xa5, 
	0xdd, 0xd9, 0xcd, 0xd7, 0xc5, 0x55, 0xbd, 0x11, 
	0xe6, 0x5b, 0xee, 0x9d, 0xff, 0x61, 0xc5, 0x97, 
	0xb4, 0xd1, 0xb4, 0xd3, 0xd5, 0xdb, 0xf6, 0xe1, 
	0xb5, 0x15, 0xad, 0x13, 0xb5, 0x97, 0x94, 0x0f, 
	0x9c, 0x91, 0xc5, 0xd9, 0xc5, 0x99, 0xc5, 0x57, 
	0x8b, 0xcf, 0x83, 0x8f, 0x83, 0x8d, 0x83, 0x8d, 
	0x83, 0x8f, 0x9c, 0x51, 0xac, 0x51, 0xee, 0x9b, 
	0xe6, 0x19, 0xee, 0x5b, 0xff, 0x23, 0xff, 0xe5, 
	0xe6, 0x1b, 0xde, 0x9d, 0xc6, 0x19, 0xbd, 0x55, 
	0xfe, 0xe1, 0xe6, 0x5b, 0xff, 0x61, 0xf6, 0xe1, 
	0xc5, 0x57, 0xac, 0x91, 0xbc, 0xd3, 0xee, 0x9f, 
	0xac, 0xd1, 0x8c, 0x51, 0xb5, 0x53, 0x8c, 0x0f, 
	0x9c, 0xd1, 0xbd, 0x99, 0xd5, 0xd9, 0xb4, 0xd3, 
	0x83, 0x8d, 0x83, 0x8d, 0x83, 0xcd, 0x8b, 0xcf, 
	0x9c, 0x4f, 0xb4, 0xd3, 0x9c, 0x0f, 0xe5, 0xd9, 
	0xcd, 0x57, 0xc5, 0x15, 0xf6, 0x9d, 0xff, 0x63, 
	0xd5, 0x97, 0xde, 0x5b, 0xe6, 0xdd, 0xe6, 0x9d, 
	0xff, 0xab, 0xf6, 0x9f, 0xee, 0x5d, 0xf6, 0x9f, 
	0xf6, 0xdf, 0xcd, 0x99, 0xb4, 0xd1, 0xdd, 0xdb, 
	0xb5, 0x55, 0x8c, 0x4f, 0xc6, 0x1b, 0xad, 0x13, 
	0x9c, 0xd1, 0xc5, 0x57, 0xf6, 0x9f, 0xcd, 0x99, 
	0x8b, 0xcf, 0x83, 0x8f, 0x8c, 0x0f, 0xa4, 0x91, 
	0xbd, 0x53, 0xcd, 0x97, 0xac, 0x91, 0xe6, 0x1b, 
	0xcd, 0x97, 0xb4, 0xd1, 0xee, 0x5b, 0xfe, 0x9f, 
	0xc5, 0x15, 0xcd, 0x97, 0xf6, 0xdf, 0xff, 0xa9, 
	0xee, 0x5d, 0xee, 0x9f, 0xde, 0x5d, 0xd6, 0x1b, 
	0xee, 0x9f, 0xee, 0x9f, 0xa4, 0x51, 0xc5, 0xd9, 
	0xc5, 0xd9, 0x8c, 0x51, 0xde, 0x9f, 0xce, 0x1b, 
	0xb4, 0xd3, 0xcd, 0x99, 0xff, 0x23, 0xee, 0xa1, 
	0xb4, 0xd3, 0x9c, 0x51, 0xbd, 0x15, 0xcd, 0x99, 
	0xd5, 0x99, 0xe6, 0x1b, 0xd5, 0x97, 0xf6, 0x9f, 
	0xee, 0x9d, 0xc5, 0x55, 0xe6, 0x5b, 0xfe, 0xdf, 
	0xcd, 0x97, 0xbc, 0xd1, 0xd5, 0xdb, 0xee, 0xdf, 
	0xf6, 0x9f, 0xff, 0x63, 0xce, 0x1b, 0xbd, 0x99, 
	0xde, 0x5d, 0xf6, 0xe3, 0xb4, 0xd3, 0xc5, 0xdb, 
	0xce, 0x5b, 0x8c, 0x51, 0xde, 0x9f, 0xee, 0x9f, 
	0xe6, 0x1b, 0xde, 0x1b, 0xee, 0x9f, 0xe6, 0x1b, 
	0xee, 0x5d, 0xd5, 0x99, 0xc5, 0x57, 0xff, 0x21, 
	0xee, 0x9f, 0xe6, 0x1b, 0xfe, 0xdf, 0xfe, 0xe1, 
	0xff, 0x21, 0xe6, 0x1b, 0xe6, 0x1b, 0xfe, 0xe1, 
	0xcd, 0x57, 0xa4, 0x8f, 0xbd, 0x15, 0xde, 0x1b, 
	0xff, 0x63, 0xff, 0xa5, 0xc5, 0xd9, 0xb5, 0x55, 
	0xbd, 0x57, 0xee, 0x9f, 0xbd, 0x17, 0xcd, 0xdb, 
	0xd6, 0x5d, 0x9c, 0x91, 0xbd, 0x57, 0xee, 0x5d, 
	0xff, 0x65, 0xf6, 0xe1, 0xd5, 0x99, 0xbd, 0x15, 
	0xf6, 0x9f, 0xfe, 0xe1, 0xbd, 0x15, 0xff, 0x21, 
	0xff, 0x21, 0xdd, 0xd9, 0xf6, 0x9f, 0xf6, 0x9d, 
	0xf6, 0x9f, 0xee, 0x5b, 0xdd, 0xd9, 0xfe, 0xe1, 
	0xcd, 0x57, 0x93, 0xcd, 0xac, 0x91, 0xcd, 0x97, 
	0xee, 0xe1, 0xc5, 0x99, 0xb5, 0x99, 0xad, 0x55, 
	0xc5, 0x57, 0xfe, 0xe1, 0xcd, 0x99, 0xd5, 0xdb, 
	0xf6, 0xe1, 0xbd, 0x57, 0xac, 0x91, 0xd5, 0xd9, 
	0xff, 0xa7, 0xff, 0xa7, 0xd5, 0x99, 0xb4, 0x91, 
	0xe6, 0x5d, 0xff, 0x65, 0xbc, 0xd1, 0xcd, 0x57, 
	0xee, 0x9d, 0xd5, 0x99, 0xdd, 0xd9, 0xdd, 0xd9, 
	0xee, 0x5b, 0xee, 0x5d, 0xcd, 0x97, 0xee, 0x9d, 
	0xcd, 0x99, 0x8b, 0x8d, 0x93, 0xcf, 0xbd, 0x15, 
	0xb5, 0x17, 0xc5, 0x99, 0xa5, 0x13, 0xac, 0xd3, 
	0xe6, 0x1d, 0xe6, 0x5d, 0xac, 0x91, 0xc5, 0x99, 
	0xff, 0xa7, 0xee, 0xe1, 0xcd, 0x99, 0xc5, 0x57, 
	0xe6, 0x5d, 0xff, 0x65, 0xd5, 0xd9, 0xac, 0x91, 
	0xd5, 0x99, 0xff, 0x21, 0xcd, 0x57, 0xb4, 0x91, 
	0xcd, 0x97, 0xd5, 0xdb, 0xde, 0x1b, 0xe6, 0x1b, 
	0xf6, 0x9f, 0xf6, 0xdf, 0xcd, 0x57, 0xe6, 0x1b, 
	0xcd, 0x99, 0x93, 0xcf, 0x8b, 0x8d, 0xa4, 0x51, 
	0xee, 0x5f, 0xcd, 0xdb, 0x9c, 0xd3, 0x9c, 0x93, 
	0xf6, 0xe1, 0xee, 0x9f, 0xb5, 0x17, 0xb4, 0xd5, 
	0xe6, 0x5f, 0xff, 0xa7, 0xee, 0x9f, 0xc5, 0x57, 
	0xbc, 0xd5, 0xcd, 0x99, 0xbd, 0x15, 0xac, 0x91, 
	0xbd, 0x17, 0xe6, 0x5d, 0xdd, 0xdb, 0xbc, 0xd3, 
	0xcd, 0x57, 0xe6, 0x1b, 0xe6, 0x5d, 0xf6, 0xe1, 
	0xff, 0x25, 0xff, 0x23, 0xd5, 0xd9, 0xee, 0x5d, 
	0xd5, 0x99, 0xa4, 0x51, 0x8b, 0x8d, 0xa4, 0x4f, 
	0xee, 0x9f, 0xce, 0x1d, 0xa4, 0xd3, 0x94, 0x93, 
	0xe6, 0x5f, 0xff, 0x63, 0xd6, 0x1d, 0xc5, 0x59, 
	0xc5, 0x99, 0xee, 0x9f, 0xee, 0x9f, 0xc5, 0x99, 
	0xb4, 0xd3, 0xa4, 0x51, 0xac, 0x91, 0xbc, 0xd3, 
	0xd5, 0xd9, 0xcd, 0x97, 0xcd, 0xdb, 0xbd, 0x17, 
	0xc5, 0x57, 0xe6, 0x5d, 0xee, 0x9f, 0xf6, 0x9f, 
	0xff, 0x21, 0xf6, 0xe1, 0xdd, 0xd9, 0xf6, 0xe1, 
	0xee, 0x5f, 0xbd, 0x17, 0x9c, 0x0f, 0x93, 0xcf, 
	0xe6, 0x5f, 0xc6, 0x1d, 0xa4, 0xd5, 0x9c, 0xd3, 
	0xd6, 0x5f, 0xee, 0xe1, 0xff, 0x65, 0xe6, 0x1d, 
	0xde, 0x5d, 0xd6, 0x5d, 0xcd, 0xdb, 0xde, 0x1d, 
	0xee, 0x5d, 0x9c, 0x4f, 0xbd, 0x17, 0xcd, 0x97, 
	0xf6, 0x9f, 0xe6, 0x1b, 0xee, 0x5d, 0xe6, 0x5f, 
	0xbd, 0x17, 0xcd, 0x99, 0xd5, 0xdb, 0xe6, 0x1d, 
	0xee, 0x5d, 0xe6, 0x1d, 0xbd, 0x15, 0xee, 0xe1, 
	0xff, 0xa5, 0xe6, 0xa1, 0xa4, 0x91, 0x8b, 0xcf, 
	0xd6, 0x1d, 0xb5, 0x99, 0x94, 0x93, 0xad, 0x17, 
	0xce, 0x5f, 0xee, 0xdf, 0xf6, 0x9f, 0xf6, 0x9f, 
	0xff, 0x63, 0xce, 0x1b, 0xbd, 0x99, 0xde, 0x5d, 
	0xf6, 0xe3, 0xb5, 0x13, 0xbd, 0x13, 0xc5, 0x15, 
	0xff, 0x23, 0xf6, 0x9f, 0xfe, 0xdf, 0xff, 0x21, 
	0xc5, 0x57, 0xb5, 0x15, 0xbd, 0x15, 0xbd, 0x17, 
	0xd5, 0x99, 0xd5, 0x99, 0xb4, 0xd1, 0xd5, 0xdb, 
	0xef, 0x23, 0xd5, 0xdd, 0x93, 0xcf, 0x94, 0x11, 
	0xcd, 0xdb, 0xad, 0x15, 0x8c, 0x53, 0xb5, 0x99, 
	0xc5, 0xdb, 0xe6, 0x9f, 0xe6, 0x5d, 0xff, 0xa3, 
	0xff, 0xa5, 0xc5, 0xd9, 0xb5, 0x55, 0xbd, 0x57, 
	0xe6, 0x5d, 0xb4, 0xd5, 0xac, 0xd1, 0xac, 0x51, 
	0xfe, 0xdf, 0xe6, 0x19, 0xee, 0x5b, 0xff, 0x21, 
	0xe6, 0x5d, 0xb5, 0x15, 0xb4, 0xd3, 0xb4, 0xd3, 
	0xc5, 0x59, 0xdd, 0xdb, 0xb4, 0x93, 0xb4, 0xd3, 
	0xbd, 0x17, 0xa4, 0x53, 0x7b, 0x0d, 0x93, 0xd1, 
	0xbd, 0x59, 0x9c, 0x53, 0x83, 0xd1, 0xc5, 0x59, 
	0xbd, 0x57, 0xdd, 0xdb, 0xe6, 0x5f, 0xee, 0xe1, 
	0xc5, 0x99, 0xb5, 0x99, 0xad, 0x55, 0xc5, 0x57, 
	0xf6, 0xe1, 0xbd, 0x17, 0xbd, 0x15, 0x93, 0xcd, 
	0xe6, 0x1b, 0xc5, 0x15, 0xbd, 0x15, 0xf6, 0x9f, 
	0xff, 0x21, 0xcd, 0x57, 0xb4, 0xd3, 0xb4, 0xd5, 
	0xc5, 0x59, 0xee, 0xe1, 0xcd, 0xdb, 0xa4, 0x51, 
	0xa4, 0x93, 0x7b, 0x4f, 0x73, 0x0d, 0x9c, 0x11, 
	0xd5, 0xdd, 0xa4, 0x11, 0x83, 0x4d, 0xc5, 0x57, 
	0xc5, 0x59, 0xcd, 0xdb, 0xde, 0x1d, 0xb5, 0x17, 
	0xc5, 0x99, 0xa5, 0x13, 0xac, 0xd3, 0xe6, 0x1d, 
	0xe6, 0x1d, 0xac, 0x93, 0xd5, 0xdb, 0xa4, 0x4f, 
	0xe6, 0x5b, 0xcd, 0x97, 0xb4, 0xd1, 0xee, 0x5b, 
	0xfe, 0x9f, 0xbc, 0xd1, 0xb4, 0xd5, 0xc5, 0x59, 
	0xb4, 0xd5, 0xf7, 0x25, 0xf7, 0xa9, 0xcd, 0x9b, 
	0x93, 0xd1, 0x73, 0x0f, 0x73, 0x0f, 0xa4, 0x51, 
	0xf6, 0xe3, 0xbd, 0x17, 0x8b, 0x4f, 0xac, 0x93, 
	0xb4, 0xd5, 0xb5, 0x17, 0xc5, 0x59, 0xcd, 0x9b, 
	0xbd, 0x99, 0x9c, 0xd3, 0x9c, 0x93, 0xee, 0x9f, 
	0xd5, 0xdb, 0xb4, 0xd5, 0xde, 0x1b, 0xcd, 0x99, 
	0xee, 0x9d, 0xf6, 0x9d, 0xc5, 0x55, 0xee, 0x5b, 
	0xfe, 0xdf, 0xb4, 0x91, 0xc5, 0x57, 0xcd, 0x9b, 
	0x9c, 0x11, 0xde, 0x63, 0xef, 0x65, 0xde, 0x1f, 
	0xa4, 0x53, 0x7b, 0x4f, 0x73, 0x0f, 0xa4, 0x51, 
	0xd5, 0xdd, 0xa4, 0x53, 0x6a, 0xcd, 0x7b, 0x4f, 
	0x8b, 0xd1, 0x9c, 0x53, 0xa4, 0x93, 0xac, 0x95, 
	0xa4, 0x53, 0x94, 0x13, 0x9c, 0x53, 0xe6, 0x5f, 
	0xd5, 0xdd, 0xac, 0x93, 0xc5, 0x57, 0xc5, 0x57, 
	0xe6, 0x1b, 0xf6, 0xdf, 0xe6, 0x19, 0xe6, 0x1b, 
	0xfe, 0xdf, 0xbc, 0xd7, 0xdd, 0xdd, 0xdd, 0xdd, 
	0x9c, 0x11, 0xb4, 0xd7, 0xb5, 0x19, 0xbd, 0x19, 
	0xb5, 0x17, 0xac, 0x95, 0xa4, 0x13, 0xac, 0x51, 
	0x8b, 0xd3, 0x73, 0x4f, 0x5a, 0x8d, 0x62, 0x8d, 
	0x6b, 0x0f, 0x7b, 0x4f, 0x8b, 0xd1, 0x8b, 0xd1, 
	0x83, 0x91, 0x83, 0x91, 0xac, 0x93, 0xef, 0x23, 
	0xf7, 0x69, 0xc5, 0x99, 0x9c, 0x11, 0x9c, 0x11, 
	0xb5, 0x15, 0xe6, 0x1d, 0xee, 0x9f, 0xee, 0x5f, 
	0xd5, 0xdd, 0xbd, 0x17, 0xe6, 0x5f, 0xde, 0x1f, 
	0x9c, 0x53, 0x83, 0xd1, 0x9c, 0x53, 0xac, 0x95, 
	0xb4, 0xd9, 0xd5, 0xdd, 0xe6, 0x1d, 0xbd, 0x17, 
	0x83, 0x91, 0x83, 0x91, 0x6b, 0x0f, 0x5a, 0xcf, 
	0x62, 0xcf, 0x73, 0x0f, 0x7b, 0x51, 0x83, 0x91, 
	0x7b, 0x51, 0x8b, 0xd1, 0x9c, 0x13, 0xd6, 0x21, 
	0xef, 0x67, 0xde, 0x1d, 0xa4, 0x93, 0x9c, 0x11, 
	0xa4, 0x53, 0xd5, 0xdd, 0xf7, 0x23, 0xee, 0xa1, 
	0xcd, 0x9b, 0xb5, 0x19, 0xde, 0x1f, 0xd6, 0x1f, 
	0x94, 0x13, 0x6b, 0x0f, 0x7b, 0x91, 0x8c, 0x13, 
	0x94, 0x13, 0xb5, 0x19, 0xe6, 0xa1, 0xe6, 0x1f, 
	0x83, 0x93, 0x83, 0xd3, 0x7b, 0x51, 0x63, 0x0f, 
	0x6a, 0xcf, 0x73, 0x0f, 0x7b, 0x51, 0x83, 0xd1, 
	0x83, 0x91, 0x7b, 0x4f, 0x8b, 0xd1, 0xa4, 0x55, 
	0xc5, 0x9b, 0xcd, 0x9b, 0xb4, 0xd5, 0xb4, 0xd7, 
	0xbd, 0x19, 0xbd, 0x59, 0xe6, 0x61, 0xee, 0xe3, 
	0xe6, 0xa1, 0xcd, 0x9b, 0xd5, 0xdd, 0xcd, 0x9d, 
	0x93, 0xd3, 0x62, 0x8f, 0x6b, 0x0f, 0x73, 0x51, 
	0x83, 0x91, 0xac, 0xd7, 0xd5, 0xdd, 0xac, 0xd7, 
	0x83, 0x93, 0x8b, 0xd3, 0x7b, 0x51, 0x73, 0x51, 
	0x73, 0x11, 0x83, 0x91, 0x93, 0xd3, 0x9b, 0xd3, 
	0x8b, 0xd1, 0x73, 0x0f, 0x83, 0x51, 0x83, 0x91, 
	0xa4, 0x53, 0xac, 0xd7, 0xb5, 0x19, 0xe6, 0x1f, 
	0xdd, 0xdf, 0xc5, 0x5b, 0xcd, 0x9d, 0xe6, 0xa1, 
	0xd6, 0x1f, 0xb4, 0xd9, 0xa4, 0x55, 0xa4, 0x97, 
	0x83, 0x93, 0x6a, 0xd1, 0x62, 0xcf, 0x62, 0xcf, 
	0x6b, 0x0f, 0x8b, 0xd3, 0xa4, 0x55, 0x93, 0xd3, 
	0xac, 0x97, 0x9c, 0x55, 0x83, 0x93, 0x7b, 0x51, 
	0x8b, 0x93, 0x8b, 0xd3, 0xa4, 0x55, 0x9c, 0x55, 
	0x94, 0x13, 0x73, 0x0f, 0x6a, 0xcf, 0x83, 0x53, 
	0x8b, 0xd5, 0xa4, 0x57, 0xcd, 0x9d, 0xcd, 0x9d, 
	0xcd, 0x9d, 0xbd, 0x5b, 0xac, 0xd9, 0xac, 0x97, 
	0x9c, 0x57, 0x8b, 0xd5, 0x73, 0x11, 0x73, 0x11, 
	0x73, 0x11, 0x6b, 0x11, 0x6a, 0xd1, 0x62, 0x8f, 
	0x62, 0x8f, 0x7b, 0x51, 0x7b, 0x51, 0x62, 0xcf, 
	0x9c, 0x15, 0xa4, 0x97, 0x8b, 0xd5, 0x7b, 0x53, 
	0x83, 0x93, 0x8b, 0x93, 0xa4, 0x55, 0xa4, 0x95, 
	0xac, 0xd7, 0x8b, 0x93, 0x73, 0x11, 0x6a, 0xcf, 
	0x7b, 0x13, 0x83, 0x95, 0xa4, 0x57, 0xb4, 0xd9, 
	0xb5, 0x1b, 0xac, 0x99, 0x8b, 0xd5, 0x8b, 0xd5, 
	0x83, 0x93, 0x73, 0x53, 0x6b, 0x11, 0x62, 0xd1, 
	0x62, 0xd1, 0x6b, 0x11, 0x6a, 0xd1, 0x62, 0x91, 
	0x5a, 0x4f, 0x6a, 0xd1, 0x7b, 0x51, 0x5a, 0x8f, 
	0x93, 0xd5, 0x9c, 0x57, 0x8b, 0xd5, 0x7b, 0x53, 
	0x7b, 0x53, 0x8b, 0x93, 0x9c, 0x15, 0xa4, 0x97, 
	0xa4, 0x97, 0x94, 0x15, 0x73, 0x11, 0x62, 0xd1, 
	0x6b, 0x11, 0x7b, 0x53, 0x83, 0x95, 0x94, 0x17, 
	0xa4, 0x57, 0xa4, 0x57, 0x94, 0x15, 0x8b, 0xd5, 
	0x83, 0x53, 0x73, 0x13, 0x6b, 0x13, 0x62, 0xd3, 
	0x62, 0xd3, 0x73, 0x13, 0x7b, 0x53, 0x73, 0x13, 
	0x6a, 0xd3, 0x6a, 0xd1, 0x7b, 0x53, 0x5a, 0x8f, 
	0x8b, 0xd7, 0x9c, 0x19, 0x8b, 0xd7, 0x7b, 0x55, 
	0x73, 0x53, 0x83, 0x95, 0x94, 0x15, 0x9c, 0x57, 
	0x9c, 0x57, 0x8b, 0xd5, 0x73, 0x13, 0x62, 0x93, 
	0x6a, 0xd3, 0x6b, 0x13, 0x73, 0x55, 0x83, 0x95, 
	0x8b, 0xd7, 0x94, 0x17, 0x9c, 0x59, 0x9c, 0x19, 
	0x83, 0x97, 0x73, 0x55, 0x6a, 0xd5, 0x62, 0xd5, 
	0x62, 0xd5, 0x7b, 0x57, 0x8b, 0xd7, 0x83, 0x97, 
	0x73, 0x55, 0x6b, 0x13, 0x6b, 0x13, 0x73, 0x13, 
	0x8b, 0xd9, 0xa4, 0x9d, 0x94, 0x1b, 0x6b, 0x59, 
	0x7b, 0x55, 0x83, 0x95, 0x8c, 0x17, 0x94, 0x17, 
	0x8c, 0x17, 0x83, 0x97, 0x6b, 0x15, 0x5a, 0xd7, 
	0x62, 0xd5, 0x62, 0xd5, 0x6b, 0x15, 0x73, 0x57, 
	0x7b, 0x97, 0x8b, 0xd9, 0x94, 0x19, 0x94, 0x19, 
	0x83, 0xdb, 0x6b, 0x5b, 0x63, 0x19, 0x5a, 0xd7, 
	0x63, 0x19, 0x7b, 0x99, 0x8b, 0xdb, 0x83, 0xd9, 
	0x7b, 0x57, 0x6b, 0x17, 0x62, 0xd5, 0x6b, 0x17, 
	0x83, 0xdb, 0xa4, 0x9f, 0x9c, 0x5d, 0x7b, 0x99, 
	0x7b, 0x97, 0x83, 0xd9, 0x8b, 0xd9, 0x8c, 0x17, 
	0x7b, 0x97, 0x73, 0x57, 0x63, 0x17, 0x5a, 0xd7, 
	0x5a, 0xd7, 0x62, 0xd7, 0x63, 0x17, 0x6b, 0x17, 
	0x73, 0x59, 0x83, 0xd9, 0x8b, 0xdb, 0x8b, 0xdb, 
	0x7b, 0x9b, 0x6b, 0x5b, 0x63, 0x19, 0x63, 0x19, 
	0x63, 0x19, 0x7b, 0x9b, 0x83, 0xdb, 0x7b, 0xdb, 
	0x73, 0x59, 0x63, 0x17, 0x5a, 0xd7, 0x5a, 0xd7, 
	0x7b, 0xdb, 0xa4, 0x9f, 0x94, 0x5d, 0x7b, 0x9b, 
	0x7b, 0x99, 0x8c, 0x1b, 0x8b, 0xdb, 0x83, 0xd9, 
	0x73, 0x59, 0x6b, 0x17, 0x5a, 0xd7, 0x63, 0x19, 
	0x63, 0x19, 0x63, 0x19, 0x63, 0x17, 0x63, 0x19, 
	0x6b, 0x59, 0x73, 0x59, 0x7b, 0x9b, 0x7b, 0x9b, 
	0x73, 0x9b, 0x6b, 0x5b, 0x63, 0x19, 0x63, 0x19, 
	0x6b, 0x59, 0x73, 0x9b, 0x7b, 0x9b, 0x73, 0x9b, 
	0x63, 0x19, 0x5a, 0xd7, 0x5a, 0xd7, 0x63, 0x19, 
	0x7b, 0x9b, 0x8c, 0x1d, 0x83, 0xdd, 0x6b, 0x5b, 
	0x73, 0x9b, 0x8c, 0x1d, 0x8c, 0x1b, 0x7b, 0xdb, 
	0x6b, 0x59, 0x63, 0x19, 0x63, 0x19, 0x6b, 0x5b, 
	0x6b, 0x5b, 0x6b, 0x5b, 0x63, 0x19, 0x63, 0x19, 
	0x63, 0x19, 0x63, 0x19, 0x6b, 0x59, 0x6b, 0x5b, 
	0x63, 0x19, 0x63, 0x19, 0x63, 0x19, 0x6b, 0x5b, 
	0x6b, 0x5b, 0x6b, 0x5b, 0x73, 0x5b, 0x6b, 0x5b, 
	0x63, 0x19, 0x5a, 0xd7, 0x5a, 0xd7, 0x63, 0x19, 
	0x73, 0x5b, 0x73, 0x9b, 0x6b, 0x5b, 0x63, 0x19, 
	0x63, 0x19, 0x73, 0x9d, 0x94, 0x5f, 0x83, 0xdd, 
	0x6b, 0x5b, 0x5a, 0xd7, 0x6b, 0x5b, 0x7b, 0xdf, 
	0x7b, 0xdf, 0x73, 0x9d, 0x6b, 0x5b, 0x5a, 0xd7, 
	0x5a, 0xd7, 0x63, 0x19, 0x63, 0x19, 0x5a, 0xd7, 
	0x5a, 0xd7, 0x5a, 0xd9, 0x63, 0x19, 0x63, 0x19, 
	0x63, 0x19, 0x6b, 0x5b, 0x6b, 0x5b, 0x7b, 0x9b, 
	0x73, 0x59, 0x6b, 0x5b, 0x63, 0x19, 0x6b, 0x59, 
	0x6b, 0x5b, 0x63, 0x19, 0x5a, 0xd7, 0x5a, 0xd7, 
	0x5a, 0xd7, 0x6b, 0x5b, 0x8c, 0x1d, 0x8c, 0x1d, 
	0x6b, 0x5b, 0x5a, 0xd7, 0x73, 0x9d, 0x83, 0xdf, 
	0x8c, 0x1f, 0x84, 0x21, 0x73, 0x9d, 0x5a, 0xd7, 
	0x52, 0x97, 0x63, 0x1b, 0x5a, 0xd7, 0x52, 0x97, 
	0x52, 0x97, 0x5a, 0xd9, 0x5a, 0xd9, 0x63, 0x19, 
	0x63, 0x19, 0x63, 0x19, 0x63, 0x19, 0x63, 0x19, 
	0x6b, 0x5b, 0x73, 0x9d, 0x6b, 0x5b, 0x73, 0x9b, 
	0x6b, 0x5b, 0x5a, 0xd7, 0x5a, 0x97, 0x5a, 0xd9, 
	0x5a, 0xd9, 0x6b, 0x5b, 0x8c, 0x1f, 0x83, 0xdd, 
	0x6b, 0x5b, 0x63, 0x19, 0x6b, 0x5b, 0x7b, 0xdf, 
	0x8c, 0x5f, 0x9c, 0xa1, 0x7b, 0xdf, 0x63, 0x19, 
	0x5a, 0xd7, 0x5a, 0xd9, 0x5a, 0xd9, 0x52, 0x97, 
	0x52, 0x97, 0x5a, 0xd9, 0x5a, 0xd9, 0x5a, 0xd9, 
	0x5a, 0xd9, 0x5a, 0xd9, 0x5a, 0xd9, 0x63, 0x19, 
	0x63, 0x1b, 0x6b, 0x5b, 0x73, 0x9d, 0x73, 0x9d, 
	0x63, 0x19, 0x5a, 0xd7, 0x52, 0x97, 0x63, 0x19, 
	0x6b, 0x5b, 0x6b, 0x5b, 0x7b, 0xdf, 0x7b, 0xdd, 
	0x73, 0x9d, 0x63, 0x19, 0x63, 0x19, 0x73, 0x9d, 
	0x7b, 0xdf, 0x9c, 0xa1, 0x84, 0x21, 0x6b, 0x5b, 
	0x63, 0x19, 0x5a, 0xd9, 0x63, 0x1b, 0x62, 0xd9, 
	0x63, 0x19, 0x6b, 0x5b, 0x73, 0x9d, 0x6b, 0x5b, 
	0x5a, 0xd9, 0x5a, 0xd9, 0x5a, 0xd9, 0x63, 0x19, 
	0x63, 0x19, 0x63, 0x19, 0x6b, 0x5b, 0x6b, 0x5b, 
	0x63, 0x19, 0x63, 0x19, 0x6b, 0x5b, 0x73, 0x9d, 
	0x73, 0x9d, 0x7b, 0xdf, 0x84, 0x21, 0x84, 0x1f, 
	0x73, 0x9d, 0x6b, 0x5b, 0x63, 0x1b, 0x6b, 0x5b, 
	0x6b, 0x5b, 0x84, 0x21, 0x7b, 0xdf, 0x6b, 0x5b, 
	0x63, 0x19, 0x63, 0x1b, 0x73, 0x9d, 0x73, 0x9d, 
	0x73, 0x9d, 0x7b, 0xdf, 0x84, 0x21, 0x84, 0x21, 
	0x73, 0x9d, 0x63, 0x1b, 0x63, 0x1b, 0x63, 0x1b, 
	0x62, 0xd9, 0x63, 0x19, 0x6b, 0x5b, 0x6b, 0x5b, 
	0x63, 0x19, 0x6b, 0x5b, 0x73, 0x9d, 0x7b, 0xdf, 
	0x84, 0x21, 0x8c, 0x63, 0x94, 0xa3, 0x8c, 0x21, 
	0x7b, 0xdf, 0x73, 0x5d, 0x6b, 0x5d, 0x5a, 0xd9, 
	0x63, 0x1b, 0x6b, 0x5b, 0x6b, 0x5b, 0x6b, 0x5b, 
	0x63, 0x19, 0x6b, 0x5b, 0x84, 0x21, 0x84, 0x21, 
	0x84, 0x21, 0x84, 0x21, 0x8c, 0x63, 0x8c, 0x63, 
	0x7b, 0xdf, 0x73, 0x9d, 0x6b, 0x5b, 0x6b, 0x5b, 
	0x63, 0x19, 0x63, 0x19, 0x6b, 0x5b, 0x6b, 0x5b, 
	0x6b, 0x5b, 0x6b, 0x5b, 0x73, 0x9d, 0x84, 0x21, 
	0x8c, 0x63, 0x8c, 0x63, 0x94, 0xa5, 0x84, 0x21, 
	0x73, 0x9d, 0x6b, 0x5d, 0x6b, 0x5d, 0x63, 0x1b, 
	0x63, 0x1d, 0x63, 0x19, 0x63, 0x19, 0x63, 0x1b, 
	0x63, 0x1b, 0x6b, 0x5d, 0x84, 0x21, 0x84, 0x21, 
	0x84, 0x21, 0x84, 0x21, 0x84, 0x21, 0x8c, 0x63, 
	0x8c, 0x63, 0x84, 0x21, 0x7b, 0xdf, 0x73, 0x9d, 
	0x6b, 0x5b, 0x63, 0x1b, 0x63, 0x1b, 0x6b, 0x5b, 
	0x73, 0x9f, 0x6b, 0x5b, 0x6b, 0x5b, 0x7b, 0xdf, 
	0x84, 0x21, 0x84, 0x21, 0x7b, 0xdf, 0x73, 0x9d, 
	0x6b, 0x5b, 0x63, 0x1b, 0x63, 0x1b, 0x5a, 0xd9, 
	0x63, 0x1b, 0x63, 0x1b, 0x5a, 0xd9, 0x63, 0x1b, 
	0x5a, 0xd9, 0x63, 0x1b, 0x7b, 0xe1, 0x84, 0x21, 
	0x7b, 0xe1, 0x73, 0x9f, 0x7b, 0xdf, 0x84, 0x21, 
	0x8c, 0x63, 0x84, 0x21, 0x84, 0x21, 0x7b, 0xdf, 
	0x73, 0x9d, 0x6b, 0x5d, 0x63, 0x1b, 0x6b, 0x5f, 
	0x73, 0x9f, 0x52, 0x97, 0x63, 0x19, 0x73, 0x9d, 
	0x73, 0x9d, 0x73, 0x9d, 0x6b, 0x5b, 0x63, 0x1b, 
	0x63, 0x19, 0x5a, 0xd9, 0x5a, 0xd9, 0x52, 0x97, 
	0x5a, 0xd9, 0x63, 0x1b, 0x52, 0x97, 0x5a, 0xd9, 
	0x5a, 0xd9, 0x5a, 0xd9, 0x6b, 0x5f, 0x73, 0x9f, 
	0x73, 0x9f, 0x73, 0x9f, 0x73, 0x9d, 0x7b, 0xdf, 
	0x84, 0x21, 0x84, 0x21, 0x84, 0x21, 0x7b, 0xdf, 
	0x7b, 0xdf, 0x6b, 0x5d, 0x5a, 0xd9, 0x73, 0x9f, 
	0x6b, 0x5d, 0x52, 0x97, 0x5a, 0xd9, 0x63, 0x19, 
	0x6b, 0x5b, 0x6b, 0x5b, 0x63, 0x1b, 0x52, 0x97, 
	0x5a, 0xd9, 0x5a, 0xd9, 0x5a, 0xd9, 0x52, 0x97, 
	0x5a, 0xd9, 0x6b, 0x5d, 0x5a, 0xd9, 0x5a, 0xd9, 
	0x52, 0x97, 0x52, 0x97, 0x63, 0x1b, 0x63, 0x1b, 
	0x6b, 0x5d, 0x73, 0x9f, 0x73, 0x9f, 0x73, 0x9d, 
	0x73, 0x9d, 0x7b, 0xdf, 0x7b, 0xdf, 0x73, 0x9f, 
	0x73, 0xa1, 0x73, 0x9f, 0x63, 0x1b, 0x73, 0x9f, 
	0x73, 0x9f, 0x5a, 0xd9, 0x5a, 0xd9, 0x5a, 0xd9, 
	0x63, 0x1b, 0x73, 0x9f, 0x6b, 0x5d, 0x5a, 0xd9, 
	0x52, 0x99, 0x5a, 0xd9, 0x63, 0x1b, 0x5a, 0xd9, 
	0x63, 0x1b, 0x6b, 0x5d, 0x63, 0x1d, 0x5a, 0xd9, 
	0x52, 0x57, 0x52, 0x57, 0x5a, 0xd9, 0x63, 0x1b, 
	0x63, 0x1b, 0x6b, 0x5d, 0x6b, 0x5f, 0x63, 0x1b, 
	0x6b, 0x5d, 0x73, 0x9f, 0x63, 0x1b, 0x63, 0x1b, 
	0x6b, 0x5d, 0x6b, 0x5f, 0x6b, 0x5d, 0x6b, 0x5d, 
	0x73, 0x9f, 0x63, 0x1b, 0x5a, 0xd9, 0x5a, 0xd9, 
	0x63, 0x1b, 0x73, 0x9f, 0x73, 0x9f, 0x63, 0x1b, 
	0x5a, 0xd9, 0x63, 0x1b, 0x5a, 0xd9, 0x5a, 0xd9, 
	0x63, 0x1b, 0x73, 0x9f, 0x73, 0x9f, 0x6b, 0x5d, 
	0x52, 0x99, 0x4a, 0x57, 0x5a, 0xd9, 0x5a, 0xd9, 
	0x63, 0x1b, 0x6b, 0x5d, 0x6b, 0x5d, 0x5a, 0xd9, 
	0x63, 0x1b, 0x63, 0x1b, 0x63, 0x1d, 0x6b, 0x5d, 
	0x5a, 0xd9, 0x5a, 0xd9, 0x63, 0x1b, 0x63, 0x1b, 
	0x73, 0xa1, 0x63, 0x1b, 0x5a, 0xd9, 0x63, 0x1b, 
	0x6b, 0x5d, 0x6b, 0x5d, 0x6b, 0x5d, 0x63, 0x1b, 
	0x63, 0x1b, 0x63, 0x1b, 0x5a, 0x99, 0x5a, 0xd9, 
	0x63, 0x1b, 0x73, 0xa1, 0x84, 0x23, 0x7b, 0xe1, 
	0x63, 0x1b, 0x5a, 0xd9, 0x63, 0x1b, 0x63, 0x1b, 
	0x63, 0x1b, 0x63, 0x1b, 0x73, 0x9f, 0x5a, 0xd9, 
	0x63, 0x1b, 0x6b, 0x5d, 0x6b, 0x5d, 0x6b, 0x5d, 
	0x52, 0x97, 0x52, 0x97, 0x63, 0x1b, 0x5a, 0xd9, 
	0x6b, 0x5d, 0x73, 0xa1, 0x84, 0x23, 0x7b, 0xe1, 
	0x6b, 0x5d, 0x63, 0x1b, 0x63, 0x1b, 0x63, 0x1b, 
	0x5a, 0xd9, 0x63, 0x1b, 0x5a, 0xd9, 0x5a, 0xd9, 
	0x63, 0x1b, 0x73, 0x9f, 0x84, 0x23, 0x84, 0x23, 
	0x7b, 0xe1, 0x6b, 0x5d, 0x6b, 0x5d, 0x63, 0x1b, 
	0x63, 0x1b, 0x63, 0x1b, 0x6b, 0x5d, 0x5a, 0xd9, 
	0x5a, 0xd9, 0x6b, 0x5d, 0x6b, 0x5f, 0x6b, 0x5d, 
	0x5a, 0xd9, 0x52, 0x57, 0x5a, 0xd9, 0x5a, 0xd9, 
	0x63, 0x1b, 0x6b, 0x5d, 0x73, 0x9f, 0x63, 0x1b, 
	0x6b, 0x5d, 0x6b, 0x5d, 0x5a, 0xd9, 0x5a, 0xd9, 
	0x5a, 0xd9, 0x63, 0x1b, 0x63, 0x1b, 0x5a, 0xd9, 
	0x63, 0x1b, 0x63, 0x1b, 0x94, 0xa7, 0x94, 0xa7, 
	0x94, 0xa7, 0x7b, 0xe3, 0x73, 0x9f, 0x63, 0x1b, 
	0x63, 0x1b, 0x6b, 0x5d, 0x73, 0x9f, 0x63, 0x1b, 
	0x63, 0x1b, 0x6b, 0x5d, 0x73, 0x9f, 0x73, 0x9f, 
	0x63, 0x1b, 0x5a, 0xd9, 0x63, 0x1b, 0x6b, 0x5d, 
	0x5a, 0xd9, 0x63, 0x1b, 0x63, 0x1d, 0x52, 0x97, 
	0x6b, 0x5d, 0x73, 0x9f, 0x63, 0x1b, 0x63, 0x1b, 
	0x63, 0x1b, 0x63, 0x1b, 0x63, 0x1b, 0x63, 0x1b, 
	0x73, 0x9f, 0x63, 0x1b, 0x84, 0x23, 0x94, 0xa7, 
	0x8c, 0x65, 0x84, 0x23, 0x7b, 0xe1, 0x6b, 0x5f, 
	0x63, 0x1b, 0x6b, 0x5d, 0x7b, 0xe1, 0x6b, 0x5d, 
	0x6b, 0x5d, 0x6b, 0x5d, 0x73, 0x9f, 0x84, 0x23, 
	0x63, 0x1b, 0x5a, 0xd9, 0x63, 0x1b, 0x73, 0x9f, 
	0x5a, 0xd9, 0x63, 0x1b, 0x6b, 0x5d, 0x5a, 0xd9, 
	0x6b, 0x5d, 0x73, 0x9f, 0x6b, 0x5d, 0x63, 0x1b, 
	0x6b, 0x5d, 0x63, 0x1b, 0x63, 0x1b, 0x63, 0x1d, 
	0x84, 0x23, 0x6b, 0x5d, 0x73, 0xa1, 0x84, 0x23, 
	0x84, 0x23, 0x84, 0x23, 0x84, 0x23, 0x7b, 0xe1, 
	0x63, 0x1b, 0x63, 0x1b, 0x6b, 0x5d, 0x73, 0x9f, 
	0x73, 0x9f, 0x7b, 0xe1, 0x6b, 0x5d, 0x7b, 0xe1, 
	0x6b, 0x5d, 0x63, 0x1b, 0x73, 0x9f, 0x6b, 0x5d, 
	0x5a, 0xd9, 0x5a, 0xd9, 0x6b, 0x5d, 0x6b, 0x5d, 
	0x6b, 0x5d, 0x6b, 0x5d, 0x73, 0x9f, 0x6b, 0x5d, 
	0x73, 0x9f, 0x6b, 0x5d, 0x62, 0xdb, 0x63, 0x1b, 
	0x8c, 0x65, 0x7b, 0xe1, 0x73, 0x9f, 0x7b, 0xe1, 
	0x73, 0x9f, 0x6b, 0x5d, 0x73, 0x9f, 0x7b, 0xe1, 
	0x6b, 0x5d, 0x63, 0x1b, 0x63, 0x1b, 0x6b, 0x5d, 
	0x7b, 0xe1, 0x73, 0x9f, 0x6b, 0x5d, 0x73, 0x9f, 
	0x7b, 0xe1, 0x73, 0x9f, 0x7b, 0xe3, 0x6b, 0x5d, 
	0x63, 0x1b, 0x63, 0x1b, 0x6b, 0x5d, 0x6b, 0x5f, 
	0x73, 0x9f, 0x63, 0x1b, 0x5a, 0xd9, 0x73, 0xa1, 
	0x7b, 0xe1, 0x73, 0xa1, 0x63, 0x1b, 0x5a, 0x99, 
	0x6b, 0x5d, 0x73, 0x9f, 0x73, 0x9f, 0x6b, 0x5d, 
	0x63, 0x1b, 0x62, 0xdb, 0x62, 0xdb, 0x6b, 0x5d, 
	0x6b, 0x5d, 0x62, 0xdb, 0x62, 0xd9, 0x63, 0x1b, 
	0x6b, 0x5d, 0x73, 0x9f, 0x63, 0x1d, 0x5a, 0xd9, 
	0x7b, 0xe1, 0x84, 0x23, 0x7b, 0xe1, 0x73, 0x9f, 
	0x63, 0x1d, 0x6b, 0x5d, 0x6b, 0x5d, 0x73, 0x9f, 
	0x7b, 0xe1, 0x73, 0x9f, 0x63, 0x1b, 0x84, 0x25, 
	0x94, 0xa7, 0x94, 0xa7, 0x73, 0x9f, 0x63, 0x1b, 
	0x52, 0x99, 0x63, 0x1b, 0x6b, 0x5d, 0x6b, 0x5d, 
	0x62, 0xd9, 0x52, 0x99, 0x4a, 0x59, 0x63, 0x1b, 
	0x6b, 0x5d, 0x63, 0x1b, 0x63, 0x1b, 0x63, 0x1b, 
	0x6b, 0x5d, 0x73, 0x9f, 0x6b, 0x5f, 0x5a, 0xd9, 
	0x63, 0x1b, 0x73, 0x9f, 0x73, 0x9f, 0x73, 0xa1, 
	0x6b, 0x5d, 0x73, 0x9f, 0x73, 0x9f, 0x73, 0x9f, 
	0x7b, 0xe1, 0x7b, 0xe1, 0x7b, 0xe1, 0x7b, 0xe1, 
	0x84, 0x23, 0x94, 0xa7, 0x73, 0xa1, 0x6b, 0x5d, 
	0x63, 0x1d, 0x62, 0xdb, 0x6b, 0x5d, 0x6b, 0x5d, 
	0x63, 0x1b, 0x63, 0x1d, 0x63, 0x1b, 0x63, 0x1b, 
	0x73, 0x9f, 0x6b, 0x5d, 0x63, 0x1b, 0x6b, 0x5d, 
	0x73, 0x9f, 0x7b, 0xe1, 0x7b, 0xe1, 0x6b, 0x5d, 
	0x63, 0x1b, 0x73, 0x9f, 0x6b, 0x5d, 0x73, 0x9f, 
	0x6b, 0x5d, 0x73, 0x9f, 0x73, 0x9f, 0x6b, 0x5f, 
	0x6b, 0x5f, 0x73, 0x9f, 0x73, 0x9f, 0x6b, 0x5f, 
	0x6b, 0x5d, 0x7b, 0xe3, 0x84, 0x23, 0x73, 0x9f, 
	0x63, 0x1b, 0x6b, 0x5d, 0x6b, 0x5d, 0x73, 0x9f, 
	0x73, 0x9f, 0x6b, 0x5d, 0x6b, 0x5f, 0x6b, 0x5d, 
	0x63, 0x1b, 0x6b, 0x5d, 0x6b, 0x5d, 0x6b, 0x5d, 
	0x73, 0x9f, 0x7b, 0xe1, 0x84, 0x23, 0x73, 0x9f, 
	0x63, 0x1b, 0x6b, 0x5d, 0x73, 0x9f, 0x63, 0x1b, 
	
};

Gfx castle_grounds_dl_castle_grounds_textures_01000_rgba16_rgba16_aligner[] = {gsSPEndDisplayList()};
u8 castle_grounds_dl_castle_grounds_textures_01000_rgba16_rgba16[] = {
	0xe7, 0x3f, 0xff, 0xf9, 0xff, 0xfb, 0xff, 0xfb, 
	0xf7, 0xbd, 0xff, 0x7d, 0xe7, 0xfd, 0xff, 0x3f, 
	0xef, 0xf9, 0xf7, 0xbb, 0xe7, 0x7f, 0xef, 0x7d, 
	0xff, 0xf9, 0xff, 0x39, 0xef, 0xf9, 0xef, 0xff, 
	0xe7, 0x3f, 0xef, 0x39, 0xf6, 0xf5, 0xef, 0x3b, 
	0xdf, 0xb7, 0xe7, 0x77, 0xdf, 0xfd, 0xdf, 0x7b, 
	0xef, 0xbb, 0xff, 0xfb, 0xe7, 0xbd, 0xe7, 0x3b, 
	0xdf, 0x3b, 0xdf, 0xbb, 0xff, 0x37, 0xf7, 0x7f, 
	0xe7, 0x3d, 0xff, 0xfb, 0xf7, 0xbd, 0xf7, 0xbd, 
	0xf7, 0xbd, 0xf7, 0x7d, 0xe7, 0xfd, 0xff, 0x3f, 
	0xe7, 0xb9, 0xf7, 0x79, 0xe7, 0x7f, 0xef, 0x7d, 
	0xff, 0xf9, 0xff, 0x39, 0xef, 0xb9, 0xef, 0xff, 
	0xe7, 0x3f, 0xef, 0x79, 0xf7, 0x35, 0xf7, 0x3d, 
	0xe7, 0xb7, 0xef, 0xb7, 0xdf, 0xff, 0xdf, 0x7d, 
	0xef, 0xbb, 0xff, 0xf9, 0xe7, 0xfd, 0xe7, 0x7d, 
	0xe7, 0x3b, 0xe7, 0xbb, 0xff, 0x77, 0xf7, 0x7f, 
	0xef, 0x3b, 0xdf, 0x7f, 0xe7, 0x3b, 0xef, 0x3f, 
	0xff, 0x7b, 0xef, 0x7b, 0xe7, 0x7b, 0xef, 0x39, 
	0xef, 0x79, 0xef, 0xb9, 0xf7, 0x79, 0xff, 0xbb, 
	0xf7, 0xbb, 0xf7, 0x7b, 0xff, 0x3d, 0xff, 0xfb, 
	0xc5, 0xaf, 0xbe, 0x31, 0xc6, 0x33, 0xd6, 0xb5, 
	0xce, 0x71, 0xd6, 0xb5, 0xd6, 0xb5, 0xce, 0xb3, 
	0xd6, 0xb5, 0xce, 0x75, 0xd6, 0xb5, 0xd6, 0xb3, 
	0xd6, 0xb3, 0xde, 0xb3, 0xce, 0xb5, 0xd6, 0xb5, 
	0xd6, 0x75, 0xce, 0xb7, 0xce, 0x73, 0xd6, 0x77, 
	0xde, 0xb5, 0xd6, 0xb5, 0xce, 0xb3, 0xce, 0x73, 
	0xd6, 0x73, 0xd6, 0xf3, 0xd6, 0xb5, 0xde, 0xb5, 
	0xd6, 0xb5, 0xd6, 0xb5, 0xde, 0x75, 0xff, 0xfb, 
	0xd6, 0x33, 0xd6, 0xf7, 0xde, 0xf9, 0xef, 0x7b, 
	0xe7, 0x37, 0xef, 0xbb, 0xef, 0x7b, 0xe7, 0x7b, 
	0xef, 0xbb, 0xe7, 0x3b, 0xf7, 0xbd, 0xef, 0xb9, 
	0xf7, 0x79, 0xff, 0xb9, 0xe7, 0x7b, 0xf7, 0x7b, 
	0xe7, 0x7b, 0xf7, 0xb9, 0xe7, 0x3b, 0xef, 0x3b, 
	0xef, 0xb9, 0xe7, 0x39, 0xd6, 0xf3, 0xd6, 0xb5, 
	0xe7, 0x37, 0xe7, 0x37, 0xe6, 0xf9, 0xe7, 0x39, 
	0xe7, 0x77, 0xef, 0x7d, 0xef, 0x7f, 0xef, 0xbb, 
	0xb5, 0x6b, 0xbe, 0x73, 0xbd, 0xf3, 0xce, 0x73, 
	0xce, 0x75, 0xd6, 0xb5, 0xce, 0xf3, 0xd6, 0x73, 
	0xd6, 0x73, 0xce, 0xb1, 0xce, 0x73, 0xd6, 0x73, 
	0xd6, 0x75, 0xd6, 0x73, 0xde, 0xb3, 0xde, 0xb3, 
	0xce, 0xb5, 0xde, 0xf3, 0xce, 0x73, 0xce, 0x73, 
	0xd6, 0xb3, 0xce, 0x73, 0xc6, 0x2f, 0xc6, 0x2f, 
	0xce, 0x71, 0xce, 0x71, 0xce, 0x33, 0xce, 0x73, 
	0xce, 0x73, 0xd6, 0xb5, 0xd6, 0xb9, 0xef, 0xbb, 
	0xc5, 0xef, 0xd7, 0x39, 0xd6, 0xb9, 0xe7, 0x39, 
	0xef, 0x3b, 0xef, 0x7b, 0xe7, 0xb9, 0xef, 0x3b, 
	0xee, 0xf9, 0xe7, 0x77, 0xef, 0x39, 0xf7, 0x7b, 
	0xef, 0x3d, 0xef, 0x39, 0xf7, 0xb9, 0xff, 0xb9, 
	0xd7, 0x39, 0xee, 0xfb, 0xe7, 0xb9, 0xe7, 0x3b, 
	0xe7, 0x79, 0xde, 0xf7, 0xde, 0xb5, 0xe6, 0xf7, 
	0xe7, 0x39, 0xee, 0xf9, 0xe6, 0xf9, 0xde, 0xf7, 
	0xdf, 0x39, 0xef, 0xfb, 0xff, 0x7f, 0xff, 0x7f, 
	0xa5, 0x27, 0xc6, 0x31, 0xce, 0x73, 0xc6, 0xb5, 
	0xc6, 0x73, 0xd6, 0x73, 0xc6, 0x73, 0xce, 0x73, 
	0xce, 0x33, 0xc6, 0x73, 0xce, 0x73, 0xce, 0x73, 
	0xce, 0x73, 0xce, 0x73, 0xce, 0x73, 0xce, 0x73, 
	0xbe, 0x73, 0xd6, 0x73, 0xce, 0xf3, 0xce, 0x75, 
	0xce, 0x73, 0xc6, 0x71, 0xc5, 0xef, 0xce, 0x71, 
	0xce, 0x73, 0xd6, 0x33, 0xce, 0x33, 0xc6, 0x31, 
	0xc6, 0x73, 0xd6, 0xf5, 0xde, 0xb9, 0xff, 0x7f, 
	0xb5, 0x6b, 0xde, 0xf7, 0xef, 0x39, 0xdf, 0x7b, 
	0xdf, 0x39, 0xef, 0x37, 0xdf, 0x39, 0xe7, 0x39, 
	0xe6, 0xf9, 0xdf, 0x39, 0xe7, 0x39, 0xef, 0x39, 
	0xe7, 0x39, 0xe7, 0x3b, 0xe7, 0x39, 0xe7, 0x3b, 
	0xd7, 0x37, 0xef, 0x7d, 0xef, 0x7b, 0xef, 0x39, 
	0xdf, 0x37, 0xdf, 0x37, 0xde, 0xf9, 0xef, 0x39, 
	0xf7, 0x79, 0xef, 0x7b, 0xe7, 0x3b, 0xe7, 0x39, 
	0xe7, 0x39, 0xef, 0xf9, 0xff, 0xfb, 0xf7, 0xbd, 
	0xad, 0x29, 0xc6, 0x31, 0xd6, 0x71, 0xce, 0x73, 
	0xce, 0x73, 0xc6, 0x71, 0xc6, 0x33, 0xc5, 0xf1, 
	0xb5, 0xef, 0xbe, 0x2f, 0xc6, 0x71, 0xce, 0x73, 
	0xce, 0xb1, 0xce, 0x73, 0xce, 0x71, 0xc6, 0x33, 
	0xc6, 0x73, 0xd6, 0xb5, 0xd6, 0xb3, 0xce, 0x73, 
	0xc6, 0x71, 0xc6, 0x71, 0xc6, 0x33, 0xd6, 0x73, 
	0xde, 0xb3, 0xd6, 0xb3, 0xce, 0x73, 0xce, 0x73, 
	0xce, 0x73, 0xd6, 0xf5, 0xde, 0xf5, 0xf7, 0xbd, 
	0xc5, 0xad, 0xde, 0xf7, 0xef, 0x37, 0xef, 0x3b, 
	0xe7, 0x3b, 0xdf, 0x37, 0xd6, 0xf9, 0xd6, 0x77, 
	0xce, 0x75, 0xd6, 0xf5, 0xdf, 0x37, 0xe7, 0x39, 
	0xdf, 0x77, 0xe7, 0x39, 0xe7, 0x35, 0xde, 0xb9, 
	0xef, 0x7b, 0xf7, 0x3b, 0xef, 0xfb, 0xe7, 0x3b, 
	0xe6, 0xf7, 0xde, 0xb7, 0xe6, 0xf9, 0xef, 0x79, 
	0xef, 0x39, 0xf7, 0x79, 0xef, 0xbb, 0xf7, 0x79, 
	0xef, 0x7b, 0xff, 0xfb, 0xef, 0xff, 0xff, 0x7f, 
	0x9d, 0x6b, 0xc5, 0xf3, 0xce, 0x73, 0xce, 0xb5, 
	0xce, 0xb7, 0xc6, 0x33, 0xbd, 0xaf, 0xb5, 0xad, 
	0xb5, 0xad, 0xc5, 0xaf, 0xc6, 0x31, 0xce, 0x71, 
	0xce, 0x71, 0xce, 0x73, 0xc6, 0x31, 0xc6, 0x35, 
	0xce, 0xb3, 0xd6, 0x75, 0xd6, 0xf5, 0xce, 0x73, 
	0xce, 0x31, 0xc6, 0x33, 0xce, 0x33, 0xd6, 0x73, 
	0xd6, 0x73, 0xde, 0xb3, 0xd6, 0xb5, 0xd6, 0xb3, 
	0xce, 0x75, 0xdf, 0x35, 0xde, 0xf7, 0xff, 0x7f, 
	0xad, 0xef, 0xd6, 0xb9, 0xe7, 0x39, 0xe7, 0x7b, 
	0xe7, 0x7d, 0xde, 0xf9, 0xce, 0x73, 0xc6, 0x31, 
	0xce, 0x73, 0xd6, 0x75, 0xde, 0xf5, 0xe7, 0x37, 
	0xe7, 0x37, 0xe7, 0x39, 0xde, 0xf7, 0xde, 0xfb, 
	0xef, 0xbb, 0xf7, 0x7f, 0xff, 0x7b, 0xe7, 0x77, 
	0xe7, 0x39, 0xdf, 0x37, 0xde, 0xf7, 0xef, 0x79, 
	0xef, 0x79, 0xf7, 0x3b, 0xef, 0x7d, 0xf7, 0x7d, 
	0xef, 0xbd, 0xf7, 0x7f, 0xff, 0xfb, 0xff, 0x7f, 
	0xbd, 0x6d, 0xc6, 0x73, 0xce, 0xb3, 0xce, 0x73, 
	0xc6, 0x31, 0xc5, 0xf1, 0xbd, 0xed, 0xb5, 0xef, 
	0xb5, 0xad, 0xbd, 0xaf, 0xc5, 0xef, 0xc6, 0x31, 
	0xc6, 0x33, 0xc6, 0x31, 0xc6, 0x73, 0xd6, 0x73, 
	0xce, 0xb5, 0xd6, 0xb7, 0xde, 0xb5, 0xce, 0xb3, 
	0xce, 0x73, 0xc6, 0x71, 0xc6, 0x31, 0xce, 0xb3, 
	0xd6, 0xb3, 0xd6, 0x75, 0xd6, 0xb5, 0xd6, 0xb5, 
	0xd6, 0xf5, 0xde, 0xf7, 0xde, 0xf5, 0xff, 0x7f, 
	0xcd, 0xf1, 0xdf, 0x39, 0xe7, 0x79, 0xef, 0x39, 
	0xde, 0xf7, 0xde, 0xb7, 0xd6, 0x73, 0xc6, 0x73, 
	0xc6, 0x31, 0xce, 0x33, 0xd6, 0xb5, 0xd6, 0xb5, 
	0xde, 0xf9, 0xde, 0xf7, 0xdf, 0x39, 0xef, 0x39, 
	0xe7, 0x7d, 0xf7, 0xb9, 0xf7, 0x7d, 0xe7, 0x79, 
	0xef, 0xbd, 0xef, 0x7b, 0xef, 0x39, 0xe7, 0x79, 
	0xe7, 0x37, 0xe7, 0x39, 0xdf, 0x3b, 0xe7, 0x7d, 
	0xe7, 0xbd, 0xe7, 0x7f, 0xf7, 0x7f, 0xf7, 0xbd, 
	0xb5, 0xeb, 0xc6, 0x31, 0xc6, 0x31, 0xc6, 0x31, 
	0xc5, 0xb1, 0xbd, 0xed, 0xbd, 0xed, 0xbd, 0xad, 
	0xb5, 0xad, 0xb5, 0xad, 0xbd, 0xed, 0xc5, 0xef, 
	0xbd, 0xef, 0xc6, 0x71, 0xc6, 0x71, 0xce, 0x71, 
	0xce, 0xb5, 0xd6, 0xb3, 0xd6, 0xb5, 0xce, 0xb3, 
	0xd6, 0xb5, 0xd6, 0x75, 0xd6, 0x73, 0xce, 0xb3, 
	0xce, 0x71, 0xce, 0x73, 0xc6, 0x75, 0xce, 0x77, 
	0xce, 0xb5, 0xd6, 0xb7, 0xde, 0xb7, 0xf7, 0xbd, 
	0xc6, 0x6f, 0xd6, 0xf7, 0xde, 0xf7, 0xde, 0xf7, 
	0xde, 0x75, 0xd6, 0xb1, 0xd6, 0x71, 0xd6, 0x73, 
	0xc6, 0x31, 0xc6, 0x71, 0xce, 0xb3, 0xd6, 0xb3, 
	0xd6, 0xb5, 0xde, 0xf7, 0xdf, 0x37, 0xe7, 0x37, 
	0xe7, 0x39, 0xf7, 0x39, 0xff, 0x7f, 0xf7, 0x7d, 
	0xef, 0xbb, 0xef, 0x7b, 0xf7, 0xbb, 0xe7, 0x3b, 
	0xe6, 0xf9, 0xe7, 0x39, 0xdf, 0x79, 0xdf, 0x3b, 
	0xe7, 0x39, 0xe7, 0xbb, 0xef, 0xbd, 0xff, 0x7f, 
	0xad, 0x2b, 0xad, 0xab, 0xb5, 0xad, 0xbd, 0xf1, 
	0xc5, 0xef, 0xbe, 0x2f, 0xbd, 0xed, 0xbd, 0xed, 
	0xb5, 0xef, 0xb5, 0xaf, 0xb5, 0xef, 0xbd, 0xad, 
	0xbd, 0xb1, 0xbd, 0xef, 0xbd, 0xaf, 0xbd, 0xf1, 
	0xce, 0x73, 0xd6, 0x73, 0xde, 0xb7, 0xd6, 0xb5, 
	0xd6, 0xb5, 0xd6, 0xb3, 0xd6, 0xb3, 0xce, 0x75, 
	0xce, 0x33, 0xce, 0x73, 0xc6, 0xb3, 0xc6, 0x75, 
	0xce, 0x73, 0xce, 0xf5, 0xd6, 0xb5, 0xff, 0x7f, 
	0xbd, 0xaf, 0xc6, 0x31, 0xce, 0x33, 0xd6, 0x75, 
	0xd6, 0xb3, 0xd6, 0xf3, 0xd6, 0x71, 0xd6, 0xb1, 
	0xce, 0xb3, 0xc6, 0x33, 0xc6, 0x73, 0xce, 0x73, 
	0xd6, 0x75, 0xd6, 0xb3, 0xce, 0x75, 0xd6, 0xb7, 
	0xde, 0xf5, 0xef, 0x39, 0xff, 0x39, 0xef, 0xbd, 
	0xef, 0x7b, 0xef, 0xbb, 0xe7, 0xbd, 0xef, 0x7b, 
	0xe7, 0x79, 0xe7, 0x39, 0xe7, 0x37, 0xe6, 0xb7, 
	0xde, 0xb9, 0xe7, 0x7b, 0xef, 0x7d, 0xff, 0x7f, 
	0xa4, 0xe5, 0xad, 0x2b, 0xb5, 0xef, 0xbe, 0x2f, 
	0xc6, 0x71, 0xc6, 0x31, 0xc6, 0x6f, 0xbe, 0x2f, 
	0xbe, 0x31, 0xb5, 0xef, 0xbd, 0xed, 0xb6, 0x2d, 
	0xbd, 0xed, 0xbd, 0xab, 0xb5, 0xef, 0xbd, 0xed, 
	0xc6, 0x2f, 0xce, 0x73, 0xde, 0xb5, 0xd6, 0xb5, 
	0xd6, 0xb5, 0xd6, 0xb5, 0xce, 0xb5, 0xd6, 0x73, 
	0xce, 0x73, 0xce, 0x73, 0xce, 0x71, 0xcd, 0xf1, 
	0xc6, 0x33, 0xce, 0xb5, 0xd6, 0xb5, 0xff, 0x7f, 
	0xb5, 0x69, 0xc5, 0xaf, 0xc6, 0x73, 0xd6, 0xf5, 
	0xd7, 0x39, 0xde, 0xf5, 0xd7, 0x35, 0xd6, 0xf5, 
	0xd6, 0xb5, 0xce, 0x75, 0xd6, 0xb3, 0xce, 0xb3, 
	0xce, 0x71, 0xce, 0x31, 0xce, 0x73, 0xd6, 0xb1, 
	0xce, 0x31, 0xd6, 0xf5, 0xdf, 0x37, 0xe7, 0x39, 
	0xef, 0x3b, 0xef, 0xb9, 0xef, 0xb9, 0xef, 0x3b, 
	0xe7, 0x77, 0xe7, 0x79, 0xe6, 0xf7, 0xde, 0x75, 
	0xd6, 0xf7, 0xe7, 0x39, 0xf7, 0x7b, 0xff, 0xfb, 
	0xa4, 0xa7, 0xbd, 0xaf, 0xbd, 0xaf, 0xbd, 0xf1, 
	0xce, 0x6f, 0xc6, 0x71, 0xc6, 0x73, 0xce, 0x73, 
	0xce, 0x33, 0xc6, 0x31, 0xc5, 0xef, 0xbe, 0x2f, 
	0xbe, 0x2f, 0xb5, 0xef, 0xb5, 0xef, 0xb5, 0xad, 
	0xbd, 0xad, 0xbe, 0x2f, 0xc6, 0x71, 0xce, 0x73, 
	0xd6, 0x75, 0xd6, 0xf3, 0xd6, 0xf3, 0xd6, 0x75, 
	0xce, 0xb3, 0xce, 0x73, 0xce, 0x31, 0xc5, 0xf1, 
	0xbe, 0x31, 0xce, 0x73, 0xde, 0xb5, 0xff, 0xfb, 
	0xad, 0x2b, 0xce, 0x33, 0xce, 0x73, 0xd6, 0xb7, 
	0xdf, 0x35, 0xe7, 0x37, 0xdf, 0x39, 0xe7, 0x79, 
	0xe6, 0xf9, 0xde, 0xf7, 0xd6, 0xb5, 0xd6, 0xf3, 
	0xce, 0xb3, 0xc6, 0xb3, 0xce, 0x73, 0xc6, 0x71, 
	0xc6, 0x2f, 0xce, 0x71, 0xde, 0xf5, 0xce, 0xf5, 
	0xde, 0xf5, 0xdf, 0x39, 0xe7, 0x3b, 0xe7, 0x3b, 
	0xee, 0xfb, 0xe7, 0x39, 0xde, 0xf5, 0xd6, 0x75, 
	0xd6, 0xb3, 0xe6, 0xf7, 0xf7, 0x7b, 0xff, 0x7f, 
	0xa4, 0xe9, 0xb5, 0xad, 0xb5, 0xf1, 0xbd, 0xef, 
	0xc5, 0xf3, 0xc6, 0x31, 0xc6, 0x33, 0xce, 0x73, 
	0xd6, 0x73, 0xce, 0x73, 0xce, 0x31, 0xce, 0x31, 
	0xbe, 0x71, 0xbe, 0x2f, 0xb5, 0xef, 0xad, 0xab, 
	0xad, 0x6b, 0xbd, 0xed, 0xc6, 0x2f, 0xbe, 0x31, 
	0xc6, 0x31, 0xc6, 0x73, 0xce, 0x73, 0xce, 0x73, 
	0xd6, 0x33, 0xce, 0x73, 0xc6, 0x2f, 0xc5, 0xef, 
	0xbd, 0xed, 0xce, 0x31, 0xd6, 0xb5, 0xff, 0x7f, 
	0xad, 0x6b, 0xce, 0x31, 0xce, 0xb5, 0xce, 0xb3, 
	0xde, 0xb7, 0xde, 0xf7, 0xd6, 0xf9, 0xe7, 0x79, 
	0xef, 0x39, 0xe7, 0x39, 0xe6, 0xf7, 0xde, 0xf7, 
	0xd6, 0xf7, 0xd6, 0xb5, 0xc6, 0xb3, 0xbe, 0x2f, 
	0xbe, 0x31, 0xce, 0x73, 0xce, 0xb5, 0xce, 0xb3, 
	0xd6, 0xf3, 0xde, 0xf7, 0xe7, 0x39, 0xe7, 0x3b, 
	0xe6, 0xf9, 0xde, 0xf5, 0xd6, 0xb5, 0xd6, 0xb5, 
	0xce, 0xb3, 0xd6, 0xb7, 0xe7, 0x7b, 0xf7, 0xbd, 
	0xa5, 0x69, 0xb5, 0xed, 0xb5, 0xaf, 0xb5, 0xad, 
	0xb5, 0xad, 0xbd, 0xad, 0xbd, 0xf1, 0xce, 0x73, 
	0xce, 0x73, 0xc6, 0x71, 0xc5, 0xf3, 0xbe, 0x2f, 
	0xbd, 0xef, 0xbd, 0xef, 0xc5, 0xef, 0xbd, 0xad, 
	0xad, 0xad, 0xbd, 0xaf, 0xbe, 0x2f, 0xb5, 0xef, 
	0xbe, 0x2d, 0xc6, 0x31, 0xce, 0x73, 0xce, 0x73, 
	0xce, 0x33, 0xce, 0x2f, 0xbe, 0x2f, 0xc5, 0xef, 
	0xb5, 0xef, 0xbd, 0xf1, 0xce, 0x75, 0xf7, 0xbd, 
	0xb5, 0xeb, 0xc6, 0x73, 0xc6, 0x73, 0xce, 0x33, 
	0xc6, 0x33, 0xce, 0x31, 0xd6, 0xb7, 0xe7, 0x79, 
	0xe7, 0x39, 0xdf, 0x37, 0xd6, 0xb7, 0xd6, 0xb5, 
	0xd6, 0xb5, 0xd6, 0xb5, 0xd6, 0xb5, 0xce, 0x71, 
	0xce, 0x33, 0xce, 0x73, 0xce, 0x73, 0xce, 0x31, 
	0xd6, 0x73, 0xde, 0xb7, 0xe7, 0x39, 0xef, 0x37, 
	0xdf, 0x37, 0xd6, 0xb5, 0xd6, 0x73, 0xc6, 0x73, 
	0xbe, 0x31, 0xce, 0x35, 0xce, 0xb9, 0xef, 0xbd, 
	0x95, 0x29, 0xad, 0x6b, 0xad, 0x2b, 0xa4, 0xe7, 
	0xa4, 0xe7, 0xad, 0x2b, 0xb5, 0xaf, 0xc6, 0x2f, 
	0xc6, 0x31, 0xcd, 0xef, 0xc5, 0xef, 0xbd, 0xeb, 
	0xbd, 0xad, 0xbd, 0xed, 0xbd, 0xef, 0xbd, 0xad, 
	0xbd, 0x6d, 0xbd, 0xef, 0xbd, 0xad, 0xbd, 0xab, 
	0xbd, 0xed, 0xc5, 0xf1, 0xce, 0x73, 0xd6, 0x71, 
	0xc6, 0x71, 0xbe, 0x31, 0xbd, 0xed, 0xb5, 0xef, 
	0xad, 0xad, 0xbd, 0x6f, 0xbd, 0xf3, 0xef, 0xbd, 
	0xa5, 0x6d, 0xbe, 0x2f, 0xc5, 0xaf, 0xb5, 0x6b, 
	0xb5, 0x6b, 0xc5, 0xaf, 0xc6, 0x73, 0xde, 0xf5, 
	0xde, 0xf7, 0xde, 0xb5, 0xd6, 0xb5, 0xce, 0x71, 
	0xce, 0x31, 0xd6, 0x73, 0xce, 0xb5, 0xd6, 0x73, 
	0xc6, 0x35, 0xc6, 0x73, 0xc6, 0x31, 0xc5, 0xef, 
	0xb5, 0xef, 0xce, 0x33, 0xd6, 0xb5, 0xde, 0xf5, 
	0xd6, 0x73, 0xce, 0x33, 0xbe, 0x33, 0xbd, 0xaf, 
	0xb5, 0xad, 0xb5, 0xb1, 0xce, 0xb5, 0xff, 0x7f, 
	0x94, 0x67, 0xad, 0x67, 0x9d, 0x27, 0x9c, 0xa7, 
	0x94, 0xa5, 0x9d, 0x27, 0xad, 0x6b, 0xb5, 0xaf, 
	0xb5, 0xef, 0xc5, 0xef, 0xbd, 0xed, 0xad, 0x6d, 
	0xad, 0x2b, 0xb5, 0x6d, 0xad, 0x6b, 0xb5, 0x6b, 
	0xb5, 0xaf, 0xb5, 0xef, 0xb5, 0xad, 0xad, 0x6b, 
	0xa5, 0x2b, 0xbd, 0xaf, 0xbe, 0x2f, 0xc6, 0x2f, 
	0xbd, 0xef, 0xbd, 0xaf, 0xad, 0xad, 0xad, 0x2b, 
	0xa5, 0x29, 0xa5, 0x2d, 0xbd, 0xf1, 0xff, 0x7f, 
	0xa4, 0xa9, 0xbd, 0xeb, 0xad, 0xa9, 0xa4, 0xeb, 
	0xa5, 0x27, 0xad, 0xab, 0xbd, 0xef, 0xce, 0x33, 
	0xce, 0x75, 0xd6, 0xb5, 0xce, 0xb3, 0xbd, 0xf1, 
	0xbd, 0xaf, 0xc6, 0x31, 0xbe, 0x2f, 0xc6, 0x2f, 
	0xb5, 0xed, 0xc6, 0x2d, 0xb5, 0xb1, 0xb5, 0xad, 
	0xb5, 0xad, 0xb5, 0xad, 0xc6, 0x31, 0xc6, 0x71, 
	0xc6, 0x31, 0xc5, 0xf1, 0xc5, 0xaf, 0xad, 0xad, 
	0xad, 0x6b, 0xb5, 0xad, 0xc6, 0x31, 0xef, 0xbf, 
	0x84, 0x21, 0x8c, 0xa3, 0x9c, 0xa5, 0x9c, 0xa7, 
	0x94, 0xa5, 0x9c, 0xe7, 0xa5, 0x6b, 0xa5, 0x29, 
	0xa5, 0x6b, 0xad, 0xab, 0xad, 0xad, 0xad, 0x6b, 
	0xa5, 0x2b, 0xad, 0x27, 0x95, 0x29, 0x95, 0x27, 
	0xa5, 0x69, 0xb5, 0xa9, 0xa5, 0x2b, 0xad, 0x29, 
	0xa5, 0x69, 0xa5, 0x29, 0xb5, 0xab, 0xb5, 0xed, 
	0xb5, 0xad, 0xb5, 0x6d, 0xad, 0x2b, 0x9d, 0x29, 
	0xa4, 0xe7, 0xad, 0x29, 0xb5, 0xad, 0xef, 0xbf, 
	0x94, 0x65, 0x9d, 0x25, 0xa5, 0x29, 0xa4, 0xe9, 
	0xa4, 0xe9, 0xa5, 0x6b, 0xb5, 0xef, 0xb5, 0xef, 
	0xbd, 0xef, 0xbe, 0x2f, 0xbe, 0x31, 0xbd, 0xf1, 
	0xb5, 0x6f, 0xbd, 0xab, 0xa5, 0x6d, 0xa5, 0x6b, 
	0xff, 0xbb, 0xf7, 0xbd, 0xf7, 0xbd, 0xf7, 0xbd, 
	0xf7, 0xbd, 0xf7, 0xbd, 0xf7, 0xbd, 0xf7, 0xbd, 
	0xf7, 0xbd, 0xf7, 0xbd, 0xf7, 0xbd, 0xf7, 0xbd, 
	0xf7, 0xbd, 0xf7, 0xbd, 0xf7, 0xbd, 0xf7, 0xbd, 
	0xf7, 0xbd, 0xf7, 0xbd, 0xf7, 0xbd, 0xf7, 0xbd, 
	0xf7, 0xbd, 0xf7, 0xbd, 0xf7, 0xbd, 0xf7, 0xbd, 
	0xf7, 0xbd, 0xf7, 0xbd, 0xf7, 0xbd, 0xf7, 0xbd, 
	0xf7, 0xbd, 0xf7, 0xbd, 0xf7, 0xbd, 0xf7, 0xbd, 
	0xff, 0xbb, 0xe7, 0x39, 0xef, 0x7b, 0xef, 0x7b, 
	0xef, 0x7b, 0xef, 0x7b, 0xe7, 0x39, 0xef, 0x7b, 
	0xe7, 0x39, 0xe7, 0x39, 0xe7, 0x39, 0xef, 0x7b, 
	0xef, 0x7b, 0xef, 0x7b, 0xef, 0x7b, 0xe7, 0x39, 
	0xef, 0x7b, 0xef, 0x7b, 0xef, 0x7b, 0xe7, 0x39, 
	0xef, 0x7b, 0xef, 0x7b, 0xe7, 0x39, 0xef, 0x7b, 
	0xef, 0x7b, 0xe7, 0x39, 0xef, 0x7b, 0xef, 0x7b, 
	0xe7, 0x39, 0xe7, 0x39, 0xe7, 0x39, 0xe7, 0x39, 
	0xef, 0xff, 0xce, 0x33, 0xde, 0xb9, 0xef, 0xb9, 
	0xf7, 0xbd, 0xff, 0xbf, 0xf7, 0xbd, 0xf7, 0xbd, 
	0xf7, 0xbd, 0xf7, 0xbd, 0xf7, 0xbd, 0xf7, 0xbd, 
	0xf7, 0xbd, 0xf7, 0xbd, 0xf7, 0xbd, 0xf7, 0xbd, 
	0xf7, 0xbd, 0xf7, 0xbd, 0xf7, 0xbd, 0xf7, 0xbd, 
	0xf7, 0xbd, 0xf7, 0xbd, 0xf7, 0xbd, 0xf7, 0xbd, 
	0xf7, 0xbd, 0xf7, 0xbd, 0xf7, 0xbd, 0xf7, 0xbd, 
	0xf7, 0xbd, 0xf7, 0xbd, 0xf7, 0xbd, 0xf7, 0xbb, 
	0xef, 0xff, 0xbd, 0x6d, 0xc6, 0x33, 0xd6, 0xf3, 
	0xe7, 0x39, 0xee, 0xf7, 0xf7, 0x3d, 0xef, 0x3b, 
	0xe7, 0x37, 0xd7, 0x39, 0xef, 0x39, 0xe7, 0x39, 
	0xe7, 0x3b, 0xef, 0x79, 0xef, 0x39, 0xf7, 0x79, 
	0xde, 0xf7, 0xe6, 0xf7, 0xdf, 0x7b, 0xef, 0x7b, 
	0xdf, 0x7b, 0xe7, 0x3b, 0xef, 0x39, 0xef, 0x39, 
	0xdf, 0x37, 0xe6, 0xf7, 0xe7, 0x39, 0xee, 0xfd, 
	0xef, 0x3b, 0xe7, 0x39, 0xdf, 0x79, 0xe6, 0xf5, 
	0xf7, 0xbd, 0xb5, 0xef, 0xe6, 0xf7, 0xdf, 0x39, 
	0xe7, 0x39, 0xe7, 0x39, 0xef, 0x7b, 0xf7, 0xbd, 
	0xf7, 0x7d, 0xe7, 0x39, 0xdf, 0x79, 0xef, 0x79, 
	0xe7, 0x79, 0xe7, 0x7b, 0xef, 0xbb, 0xef, 0x7d, 
	0xef, 0x7b, 0xef, 0x7b, 0xef, 0x7b, 0xef, 0x39, 
	0xf7, 0x7b, 0xef, 0x7b, 0xe6, 0xf7, 0xd6, 0xb5, 
	0xde, 0xf7, 0xe6, 0xf7, 0xe7, 0x39, 0xef, 0x39, 
	0xe7, 0x39, 0xdf, 0x37, 0xe7, 0x7b, 0xef, 0x3b, 
	0xf7, 0xbd, 0xa5, 0x29, 0xce, 0x31, 0xce, 0x73, 
	0xce, 0xb3, 0xd6, 0xb3, 0xd6, 0xf5, 0xdf, 0x37, 
	0xde, 0xf7, 0xd6, 0xb5, 0xc6, 0xb3, 0xd6, 0xb5, 
	0xce, 0xb3, 0xce, 0xf5, 0xd6, 0xf5, 0xd6, 0xf9, 
	0xd6, 0xf7, 0xd6, 0xf7, 0xde, 0xf7, 0xd6, 0xb5, 
	0xde, 0xb5, 0xde, 0xb5, 0xce, 0x33, 0xbd, 0xf1, 
	0xce, 0x31, 0xce, 0x33, 0xd6, 0x73, 0xd6, 0x75, 
	0xce, 0xb5, 0xce, 0x71, 0xce, 0xb7, 0xd6, 0xb7, 
	0xf7, 0xbd, 0xbd, 0xeb, 0xdf, 0x35, 0xe7, 0x37, 
	0xe7, 0x39, 0xe7, 0x37, 0xe6, 0xf9, 0xe6, 0xf9, 
	0xe7, 0x39, 0xdf, 0x39, 0xde, 0xf5, 0xdf, 0x37, 
	0xe6, 0xf7, 0xe7, 0x37, 0xe6, 0xf7, 0xef, 0x3b, 
	0xef, 0x39, 0xe7, 0x37, 0xe6, 0xf9, 0xef, 0x7b, 
	0xef, 0x79, 0xef, 0x7b, 0xde, 0xb5, 0xce, 0x75, 
	0xd6, 0xf7, 0xe7, 0x39, 0xe6, 0xf9, 0xde, 0xf7, 
	0xd6, 0xb5, 0xde, 0xf7, 0xef, 0xbd, 0xf7, 0xbd, 
	0xf7, 0xbd, 0xa5, 0x67, 0xce, 0x71, 0xce, 0xb3, 
	0xd6, 0xb3, 0xce, 0x73, 0xce, 0x73, 0xce, 0x33, 
	0xce, 0x75, 0xce, 0x73, 0xc6, 0x71, 0xce, 0x71, 
	0xce, 0x73, 0xce, 0x71, 0xce, 0x33, 0xde, 0x75, 
	0xd6, 0x73, 0xce, 0x73, 0xd6, 0x33, 0xd6, 0xb5, 
	0xd6, 0xb5, 0xd6, 0xf5, 0xce, 0x2f, 0xbd, 0xb1, 
	0xbe, 0x33, 0xd6, 0x73, 0xce, 0x73, 0xc6, 0x33, 
	0xbd, 0xef, 0xc6, 0x31, 0xd6, 0xf7, 0xdf, 0x37, 
	0xf7, 0xbd, 0xce, 0x31, 0xde, 0xf7, 0xe7, 0x79, 
	0xef, 0x39, 0xe7, 0x39, 0xde, 0xb7, 0xde, 0xb7, 
	0xce, 0xb5, 0xd6, 0xb5, 0xd6, 0xb5, 0xd6, 0xf5, 
	0xe7, 0x39, 0xe7, 0x37, 0xd6, 0xf5, 0xde, 0xb7, 
	0xde, 0xb5, 0xde, 0xb7, 0xef, 0x39, 0xef, 0x79, 
	0xdf, 0x39, 0xd6, 0xf5, 0xde, 0xf7, 0xd6, 0xb5, 
	0xe7, 0x39, 0xef, 0x3b, 0xe7, 0x39, 0xde, 0xf9, 
	0xde, 0xf7, 0xe7, 0x7b, 0xf7, 0xbd, 0xf7, 0xbd, 
	0xf7, 0xbd, 0xb5, 0xab, 0xc6, 0x71, 0xd6, 0xb5, 
	0xd6, 0xb3, 0xd6, 0x73, 0xc6, 0x31, 0xc6, 0x33, 
	0xbd, 0xef, 0xbe, 0x2f, 0xbe, 0x2f, 0xc6, 0x71, 
	0xd6, 0x73, 0xce, 0x73, 0xbe, 0x31, 0xce, 0x31, 
	0xc6, 0x2f, 0xce, 0x31, 0xd6, 0x73, 0xd6, 0xb5, 
	0xce, 0x73, 0xc6, 0x2f, 0xc6, 0x33, 0xbe, 0x31, 
	0xd6, 0x75, 0xde, 0xb5, 0xce, 0x75, 0xce, 0x75, 
	0xc6, 0x33, 0xd6, 0xb5, 0xdf, 0x39, 0xe6, 0xf9, 
	0xff, 0xfb, 0xce, 0x75, 0xdf, 0x37, 0xe7, 0x39, 
	0xef, 0x7b, 0xe7, 0x39, 0xde, 0xf7, 0xd6, 0x73, 
	0xce, 0x33, 0xc6, 0x33, 0xce, 0x73, 0xd6, 0xf5, 
	0xe7, 0x37, 0xe7, 0x37, 0xde, 0xf7, 0xde, 0xf7, 
	0xe7, 0x39, 0xef, 0x79, 0xef, 0x7b, 0xf7, 0x7b, 
	0xde, 0xf7, 0xde, 0xf7, 0xce, 0xb3, 0xd6, 0xf7, 
	0xdf, 0x39, 0xe7, 0x3b, 0xef, 0x7b, 0xef, 0x7b, 
	0xe7, 0x7b, 0xf7, 0xbb, 0xf7, 0xbd, 0xef, 0x7d, 
	0xff, 0xfb, 0xbd, 0xaf, 0xce, 0x73, 0xce, 0xb5, 
	0xd6, 0xb5, 0xd6, 0x75, 0xce, 0x31, 0xc5, 0xef, 
	0xb5, 0x6d, 0xad, 0xad, 0xb5, 0xed, 0xc6, 0x2f, 
	0xd6, 0xb3, 0xd6, 0xb3, 0xce, 0x31, 0xc6, 0x31, 
	0xce, 0x73, 0xd6, 0xb5, 0xd6, 0xb5, 0xde, 0xb7, 
	0xce, 0x71, 0xce, 0x31, 0xbd, 0xef, 0xc6, 0x33, 
	0xce, 0x73, 0xce, 0x77, 0xd6, 0xb7, 0xd6, 0xb7, 
	0xd6, 0xb5, 0xde, 0xf5, 0xdf, 0x3b, 0xde, 0xf7, 
	0xf7, 0xbd, 0xd6, 0xf7, 0xde, 0xf7, 0xe7, 0x39, 
	0xe7, 0x39, 0xe6, 0xf7, 0xd6, 0xb5, 0xce, 0x73, 
	0xc6, 0x31, 0xc6, 0x31, 0xce, 0x73, 0xd6, 0xb5, 
	0xde, 0xb5, 0xde, 0xf7, 0xde, 0xf7, 0xe7, 0x39, 
	0xe7, 0x3b, 0xef, 0x79, 0xef, 0xbb, 0xf7, 0xbd, 
	0xe7, 0x37, 0xde, 0xb7, 0xd6, 0xb5, 0xde, 0xb7, 
	0xde, 0xf7, 0xde, 0xf9, 0xef, 0x7b, 0xe7, 0x7b, 
	0xef, 0xbb, 0xf7, 0xbd, 0xf7, 0xbd, 0xf7, 0xbd, 
	0xf7, 0xbd, 0xc6, 0x33, 0xce, 0x33, 0xce, 0x73, 
	0xd6, 0x75, 0xce, 0x73, 0xbd, 0xf1, 0xbd, 0xef, 
	0xad, 0xab, 0xb5, 0x6d, 0xb5, 0xad, 0xbd, 0xf1, 
	0xc6, 0x2f, 0xc6, 0x73, 0xc6, 0x33, 0xce, 0x73, 
	0xce, 0x77, 0xd6, 0xb5, 0xd6, 0xf7, 0xe7, 0x39, 
	0xce, 0xb1, 0xce, 0x31, 0xc6, 0x31, 0xce, 0x31, 
	0xce, 0x73, 0xc6, 0x75, 0xd6, 0xb5, 0xd6, 0xf5, 
	0xd7, 0x35, 0xdf, 0x37, 0xde, 0xfb, 0xd6, 0xb9, 
	0xff, 0x7f, 0xde, 0xb5, 0xd6, 0xb5, 0xde, 0xf7, 
	0xde, 0xf7, 0xd6, 0xb7, 0xce, 0x73, 0xce, 0x71, 
	0xce, 0x73, 0xc6, 0x33, 0xce, 0x71, 0xce, 0x73, 
	0xce, 0xb3, 0xd6, 0xb5, 0xd6, 0xb5, 0xde, 0xf7, 
	0xe7, 0x39, 0xe7, 0x3b, 0xef, 0x7b, 0xef, 0xbd, 
	0xef, 0x7b, 0xef, 0x7b, 0xe7, 0x39, 0xef, 0x7b, 
	0xe7, 0x39, 0xde, 0xf9, 0xde, 0xf7, 0xe7, 0x37, 
	0xe7, 0x79, 0xf7, 0xbb, 0xf7, 0xbd, 0xf7, 0x7d, 
	0xff, 0x7f, 0xc5, 0xf1, 0xbd, 0xf1, 0xc6, 0x33, 
	0xce, 0x33, 0xc6, 0x33, 0xbd, 0xaf, 0xb5, 0xad, 
	0xbd, 0xed, 0xad, 0x6d, 0xb5, 0xab, 0xbd, 0xed, 
	0xbd, 0xed, 0xbe, 0x2f, 0xbd, 0xf1, 0xc6, 0x33, 
	0xce, 0x75, 0xce, 0xb7, 0xd6, 0xf5, 0xd6, 0xf9, 
	0xd6, 0xb7, 0xd6, 0xb5, 0xce, 0xb3, 0xd6, 0xb5, 
	0xce, 0x75, 0xc6, 0x73, 0xc6, 0x33, 0xce, 0xb3, 
	0xce, 0xb3, 0xde, 0xf5, 0xef, 0x37, 0xe6, 0xb9, 
	0xf7, 0xfb, 0xc6, 0x33, 0xc6, 0x31, 0xce, 0x73, 
	0xd6, 0xb5, 0xd6, 0x75, 0xd6, 0xb5, 0xd6, 0x73, 
	0xce, 0x73, 0xc6, 0x73, 0xc6, 0x31, 0xc6, 0x71, 
	0xc6, 0x71, 0xc6, 0x31, 0xce, 0x73, 0xce, 0x73, 
	0xd6, 0xb5, 0xd6, 0xf7, 0xef, 0xbd, 0xf7, 0x7d, 
	0xf7, 0xbd, 0xef, 0x3b, 0xe7, 0x7b, 0xe7, 0x7b, 
	0xef, 0x3b, 0xe6, 0xf9, 0xe6, 0xf7, 0xe7, 0x39, 
	0xe6, 0xf7, 0xef, 0x39, 0xf7, 0x7d, 0xef, 0x3b, 
	0xf7, 0xfb, 0xb5, 0xaf, 0xad, 0x6d, 0xb5, 0xad, 
	0xbd, 0xef, 0xbd, 0xf1, 0xbd, 0xf1, 0xbd, 0xed, 
	0xbd, 0xed, 0xad, 0xad, 0xad, 0x6d, 0xad, 0xab, 
	0xb5, 0xed, 0xb5, 0xad, 0xb5, 0xad, 0xb5, 0xaf, 
	0xbd, 0xf1, 0xc6, 0x31, 0xde, 0xf7, 0xde, 0xf7, 
	0xde, 0xf7, 0xd6, 0xb5, 0xce, 0xf5, 0xd6, 0xb5, 
	0xd6, 0xb5, 0xce, 0x35, 0xd6, 0x33, 0xce, 0x73, 
	0xce, 0x71, 0xd6, 0xb5, 0xde, 0xf7, 0xde, 0x75, 
	0xf7, 0xbd, 0xc6, 0x31, 0xbd, 0xef, 0xc6, 0x31, 
	0xce, 0x73, 0xde, 0xf9, 0xde, 0xb7, 0xde, 0xf7, 
	0xd6, 0xb5, 0xce, 0x73, 0xce, 0x33, 0xce, 0x31, 
	0xce, 0x71, 0xce, 0x73, 0xc6, 0x31, 0xc6, 0x31, 
	0xc6, 0x31, 0xce, 0x73, 0xe7, 0x39, 0xf7, 0x7b, 
	0xf7, 0x7d, 0xf7, 0xbb, 0xef, 0xbb, 0xef, 0x7b, 
	0xef, 0x7b, 0xe7, 0x3b, 0xef, 0x39, 0xe7, 0x39, 
	0xd6, 0xf5, 0xde, 0xf7, 0xe7, 0x3b, 0xef, 0x79, 
	0xf7, 0xbd, 0xad, 0x6b, 0xa5, 0x29, 0xb5, 0xad, 
	0xb5, 0xef, 0xce, 0x73, 0xc6, 0x31, 0xc6, 0x31, 
	0xc6, 0x2f, 0xbd, 0xad, 0xb5, 0xaf, 0xb5, 0xab, 
	0xb5, 0xad, 0xb5, 0xad, 0xad, 0x6d, 0xad, 0x6d, 
	0xad, 0xad, 0xb5, 0xef, 0xce, 0x73, 0xde, 0xf5, 
	0xde, 0xb9, 0xde, 0xf5, 0xd6, 0xf5, 0xde, 0xf5, 
	0xd6, 0xb7, 0xd6, 0xb5, 0xd6, 0xb5, 0xce, 0xb3, 
	0xc6, 0x71, 0xc6, 0x33, 0xd6, 0x75, 0xde, 0xb5, 
	0xef, 0xfd, 0xc6, 0x31, 0xc6, 0x2f, 0xce, 0x73, 
	0xce, 0xb3, 0xd6, 0xb5, 0xde, 0xf7, 0xde, 0xf7, 
	0xe7, 0x39, 0xde, 0xf7, 0xde, 0xf7, 0xce, 0x75, 
	0xce, 0xb5, 0xce, 0x73, 0xc6, 0x33, 0xc5, 0xef, 
	0xbd, 0xef, 0xbd, 0xef, 0xce, 0xb3, 0xde, 0xb7, 
	0xde, 0xf9, 0xef, 0x7b, 0xef, 0xbb, 0xef, 0x7b, 
	0xef, 0x7b, 0xef, 0x3b, 0xe7, 0x39, 0xde, 0xf7, 
	0xd6, 0xb5, 0xd6, 0xb7, 0xdf, 0x39, 0xef, 0x79, 
	0xef, 0xfd, 0xad, 0xad, 0xb5, 0x6b, 0xb5, 0xad, 
	0xbd, 0xef, 0xbe, 0x31, 0xc6, 0x71, 0xc6, 0x71, 
	0xce, 0x73, 0xc6, 0x31, 0xce, 0x31, 0xbd, 0xef, 
	0xbd, 0xef, 0xbd, 0xef, 0xb5, 0xad, 0xad, 0x6b, 
	0xa5, 0x29, 0xa5, 0x2b, 0xbd, 0xef, 0xc6, 0x31, 
	0xc6, 0x33, 0xd6, 0xb5, 0xd6, 0xf5, 0xd6, 0xb7, 
	0xde, 0xb5, 0xd6, 0xb5, 0xce, 0xb3, 0xc6, 0x71, 
	0xbd, 0xef, 0xbd, 0xf1, 0xce, 0x73, 0xd6, 0xf3, 
	0xef, 0x3f, 0xc6, 0x31, 0xc6, 0x33, 0xce, 0x73, 
	0xce, 0x73, 0xd6, 0x75, 0xd6, 0xb5, 0xde, 0xf7, 
	0xe7, 0x39, 0xe7, 0x39, 0xde, 0xf7, 0xd6, 0xf7, 
	0xde, 0xf7, 0xd6, 0xb7, 0xd6, 0x73, 0xce, 0x31, 
	0xbd, 0xef, 0xbd, 0xef, 0xc6, 0x2f, 0xce, 0xb5, 
	0xce, 0xb3, 0xd6, 0xf7, 0xe7, 0x3b, 0xef, 0x7b, 
	0xe7, 0x39, 0xef, 0x3b, 0xe7, 0x39, 0xde, 0xf7, 
	0xd6, 0xb5, 0xce, 0x73, 0xe7, 0x37, 0xef, 0x7b, 
	0xef, 0x3f, 0xad, 0xad, 0xad, 0x6d, 0xbd, 0xef, 
	0xbd, 0xaf, 0xbd, 0xef, 0xc6, 0x2f, 0xc6, 0x31, 
	0xce, 0x73, 0xd6, 0x73, 0xce, 0x31, 0xbe, 0x31, 
	0xc6, 0x71, 0xbe, 0x31, 0xbd, 0xef, 0xb5, 0xad, 
	0xad, 0x2b, 0xa5, 0x69, 0xad, 0xab, 0xbd, 0xef, 
	0xbd, 0xef, 0xc6, 0x71, 0xd6, 0xb5, 0xd6, 0xb5, 
	0xd6, 0x75, 0xd6, 0xb5, 0xce, 0xb5, 0xc6, 0x31, 
	0xbd, 0xf1, 0xbd, 0xef, 0xce, 0x71, 0xde, 0xb5, 
	0xef, 0x79, 0xc6, 0x31, 0xc6, 0x33, 0xc6, 0x31, 
	0xc6, 0x31, 0xc6, 0x2f, 0xce, 0x71, 0xd6, 0xb5, 
	0xe6, 0xf7, 0xe6, 0xf9, 0xde, 0xf7, 0xde, 0xf7, 
	0xde, 0xf7, 0xd6, 0xb5, 0xce, 0xb3, 0xce, 0xb3, 
	0xc6, 0x31, 0xbe, 0x31, 0xc6, 0x33, 0xce, 0x73, 
	0xce, 0x73, 0xd6, 0xb5, 0xde, 0xb7, 0xe7, 0x39, 
	0xde, 0xf7, 0xe6, 0xf7, 0xde, 0xf7, 0xd6, 0xb5, 
	0xce, 0x73, 0xce, 0x73, 0xd6, 0xb5, 0xe7, 0x7b, 
	0xef, 0x79, 0xb5, 0xad, 0xb5, 0xad, 0xad, 0xab, 
	0xad, 0x6b, 0xad, 0x6b, 0xb5, 0xed, 0xbd, 0xf1, 
	0xce, 0x73, 0xd6, 0x33, 0xce, 0x33, 0xc6, 0x31, 
	0xc6, 0x31, 0xbd, 0xef, 0xbd, 0xed, 0xbd, 0xef, 
	0xad, 0xab, 0xad, 0x6b, 0xad, 0x6d, 0xb5, 0xad, 
	0xb5, 0xad, 0xbd, 0xf1, 0xc6, 0x31, 0xce, 0x73, 
	0xce, 0x33, 0xce, 0x73, 0xce, 0x31, 0xc5, 0xef, 
	0xb5, 0xad, 0xb5, 0xad, 0xbd, 0xef, 0xce, 0xb5, 
	0xff, 0xbb, 0xc5, 0xf1, 0xb5, 0xef, 0xad, 0xad, 
	0xad, 0x6b, 0xad, 0x6b, 0xbd, 0xef, 0xce, 0x73, 
	0xde, 0xb5, 0xde, 0xb5, 0xd6, 0xb5, 0xd6, 0xb5, 
	0xce, 0x73, 0xc6, 0x71, 0xc6, 0x73, 0xce, 0x73, 
	0xc6, 0x2f, 0xbe, 0x2f, 0xc6, 0x31, 0xc6, 0x31, 
	0xce, 0x31, 0xce, 0x31, 0xd6, 0xb3, 0xe6, 0xf7, 
	0xde, 0xf7, 0xde, 0xf5, 0xd6, 0xb5, 0xc6, 0x73, 
	0xc6, 0x31, 0xbe, 0x31, 0xc6, 0x31, 0xd6, 0xb5, 
	0xff, 0xbb, 0xad, 0x6d, 0xa5, 0x29, 0x9c, 0xe7, 
	0x9c, 0xe7, 0x9c, 0xe5, 0xa5, 0x29, 0xbd, 0xad, 
	0xc5, 0xf1, 0xc5, 0xf1, 0xc5, 0xf1, 0xc5, 0xf1, 
	0xb5, 0xaf, 0xad, 0xab, 0xb5, 0xad, 0xb5, 0xad, 
	0xad, 0x6b, 0xad, 0x6b, 0xb5, 0x6b, 0xb5, 0x6b, 
	0xb5, 0x6d, 0xb5, 0x6d, 0xbd, 0xef, 0xce, 0x33, 
	0xce, 0x31, 0xc6, 0x31, 0xbe, 0x2f, 0xb5, 0xad, 
	0xb5, 0xad, 0xad, 0x6b, 0xad, 0xad, 0xbe, 0x31, 
	0xee, 0xfd, 0xb5, 0xaf, 0xa5, 0x6b, 0xa5, 0x29, 
	0xa4, 0xe9, 0xa5, 0x29, 0xad, 0x2b, 0xbd, 0xaf, 
	0xce, 0x71, 0xce, 0x73, 0xce, 0x73, 0xce, 0x73, 
	0xbe, 0x31, 0xb5, 0xed, 0xbd, 0xef, 0xbd, 0xef, 
	0xb5, 0xad, 0xc5, 0xef, 0xbe, 0x31, 0xbd, 0xef, 
	0xbd, 0xed, 0xb5, 0xad, 0xc5, 0xef, 0xd6, 0xb3, 
	0xd6, 0xb5, 0xd6, 0xb5, 0xce, 0x73, 0xbe, 0x31, 
	0xbd, 0xef, 0xbd, 0xef, 0xbd, 0xed, 0xc6, 0x31, 
	0xee, 0xfd, 0x9d, 0x29, 0x94, 0xe5, 0x94, 0xa5, 
	0x8c, 0x63, 0x8c, 0x63, 0x94, 0xa5, 0xad, 0x2b, 
	0xbd, 0xad, 0xb5, 0xad, 0xbd, 0xaf, 0xb5, 0xaf, 
	0xa5, 0xab, 0x9d, 0x29, 0xa5, 0x6b, 0xa5, 0x69, 
	0xa5, 0x27, 0xad, 0x69, 0xad, 0x6b, 0xad, 0x2b, 
	0xa5, 0x29, 0xa4, 0xe7, 0xad, 0x6b, 0xc5, 0xef, 
	0xc5, 0xef, 0xc5, 0xef, 0xb5, 0xad, 0xad, 0x6b, 
	0xa5, 0x6b, 0xa5, 0x29, 0xa5, 0x69, 0xb5, 0x6b, 
	0xdf, 0xbb, 0xb5, 0xed, 0xa5, 0x29, 0x94, 0xe5, 
	0x94, 0x65, 0x9c, 0xa7, 0xa5, 0x29, 0xad, 0x69, 
	0xb5, 0xed, 0xbd, 0xed, 0xbd, 0xef, 0xbd, 0xf1, 
	0xb5, 0xad, 0xad, 0xad, 0xad, 0x6b, 0xa5, 0x2b, 
	0xa5, 0x29, 0xb5, 0xad, 0xbd, 0xaf, 0xb5, 0xad, 
	0xb5, 0xab, 0xad, 0x6b, 0xb5, 0xed, 0xbd, 0xef, 
	0xbd, 0xef, 0xbe, 0x31, 0xc6, 0x31, 0xbd, 0xef, 
	0xb5, 0xad, 0xb5, 0xad, 0xb5, 0xad, 0xc5, 0xf1, 
	0xdf, 0xbb, 0xa5, 0x27, 0x8c, 0xa3, 0x84, 0x21, 
	0x7b, 0xdf, 0x8c, 0x21, 0x8c, 0xa3, 0x94, 0xa5, 
	0xa5, 0x27, 0xa5, 0x29, 0xa5, 0x29, 0xa5, 0x6b, 
	0x9d, 0x29, 0x9c, 0xe7, 0x9c, 0xe7, 0x94, 0xa5, 
	0x94, 0xa3, 0x9d, 0x27, 0xa5, 0x29, 0xa4, 0xe9, 
	0x9c, 0xe7, 0x9c, 0xe5, 0x9d, 0x27, 0xa5, 0x2b, 
	0xad, 0x6b, 0xad, 0xab, 0xad, 0xab, 0xa5, 0x29, 
	0x9d, 0x27, 0xa5, 0x27, 0xa5, 0x27, 0xb5, 0x6d, 
	
};

Gfx castle_grounds_dl_castle_grounds_textures_06800_rgba16_rgba16_aligner[] = {gsSPEndDisplayList()};
u8 castle_grounds_dl_castle_grounds_textures_06800_rgba16_rgba16[] = {
	0xb5, 0x27, 0xb5, 0x27, 0xb5, 0x27, 0xac, 0xe7, 
	0xb5, 0x27, 0xac, 0xe7, 0xac, 0xe5, 0xac, 0xe7, 
	0xa4, 0xa5, 0xac, 0xe7, 0x9c, 0xa5, 0x9c, 0xa5, 
	0x9c, 0xa7, 0xb5, 0x2b, 0xc5, 0xad, 0x9c, 0xa5, 
	0x9c, 0xa7, 0xa4, 0xa5, 0x9c, 0xa5, 0x9c, 0xe7, 
	0x8c, 0x63, 0x8c, 0x23, 0xad, 0x29, 0xac, 0xe7, 
	0xa4, 0xe7, 0x9c, 0xa5, 0x94, 0x65, 0x9c, 0xa7, 
	0xa4, 0xe9, 0xbd, 0xad, 0xad, 0x29, 0xb5, 0x6b, 
	0xbd, 0xaf, 0xad, 0x2b, 0xb5, 0xaf, 0xc5, 0xef, 
	0xce, 0x33, 0xc5, 0xf1, 0xbd, 0xaf, 0xbd, 0xad, 
	0xb5, 0xad, 0xb5, 0xad, 0xad, 0x2b, 0xa4, 0xe9, 
	0xa5, 0x29, 0xa4, 0xe9, 0xad, 0x29, 0xb5, 0x6b, 
	0xbd, 0xaf, 0xad, 0x6b, 0xa5, 0x2b, 0x9c, 0xe9, 
	0xa4, 0xe7, 0x9c, 0xa3, 0x73, 0x17, 0x7b, 0x9b, 
	0xc5, 0xab, 0xd6, 0x73, 0xbd, 0xad, 0xbd, 0x6b, 
	0xb5, 0x27, 0xb5, 0x27, 0xb5, 0x27, 0xb5, 0x27, 
	0xac, 0xa1, 0xac, 0x61, 0xac, 0x5f, 0xac, 0x5d, 
	0xac, 0x1d, 0xa4, 0x1b, 0xac, 0x1d, 0xa4, 0x1d, 
	0xac, 0x1d, 0xa4, 0x1d, 0x8b, 0x99, 0x8b, 0x5b, 
	0x7b, 0x59, 0x7b, 0x59, 0x93, 0x9b, 0x93, 0xdb, 
	0x9b, 0x99, 0x9b, 0x99, 0xac, 0x5d, 0xa4, 0x1d, 
	0x93, 0xdd, 0x8b, 0xdd, 0x83, 0x5b, 0x93, 0xdd, 
	0xa4, 0x61, 0xac, 0x61, 0x83, 0x9d, 0x8c, 0x23, 
	0x83, 0xdf, 0xbd, 0xad, 0xd6, 0x31, 0xc5, 0xad, 
	0xbd, 0x6d, 0xad, 0x29, 0xc5, 0xaf, 0xbd, 0xad, 
	0xc5, 0xad, 0xc5, 0xad, 0xbd, 0x6b, 0xcd, 0xed, 
	0xbd, 0x29, 0xa4, 0xa5, 0x94, 0x21, 0x8b, 0xdf, 
	0x8b, 0xdd, 0x94, 0x1f, 0x8b, 0xdf, 0x83, 0x9d, 
	0x9c, 0x61, 0x94, 0x1f, 0x9c, 0x21, 0x94, 0x1f, 
	0x94, 0x1f, 0xad, 0x27, 0xa4, 0xe5, 0xa4, 0xa5, 
	0xcd, 0xef, 0xe7, 0x3b, 0xde, 0x2f, 0xc5, 0xab, 
	0xbd, 0x29, 0xbc, 0xe5, 0xb4, 0xe3, 0xb4, 0xe3, 
	0xbc, 0x1b, 0xbc, 0x19, 0xb4, 0x1b, 0xb4, 0x19, 
	0xbc, 0x19, 0xbc, 0x19, 0xbc, 0x5b, 0xbc, 0x5b, 
	0xb4, 0x1b, 0xac, 0x1b, 0xb4, 0x1d, 0xb4, 0x1b, 
	0xab, 0xd9, 0x9b, 0x99, 0x9b, 0x99, 0x93, 0x57, 
	0x93, 0x57, 0x9b, 0x97, 0xab, 0xdb, 0xa3, 0xd9, 
	0xa3, 0xdb, 0x93, 0xdb, 0x93, 0x99, 0x93, 0x99, 
	0x9b, 0x99, 0xac, 0x1d, 0x83, 0x15, 0x73, 0x5b, 
	0x73, 0x9b, 0x83, 0xdf, 0xac, 0xa3, 0x9b, 0xdb, 
	0x93, 0x57, 0x8b, 0x15, 0x93, 0x59, 0x93, 0x99, 
	0x9b, 0x99, 0x9b, 0x99, 0x8b, 0x59, 0x93, 0x99, 
	0x93, 0x57, 0x7a, 0xd5, 0x93, 0x17, 0x8b, 0x15, 
	0x72, 0xd5, 0x7b, 0x17, 0x72, 0xd5, 0x7a, 0xd5, 
	0x83, 0x17, 0x7a, 0xd5, 0x8b, 0x15, 0x72, 0x93, 
	0x83, 0xdb, 0xa4, 0xa5, 0xac, 0xe7, 0xad, 0x27, 
	0xb4, 0xe7, 0xc5, 0x23, 0xc3, 0xd7, 0xcc, 0x15, 
	0xc4, 0x5b, 0xbc, 0x5b, 0xbc, 0x5b, 0xbc, 0x59, 
	0xc4, 0x59, 0xc4, 0x5b, 0xc4, 0x5b, 0xbc, 0x59, 
	0xbc, 0x59, 0xc4, 0x5b, 0xc4, 0x5b, 0xc4, 0x5b, 
	0xc4, 0x5b, 0xbc, 0x5d, 0xc4, 0x9d, 0xc4, 0x5b, 
	0xc4, 0x5b, 0xab, 0xdb, 0x93, 0x99, 0x93, 0x59, 
	0x9b, 0x99, 0x9b, 0xdb, 0xa3, 0xd9, 0xa3, 0xdb, 
	0xa4, 0x1d, 0xa4, 0x1d, 0x9b, 0x99, 0xa3, 0xd9, 
	0xac, 0x5d, 0xbc, 0x9f, 0xa3, 0xd9, 0x83, 0xdd, 
	0x73, 0x9b, 0x83, 0x17, 0x8b, 0x17, 0x8b, 0x17, 
	0xb3, 0x97, 0xbb, 0xd9, 0xab, 0x99, 0xab, 0x97, 
	0xbb, 0xd9, 0xab, 0x97, 0x9b, 0x57, 0x93, 0x57, 
	0x93, 0x15, 0x8b, 0x17, 0x93, 0x57, 0x93, 0x57, 
	0x83, 0x17, 0x83, 0x17, 0x8b, 0x17, 0x8b, 0x57, 
	0x8b, 0x17, 0x8b, 0x17, 0x93, 0x57, 0x82, 0xd5, 
	0x83, 0x59, 0xa4, 0xa5, 0x9c, 0xa3, 0xb5, 0x6b, 
	0xac, 0x1d, 0xcb, 0xd5, 0xe4, 0x99, 0xd4, 0x57, 
	0xc4, 0x59, 0xc4, 0x59, 0xc4, 0x59, 0xc4, 0x59, 
	0xc4, 0x5b, 0xbc, 0x5b, 0xbc, 0x5b, 0xbc, 0x5b, 
	0xbc, 0x5b, 0xc4, 0x5b, 0xc4, 0x5b, 0xc4, 0x5b, 
	0xc4, 0x5b, 0xc4, 0x5b, 0xbc, 0x5b, 0xbc, 0x5b, 
	0xbc, 0x1b, 0xb4, 0x1b, 0xa3, 0xd9, 0x9b, 0x9b, 
	0xa3, 0xdb, 0xab, 0xdb, 0xab, 0xdb, 0xa3, 0xd9, 
	0xab, 0xdb, 0xab, 0xdb, 0xac, 0x1b, 0xac, 0x1d, 
	0xbc, 0x9f, 0xcc, 0xe3, 0x93, 0x99, 0x94, 0x61, 
	0x8c, 0x21, 0x8b, 0x17, 0x8b, 0x57, 0xa3, 0x99, 
	0xbb, 0xd9, 0xbb, 0xd9, 0xa3, 0x99, 0xb3, 0xd9, 
	0xab, 0x97, 0xab, 0x97, 0xab, 0x97, 0x9b, 0x57, 
	0x8b, 0x17, 0x82, 0xd5, 0x8b, 0x57, 0x8b, 0x59, 
	0x93, 0x57, 0x8b, 0x17, 0x9b, 0x99, 0xa3, 0x99, 
	0x8b, 0x17, 0x8b, 0x57, 0x83, 0x17, 0x83, 0x17, 
	0x83, 0x17, 0x9c, 0x63, 0xbd, 0xab, 0xc5, 0xed, 
	0xbc, 0x5b, 0xed, 0x1b, 0xe4, 0x57, 0xd4, 0x15, 
	0xd4, 0x99, 0xcc, 0x59, 0xc4, 0x5b, 0xc4, 0x5b, 
	0xbc, 0x5d, 0xb4, 0x5d, 0xbc, 0x5d, 0xbc, 0x5d, 
	0xbc, 0x5b, 0xbc, 0x5b, 0xbc, 0x5b, 0xbc, 0x19, 
	0xb4, 0x19, 0xbc, 0x1b, 0xc4, 0x5b, 0xc4, 0x5b, 
	0xc4, 0x5b, 0xc4, 0x1b, 0xbc, 0x19, 0xbc, 0x19, 
	0xab, 0xd9, 0xa3, 0x99, 0xb4, 0x1b, 0xa3, 0x97, 
	0x9b, 0x97, 0xab, 0xd9, 0xa3, 0xdb, 0xac, 0x1d, 
	0xbc, 0xa1, 0xc4, 0xe1, 0x83, 0x59, 0xa4, 0xe7, 
	0xac, 0xe7, 0x93, 0x57, 0x93, 0x57, 0x9b, 0x97, 
	0xc4, 0x19, 0xbb, 0xd9, 0x9b, 0x57, 0x9b, 0x99, 
	0x93, 0x57, 0x9b, 0x57, 0x93, 0x17, 0x93, 0x57, 
	0x93, 0x57, 0x83, 0x15, 0x93, 0x59, 0x93, 0x59, 
	0x93, 0x99, 0x8b, 0x57, 0x93, 0x57, 0x93, 0x57, 
	0x8b, 0x17, 0x93, 0x59, 0x8b, 0x9b, 0x93, 0x9b, 
	0x8b, 0x59, 0x9c, 0x1f, 0xbd, 0xad, 0xb5, 0x29, 
	0xdd, 0x1f, 0xed, 0x1d, 0xed, 0x1d, 0xdc, 0x99, 
	0xd4, 0x99, 0xd4, 0x99, 0xcc, 0x59, 0xcc, 0x9b, 
	0xc4, 0x9d, 0xb4, 0x5d, 0xb4, 0x1b, 0xb4, 0x1b, 
	0xb4, 0x1b, 0xbc, 0x5b, 0xbc, 0x5b, 0xbc, 0x59, 
	0xc4, 0x5b, 0xc4, 0x5b, 0xc4, 0x5b, 0xcc, 0x9b, 
	0xcc, 0x5b, 0xc4, 0x19, 0xc4, 0x19, 0xc4, 0x19, 
	0xbb, 0xd7, 0xb3, 0xd9, 0xb3, 0xd9, 0xab, 0xd9, 
	0xa3, 0x57, 0xa3, 0xd9, 0x9b, 0xdb, 0xa4, 0x1b, 
	0xa4, 0x1d, 0xbc, 0x9f, 0xac, 0x5f, 0x9c, 0xa5, 
	0xac, 0xe5, 0x93, 0x57, 0x93, 0x57, 0x9b, 0x57, 
	0x9b, 0x57, 0x93, 0x57, 0x93, 0x57, 0x8b, 0x57, 
	0x83, 0x17, 0x83, 0x17, 0x9b, 0x59, 0x9b, 0x59, 
	0x8b, 0x57, 0x8b, 0x15, 0x93, 0x59, 0x8b, 0x59, 
	0x8b, 0x59, 0x93, 0x99, 0x8b, 0x59, 0x93, 0x59, 
	0x8b, 0x59, 0x9b, 0x9b, 0x9b, 0xdd, 0x93, 0xdb, 
	0x9b, 0x9b, 0x8b, 0x9b, 0xb5, 0x29, 0xbd, 0x6b, 
	0xdd, 0x21, 0xe5, 0x1d, 0xe5, 0x1b, 0xe4, 0xdb, 
	0xe4, 0xdb, 0xdc, 0xd9, 0xdc, 0xdb, 0xcc, 0x99, 
	0xac, 0x1d, 0xac, 0x1b, 0xac, 0x1b, 0xb4, 0x1b, 
	0xb4, 0x1b, 0xb4, 0x19, 0xbc, 0x5b, 0xbc, 0x5b, 
	0xbc, 0x59, 0xc4, 0x59, 0xc4, 0x19, 0xb3, 0xd9, 
	0xb3, 0xd9, 0xb3, 0xd7, 0xb3, 0xd9, 0xbb, 0xd9, 
	0xc4, 0x19, 0xc4, 0x19, 0xbb, 0xd7, 0xb3, 0xd9, 
	0xab, 0xd9, 0xbc, 0x1b, 0xb4, 0x1b, 0xac, 0x1b, 
	0xa4, 0x1d, 0xbc, 0x5f, 0x9b, 0x99, 0x8c, 0x21, 
	0xa4, 0xa7, 0x93, 0x59, 0x93, 0x57, 0x9b, 0x57, 
	0x9b, 0x57, 0x8b, 0x17, 0x8b, 0x57, 0x8b, 0x59, 
	0x8b, 0x57, 0x93, 0x59, 0xab, 0x99, 0xa3, 0x57, 
	0x93, 0x57, 0x93, 0x15, 0x8b, 0x57, 0x9b, 0x9b, 
	0x9b, 0x9b, 0xa3, 0xdb, 0x8b, 0x59, 0x93, 0x59, 
	0x93, 0x9b, 0x8b, 0x59, 0x9b, 0x9b, 0xa4, 0x1d, 
	0x9b, 0xdb, 0x9c, 0x1f, 0xc5, 0xef, 0xad, 0x29, 
	0xcc, 0xe1, 0xf5, 0xe3, 0xed, 0x1b, 0xe4, 0xd9, 
	0xe4, 0xdb, 0xdc, 0x99, 0xd4, 0x99, 0xc4, 0x5b, 
	0xb4, 0x5b, 0xb4, 0x1b, 0xac, 0x19, 0xb4, 0x1b, 
	0xb4, 0x19, 0xb4, 0x1b, 0xb4, 0x1b, 0xbc, 0x19, 
	0xbc, 0x19, 0xc4, 0x19, 0xbc, 0x19, 0xb3, 0xd7, 
	0xab, 0xd7, 0x93, 0x55, 0x9b, 0x55, 0xb3, 0xd9, 
	0xbb, 0xd9, 0xc3, 0xd7, 0xbb, 0xd7, 0xbb, 0xd7, 
	0xb3, 0xd9, 0xbc, 0x19, 0xbc, 0x19, 0xac, 0x1b, 
	0xac, 0x5f, 0xac, 0x5f, 0x8b, 0x57, 0x94, 0x61, 
	0xa4, 0xe7, 0x8b, 0x17, 0x93, 0x57, 0x93, 0x59, 
	0x9b, 0x59, 0x93, 0x59, 0x8b, 0x17, 0x83, 0x17, 
	0x8b, 0x57, 0xb3, 0xdb, 0xbc, 0x1b, 0xa3, 0x57, 
	0x93, 0x57, 0x8b, 0x15, 0x8b, 0x57, 0x9b, 0x9b, 
	0x93, 0x99, 0x93, 0x99, 0x9b, 0x9b, 0x93, 0x59, 
	0x93, 0x59, 0x8b, 0x59, 0x8b, 0x9b, 0xa4, 0x1f, 
	0xa4, 0x1d, 0x9c, 0x1d, 0xbd, 0xad, 0xbd, 0x27, 
	0xc4, 0x19, 0xec, 0xdb, 0xec, 0xd9, 0xe4, 0xd7, 
	0xd4, 0x55, 0xd4, 0x57, 0xcc, 0x59, 0xc4, 0x59, 
	0xb4, 0x5d, 0xb4, 0x1b, 0xb4, 0x1b, 0xb4, 0x1b, 
	0xbc, 0x5b, 0xbc, 0x19, 0xbc, 0x19, 0xbc, 0x19, 
	0xbc, 0x19, 0xbc, 0x19, 0xbc, 0x19, 0xbc, 0x19, 
	0xb3, 0xd9, 0xab, 0xd7, 0xb3, 0xd9, 0xb3, 0xd9, 
	0xb3, 0xd7, 0xbb, 0xd7, 0xbb, 0xd7, 0xbb, 0xd9, 
	0xc4, 0x19, 0xcc, 0x19, 0xc4, 0x19, 0xb4, 0x1b, 
	0xb4, 0x1d, 0xac, 0x1d, 0x9b, 0xdb, 0x9c, 0x63, 
	0x9c, 0xa7, 0x8b, 0x57, 0xa3, 0x99, 0xb4, 0x1b, 
	0x9b, 0x99, 0x9b, 0x59, 0x93, 0x57, 0x83, 0x17, 
	0xa3, 0x97, 0xbb, 0x97, 0x9b, 0x15, 0x7a, 0xd5, 
	0x83, 0x17, 0x8b, 0x17, 0x8b, 0x59, 0x83, 0x17, 
	0x93, 0x59, 0x93, 0x9b, 0x9b, 0x9b, 0x93, 0x59, 
	0x9b, 0x99, 0x93, 0x9b, 0x8b, 0x59, 0x93, 0x9b, 
	0x9b, 0xdb, 0x8b, 0x9b, 0xa4, 0xe7, 0xc5, 0x25, 
	0xe4, 0xd9, 0xe4, 0xd9, 0xdc, 0x99, 0xdc, 0x99, 
	0xdc, 0x99, 0xd4, 0x9b, 0xcc, 0x9b, 0xc4, 0x5b, 
	0xbc, 0xe1, 0xb4, 0x5d, 0xb4, 0x5d, 0xb4, 0x5d, 
	0xb4, 0x5d, 0xb4, 0x5b, 0xbc, 0x5b, 0xc4, 0x5b, 
	0xc4, 0x5b, 0xcc, 0x5b, 0xc4, 0x59, 0xc4, 0x19, 
	0xbc, 0x19, 0xa3, 0x97, 0xbc, 0x19, 0xbc, 0x19, 
	0xbc, 0x19, 0xbc, 0x19, 0xbb, 0xd9, 0xbb, 0xd9, 
	0xc3, 0xd7, 0xc4, 0x19, 0xbc, 0x19, 0xb4, 0x1b, 
	0xac, 0x1d, 0xa4, 0x1f, 0x93, 0x99, 0x8c, 0x21, 
	0x94, 0x65, 0x8b, 0x59, 0xa3, 0x57, 0xb3, 0xdb, 
	0xbc, 0x1d, 0xa3, 0xd9, 0x8b, 0x57, 0x93, 0x15, 
	0xab, 0x97, 0xab, 0x57, 0xa3, 0x97, 0x93, 0x57, 
	0x83, 0x17, 0x83, 0x19, 0x83, 0x59, 0x93, 0x9b, 
	0x93, 0x9b, 0xa4, 0x1d, 0xab, 0xdb, 0x9b, 0x99, 
	0x93, 0x59, 0x9b, 0xdb, 0x93, 0xdb, 0xa4, 0x1f, 
	0x93, 0x99, 0x93, 0xdb, 0xa5, 0x29, 0xbc, 0xe3, 
	0xe4, 0xdb, 0xf5, 0x5b, 0xed, 0x19, 0xed, 0x19, 
	0xe4, 0xd7, 0xd4, 0xdb, 0xd4, 0x9b, 0xd5, 0x21, 
	0xcd, 0x23, 0xbc, 0x9f, 0xbc, 0x9d, 0xbc, 0x5d, 
	0xbc, 0x5d, 0xc4, 0x5b, 0xc4, 0x5b, 0xc4, 0x5b, 
	0xcc, 0x5b, 0xc4, 0x5b, 0xc4, 0x59, 0xc4, 0x19, 
	0xb3, 0xd9, 0xb4, 0x1b, 0xc4, 0x5b, 0xc4, 0x5b, 
	0xc4, 0x5b, 0xbb, 0xd9, 0xc4, 0x17, 0xcc, 0x19, 
	0xbb, 0xd7, 0xc4, 0x19, 0xb4, 0x19, 0xb4, 0x1b, 
	0xb4, 0x5f, 0xc4, 0xe3, 0xac, 0x5f, 0x8c, 0x1f, 
	0x84, 0x23, 0x8b, 0x9b, 0x93, 0x57, 0x93, 0x57, 
	0x93, 0x57, 0x8b, 0x17, 0x8b, 0x57, 0x93, 0x15, 
	0x93, 0x15, 0x9b, 0x15, 0x93, 0x15, 0x93, 0x57, 
	0x83, 0x59, 0x83, 0x59, 0x8b, 0x59, 0x8b, 0x59, 
	0x93, 0x59, 0x93, 0x99, 0x93, 0x59, 0x93, 0x59, 
	0x8b, 0x59, 0x93, 0x9b, 0x9b, 0x9b, 0x9b, 0xdb, 
	0x93, 0x99, 0x93, 0x99, 0xc5, 0xed, 0xc5, 0x27, 
	0xdc, 0x99, 0xe4, 0x97, 0xe4, 0x97, 0xec, 0x97, 
	0xed, 0xa1, 0xe5, 0x61, 0xd5, 0x1f, 0xd4, 0xdf, 
	0xbc, 0x9d, 0xb4, 0x5b, 0xb4, 0x1b, 0xbc, 0x5b, 
	0xc4, 0x9d, 0xc4, 0x5b, 0xbc, 0x5b, 0xcc, 0x9d, 
	0xcc, 0x9b, 0xcc, 0x9d, 0xcc, 0x9d, 0xc4, 0x5b, 
	0xbc, 0x5b, 0xbc, 0x1b, 0xbc, 0x5b, 0xc4, 0x5b, 
	0xcc, 0x5b, 0xc4, 0x19, 0xbc, 0x19, 0xc4, 0x19, 
	0xc4, 0x19, 0xc4, 0x19, 0xbc, 0x19, 0xb3, 0xd7, 
	0xbc, 0x1b, 0x93, 0x59, 0x8b, 0x59, 0x8b, 0xdd, 
	0x9c, 0xe7, 0x9c, 0x1f, 0x8b, 0x57, 0x93, 0x59, 
	0x8b, 0x59, 0x8b, 0x57, 0x93, 0x99, 0x83, 0x17, 
	0x83, 0x17, 0x8b, 0x57, 0x93, 0x59, 0x8b, 0x59, 
	0x8b, 0x59, 0x8b, 0x57, 0x8b, 0x59, 0x83, 0x17, 
	0x93, 0x57, 0x93, 0x59, 0x8b, 0x59, 0x83, 0x59, 
	0x83, 0x59, 0x93, 0x57, 0x93, 0x57, 0x93, 0x57, 
	0x9b, 0x57, 0xa4, 0x5f, 0xc5, 0xef, 0xc5, 0x27, 
	0xdc, 0x95, 0xe4, 0x97, 0xe5, 0x1b, 0xed, 0x5d, 
	0xe5, 0x5f, 0xdc, 0xdb, 0xd4, 0x9b, 0xc4, 0x9d, 
	0xbc, 0x9f, 0xbc, 0x9f, 0xbc, 0x9d, 0xbc, 0x9d, 
	0xbc, 0x9d, 0xbc, 0x9d, 0xbc, 0x9d, 0xbc, 0x9d, 
	0xbc, 0x9d, 0xbc, 0x9d, 0xc4, 0x9d, 0xc4, 0x9d, 
	0xcc, 0xdf, 0xc4, 0x9d, 0xcc, 0xdf, 0xcc, 0x9d, 
	0xc4, 0x1b, 0xc4, 0x9d, 0xbc, 0x1b, 0xc4, 0x1b, 
	0xbc, 0x19, 0xb4, 0x19, 0xab, 0xd7, 0xab, 0xd9, 
	0xab, 0xd9, 0x8b, 0x55, 0x5a, 0x0f, 0x7b, 0x9b, 
	0xad, 0x29, 0xac, 0xa1, 0x8b, 0x17, 0x8b, 0x57, 
	0x93, 0x99, 0x8b, 0x57, 0x7b, 0x19, 0x83, 0x59, 
	0x83, 0x17, 0x8b, 0x59, 0x8b, 0x57, 0x8b, 0x57, 
	0x8b, 0x57, 0x83, 0x57, 0x8b, 0x57, 0x93, 0x59, 
	0x8b, 0x59, 0x8b, 0x59, 0x93, 0x57, 0x93, 0x57, 
	0x8b, 0x57, 0x8b, 0x57, 0x83, 0x57, 0x8b, 0x57, 
	0x9b, 0x97, 0xa4, 0x61, 0xcd, 0xef, 0xd5, 0x65, 
	0xed, 0x19, 0xf5, 0x19, 0xed, 0x1b, 0xe5, 0x1d, 
	0xe5, 0x1b, 0xdd, 0x1b, 0xd4, 0xdd, 0xc4, 0x9d, 
	0xbc, 0xe3, 0xbd, 0x23, 0xb4, 0x9f, 0xb4, 0x5f, 
	0xac, 0x5f, 0xac, 0x5d, 0xa4, 0x5d, 0xa4, 0x1b, 
	0xa4, 0x1b, 0xa4, 0x1b, 0xa4, 0x1b, 0xa3, 0xdb, 
	0xa3, 0xdb, 0xa3, 0xd9, 0x9b, 0x57, 0xab, 0xd9, 
	0x93, 0x97, 0x9b, 0xd9, 0xc4, 0x5d, 0xbc, 0x5b, 
	0xb3, 0xd9, 0x9b, 0x97, 0xa3, 0x99, 0x83, 0x15, 
	0x6a, 0x93, 0x5a, 0x0f, 0x52, 0x53, 0xa4, 0xa5, 
	0xad, 0x29, 0xad, 0x29, 0xa3, 0xdb, 0x9b, 0x57, 
	0x93, 0x57, 0x8b, 0x57, 0x8b, 0x17, 0x8b, 0x15, 
	0x93, 0x57, 0x93, 0x99, 0x93, 0x99, 0x93, 0x99, 
	0x9b, 0x99, 0x9b, 0x99, 0xa3, 0xdb, 0xa4, 0x1d, 
	0xa4, 0x1d, 0x9b, 0xdb, 0x93, 0x57, 0x93, 0x55, 
	0xa3, 0x97, 0xa3, 0xd9, 0x9b, 0xd9, 0xa3, 0xd9, 
	0x93, 0x99, 0x9c, 0x61, 0xc5, 0xab, 0xb4, 0x9f, 
	0xe4, 0xd9, 0xed, 0x19, 0xe4, 0xd9, 0xed, 0x1b, 
	0xe4, 0xdb, 0xdc, 0xdb, 0xcd, 0x21, 0xc4, 0xe1, 
	0xd5, 0xeb, 0xcd, 0xeb, 0xcd, 0xeb, 0xcd, 0xeb, 
	0xcd, 0xeb, 0xbd, 0xa9, 0xbd, 0x69, 0xb5, 0x27, 
	0xa4, 0xe3, 0xa4, 0xa1, 0x9c, 0x61, 0x94, 0x5f, 
	0x94, 0x1d, 0x7b, 0x99, 0x73, 0x57, 0x73, 0x57, 
	0x7b, 0x59, 0x7b, 0x59, 0x7b, 0x57, 0x8b, 0xdb, 
	0x93, 0xdd, 0x83, 0x59, 0x7b, 0x59, 0x83, 0x9b, 
	0x94, 0x61, 0x94, 0x61, 0xa4, 0xe5, 0xac, 0xe5, 
	0xbd, 0xab, 0xc5, 0xed, 0xac, 0xe5, 0xa4, 0xa1, 
	0xa4, 0x5f, 0xac, 0x61, 0xac, 0xa3, 0xb4, 0xe5, 
	0xbd, 0x27, 0xcd, 0xed, 0xb5, 0x27, 0xac, 0xe5, 
	0xb5, 0x27, 0xa4, 0xa3, 0xa4, 0xa5, 0xa4, 0xa3, 
	0xac, 0xe5, 0xac, 0xe5, 0xac, 0xe7, 0xb5, 0x27, 
	0xcd, 0xeb, 0xcd, 0xeb, 0xc5, 0x69, 0xb5, 0x27, 
	0xac, 0xe5, 0xa4, 0xa5, 0x9c, 0x61, 0xac, 0xe5, 
	0xb4, 0x9f, 0xac, 0x1d, 0xbc, 0x9f, 0xbc, 0xe1, 
	0xcd, 0x65, 0xdd, 0xa5, 0xdd, 0xe9, 0xd5, 0xe9, 
	0xbd, 0x69, 0xb5, 0x27, 0xb4, 0xa1, 0xac, 0x5d, 
	0xac, 0x61, 0xac, 0xa1, 0xbc, 0xe5, 0xbd, 0x67, 
	0xbd, 0x67, 0xc5, 0x23, 0xcd, 0xab, 0xbd, 0x69, 
	0xac, 0xe5, 0xbd, 0xab, 0xbd, 0x69, 0xb5, 0x69, 
	0xce, 0x2f, 0xce, 0x2f, 0xd6, 0x73, 0xce, 0x31, 
	0xd6, 0x31, 0xd6, 0x71, 0xcd, 0xed, 0xd6, 0x2f, 
	0xb5, 0x27, 0x9c, 0xa3, 0x9c, 0xa3, 0x94, 0x21, 
	0xad, 0x27, 0xbd, 0xab, 0xbd, 0xaf, 0xd6, 0x73, 
	0xd6, 0x71, 0xcd, 0xef, 0xde, 0x75, 0xe6, 0xb5, 
	0xd6, 0x2f, 0xde, 0x73, 0xce, 0x2f, 0xcd, 0xef, 
	0xc5, 0xab, 0xb5, 0x69, 0xbd, 0x69, 0xbd, 0xab, 
	0xb5, 0x29, 0xbd, 0x67, 0xc5, 0xa9, 0xc5, 0xad, 
	0xc5, 0xab, 0xb5, 0x27, 0x94, 0x1d, 0xac, 0xe5, 
	0xbd, 0x69, 0xc5, 0xab, 0xb5, 0x27, 0xc5, 0xab, 
	0xd6, 0x2f, 0xde, 0x71, 0xce, 0x31, 0xce, 0x31, 
	0xcd, 0xef, 0xcd, 0xed, 0xc5, 0xed, 0xc5, 0x69, 
	0x93, 0x99, 0x8b, 0x15, 0xa3, 0x55, 0x8b, 0x13, 
	0x83, 0x13, 0x83, 0x15, 0x93, 0x97, 0xb4, 0x19, 
	0xbc, 0x5d, 0xc4, 0x5b, 0xb4, 0x5d, 0xac, 0x5f, 
	0xbc, 0x5f, 0xc4, 0xe1, 0xbd, 0x6b, 0xc5, 0xad, 
	0x9c, 0x1f, 0x8b, 0x99, 0xac, 0x5f, 0xb4, 0x5d, 
	0xb4, 0x1b, 0xa3, 0xdb, 0xa3, 0xd9, 0x8b, 0x15, 
	0x83, 0x57, 0x9b, 0x97, 0x9b, 0x97, 0x8b, 0x55, 
	0x83, 0x15, 0x93, 0x97, 0xa3, 0xdb, 0x93, 0x99, 
	0xa3, 0xd9, 0xbc, 0x5d, 0xb4, 0x5d, 0xa4, 0x1b, 
	0xa3, 0xdb, 0xb4, 0x1b, 0xac, 0x1b, 0xa4, 0x1b, 
	0x9b, 0xd9, 0x9b, 0xd9, 0xa3, 0xd9, 0xa3, 0xdb, 
	0x93, 0x99, 0x93, 0xdb, 0x9b, 0xdb, 0xa4, 0x1d, 
	0x8b, 0x9b, 0x83, 0x59, 0x52, 0x11, 0x6a, 0xd5, 
	0x83, 0x9b, 0x8b, 0x9b, 0x8b, 0x9b, 0x93, 0xdb, 
	0x94, 0x1d, 0xa4, 0x5f, 0xac, 0x5f, 0x9c, 0x1d, 
	0x9c, 0x1d, 0x9c, 0x1d, 0xa4, 0x5f, 0x9c, 0x1d, 
	0x93, 0x97, 0x9b, 0x97, 0x9b, 0x97, 0xa3, 0x97, 
	0xa3, 0x97, 0xa3, 0x97, 0x9b, 0x97, 0xa3, 0x55, 
	0xbb, 0xd7, 0xbc, 0x19, 0xbc, 0x19, 0xbb, 0xd5, 
	0xbc, 0x17, 0xab, 0x95, 0xbd, 0x27, 0xbd, 0x6b, 
	0x8b, 0x57, 0xab, 0x95, 0xab, 0x53, 0xcb, 0xd5, 
	0xc3, 0xd5, 0xbb, 0x93, 0xa3, 0x53, 0xb3, 0x95, 
	0xb3, 0xd7, 0xbb, 0xd7, 0xab, 0xd7, 0xa3, 0x95, 
	0xbb, 0xd5, 0xb3, 0x95, 0xc4, 0x17, 0xb3, 0x95, 
	0xb3, 0x93, 0xab, 0x53, 0xa3, 0x53, 0xa3, 0x95, 
	0xb3, 0x93, 0xab, 0x95, 0xab, 0x53, 0x8a, 0xd1, 
	0xab, 0x95, 0xbb, 0xd5, 0xab, 0x95, 0xa3, 0x53, 
	0x9b, 0x55, 0x93, 0x55, 0x8b, 0x15, 0x93, 0x55, 
	0x7a, 0xd3, 0x72, 0xd3, 0x6a, 0x93, 0x7a, 0xd3, 
	0x83, 0x15, 0x7a, 0xd3, 0x7a, 0xd5, 0x83, 0x57, 
	0x7b, 0x15, 0x83, 0x15, 0x72, 0xd3, 0x8b, 0x15, 
	0x93, 0x55, 0x93, 0x15, 0x9b, 0x99, 0x93, 0x97, 
	0x8b, 0x55, 0x9b, 0x97, 0xa3, 0x97, 0x9b, 0x57, 
	0x9b, 0x97, 0x93, 0x97, 0x9b, 0x97, 0x9b, 0x97, 
	0x9b, 0x97, 0x9b, 0x57, 0xab, 0x97, 0xb3, 0x95, 
	0xb3, 0x97, 0xbc, 0x19, 0xbd, 0x27, 0xbd, 0x6b, 
	0x9b, 0x55, 0xbb, 0xd5, 0xcc, 0x17, 0xc3, 0xd5, 
	0xbb, 0xd5, 0xcc, 0x57, 0xc4, 0x59, 0xc4, 0x17, 
	0xc4, 0x17, 0xcc, 0x59, 0xcc, 0x59, 0xb3, 0xd5, 
	0xb3, 0x93, 0xcc, 0x17, 0xd4, 0x99, 0xc3, 0xd5, 
	0xbb, 0xd5, 0xbb, 0xd5, 0xb3, 0x93, 0xb3, 0x95, 
	0xc3, 0xd5, 0xbb, 0xd5, 0xb3, 0xd5, 0xab, 0xd9, 
	0xbb, 0xd5, 0xbb, 0x93, 0xbb, 0xd5, 0xcc, 0x17, 
	0xab, 0x97, 0x9b, 0x55, 0x9b, 0x97, 0x9b, 0x55, 
	0x9b, 0x55, 0x6a, 0x93, 0x93, 0x55, 0xa3, 0x53, 
	0x93, 0x13, 0x82, 0xd3, 0x83, 0x15, 0x8b, 0x15, 
	0x93, 0x55, 0x93, 0x55, 0x8b, 0x55, 0x93, 0x57, 
	0x93, 0x57, 0x93, 0x57, 0x9b, 0x57, 0x9b, 0x57, 
	0x9b, 0x57, 0x93, 0x57, 0x93, 0x55, 0x93, 0x57, 
	0x93, 0x57, 0x9b, 0x57, 0x83, 0x15, 0x93, 0x55, 
	0x9b, 0x97, 0x9b, 0x97, 0xab, 0x97, 0xab, 0xd7, 
	0xab, 0x95, 0xb4, 0x19, 0xce, 0x2f, 0xde, 0xb7, 
	0xa3, 0xd7, 0xd4, 0x57, 0xdc, 0x97, 0xcc, 0x17, 
	0xc4, 0x17, 0xc4, 0x15, 0xcc, 0x17, 0xcc, 0x17, 
	0xcc, 0x15, 0xcc, 0x57, 0xc4, 0x15, 0xcb, 0xd5, 
	0xcc, 0x17, 0xcc, 0x15, 0xcc, 0x15, 0xcc, 0x15, 
	0xdc, 0x57, 0xcc, 0x17, 0xb3, 0x93, 0xb3, 0x95, 
	0xd4, 0x57, 0xd4, 0x57, 0xb3, 0xd7, 0xb3, 0xd7, 
	0xb3, 0x95, 0xc3, 0xd5, 0xab, 0x95, 0xc3, 0xd5, 
	0xab, 0x95, 0xa3, 0x55, 0xab, 0x95, 0x93, 0x13, 
	0x93, 0x13, 0x93, 0x13, 0xb3, 0x93, 0xab, 0x95, 
	0x9b, 0x13, 0xab, 0x95, 0x93, 0x55, 0x93, 0x55, 
	0xa3, 0x55, 0x93, 0x55, 0x93, 0x55, 0x9b, 0x97, 
	0x9b, 0x57, 0x9b, 0x55, 0x9b, 0x55, 0x93, 0x55, 
	0x8b, 0x55, 0x8b, 0x57, 0x8b, 0x55, 0x93, 0x97, 
	0x93, 0x57, 0x93, 0x57, 0x8b, 0x57, 0x83, 0x15, 
	0x93, 0x55, 0xa3, 0x55, 0xbc, 0x17, 0xb3, 0xd5, 
	0x8b, 0x13, 0x7b, 0x17, 0xcd, 0xef, 0xd6, 0x2f, 
	0xb3, 0xd7, 0xe4, 0xd9, 0xdc, 0x99, 0xdc, 0x99, 
	0xcc, 0x15, 0xcc, 0x15, 0xd4, 0x15, 0xd4, 0x15, 
	0xd4, 0x15, 0xc3, 0xd5, 0xcc, 0x15, 0xd4, 0x15, 
	0xdc, 0x97, 0xdc, 0x97, 0xcc, 0x17, 0xcc, 0x59, 
	0xcc, 0x57, 0xbb, 0x95, 0xc3, 0xd5, 0xd4, 0x57, 
	0xd4, 0x15, 0xd4, 0x57, 0xd4, 0x17, 0xbb, 0xd5, 
	0xa3, 0x95, 0xb3, 0xd7, 0xbb, 0xd7, 0xbb, 0xd5, 
	0xab, 0x95, 0xa3, 0x55, 0xa3, 0x95, 0x8b, 0x13, 
	0x9b, 0x55, 0xb3, 0x95, 0xbb, 0x95, 0xbb, 0x95, 
	0xab, 0x55, 0xb3, 0x95, 0xab, 0x97, 0x93, 0x57, 
	0x93, 0x55, 0x93, 0x55, 0x9b, 0x55, 0x93, 0x55, 
	0x93, 0x15, 0x93, 0x55, 0x93, 0x55, 0x93, 0x55, 
	0x9b, 0x55, 0x9b, 0x55, 0x9b, 0x57, 0x9b, 0x57, 
	0x93, 0x57, 0x8b, 0x57, 0x8b, 0x57, 0x8b, 0x55, 
	0x9b, 0x97, 0xa3, 0x97, 0xb3, 0xd7, 0xb3, 0xd7, 
	0x93, 0x55, 0xa3, 0x99, 0xd6, 0x2f, 0xcd, 0x67, 
	0xd4, 0x55, 0xe4, 0xd9, 0xe4, 0xd9, 0xdc, 0x57, 
	0xd4, 0x57, 0xc3, 0xd5, 0xcc, 0x15, 0xd4, 0x15, 
	0xd4, 0x17, 0xd4, 0x57, 0xdc, 0x57, 0xcc, 0x15, 
	0xdc, 0x55, 0xcc, 0x17, 0xcc, 0x17, 0xcc, 0x15, 
	0xc3, 0xd5, 0xbb, 0xd5, 0xbb, 0xd7, 0xcc, 0x17, 
	0xdc, 0x99, 0xd4, 0x57, 0xd4, 0x15, 0xab, 0x95, 
	0xa3, 0x95, 0xab, 0x95, 0xb3, 0xd7, 0xb3, 0xd5, 
	0xab, 0x95, 0xb3, 0x95, 0xb3, 0x95, 0x8b, 0x15, 
	0x9b, 0x55, 0xc3, 0xd7, 0xb3, 0x95, 0xb3, 0x95, 
	0xab, 0x95, 0xcc, 0x17, 0xbb, 0xd7, 0xbb, 0xd7, 
	0xb3, 0xd7, 0xab, 0x95, 0x9b, 0x55, 0x93, 0x55, 
	0xa3, 0x55, 0xa3, 0x55, 0x9b, 0x55, 0x9b, 0x55, 
	0x9b, 0x57, 0x9b, 0x57, 0x9b, 0x55, 0x93, 0x57, 
	0x9b, 0x57, 0x93, 0x97, 0x9b, 0x97, 0xa3, 0xd9, 
	0x9b, 0x97, 0x93, 0x15, 0x9b, 0x55, 0xa3, 0x55, 
	0xa3, 0x55, 0xab, 0x97, 0xcd, 0xeb, 0xbc, 0xe3, 
	0xc3, 0xd3, 0xdc, 0x57, 0xd4, 0x57, 0xcc, 0x15, 
	0xc3, 0xd3, 0xd4, 0x57, 0xd4, 0x57, 0xe4, 0x99, 
	0xd4, 0x57, 0xd4, 0x55, 0xe4, 0x99, 0xdc, 0x57, 
	0xe4, 0xd9, 0xdc, 0x99, 0xd4, 0x17, 0xdc, 0x57, 
	0xd4, 0x15, 0xc4, 0x15, 0xb3, 0x97, 0xbb, 0xd5, 
	0xbb, 0xd5, 0xc4, 0x9b, 0xab, 0x97, 0xb3, 0xd7, 
	0xab, 0x95, 0xab, 0x95, 0xb3, 0xd5, 0xab, 0xd7, 
	0xb3, 0xd5, 0xbb, 0xd5, 0xa3, 0x55, 0xa3, 0x53, 
	0x9b, 0x13, 0xb3, 0x95, 0xb3, 0xd7, 0xbb, 0xd9, 
	0xbb, 0xd7, 0xab, 0x53, 0xb3, 0x95, 0xc4, 0x1b, 
	0xb3, 0x97, 0xa3, 0x95, 0xa3, 0x55, 0xa3, 0x95, 
	0x9b, 0x55, 0x9b, 0x95, 0x9b, 0x55, 0x9b, 0x55, 
	0x9b, 0x57, 0x9b, 0x57, 0x93, 0x57, 0x93, 0x55, 
	0x93, 0x55, 0x8b, 0x15, 0x93, 0x55, 0x93, 0x55, 
	0x8b, 0x15, 0x9b, 0x53, 0x93, 0x55, 0xab, 0x95, 
	0xa3, 0x95, 0xab, 0x97, 0xbd, 0x25, 0xbc, 0xe3, 
	0xcc, 0x57, 0xbb, 0xd5, 0xc4, 0x17, 0xc3, 0xd5, 
	0xc3, 0xd5, 0xc4, 0x17, 0xcc, 0x57, 0xc3, 0xd5, 
	0xb3, 0xd7, 0xdc, 0x97, 0xe4, 0xd9, 0xed, 0x1b, 
	0xed, 0x1d, 0xdc, 0xdb, 0xd4, 0x57, 0xe4, 0x99, 
	0xe4, 0xd9, 0xd4, 0x59, 0x9b, 0x13, 0xb3, 0x93, 
	0xb3, 0x93, 0xb3, 0xd5, 0xab, 0xd7, 0xa3, 0xd9, 
	0xa3, 0x55, 0xbb, 0xd5, 0xb3, 0x95, 0xab, 0xd5, 
	0xbb, 0xd7, 0xbb, 0xd7, 0xb3, 0x95, 0xbb, 0x95, 
	0xa3, 0x53, 0xb3, 0x95, 0x9b, 0x53, 0x9b, 0x55, 
	0xb3, 0x97, 0xb3, 0x95, 0xb3, 0x93, 0xb3, 0x95, 
	0xb3, 0x95, 0xab, 0x95, 0xab, 0x95, 0xa3, 0x95, 
	0xa3, 0x95, 0xa3, 0x95, 0xa3, 0x95, 0x9b, 0x97, 
	0x93, 0x55, 0x93, 0x55, 0x93, 0x57, 0x93, 0x55, 
	0x93, 0x57, 0x93, 0x55, 0x9b, 0x55, 0xa3, 0x97, 
	0x9b, 0x55, 0xa3, 0x95, 0xa3, 0x97, 0xab, 0x95, 
	0xab, 0x95, 0x93, 0x53, 0xbd, 0x67, 0xc5, 0x25, 
	0xab, 0x95, 0xbc, 0x19, 0xbb, 0xd7, 0xcc, 0x17, 
	0xcc, 0x15, 0xbb, 0xd5, 0xcc, 0x15, 0xc3, 0x95, 
	0xcb, 0xd5, 0xec, 0xd9, 0xed, 0x1b, 0xed, 0x1b, 
	0xf5, 0x9f, 0xe4, 0x99, 0xdc, 0x57, 0xe4, 0xd9, 
	0xe4, 0x97, 0xbc, 0x19, 0x9b, 0x97, 0xc4, 0x17, 
	0xbc, 0x17, 0xb3, 0xd9, 0xb3, 0xd7, 0xa3, 0x55, 
	0xbb, 0xd7, 0xb3, 0x97, 0xa3, 0x95, 0xab, 0x95, 
	0xa3, 0x55, 0xab, 0x95, 0xb3, 0x95, 0xb3, 0x97, 
	0xb3, 0x95, 0xb3, 0x95, 0xab, 0x95, 0xab, 0x95, 
	0xb3, 0x95, 0xbb, 0xd5, 0xbb, 0xd5, 0xbb, 0xd5, 
	0x9b, 0x13, 0x9b, 0x15, 0x9b, 0x55, 0xa3, 0x55, 
	0xa3, 0x55, 0xa3, 0x95, 0x9b, 0x55, 0x9b, 0x55, 
	0x9b, 0x97, 0xa3, 0x97, 0x9b, 0x57, 0xa3, 0x97, 
	0x93, 0x55, 0x93, 0x57, 0xa3, 0x97, 0x9b, 0x55, 
	0xa3, 0x55, 0xa3, 0x97, 0xa3, 0x55, 0xb3, 0x95, 
	0xab, 0x95, 0xa3, 0x95, 0xb5, 0x25, 0xcd, 0x65, 
	0xa3, 0x55, 0xbb, 0xd7, 0xab, 0x95, 0xcc, 0x59, 
	0xdc, 0x99, 0xc3, 0xd5, 0xbb, 0xd7, 0xcc, 0x17, 
	0xd4, 0x59, 0xcc, 0x59, 0xe5, 0x1f, 0xb3, 0x95, 
	0xbc, 0x17, 0x9b, 0x55, 0xab, 0x95, 0xbc, 0x17, 
	0xbb, 0xd5, 0xdc, 0x9b, 0xd4, 0x9b, 0xab, 0x95, 
	0x83, 0x15, 0xbc, 0x5b, 0xc4, 0x59, 0xd4, 0x9b, 
	0xb3, 0xd7, 0x9b, 0x55, 0xa3, 0x95, 0xa3, 0x95, 
	0xa3, 0x97, 0xa3, 0x97, 0xab, 0x95, 0xa3, 0x97, 
	0x9b, 0x57, 0xa3, 0x55, 0xa3, 0x95, 0xab, 0x95, 
	0xab, 0x97, 0xab, 0x97, 0xab, 0x97, 0xab, 0x95, 
	0xa3, 0x95, 0xa3, 0x95, 0x9b, 0x55, 0xa3, 0x55, 
	0xa3, 0x55, 0x9b, 0x55, 0x9b, 0x55, 0xa3, 0x97, 
	0x93, 0x55, 0x8b, 0x55, 0x8b, 0x15, 0x8b, 0x15, 
	0x93, 0x55, 0xa3, 0x95, 0xab, 0x95, 0xab, 0x97, 
	0xab, 0x97, 0xab, 0xd7, 0xb3, 0x95, 0xb3, 0xd7, 
	0xb3, 0x95, 0xa3, 0x53, 0xb5, 0x27, 0xbc, 0xe3, 
	0xcc, 0x59, 0xcc, 0x59, 0xbb, 0xd5, 0xc4, 0x15, 
	0xc4, 0x17, 0xb3, 0x95, 0xbb, 0xd5, 0xdc, 0x99, 
	0xd4, 0x59, 0xa3, 0x97, 0xb3, 0xd9, 0x83, 0x15, 
	0xa3, 0x97, 0xb3, 0xd7, 0xb3, 0xd7, 0xed, 0x9f, 
	0xc4, 0x57, 0xdc, 0x99, 0xcc, 0x59, 0xb3, 0xd7, 
	0xab, 0xd9, 0xd4, 0x9b, 0xab, 0x97, 0xb3, 0xd9, 
	0x9b, 0x57, 0x8b, 0x15, 0xb3, 0xd7, 0xab, 0x97, 
	0x9b, 0x97, 0x9b, 0x97, 0xa3, 0x97, 0xa3, 0x97, 
	0xa3, 0x97, 0x9b, 0x55, 0xa3, 0x95, 0xab, 0x95, 
	0xa3, 0x95, 0xa3, 0x95, 0xab, 0x95, 0xab, 0x95, 
	0xab, 0x95, 0xa3, 0x55, 0x93, 0x55, 0x9b, 0x55, 
	0xa3, 0x55, 0xa3, 0x97, 0x9b, 0x97, 0x9b, 0x55, 
	0x9b, 0x55, 0x9b, 0x55, 0x9b, 0x55, 0x9b, 0x55, 
	0x9b, 0x55, 0xa3, 0x95, 0xab, 0x95, 0xb3, 0x95, 
	0xb3, 0xd7, 0xb3, 0xd7, 0xb3, 0xd7, 0xa3, 0x95, 
	0xb3, 0xd7, 0x93, 0x97, 0xbd, 0xad, 0xac, 0xe5, 
	0xab, 0x95, 0xbb, 0xd5, 0xbc, 0x17, 0xc3, 0xd5, 
	0xab, 0x95, 0x9b, 0x97, 0xbb, 0xd7, 0xbb, 0xd7, 
	0xbc, 0x17, 0xdc, 0xdd, 0xab, 0xd7, 0xab, 0x97, 
	0xb3, 0xd7, 0xbc, 0x17, 0xcc, 0x9b, 0xc4, 0x9b, 
	0xc4, 0x17, 0xcc, 0x59, 0xab, 0x95, 0xc4, 0x59, 
	0xcc, 0x99, 0xbc, 0x17, 0xab, 0x97, 0x7a, 0xd3, 
	0xa3, 0x97, 0xb3, 0xd7, 0xcc, 0x15, 0xbb, 0xd5, 
	0xa3, 0x97, 0x9b, 0x97, 0xb3, 0xd9, 0xab, 0x97, 
	0xb3, 0xd7, 0xbb, 0xd7, 0xc3, 0xd5, 0xbc, 0x17, 
	0xb3, 0xd5, 0xa3, 0x55, 0xab, 0x95, 0xb3, 0x95, 
	0xb3, 0x95, 0xab, 0x95, 0xab, 0x95, 0xa3, 0x95, 
	0xa3, 0x95, 0xa3, 0x95, 0xa3, 0x95, 0x9b, 0x95, 
	0xab, 0x95, 0xab, 0x95, 0xab, 0x95, 0xa3, 0x95, 
	0xa3, 0x97, 0x9b, 0x97, 0xa3, 0xd9, 0x9b, 0x99, 
	0x9b, 0x95, 0xb3, 0xd7, 0xab, 0x97, 0xa3, 0xd9, 
	0x8b, 0x55, 0x83, 0x57, 0xbd, 0xad, 0xbd, 0x6b, 
	0x8b, 0x57, 0xbb, 0xd7, 0xb3, 0xd7, 0xc4, 0x17, 
	0xb3, 0xd7, 0xb3, 0xd9, 0xab, 0xd7, 0xc4, 0x59, 
	0xbc, 0x19, 0xb4, 0x19, 0xa3, 0x97, 0xb3, 0xd7, 
	0xb4, 0x19, 0xd4, 0x99, 0xcc, 0x59, 0xc4, 0x5b, 
	0xc4, 0x59, 0xe4, 0xdd, 0xc4, 0x17, 0xc4, 0x17, 
	0xc4, 0x17, 0xa3, 0x97, 0x93, 0x55, 0xc4, 0x5b, 
	0xd4, 0x9b, 0xbb, 0xd7, 0xcc, 0x17, 0xbb, 0xd7, 
	0xc4, 0x17, 0xdc, 0x9b, 0xb3, 0xd7, 0xc4, 0x17, 
	0xc4, 0x17, 0xbc, 0x17, 0xbc, 0x17, 0xbc, 0x17, 
	0xb3, 0x95, 0xab, 0x95, 0xab, 0x95, 0xb3, 0x95, 
	0xc3, 0xd5, 0xa3, 0x55, 0xa3, 0x95, 0xbb, 0xd5, 
	0xbb, 0xd5, 0xbb, 0xd5, 0xb3, 0x95, 0xb3, 0x95, 
	0xa3, 0xd7, 0x9b, 0xd9, 0x9b, 0xd9, 0x93, 0xd9, 
	0x9c, 0x1b, 0x94, 0x1d, 0x9c, 0x61, 0x94, 0x5f, 
	0x9c, 0x1f, 0xa4, 0xa3, 0xad, 0x29, 0xb5, 0x29, 
	0x94, 0x63, 0xa4, 0xe5, 0xbd, 0x29, 0xac, 0xe7, 
	0xad, 0x27, 0x9c, 0x1f, 0xb4, 0x9f, 0xb4, 0x9f, 
	0xa4, 0x1b, 0x93, 0x99, 0x8b, 0x99, 0x8b, 0x59, 
	0x9b, 0xd9, 0x9b, 0x99, 0x93, 0x57, 0x93, 0x97, 
	0xa3, 0xd9, 0xb3, 0xd9, 0xbc, 0x17, 0xbc, 0x5b, 
	0xb4, 0x19, 0xb4, 0x19, 0xa3, 0xd9, 0x9b, 0x95, 
	0xbc, 0x59, 0xc4, 0x59, 0x93, 0x57, 0xb4, 0x1b, 
	0xab, 0xd7, 0x93, 0x97, 0xbc, 0x19, 0xab, 0x95, 
	0xc4, 0x17, 0xc4, 0x59, 0xbb, 0x95, 0xbc, 0x17, 
	0xbb, 0xd7, 0xbc, 0x17, 0xcc, 0x59, 0xb3, 0x93, 
	0xb3, 0xd5, 0xa3, 0x53, 0x7a, 0xd1, 0x9b, 0x13, 
	0xc3, 0xd5, 0xab, 0x95, 0xab, 0x95, 0xb3, 0x95, 
	0xb3, 0x95, 0xb3, 0x95, 0xbb, 0xd5, 0xb3, 0xd7, 
	0xac, 0xe5, 0xac, 0xe5, 0xac, 0xe5, 0xad, 0x29, 
	0xb5, 0x29, 0xb5, 0x29, 0xb5, 0x6b, 0xc5, 0xad, 
	0xc5, 0xad, 0xb5, 0x6d, 0xb5, 0x6b, 0xbd, 0x6b, 
	0xad, 0x6b, 0xbd, 0xad, 0xce, 0x2f, 0x9c, 0x63, 
	0xb5, 0x6b, 0xac, 0xe7, 0xb5, 0x6b, 0xc5, 0xaf, 
	0xbd, 0xad, 0xbd, 0x6b, 0xa4, 0xe7, 0x8c, 0x1f, 
	0x8b, 0xdf, 0x9c, 0x61, 0x83, 0x9b, 0x7b, 0x59, 
	0x73, 0x17, 0x7b, 0x59, 0x8b, 0xdd, 0x9c, 0x61, 
	0x94, 0x1f, 0x8c, 0x1f, 0x83, 0xdd, 0x7b, 0x9b, 
	0x83, 0x9b, 0x8b, 0xdb, 0x94, 0x1f, 0x83, 0xdb, 
	0x9c, 0x61, 0xa4, 0xa3, 0x9c, 0x63, 0x9c, 0x63, 
	0x9c, 0x61, 0x94, 0x1f, 0x9c, 0x1d, 0x8b, 0x9b, 
	0x7b, 0x59, 0x93, 0xdb, 0x93, 0xdd, 0x8b, 0x99, 
	0xa4, 0x5f, 0xb4, 0x9f, 0xa4, 0xa1, 0xa4, 0x61, 
	0xac, 0x5f, 0xa4, 0x61, 0xac, 0xa3, 0xac, 0xa3, 
	0xac, 0xe3, 0xac, 0xa3, 0xac, 0xe3, 0xac, 0xe5, 
	
};

Gfx castle_grounds_dl_castle_grounds_textures_0B000_rgba16_rgba16_aligner[] = {gsSPEndDisplayList()};
u8 castle_grounds_dl_castle_grounds_textures_0B000_rgba16_rgba16[] = {
	0x92, 0x41, 0x92, 0x41, 0x92, 0x41, 0x92, 0x41, 
	0x92, 0x85, 0x92, 0x45, 0x8a, 0x03, 0x92, 0x85, 
	0x9a, 0x85, 0x9a, 0x43, 0x9a, 0x45, 0x9a, 0xc9, 
	0x89, 0xc1, 0x92, 0x41, 0x92, 0x41, 0x8a, 0x01, 
	0x92, 0x41, 0x92, 0x83, 0x9a, 0xc5, 0x92, 0x83, 
	0x92, 0x81, 0x8a, 0x41, 0x92, 0x81, 0xa2, 0xc5, 
	0x9a, 0xc5, 0x92, 0x83, 0x92, 0x43, 0x9a, 0x81, 
	0x92, 0x41, 0x8a, 0x01, 0x9a, 0x81, 0x9a, 0x81, 
	0x92, 0x87, 0x92, 0xc7, 0x92, 0x43, 0x8a, 0x03, 
	0x9a, 0xc7, 0x92, 0x41, 0x92, 0x41, 0x9a, 0x85, 
	0x92, 0x43, 0x8a, 0x41, 0x92, 0x85, 0x9a, 0xc7, 
	0x8a, 0x03, 0x92, 0x43, 0x9a, 0xc7, 0x92, 0x43, 
	0x92, 0x41, 0x92, 0x83, 0x9a, 0xc7, 0xa3, 0x09, 
	0x92, 0x45, 0x9a, 0x85, 0xa2, 0xc7, 0x9a, 0x85, 
	0x9a, 0x85, 0x9a, 0xc7, 0x9a, 0xc7, 0xa2, 0xc9, 
	0x92, 0x87, 0x92, 0x43, 0x92, 0x41, 0x92, 0x41, 
	0x92, 0x41, 0x92, 0x41, 0x89, 0xc1, 0x8a, 0x03, 
	0x9a, 0xc9, 0x92, 0x85, 0x92, 0x41, 0x89, 0xc1, 
	0x8a, 0x43, 0x9a, 0xc7, 0x92, 0x85, 0x8a, 0x01, 
	0x8a, 0x01, 0x89, 0xc1, 0x81, 0xc1, 0x8a, 0x41, 
	0x8a, 0x01, 0x92, 0x85, 0x8a, 0x41, 0x92, 0x41, 
	0x8a, 0x01, 0x89, 0xc1, 0x92, 0x43, 0x92, 0x43, 
	0x92, 0x41, 0x8a, 0x01, 0x92, 0x01, 0x92, 0x03, 
	0x9a, 0x83, 0x92, 0x41, 0x8a, 0x41, 0x92, 0x41, 
	0x92, 0x01, 0x92, 0x43, 0x81, 0xc1, 0x81, 0xc1, 
	0x89, 0xc1, 0x89, 0xc1, 0x8a, 0x01, 0x92, 0x01, 
	0x8a, 0x01, 0x9a, 0x87, 0xa3, 0x09, 0x9a, 0xc7, 
	0x92, 0x45, 0x8a, 0x03, 0x8a, 0x03, 0x92, 0x45, 
	0x92, 0x85, 0x9a, 0xc7, 0x8a, 0x41, 0x89, 0xc1, 
	0x81, 0x81, 0x89, 0xc1, 0x89, 0xc1, 0x79, 0xc1, 
	0x8a, 0x01, 0x92, 0x43, 0x92, 0x47, 0x81, 0xc1, 
	0x8a, 0x01, 0x81, 0xc1, 0x8a, 0x01, 0x8a, 0x01, 
	0x79, 0x81, 0x89, 0xc1, 0x81, 0xc1, 0x89, 0xc1, 
	0x81, 0xc1, 0x89, 0xc1, 0x81, 0xc1, 0x81, 0xc1, 
	0x8a, 0x03, 0x8a, 0x45, 0x8a, 0x45, 0x81, 0xc3, 
	0x81, 0xc3, 0x8a, 0x03, 0x92, 0x87, 0x82, 0x03, 
	0x8a, 0x45, 0x8a, 0x03, 0x82, 0x03, 0x8a, 0x47, 
	0x81, 0xc1, 0x81, 0xc1, 0x8a, 0x03, 0x82, 0x03, 
	0x8a, 0x45, 0x92, 0x43, 0x8a, 0x03, 0x8a, 0x03, 
	0x71, 0xc3, 0x82, 0x03, 0x9a, 0x45, 0x81, 0xc1, 
	0x81, 0x81, 0x81, 0xc1, 0x81, 0xc1, 0x79, 0x81, 
	0x81, 0xc1, 0x81, 0xc1, 0x79, 0xc1, 0x79, 0x81, 
	0x79, 0xc3, 0x81, 0xc3, 0x71, 0x81, 0x79, 0x81, 
	0x79, 0x81, 0x79, 0x81, 0x79, 0xc1, 0x82, 0x05, 
	0x8a, 0x47, 0x8a, 0x45, 0x79, 0xc1, 0x79, 0x81, 
	0x79, 0x81, 0x81, 0xc1, 0x81, 0xc1, 0x8a, 0x41, 
	0x81, 0xc1, 0x79, 0xc1, 0x82, 0x03, 0x7a, 0x03, 
	0x79, 0xc3, 0x79, 0xc1, 0x8a, 0x03, 0x79, 0x81, 
	0x71, 0x41, 0x71, 0x81, 0x8a, 0x05, 0x92, 0xc9, 
	0x82, 0x05, 0x82, 0x05, 0x79, 0x81, 0x79, 0xc1, 
	0x82, 0x03, 0x79, 0xc1, 0x79, 0xc3, 0x79, 0x81, 
	0x71, 0x81, 0x71, 0x81, 0x79, 0xc3, 0x82, 0x05, 
	0x79, 0xc3, 0x7a, 0x05, 0x59, 0xc3, 0x71, 0xc3, 
	0x79, 0xc1, 0x79, 0x81, 0x71, 0x81, 0x81, 0xc1, 
	0x79, 0x81, 0x79, 0xc1, 0x79, 0xc1, 0x71, 0xc3, 
	0x69, 0xc3, 0x82, 0x45, 0x81, 0xc1, 0x81, 0xc1, 
	0x79, 0xc1, 0x79, 0x81, 0x69, 0x41, 0x79, 0xc3, 
	0x79, 0xc3, 0x79, 0xc3, 0x71, 0x81, 0x69, 0x41, 
	0x69, 0x81, 0x79, 0xc3, 0x71, 0x83, 0x71, 0x83, 
	0x69, 0x41, 0x69, 0x41, 0x71, 0xc3, 0x71, 0xc3, 
	0x69, 0x81, 0x61, 0x83, 0x71, 0x83, 0x71, 0x81, 
	0x71, 0x81, 0x79, 0x83, 0x69, 0x41, 0x71, 0x81, 
	0x71, 0xc3, 0x71, 0xc1, 0x71, 0x81, 0x79, 0xc3, 
	0x82, 0x05, 0x82, 0x03, 0x71, 0x81, 0x79, 0x81, 
	0x69, 0x81, 0x61, 0x41, 0x71, 0xc5, 0x7a, 0x05, 
	0x69, 0xc5, 0x7a, 0x07, 0x69, 0xc5, 0x69, 0x81, 
	0x69, 0x83, 0x69, 0x41, 0x69, 0x81, 0x69, 0x83, 
	0x61, 0x41, 0x61, 0x41, 0x69, 0x85, 0x69, 0x43, 
	0x69, 0x43, 0x61, 0x41, 0x61, 0x41, 0x61, 0x41, 
	0x61, 0x41, 0x61, 0x83, 0x61, 0x83, 0x69, 0xc5, 
	0x71, 0xc5, 0x61, 0x41, 0x61, 0x01, 0x69, 0x41, 
	0x69, 0x81, 0x69, 0xc3, 0x69, 0x81, 0x69, 0x81, 
	0x59, 0x83, 0x61, 0x83, 0x71, 0x45, 0x71, 0x87, 
	0x71, 0x85, 0x69, 0xc5, 0x72, 0x07, 0x69, 0xc3, 
	0x69, 0x83, 0x69, 0x83, 0x7a, 0x07, 0x7a, 0x07, 
	0x71, 0xc5, 0x69, 0x83, 0x61, 0x43, 0x61, 0x01, 
	0x69, 0x43, 0x69, 0xc3, 0x59, 0x01, 0x59, 0x01, 
	0x69, 0x83, 0x61, 0x83, 0x6a, 0x05, 0x61, 0xc5, 
	0x61, 0x85, 0x61, 0x83, 0x61, 0x01, 0x69, 0x43, 
	0x69, 0x83, 0x69, 0x83, 0x61, 0x83, 0x59, 0x83, 
	0x61, 0x43, 0x61, 0x03, 0x69, 0x03, 0x61, 0x01, 
	0x61, 0x41, 0x59, 0x41, 0x59, 0x41, 0x59, 0x41, 
	0x59, 0x41, 0x61, 0x41, 0x69, 0xc5, 0x59, 0x85, 
	0x61, 0x03, 0x61, 0x43, 0x59, 0x41, 0x61, 0x41, 
	0x69, 0x83, 0x72, 0x09, 0x69, 0x85, 0x59, 0x41, 
	0x59, 0x01, 0x59, 0x41, 0x69, 0xc5, 0x7a, 0x47, 
	0x72, 0x07, 0x69, 0x85, 0x60, 0xc3, 0x58, 0xc3, 
	0x59, 0x41, 0x50, 0xc1, 0x61, 0x41, 0x61, 0x83, 
	0x59, 0x03, 0x58, 0xc3, 0x58, 0xc3, 0x61, 0x03, 
	0x69, 0xc5, 0x51, 0x43, 0x59, 0x41, 0x59, 0x41, 
	0x59, 0x41, 0x59, 0x43, 0x61, 0x83, 0x6a, 0x05, 
	0x61, 0xc5, 0x59, 0x83, 0x59, 0x83, 0x59, 0x01, 
	0x59, 0x43, 0x69, 0xc7, 0x69, 0xc5, 0x51, 0x01, 
	0x59, 0x41, 0x59, 0x01, 0x51, 0x01, 0x59, 0xc5, 
	0x69, 0xc5, 0x61, 0x43, 0x58, 0xc5, 0x61, 0x05, 
	0x51, 0x01, 0x61, 0x41, 0x69, 0xc1, 0x40, 0xc1, 
	0x58, 0x83, 0x58, 0xc3, 0x58, 0xc3, 0x61, 0x43, 
	0x51, 0x41, 0x59, 0x43, 0x59, 0x41, 0x51, 0x41, 
	0x51, 0x41, 0x51, 0x41, 0x51, 0x01, 0x51, 0x01, 
	0x59, 0x43, 0x59, 0x43, 0x48, 0xc1, 0x51, 0x41, 
	0x51, 0x41, 0x51, 0x01, 0x51, 0x01, 0x69, 0xc3, 
	0x61, 0x41, 0x50, 0xc1, 0x50, 0xc1, 0x51, 0x01, 
	0x51, 0x41, 0x49, 0x01, 0x41, 0x03, 0x59, 0x43, 
	0x51, 0x41, 0x51, 0x01, 0x59, 0x43, 0x50, 0xc3, 
	0x50, 0x83, 0x50, 0x83, 0x48, 0x83, 0x59, 0x43, 
	0x59, 0x43, 0x59, 0x45, 0x51, 0x43, 0x51, 0x43, 
	0x59, 0x85, 0x59, 0x43, 0x48, 0xc1, 0x48, 0xc1, 
	0x49, 0x01, 0x48, 0xc1, 0x49, 0x01, 0x59, 0x85, 
	0x51, 0x41, 0x51, 0x41, 0x51, 0x01, 0x40, 0xc1, 
	0x50, 0xc1, 0x58, 0xc3, 0x50, 0x83, 0x50, 0xc1, 
	0x49, 0x01, 0x59, 0x41, 0x51, 0x43, 0x51, 0x43, 
	0x48, 0xc1, 0x51, 0x43, 0x59, 0x43, 0x50, 0xc3, 
	0x48, 0x43, 0x50, 0x43, 0x48, 0x43, 0x51, 0x01, 
	0x51, 0x01, 0x49, 0x01, 0x51, 0x43, 0x59, 0x85, 
	0x59, 0x83, 0x49, 0x01, 0x48, 0xc1, 0x51, 0x01, 
	0x49, 0x01, 0x51, 0x43, 0x51, 0x43, 0x49, 0x01, 
	0x48, 0xc1, 0x49, 0x01, 0x48, 0xc1, 0x40, 0xc1, 
	0x51, 0x03, 0x51, 0x03, 0x50, 0xc3, 0x50, 0xc3, 
	0x51, 0x01, 0x51, 0x03, 0x48, 0xc1, 0x49, 0x01, 
	0x40, 0xc1, 0x51, 0x03, 0x49, 0x01, 0x40, 0xc1, 
	0x50, 0xc1, 0x58, 0xc1, 0x59, 0x01, 0x51, 0x01, 
	0x51, 0x43, 0x48, 0xc1, 0x51, 0x43, 0x49, 0x01, 
	0x49, 0x01, 0x40, 0xc1, 0x48, 0xc1, 0x40, 0xc1, 
	0x40, 0xc1, 0x51, 0x41, 0x51, 0x43, 0x40, 0xc1, 
	0x49, 0x01, 0x51, 0x43, 0x49, 0x01, 0x51, 0x43, 
	0x49, 0x01, 0x48, 0xc1, 0x48, 0xc1, 0x48, 0xc1, 
	0x40, 0xc1, 0x38, 0x81, 0x38, 0x81, 0x49, 0x03, 
	0x59, 0x87, 0x40, 0xc1, 0x40, 0xc1, 0x40, 0x81, 
	
};

Gfx castle_grounds_dl_castle_grounds_textures_04000_rgba16_rgba16_aligner[] = {gsSPEndDisplayList()};
u8 castle_grounds_dl_castle_grounds_textures_04000_rgba16_rgba16[] = {
	0x4e, 0x81, 0x4e, 0x81, 0x4e, 0x81, 0x4e, 0x81, 
	0x4e, 0xc1, 0x4e, 0xc1, 0x4e, 0xc1, 0x46, 0x81, 
	0x3e, 0x81, 0x36, 0x41, 0x36, 0x41, 0x36, 0x41, 
	0x36, 0x41, 0x36, 0x01, 0x36, 0x01, 0x36, 0x41, 
	0x3e, 0x81, 0x46, 0xc1, 0x4f, 0x01, 0x46, 0xc1, 
	0x3e, 0xc1, 0x36, 0x81, 0x2e, 0x41, 0x26, 0x01, 
	0x26, 0x01, 0x2e, 0x41, 0x2e, 0x41, 0x36, 0x81, 
	0x36, 0x81, 0x36, 0x81, 0x46, 0x81, 0x46, 0x81, 
	0x56, 0x83, 0x56, 0x81, 0x56, 0xc1, 0x56, 0xc1, 
	0x4e, 0xc1, 0x4e, 0xc1, 0x4e, 0xc1, 0x46, 0x81, 
	0x3e, 0x41, 0x36, 0x41, 0x36, 0x41, 0x36, 0x41, 
	0x36, 0x01, 0x2e, 0x01, 0x2e, 0x01, 0x2e, 0x41, 
	0x36, 0x41, 0x3e, 0x81, 0x46, 0xc1, 0x46, 0xc1, 
	0x46, 0xc1, 0x3e, 0xc1, 0x36, 0x81, 0x2e, 0x41, 
	0x2e, 0x41, 0x2e, 0x41, 0x36, 0x81, 0x3e, 0x81, 
	0x3e, 0x81, 0x2e, 0x41, 0x3e, 0x81, 0x4e, 0x81, 
	0x56, 0xc1, 0x5e, 0xc1, 0x5e, 0xc1, 0x56, 0xc1, 
	0x4e, 0xc1, 0x4e, 0xc1, 0x46, 0xc1, 0x46, 0x81, 
	0x3e, 0x41, 0x36, 0x41, 0x2e, 0x01, 0x3e, 0x03, 
	0x36, 0x03, 0x2e, 0x01, 0x2e, 0x03, 0x2e, 0x01, 
	0x2e, 0x41, 0x3e, 0x81, 0x46, 0xc1, 0x46, 0xc1, 
	0x46, 0xc1, 0x3e, 0xc1, 0x3e, 0x81, 0x36, 0x81, 
	0x36, 0x81, 0x36, 0x81, 0x3e, 0xc1, 0x46, 0xc3, 
	0x46, 0xc3, 0x3e, 0x81, 0x36, 0x81, 0x46, 0x81, 
	0x4e, 0xc1, 0x5e, 0xc1, 0x5e, 0xc3, 0x56, 0xc1, 
	0x46, 0xc1, 0x46, 0xc1, 0x46, 0x81, 0x46, 0x83, 
	0x3e, 0x43, 0x3e, 0x43, 0x36, 0x43, 0x7e, 0xd9, 
	0x3e, 0x45, 0x36, 0x45, 0x26, 0x01, 0x26, 0x01, 
	0x2e, 0x41, 0x2e, 0x81, 0x3e, 0xc1, 0x3e, 0xc1, 
	0x3e, 0xc1, 0x3e, 0x81, 0x36, 0x81, 0x36, 0x81, 
	0x36, 0xc1, 0x3e, 0xc1, 0x4f, 0x01, 0x4e, 0xc3, 
	0x46, 0xc1, 0x3e, 0x81, 0x36, 0x81, 0x46, 0x81, 
	0x46, 0x81, 0x4e, 0xc1, 0x4f, 0x01, 0x4f, 0x01, 
	0x47, 0x01, 0x46, 0xc1, 0x46, 0xc1, 0x46, 0x81, 
	0x46, 0x81, 0x7e, 0xd9, 0x46, 0x43, 0x46, 0x45, 
	0x46, 0x47, 0x3e, 0x45, 0x2e, 0x41, 0x2e, 0x41, 
	0x7e, 0xd9, 0x56, 0xcd, 0x3e, 0x83, 0x36, 0x81, 
	0x36, 0x81, 0x36, 0x81, 0x36, 0x81, 0x36, 0x81, 
	0x36, 0xc1, 0x3e, 0xc1, 0x46, 0xc1, 0x4e, 0xc1, 
	0x4e, 0xc1, 0x46, 0x81, 0x3e, 0x81, 0x3e, 0x81, 
	0x3e, 0x81, 0x46, 0xc1, 0x4f, 0x01, 0x4f, 0x01, 
	0x47, 0x01, 0x46, 0xc1, 0x46, 0xc1, 0x46, 0xc1, 
	0x4e, 0x81, 0x4e, 0x81, 0x4e, 0x83, 0x76, 0xd5, 
	0x4e, 0x83, 0x46, 0x85, 0x2e, 0x41, 0x2e, 0x81, 
	0x2e, 0x41, 0x2e, 0x81, 0x36, 0x81, 0x36, 0x41, 
	0x36, 0x41, 0x2e, 0x41, 0x3e, 0x81, 0x77, 0x01, 
	0x3e, 0x81, 0x3e, 0x81, 0x46, 0xc1, 0x46, 0xc1, 
	0x46, 0xc1, 0x46, 0x81, 0x3e, 0x81, 0x3e, 0x81, 
	0x46, 0x81, 0x46, 0xc1, 0x46, 0xc1, 0x47, 0x01, 
	0x47, 0x01, 0x46, 0xc1, 0x4e, 0xc1, 0x4e, 0xc1, 
	0x56, 0xc1, 0x56, 0xc1, 0x56, 0xc1, 0x56, 0xc1, 
	0x4e, 0xc1, 0x46, 0x81, 0x36, 0x81, 0x2e, 0x81, 
	0x26, 0x41, 0x2e, 0x41, 0x2e, 0x41, 0x36, 0x41, 
	0x46, 0x81, 0x66, 0xc1, 0x46, 0x41, 0x36, 0x01, 
	0x4e, 0x81, 0x87, 0x01, 0x46, 0x81, 0x3e, 0x81, 
	0x46, 0x81, 0x46, 0xc1, 0x46, 0x81, 0x46, 0x81, 
	0x46, 0xc1, 0x46, 0xc1, 0x46, 0xc1, 0x46, 0xc1, 
	0x46, 0xc1, 0x46, 0xc1, 0x4e, 0xc1, 0x56, 0xc1, 
	0x5e, 0xc1, 0x5e, 0xc1, 0x5e, 0xc1, 0x56, 0xc1, 
	0x4e, 0xc1, 0x46, 0xc1, 0x3e, 0x81, 0x2e, 0x81, 
	0x2e, 0x81, 0x2e, 0x41, 0x2e, 0x41, 0x3e, 0x41, 
	0x46, 0x81, 0x46, 0x41, 0x3e, 0x41, 0x76, 0xc1, 
	0x3e, 0x01, 0x56, 0x81, 0x3e, 0x41, 0x36, 0x41, 
	0x3e, 0x81, 0x46, 0xc1, 0x4e, 0xc1, 0x4e, 0xc1, 
	0x56, 0xc1, 0x4e, 0xc1, 0x46, 0xc1, 0x3e, 0xc1, 
	0x3e, 0x81, 0x3e, 0x81, 0x46, 0x81, 0x56, 0xc1, 
	0x5e, 0xc1, 0x67, 0x01, 0x5f, 0x01, 0x57, 0x01, 
	0x4e, 0xc1, 0x46, 0xc1, 0x3e, 0x81, 0x36, 0x81, 
	0x26, 0x81, 0x2e, 0x41, 0x2e, 0x41, 0x3e, 0x41, 
	0x5e, 0xc1, 0x4e, 0x81, 0x36, 0x01, 0x46, 0x41, 
	0x6e, 0xc1, 0x3e, 0x01, 0x36, 0x01, 0x36, 0x41, 
	0x3e, 0x81, 0x4e, 0xc1, 0x4e, 0xc1, 0x4e, 0xc1, 
	0x4e, 0xc1, 0x4e, 0xc1, 0x46, 0x81, 0x36, 0x81, 
	0x36, 0x81, 0x36, 0x41, 0x3e, 0x41, 0x46, 0x81, 
	0x87, 0x41, 0x4e, 0xc3, 0x57, 0x03, 0x4f, 0x01, 
	0x46, 0xc1, 0x3e, 0xc1, 0x3e, 0x81, 0x36, 0x81, 
	0x2e, 0x81, 0x2e, 0x41, 0x36, 0x41, 0x46, 0x41, 
	0x4e, 0x41, 0x87, 0x01, 0x2e, 0x01, 0x25, 0xc1, 
	0x4e, 0x41, 0x36, 0x01, 0x36, 0x41, 0x3e, 0x81, 
	0x3e, 0x81, 0x46, 0x81, 0x4e, 0x81, 0x4e, 0xc1, 
	0x4e, 0x81, 0x4e, 0xc1, 0x3e, 0x81, 0x36, 0x41, 
	0x2e, 0x41, 0x2e, 0x41, 0x2e, 0x41, 0x3e, 0x41, 
	0x46, 0xc1, 0x87, 0x41, 0x47, 0x01, 0x3e, 0xc1, 
	0x3e, 0xc1, 0x3e, 0x81, 0x3e, 0x81, 0x36, 0x81, 
	0x36, 0x81, 0x36, 0x81, 0x36, 0x41, 0x46, 0x81, 
	0x46, 0x41, 0x46, 0x41, 0x2e, 0x01, 0x25, 0xc1, 
	0x26, 0x01, 0x2e, 0x01, 0x3e, 0x41, 0x5e, 0x8d, 
	0x3e, 0x81, 0x3e, 0x81, 0x46, 0x81, 0x4e, 0x81, 
	0x46, 0x81, 0x3e, 0x81, 0x36, 0x41, 0x2e, 0x41, 
	0x2e, 0x01, 0x2e, 0x01, 0x2e, 0x01, 0x2e, 0x41, 
	0x36, 0x81, 0x46, 0xc1, 0x3f, 0x01, 0x36, 0xc1, 
	0x36, 0x81, 0x36, 0x81, 0x36, 0x81, 0x36, 0x81, 
	0x36, 0x81, 0x36, 0x81, 0x3e, 0x81, 0x46, 0x81, 
	0x3e, 0x41, 0x36, 0x41, 0x2e, 0x01, 0x26, 0x01, 
	0x26, 0x01, 0x2e, 0x01, 0x36, 0x41, 0x36, 0x41, 
	0x2e, 0x41, 0x36, 0x41, 0x3e, 0x41, 0x3e, 0x41, 
	0x36, 0x41, 0x36, 0x41, 0x36, 0x41, 0x2e, 0x01, 
	0x2e, 0x01, 0x2e, 0x01, 0x2e, 0x01, 0x2e, 0x01, 
	0x36, 0x41, 0x3e, 0x81, 0x3e, 0x81, 0x36, 0x81, 
	0x3e, 0x81, 0x36, 0x81, 0x36, 0x81, 0x36, 0x81, 
	0x36, 0x81, 0x36, 0x81, 0x3e, 0x41, 0x3e, 0x41, 
	0x3e, 0x41, 0x36, 0x41, 0x2e, 0x01, 0x26, 0x01, 
	0x26, 0x01, 0x26, 0x01, 0x2e, 0x01, 0x2e, 0x01, 
	0x2e, 0x01, 0x2e, 0x01, 0x36, 0x01, 0x36, 0x41, 
	0x36, 0x41, 0x36, 0x41, 0x36, 0x41, 0x2e, 0x01, 
	0x2e, 0x01, 0x3e, 0x47, 0x36, 0x43, 0x36, 0x41, 
	0x36, 0x41, 0x36, 0x41, 0x36, 0x41, 0x36, 0x41, 
	0x36, 0x81, 0x36, 0x41, 0x2e, 0x81, 0x2e, 0x81, 
	0x2e, 0x41, 0x36, 0x41, 0x36, 0x41, 0x36, 0x41, 
	0x36, 0x41, 0x2e, 0x41, 0x26, 0x01, 0x26, 0x01, 
	0x26, 0x01, 0x26, 0x41, 0x26, 0x01, 0x26, 0x01, 
	0x26, 0x01, 0x2e, 0x01, 0x2e, 0x01, 0x2e, 0x41, 
	0x36, 0x81, 0x36, 0x81, 0x36, 0x41, 0x2e, 0x41, 
	0x36, 0x43, 0x86, 0xdb, 0x4e, 0x87, 0x3e, 0x41, 
	0x36, 0x01, 0x2e, 0x01, 0x2e, 0x01, 0x2e, 0x41, 
	0x36, 0x81, 0x76, 0xd7, 0x2e, 0x43, 0x2e, 0x41, 
	0x2e, 0x41, 0x2e, 0x01, 0x2e, 0x01, 0x2e, 0x01, 
	0x2e, 0x01, 0x2e, 0x41, 0x2e, 0x41, 0x2e, 0x41, 
	0x26, 0x41, 0x26, 0x41, 0x26, 0x41, 0x2e, 0x41, 
	0x2e, 0x41, 0x2e, 0x41, 0x2e, 0x41, 0x2e, 0x41, 
	0x3e, 0x83, 0x3e, 0x83, 0x46, 0x83, 0x3e, 0x83, 
	0x3e, 0x83, 0x36, 0x41, 0x3e, 0x41, 0x3e, 0x41, 
	0x2e, 0x01, 0x2e, 0x01, 0x25, 0xc1, 0x26, 0x01, 
	0x2e, 0x41, 0x2e, 0x81, 0x26, 0x81, 0x26, 0x41, 
	0x26, 0x01, 0x25, 0xc1, 0x25, 0xc1, 0x2e, 0x01, 
	0x2e, 0x01, 0x3e, 0x41, 0x6f, 0x01, 0x2e, 0x41, 
	0x2e, 0x41, 0x26, 0x81, 0x26, 0x41, 0x3e, 0x81, 
	0x2e, 0x41, 0x2e, 0x41, 0x2e, 0x41, 0x36, 0x41, 
	0x46, 0x83, 0x46, 0x83, 0x4e, 0x83, 0x56, 0x83, 
	0x4e, 0x81, 0x46, 0x81, 0x46, 0x83, 0x36, 0x41, 
	0x2e, 0x01, 0x25, 0xc1, 0x26, 0x01, 0x26, 0x01, 
	0x26, 0x41, 0x26, 0x41, 0x1e, 0x01, 0x26, 0x41, 
	0x26, 0x41, 0x26, 0x01, 0x2e, 0x01, 0x66, 0xc1, 
	0x4e, 0x81, 0x3e, 0x43, 0x3e, 0x85, 0x3e, 0xc1, 
	0x67, 0x01, 0x2e, 0x81, 0x2e, 0x81, 0x2e, 0x81, 
	0x2e, 0x81, 0x2e, 0x41, 0x2e, 0x41, 0x3e, 0x83, 
	0x46, 0x83, 0x4e, 0x83, 0x4e, 0x83, 0x4e, 0x81, 
	0x3e, 0x81, 0x87, 0x41, 0x3e, 0x41, 0x3e, 0x41, 
	0x2e, 0x01, 0x26, 0x01, 0x26, 0x01, 0x2e, 0x41, 
	0x2e, 0x43, 0x26, 0x01, 0x26, 0x41, 0x36, 0x83, 
	0x2e, 0x81, 0x2e, 0x41, 0x36, 0x41, 0x3e, 0x41, 
	0x4e, 0x81, 0x87, 0x01, 0x46, 0xc1, 0x6f, 0x01, 
	0x3e, 0xc1, 0x2e, 0x81, 0x36, 0x81, 0x2e, 0x81, 
	0x26, 0x41, 0x2e, 0x81, 0x2e, 0x41, 0x3e, 0x81, 
	0x46, 0x81, 0x46, 0x41, 0x46, 0x41, 0x36, 0x01, 
	0x87, 0x41, 0x36, 0x41, 0x4e, 0x81, 0x87, 0x01, 
	0x36, 0x01, 0x26, 0x01, 0x26, 0x01, 0x36, 0x83, 
	0x7e, 0xd9, 0x2e, 0x81, 0x2e, 0x81, 0x46, 0xc7, 
	0x3e, 0xc3, 0x36, 0xc1, 0x3e, 0xc1, 0x5f, 0x01, 
	0x6f, 0x01, 0x2e, 0xc1, 0x2e, 0xc1, 0x2e, 0xc1, 
	0x3e, 0xc1, 0x66, 0xc1, 0x3e, 0x81, 0x36, 0x81, 
	0x2e, 0x81, 0x2e, 0x81, 0x36, 0x41, 0x3e, 0x81, 
	0x3e, 0x41, 0x3e, 0x41, 0x36, 0x01, 0x36, 0x41, 
	0x36, 0x41, 0x6f, 0x01, 0x2e, 0x01, 0x2e, 0x01, 
	0x36, 0x01, 0x2e, 0x01, 0x36, 0x41, 0x3e, 0xc1, 
	0x36, 0xc1, 0x2e, 0xc1, 0x2e, 0xc1, 0x36, 0xc1, 
	0x3e, 0xc1, 0x3e, 0xc1, 0x3f, 0x01, 0x3f, 0x01, 
	0x36, 0xc1, 0x46, 0xc1, 0x87, 0x41, 0x46, 0xc1, 
	0x3e, 0x81, 0x4e, 0x81, 0x3e, 0x81, 0x2e, 0x41, 
	0x26, 0x01, 0x26, 0x01, 0x2e, 0x41, 0x3e, 0x41, 
	0x36, 0x41, 0x36, 0x01, 0x36, 0x01, 0x3e, 0x41, 
	0x46, 0x81, 0x36, 0x81, 0x46, 0x81, 0x66, 0xc1, 
	0x2e, 0x01, 0x36, 0x01, 0x3e, 0x81, 0x46, 0xc1, 
	0x3e, 0xc1, 0x37, 0x01, 0x36, 0xc1, 0x36, 0xc1, 
	0x36, 0xc1, 0x3e, 0xc1, 0x3e, 0xc1, 0x36, 0xc1, 
	0x36, 0x81, 0x2e, 0x81, 0x36, 0x81, 0x46, 0x81, 
	0x46, 0x41, 0x46, 0x41, 0x36, 0x41, 0x2e, 0x01, 
	0x26, 0x01, 0x26, 0x01, 0x26, 0x41, 0x2e, 0x41, 
	0x3e, 0x41, 0x36, 0x41, 0x3e, 0x41, 0x46, 0x81, 
	0x46, 0xc1, 0x3e, 0xc1, 0x36, 0x81, 0x2e, 0x41, 
	0x2e, 0x01, 0x36, 0x41, 0x3e, 0x81, 0x46, 0xc1, 
	0x46, 0xc1, 0x3e, 0xc1, 0x36, 0xc1, 0x36, 0x81, 
	0x36, 0x81, 0x3e, 0x83, 0x3e, 0xc3, 0x3e, 0x81, 
	0x36, 0x81, 0x3e, 0x81, 0x3e, 0x81, 0x46, 0x81, 
	0x46, 0x81, 0x3e, 0x81, 0x36, 0x41, 0x76, 0xd7, 
	0x26, 0x01, 0x26, 0x01, 0x2e, 0x41, 0x3e, 0x81, 
	0x46, 0x81, 0x3e, 0x41, 0x3e, 0x81, 0x46, 0xc1, 
	0x4e, 0xc1, 0x46, 0xc1, 0x3e, 0x85, 0x2e, 0x41, 
	0x2e, 0x41, 0x36, 0x41, 0x3e, 0x81, 0x46, 0xc1, 
	0x46, 0xc1, 0x3e, 0x81, 0x36, 0x81, 0x36, 0x81, 
	0x36, 0x81, 0x3e, 0x83, 0x3e, 0x83, 0x3e, 0x83, 
	0x3e, 0x81, 0x46, 0x81, 0x46, 0x81, 0x46, 0x81, 
	0x3e, 0x81, 0x3e, 0x81, 0x3e, 0x81, 0x2e, 0x41, 
	0x26, 0x41, 0x2e, 0x41, 0x36, 0x81, 0x46, 0xc1, 
	0x3e, 0x81, 0x3e, 0x81, 0x46, 0xc1, 0x46, 0xc1, 
	0x46, 0xc1, 0x3e, 0x81, 0x6e, 0xd1, 0x36, 0x41, 
	0x2e, 0x41, 0x2e, 0x41, 0x36, 0x81, 0x3e, 0x81, 
	0x3e, 0x81, 0x3e, 0x81, 0x36, 0x41, 0x36, 0x41, 
	0x36, 0x41, 0x36, 0x43, 0x3e, 0x43, 0x3e, 0x43, 
	0x3e, 0x41, 0x46, 0x81, 0x4e, 0xc1, 0x4e, 0xc1, 
	0x4e, 0xc1, 0x46, 0xc1, 0x4e, 0xc1, 0x3e, 0x81, 
	0x2e, 0x81, 0x2e, 0x41, 0x2e, 0x81, 0x36, 0x81, 
	0x36, 0x41, 0x3e, 0x81, 0x46, 0xc1, 0x46, 0x81, 
	0x3e, 0x81, 0x3e, 0x41, 0x3e, 0x41, 0x36, 0x41, 
	0x36, 0x41, 0x2e, 0x41, 0x2e, 0x41, 0x36, 0x41, 
	0x36, 0x41, 0x36, 0x41, 0x36, 0x41, 0x36, 0x41, 
	0x7e, 0xd9, 0x36, 0x41, 0x36, 0x43, 0x36, 0x41, 
	0x3e, 0x41, 0x46, 0x81, 0x4e, 0xc1, 0x57, 0x01, 
	0x57, 0x01, 0x4e, 0x81, 0x4e, 0x81, 0x3e, 0x81, 
	0x2e, 0x41, 0x26, 0x41, 0x2e, 0x41, 0x2e, 0x41, 
	0x36, 0x41, 0x36, 0x41, 0x3e, 0x81, 0x3e, 0x41, 
	0x36, 0x41, 0x36, 0x01, 0x36, 0x01, 0x3e, 0x01, 
	0x3e, 0x01, 0x36, 0x01, 0x2e, 0x01, 0x2e, 0x41, 
	0x2e, 0x41, 0x36, 0x41, 0x36, 0x41, 0x36, 0x41, 
	0x36, 0x41, 0x7e, 0xd9, 0x2e, 0x41, 0x2e, 0x41, 
	0x2e, 0x41, 0x3e, 0x81, 0x4e, 0xc1, 0x5f, 0x01, 
	0x67, 0x01, 0x4e, 0xc1, 0x4e, 0x81, 0x46, 0x41, 
	0x36, 0x41, 0x2e, 0x41, 0x2e, 0x41, 0x2e, 0x41, 
	0x36, 0x41, 0x36, 0x41, 0x3e, 0x41, 0x36, 0x01, 
	0x36, 0x01, 0x2e, 0x01, 0x36, 0x01, 0x46, 0x41, 
	0x4e, 0x41, 0x3e, 0x01, 0x36, 0x01, 0x2e, 0x41, 
	0x2e, 0x41, 0x2e, 0x41, 0x36, 0x41, 0x7e, 0xd9, 
	0x3e, 0x83, 0x36, 0x43, 0x2e, 0x41, 0x2e, 0x41, 
	0x2e, 0x41, 0x36, 0x41, 0x46, 0x81, 0x4f, 0x01, 
	0x4f, 0x01, 0x56, 0xc1, 0x56, 0xc1, 0x46, 0x81, 
	0x3e, 0x41, 0x36, 0x41, 0x36, 0x41, 0x2e, 0x41, 
	0x36, 0x41, 0x36, 0x41, 0x2e, 0x01, 0x36, 0x01, 
	0x36, 0x03, 0x36, 0x01, 0x36, 0x41, 0x4e, 0x41, 
	0x8f, 0x41, 0x5e, 0x81, 0x46, 0x41, 0x36, 0x41, 
	0x2e, 0x41, 0x2e, 0x41, 0x2e, 0x41, 0x36, 0x81, 
	0x36, 0x83, 0x6e, 0x95, 0x2e, 0x41, 0x2e, 0x41, 
	0x2e, 0x41, 0x3e, 0x41, 0x77, 0x01, 0x56, 0xc1, 
	0x87, 0x01, 0x4e, 0xc1, 0x46, 0x81, 0x46, 0x81, 
	0x46, 0x41, 0x46, 0x81, 0x3e, 0x41, 0x36, 0x41, 
	0x36, 0x41, 0x36, 0x01, 0x6e, 0x95, 0x36, 0x03, 
	0x7e, 0xd9, 0x46, 0x47, 0x2e, 0x01, 0x46, 0x81, 
	0x56, 0x81, 0x56, 0x81, 0x4e, 0x81, 0x3e, 0x81, 
	0x36, 0x41, 0x2e, 0x41, 0x2e, 0x41, 0x36, 0x81, 
	0x36, 0x81, 0x2e, 0x81, 0x2e, 0x41, 0x2e, 0x41, 
	0x2e, 0x41, 0x36, 0x41, 0x2e, 0x41, 0x36, 0x81, 
	0x36, 0xc1, 0x36, 0x81, 0x3e, 0x81, 0x3e, 0x81, 
	0x46, 0x81, 0x46, 0x81, 0x46, 0x81, 0x3e, 0x41, 
	0x3e, 0x41, 0x36, 0x41, 0x2e, 0x01, 0x36, 0x03, 
	0x3e, 0x45, 0x3e, 0x43, 0x36, 0x41, 0x3e, 0x81, 
	0x46, 0x81, 0x46, 0x81, 0x46, 0x81, 0x3e, 0x81, 
	0x3e, 0x81, 0x36, 0x81, 0x36, 0x81, 0x36, 0x81, 
	0x36, 0x81, 0x36, 0x81, 0x2e, 0x41, 0x2e, 0x41, 
	0x2e, 0x41, 0x2e, 0x01, 0x2e, 0x41, 0x46, 0x81, 
	0x87, 0x01, 0x4e, 0x81, 0x46, 0x81, 0x3e, 0x41, 
	0x3e, 0x81, 0x46, 0x81, 0x46, 0x81, 0x3e, 0x81, 
	0x3e, 0x41, 0x36, 0x41, 0x2e, 0x41, 0x36, 0x41, 
	0x3e, 0x41, 0x46, 0x81, 0x46, 0x81, 0x46, 0x81, 
	0x3e, 0x81, 0x3e, 0x81, 0x3e, 0x81, 0x3e, 0x81, 
	0x46, 0xc1, 0x3e, 0x81, 0x3e, 0x41, 0x3e, 0x41, 
	0x3e, 0x81, 0x46, 0xc1, 0x3e, 0x81, 0x36, 0x41, 
	0x2e, 0x41, 0x2e, 0x41, 0x36, 0x41, 0x3e, 0x41, 
	0x36, 0x41, 0x3e, 0x41, 0x36, 0x41, 0x36, 0x41, 
	0x3e, 0x41, 0x46, 0x81, 0x46, 0x81, 0x46, 0x81, 
	0x46, 0x41, 0x3e, 0x41, 0x3e, 0x41, 0x3e, 0x41, 
	0x46, 0x81, 0x4e, 0xc1, 0x4e, 0xc1, 0x46, 0xc1, 
	0x3e, 0x81, 0x3e, 0x81, 0x3e, 0x81, 0x3e, 0x81, 
	0x3e, 0x81, 0x3e, 0x41, 0x36, 0x41, 0x3e, 0x41, 
	0x3e, 0x81, 0x4e, 0xc1, 0x46, 0xc1, 0x3e, 0x81, 
	0x36, 0x81, 0x36, 0x43, 0x36, 0x41, 0x2e, 0x41, 
	0x2e, 0x41, 0x2e, 0x41, 0x2e, 0x41, 0x36, 0x41, 
	0x36, 0x41, 0x3e, 0x81, 0x46, 0x81, 0x46, 0x81, 
	
};

Gfx castle_grounds_dl_castle_grounds_textures_08000_rgba16_rgba16_aligner[] = {gsSPEndDisplayList()};
u8 castle_grounds_dl_castle_grounds_textures_08000_rgba16_rgba16[] = {
	0xff, 0xa1, 0xee, 0xdb, 0xf7, 0x1d, 0xff, 0xa1, 
	0xff, 0xe5, 0xff, 0xe1, 0xff, 0xdf, 0xff, 0x5d, 
	0xff, 0x1d, 0xff, 0x5d, 0xf6, 0xdb, 0xff, 0x5d, 
	0xff, 0x5f, 0xff, 0x9f, 0xff, 0x5d, 0xff, 0x5f, 
	0xff, 0x5f, 0xff, 0x9f, 0xff, 0x9f, 0xff, 0xa1, 
	0xff, 0x5f, 0xff, 0x5d, 0xff, 0x5f, 0xff, 0x5f, 
	0xff, 0xa1, 0xf7, 0x1b, 0xf7, 0x1d, 0xf7, 0x5d, 
	0xff, 0x5d, 0xff, 0x5d, 0xff, 0x9f, 0xff, 0xa1, 
	0xff, 0xe3, 0xf6, 0xdb, 0xff, 0x9f, 0xff, 0x9f, 
	0xff, 0x9f, 0xff, 0xe1, 0xff, 0xe1, 0xff, 0x5f, 
	0xff, 0xe1, 0xff, 0x9f, 0xff, 0x1d, 0xff, 0x5f, 
	0xff, 0x5f, 0xff, 0x5d, 0xff, 0x9f, 0xff, 0x5d, 
	0xf7, 0x1d, 0xff, 0x9f, 0xff, 0x9f, 0xff, 0x5f, 
	0xff, 0x5f, 0xff, 0x5f, 0xff, 0x5f, 0xff, 0x9f, 
	0xff, 0x5f, 0xff, 0x9f, 0xff, 0x1d, 0xf7, 0x1d, 
	0xf7, 0x1d, 0xf7, 0x1d, 0xff, 0x5d, 0xff, 0x9f, 
	0xff, 0x9f, 0xff, 0x5f, 0xf7, 0x1b, 0xf7, 0x1b, 
	0xff, 0x9f, 0xff, 0xdf, 0xff, 0x5d, 0xff, 0xa3, 
	0xff, 0xa1, 0xff, 0x5f, 0xff, 0x5d, 0xff, 0x5d, 
	0xf7, 0x1b, 0xf6, 0xdb, 0xff, 0x5f, 0xff, 0x5f, 
	0xee, 0xdd, 0xff, 0x5f, 0xff, 0x5f, 0xff, 0x9f, 
	0xff, 0x5d, 0xff, 0x5f, 0xff, 0x5f, 0xff, 0x9f, 
	0xff, 0x5f, 0xff, 0x5d, 0xff, 0x5d, 0xff, 0x5d, 
	0xff, 0x5d, 0xff, 0x9f, 0xff, 0x9f, 0xff, 0x9f, 
	0xff, 0x9f, 0xf7, 0x1b, 0xff, 0x5d, 0xff, 0x9f, 
	0xf7, 0x1d, 0xff, 0x9f, 0xff, 0x5d, 0xff, 0x5d, 
	0xff, 0x5f, 0xf6, 0xdb, 0xf6, 0xdb, 0xf7, 0x1d, 
	0xf7, 0x1b, 0xf7, 0x1d, 0xff, 0x5f, 0xff, 0x5f, 
	0xf7, 0x5d, 0xf7, 0x1d, 0xff, 0x5d, 0xff, 0x1d, 
	0xff, 0x5d, 0xff, 0x5f, 0xff, 0xa3, 0xff, 0x5f, 
	0xff, 0x5d, 0xff, 0x5d, 0xff, 0x5f, 0xf6, 0xdb, 
	0xf7, 0x1d, 0xee, 0xdb, 0xee, 0xdb, 0xee, 0xdb, 
	0xff, 0x5f, 0xff, 0x9f, 0xff, 0xe1, 0xff, 0x5f, 
	0xff, 0x61, 0xf6, 0xdd, 0xff, 0x5d, 0xf7, 0x1d, 
	0xff, 0x5d, 0xf6, 0xdb, 0xff, 0x1d, 0xff, 0x5f, 
	0xf7, 0x1d, 0xf7, 0x1b, 0xf7, 0x1d, 0xff, 0x5f, 
	0xff, 0xa1, 0xff, 0x1d, 0xee, 0xdb, 0xff, 0x5d, 
	0xff, 0x5d, 0xff, 0xa1, 0xf7, 0x61, 0xff, 0x1d, 
	0xff, 0x5d, 0xf7, 0x1b, 0xf7, 0x1b, 0xf7, 0x1b, 
	0xf7, 0x1b, 0xf7, 0x1d, 0xff, 0x5f, 0xf7, 0x1d, 
	0xff, 0x9f, 0xf6, 0xdb, 0xff, 0x9f, 0xf7, 0x1d, 
	0xf7, 0x5d, 0xff, 0x9f, 0xff, 0x5f, 0xff, 0xa1, 
	0xff, 0x5d, 0xff, 0x1d, 0xff, 0x5d, 0xff, 0x5f, 
	0xff, 0x5d, 0xf7, 0x1b, 0xf7, 0x1d, 0xff, 0x5f, 
	0xff, 0x9f, 0xff, 0x1d, 0xf6, 0xdb, 0xf7, 0x1b, 
	0xf7, 0x1d, 0xff, 0x9f, 0xee, 0xdd, 0xee, 0xdb, 
	0xf7, 0x1d, 0xff, 0x5d, 0xf7, 0x1b, 0xff, 0x5d, 
	0xff, 0x1d, 0xff, 0x1d, 0xf7, 0x1b, 0xf6, 0xdb, 
	0xff, 0xa1, 0xff, 0x9f, 0xf6, 0xdd, 0xff, 0x5d, 
	0xff, 0x9f, 0xff, 0x9f, 0xff, 0x9f, 0xff, 0x5d, 
	0xf7, 0x1d, 0xff, 0x1d, 0xff, 0xa1, 0xff, 0x9f, 
	0xff, 0x5d, 0xff, 0x5d, 0xff, 0x5f, 0xff, 0x5f, 
	0xf7, 0x1d, 0xff, 0x5d, 0xff, 0x5f, 0xff, 0x5f, 
	0xff, 0x1d, 0xff, 0x5f, 0xf7, 0x1d, 0xf7, 0x5f, 
	0xf7, 0x1d, 0xff, 0x9f, 0xff, 0x9f, 0xff, 0x5f, 
	0xff, 0x1d, 0xf6, 0xdb, 0xee, 0xdb, 0xf7, 0x1d, 
	0xee, 0xdb, 0xf7, 0x1d, 0xff, 0x5d, 0xff, 0x5d, 
	0xff, 0x5f, 0xff, 0x5f, 0xf7, 0x5d, 0xff, 0x5f, 
	0xff, 0x1d, 0xf7, 0x1d, 0xff, 0xa3, 0xff, 0x5f, 
	0xf7, 0x1d, 0xff, 0x5f, 0xff, 0x5f, 0xff, 0xa1, 
	0xff, 0x1d, 0xff, 0x5d, 0xff, 0x5f, 0xff, 0xa1, 
	0xff, 0x9f, 0xff, 0x9f, 0xff, 0x5d, 0xff, 0x5d, 
	0xff, 0x9f, 0xff, 0x9f, 0xff, 0xa1, 0xff, 0x5f, 
	0xff, 0x5d, 0xf6, 0xdb, 0xff, 0x1d, 0xff, 0x9f, 
	0xff, 0x9f, 0xff, 0x5d, 0xff, 0x9f, 0xf7, 0x1d, 
	0xff, 0x5d, 0xf7, 0x5d, 0xef, 0x1b, 0xf6, 0xdb, 
	0xff, 0x5d, 0xff, 0x1d, 0xff, 0x9f, 0xff, 0x5f, 
	0xef, 0x1b, 0xff, 0x9f, 0xff, 0x9f, 0xff, 0x9f, 
	0xff, 0x5d, 0xff, 0x5d, 0xff, 0x9f, 0xff, 0xa1, 
	0xff, 0x5f, 0xff, 0x5f, 0xff, 0x5f, 0xff, 0x5d, 
	0xf7, 0x1b, 0xff, 0x5f, 0xf7, 0x1d, 0xff, 0x1d, 
	0xf7, 0x1b, 0xf7, 0x1d, 0xff, 0x1d, 0xff, 0x9f, 
	0xff, 0xa1, 0xff, 0xe1, 0xff, 0x9f, 0xf7, 0x1d, 
	0xee, 0xdb, 0xf7, 0x1b, 0xf7, 0x1d, 0xf7, 0x1b, 
	0xff, 0x5d, 0xff, 0x5d, 0xf7, 0x1d, 0xff, 0x9f, 
	0xff, 0x9f, 0xff, 0xe3, 0xff, 0x5f, 0xff, 0x5f, 
	0xff, 0x9f, 0xff, 0x5d, 0xff, 0x5f, 0xff, 0x5f, 
	0xff, 0x5d, 0xff, 0x9f, 0xff, 0x5f, 0xff, 0x5d, 
	0xff, 0x1d, 0xff, 0xa3, 0xf7, 0x1d, 0xff, 0x1d, 
	0xf7, 0x1d, 0xff, 0x9f, 0xff, 0x9f, 0xff, 0x5d, 
	0xff, 0x5d, 0xff, 0x5f, 0xff, 0xa1, 0xff, 0xe1, 
	0xff, 0x5f, 0xee, 0xdb, 0xee, 0xdb, 0xf7, 0x1d, 
	0xff, 0x5d, 0xff, 0x5d, 0xff, 0x5d, 0xf7, 0x1d, 
	0xff, 0xa1, 0xff, 0xe3, 0xff, 0x9f, 0xff, 0xa1, 
	0xff, 0xa1, 0xff, 0x5f, 0xff, 0x5f, 0xff, 0x5f, 
	0xff, 0x5f, 0xf7, 0x5d, 0xff, 0xa1, 0xff, 0x5d, 
	0xff, 0xa1, 0xff, 0x9f, 0xff, 0x5d, 0xf7, 0x1b, 
	0xff, 0x5d, 0xf7, 0x1b, 0xff, 0x5d, 0xff, 0x1d, 
	0xff, 0x5d, 0xf7, 0x1d, 0xff, 0x5f, 0xff, 0xa3, 
	0xff, 0xa1, 0xf7, 0x1d, 0xf7, 0x5d, 0xf6, 0xdb, 
	0xff, 0x5f, 0xff, 0x1d, 0xff, 0x5f, 0xf7, 0x5d, 
	0xf7, 0x1d, 0xff, 0x5f, 0xff, 0x9f, 0xf7, 0x5f, 
	0xf7, 0x5f, 0xff, 0x5f, 0xf7, 0x1d, 0xf7, 0x1d, 
	0xff, 0x5d, 0xff, 0x9f, 0xff, 0x9f, 0xff, 0x5d, 
	0xee, 0xdb, 0xff, 0x61, 0xff, 0x5f, 0xff, 0x9f, 
	0xff, 0xdf, 0xff, 0x9f, 0xff, 0x5d, 0xff, 0x5d, 
	0xff, 0x9f, 0xf7, 0x1d, 0xf7, 0x1d, 0xff, 0xa1, 
	0xff, 0x9f, 0xff, 0x9f, 0xff, 0x9f, 0xff, 0x9f, 
	0xf7, 0x1d, 0xff, 0x5d, 0xff, 0x1d, 0xf7, 0x1b, 
	0xf7, 0x1d, 0xf7, 0x1d, 0xff, 0x9f, 0xf7, 0x5d, 
	0xff, 0x1d, 0xff, 0x5d, 0xf7, 0x1b, 0xf7, 0x5d, 
	0xff, 0x9f, 0xff, 0x9f, 0xf7, 0x1d, 0xee, 0xdb, 
	0xee, 0x99, 0xee, 0xdb, 0xf7, 0x1b, 0xff, 0x5d, 
	0xff, 0x9f, 0xff, 0xa1, 0xff, 0x9f, 0xff, 0x5d, 
	0xee, 0xdb, 0xf7, 0x1d, 0xee, 0xdb, 0xf7, 0x5f, 
	0xff, 0x9f, 0xff, 0x5f, 0xff, 0x9f, 0xff, 0xe1, 
	0xff, 0x5f, 0xff, 0x5f, 0xff, 0x1d, 0xf7, 0x1f, 
	0xf7, 0x1d, 0xff, 0x5d, 0xff, 0x5d, 0xff, 0x9f, 
	0xff, 0x5f, 0xff, 0x1d, 0xf7, 0x1d, 0xf7, 0x1b, 
	0xff, 0xa1, 0xff, 0xa1, 0xee, 0xdb, 0xef, 0x1b, 
	0xee, 0x99, 0xee, 0xdb, 0xee, 0xdb, 0xf6, 0xdb, 
	0xff, 0x9f, 0xff, 0xa1, 0xf7, 0x1d, 0xff, 0x5d, 
	0xf6, 0xdb, 0xf6, 0xdb, 0xf7, 0x1d, 0xff, 0x5f, 
	0xff, 0x5d, 0xff, 0x1d, 0xff, 0xe1, 0xff, 0xa1, 
	0xff, 0x5d, 0xff, 0x9f, 0xff, 0x5d, 0xff, 0x5f, 
	0xff, 0x5d, 0xff, 0x5d, 0xee, 0xdb, 0xf7, 0x5d, 
	0xff, 0x9f, 0xff, 0x5d, 0xff, 0x5d, 0xff, 0x5d, 
	0xff, 0x5f, 0xff, 0xe1, 0xf7, 0x9f, 0xf7, 0x5d, 
	0xf7, 0x1d, 0xf7, 0x1b, 0xf7, 0x1d, 0xf6, 0xdd, 
	0xf7, 0x5f, 0xff, 0x5d, 0xff, 0x5d, 0xff, 0x5d, 
	0xff, 0x5f, 0xf7, 0x1d, 0xff, 0x9f, 0xff, 0xa1, 
	0xff, 0x1d, 0xf7, 0x1b, 0xff, 0x5d, 0xff, 0xa5, 
	0xff, 0x5d, 0xff, 0x9f, 0xff, 0x9f, 0xff, 0x5f, 
	0xff, 0x5d, 0xff, 0x1d, 0xf7, 0x1d, 0xf7, 0x1d, 
	0xff, 0x5f, 0xff, 0x5d, 0xff, 0xa1, 0xff, 0xa1, 
	0xf7, 0x5d, 0xff, 0x9f, 0xff, 0x9f, 0xff, 0x5d, 
	0xf7, 0x5d, 0xf7, 0x5d, 0xff, 0x5d, 0xff, 0x5f, 
	0xff, 0x5f, 0xff, 0x5f, 0xff, 0x5f, 0xff, 0x5f, 
	0xff, 0x5f, 0xf7, 0x1d, 0xf7, 0x1d, 0xf7, 0x1b, 
	0xf7, 0x1b, 0xf6, 0xdb, 0xff, 0x9f, 0xff, 0x5f, 
	0xf6, 0xdb, 0xff, 0xa1, 0xff, 0xa1, 0xff, 0x5f, 
	0xf7, 0x1d, 0xff, 0x5d, 0xf7, 0x5d, 0xff, 0x5f, 
	0xff, 0x5d, 0xff, 0x9f, 0xff, 0xa1, 0xff, 0x9f, 
	0xff, 0x9f, 0xff, 0x5f, 0xff, 0x5f, 0xf7, 0x1d, 
	0xf7, 0x5d, 0xf7, 0x5d, 0xf7, 0x1d, 0xff, 0x5f, 
	0xff, 0x5f, 0xff, 0x9f, 0xff, 0x5f, 0xff, 0x5d, 
	0xff, 0x5d, 0xff, 0x9f, 0xff, 0x5f, 0xff, 0x5d, 
	0xee, 0xdb, 0xff, 0x5d, 0xff, 0xa3, 0xff, 0x5f, 
	0xff, 0xa1, 0xff, 0xa1, 0xff, 0x9f, 0xff, 0x5f, 
	0xff, 0x5d, 0xff, 0x5f, 0xff, 0x5f, 0xf7, 0x1d, 
	0xff, 0x5f, 0xff, 0xa1, 0xff, 0x5f, 0xff, 0x5f, 
	0xff, 0x9f, 0xff, 0x5f, 0xff, 0x5f, 0xff, 0x5f, 
	0xff, 0x5d, 0xf7, 0x1d, 0xf7, 0x1d, 0xff, 0x5d, 
	0xff, 0x5f, 0xff, 0x9f, 0xff, 0x5f, 0xef, 0x1d, 
	0xff, 0x1d, 0xff, 0x5d, 0xff, 0x5f, 0xff, 0x5d, 
	0xff, 0xa3, 0xff, 0x5f, 0xff, 0x9f, 0xf7, 0x1d, 
	0xff, 0x9f, 0xff, 0xa1, 0xff, 0xa1, 0xff, 0x5f, 
	0xff, 0x5f, 0xff, 0x5f, 0xff, 0x5f, 0xff, 0x5f, 
	0xff, 0x61, 0xff, 0x5d, 0xff, 0x5f, 0xf7, 0x1d, 
	0xff, 0x9f, 0xff, 0x5f, 0xff, 0x9f, 0xff, 0xa1, 
	0xff, 0x5d, 0xf7, 0x1d, 0xf7, 0x5d, 0xff, 0x5d, 
	0xff, 0x5f, 0xff, 0x9f, 0xff, 0x5f, 0xf7, 0x1b, 
	0xf7, 0x1d, 0xff, 0x5d, 0xff, 0xa1, 0xf7, 0x1d, 
	0xf7, 0x1d, 0xff, 0x5d, 0xf6, 0xdb, 0xee, 0xdb, 
	0xff, 0x5f, 0xf7, 0x5d, 0xff, 0x5f, 0xff, 0x5f, 
	0xff, 0x61, 0xff, 0xa1, 0xff, 0xa1, 0xff, 0x5f, 
	0xff, 0x5f, 0xee, 0xdb, 0xf6, 0xdb, 0xf7, 0x1b, 
	0xff, 0x9f, 0xff, 0x5d, 0xff, 0x5f, 0xff, 0x9f, 
	0xf7, 0x1d, 0xff, 0x5f, 0xff, 0x5d, 0xf7, 0x1d, 
	0xff, 0x5f, 0xff, 0x9f, 0xee, 0xdb, 0xf7, 0x1d, 
	0xff, 0x5f, 0xff, 0x9f, 0xff, 0xa1, 0xff, 0x5f, 
	0xff, 0x5d, 0xff, 0x5f, 0xf7, 0x1d, 0xff, 0x5f, 
	0xff, 0x5d, 0xf7, 0x1d, 0xf7, 0x1d, 0xf7, 0x5f, 
	0xff, 0xa1, 0xff, 0xa1, 0xff, 0xa1, 0xff, 0x5f, 
	0xf7, 0x1d, 0xee, 0xd9, 0xf7, 0x1b, 0xff, 0x1d, 
	0xf7, 0x1d, 0xf7, 0x1d, 0xff, 0x5f, 0xff, 0x5f, 
	0xff, 0x5f, 0xff, 0x5f, 0xff, 0x5f, 0xff, 0x5d, 
	0xff, 0x5f, 0xff, 0x5f, 0xf6, 0xdb, 0xff, 0x1d, 
	0xff, 0x5f, 0xff, 0x5f, 0xff, 0x5f, 0xff, 0x5f, 
	0xff, 0x9f, 0xff, 0x5f, 0xff, 0x9f, 0xff, 0x5f, 
	0xf7, 0x1d, 0xf7, 0x1d, 0xf7, 0x1d, 0xf7, 0x1f, 
	0xff, 0x5f, 0xff, 0x5f, 0xff, 0x5f, 0xff, 0xa1, 
	0xf7, 0x1d, 0xef, 0x1d, 0xff, 0x5d, 0xff, 0x9f, 
	0xff, 0x5d, 0xff, 0x5d, 0xff, 0xa1, 0xff, 0x5d, 
	0xff, 0x5f, 0xff, 0x5f, 0xff, 0x61, 0xff, 0x5f, 
	0xff, 0x5f, 0xff, 0x5d, 0xf7, 0x1d, 0xff, 0x5f, 
	0xee, 0xdd, 0xf7, 0x63, 0xff, 0x5f, 0xf7, 0x1d, 
	0xff, 0x9f, 0xff, 0x9f, 0xff, 0x9f, 0xff, 0x5d, 
	0xf7, 0x1d, 0xf7, 0x1d, 0xf7, 0x1d, 0xff, 0x5f, 
	0xff, 0x5f, 0xf7, 0x1d, 0xf7, 0x1d, 0xff, 0x5f, 
	0xf7, 0x1d, 0xff, 0x5d, 0xff, 0x1d, 0xff, 0x5f, 
	0xff, 0x9f, 0xff, 0x5f, 0xff, 0x5f, 0xff, 0x5d, 
	0xff, 0x5d, 0xff, 0x5d, 0xff, 0xa1, 0xff, 0xa1, 
	0xf7, 0x1d, 0xf7, 0x1d, 0xff, 0x1d, 0xff, 0x5d, 
	0xf7, 0x1d, 0xff, 0x63, 0xff, 0x5f, 0xf7, 0x1d, 
	0xff, 0x5d, 0xff, 0x5f, 0xff, 0x5f, 0xf7, 0x1d, 
	0xff, 0x5d, 0xff, 0x5d, 0xff, 0x5f, 0xff, 0x5f, 
	0xf7, 0x5d, 0xf7, 0x1d, 0xf7, 0x5d, 0xff, 0x5f, 
	0xff, 0x5f, 0xff, 0xa1, 0xff, 0x5d, 0xff, 0x5f, 
	0xf7, 0x1d, 0xff, 0x5d, 0xff, 0x5f, 0xff, 0x9f, 
	0xff, 0x5f, 0xff, 0x5f, 0xff, 0x9f, 0xff, 0xe3, 
	0xff, 0xa1, 0xff, 0xa3, 0xf7, 0x1d, 0xff, 0x9f, 
	0xff, 0xa3, 0xff, 0x5f, 0xff, 0x5f, 0xff, 0x5f, 
	0xf7, 0x1d, 0xff, 0x5d, 0xf7, 0x1d, 0xf7, 0x1d, 
	0xf7, 0x1d, 0xff, 0x5f, 0xff, 0x5f, 0xff, 0x5f, 
	0xff, 0x1d, 0xf7, 0x5d, 0xff, 0x5d, 0xf7, 0x1d, 
	0xff, 0x5f, 0xff, 0xa1, 0xff, 0x1d, 0xff, 0x5f, 
	0xf7, 0x61, 0xf7, 0x1d, 0xff, 0x9f, 0xf7, 0x5d, 
	0xef, 0x1d, 0xff, 0x5d, 0xff, 0x5d, 0xff, 0x1d, 
	0xff, 0x5d, 0xf7, 0x1d, 0xff, 0xa1, 0xff, 0xe3, 
	0xff, 0x5f, 0xff, 0x5f, 0xff, 0x5f, 0xf7, 0x1d, 
	0xf7, 0x1b, 0xf7, 0x1d, 0xf7, 0x1b, 0xf6, 0xdb, 
	0xf7, 0x1d, 0xff, 0x1d, 0xff, 0x5f, 0xff, 0x5d, 
	0xff, 0x5d, 0xff, 0x5d, 0xff, 0x5d, 0xf7, 0x5d, 
	0xff, 0x9f, 0xff, 0x5d, 0xff, 0x1d, 0xff, 0x5f, 
	0xee, 0xdd, 0xf7, 0x1d, 0xff, 0x5f, 0xf7, 0x1d, 
	0xee, 0xdb, 0xf7, 0x1b, 0xff, 0x5d, 0xf7, 0x1d, 
	0xff, 0x5d, 0xee, 0xdb, 0xff, 0x9f, 0xf7, 0x1d, 
	0xf7, 0x1d, 0xf7, 0x5d, 0xf7, 0x5d, 0xf7, 0x1b, 
	0xf6, 0xdb, 0xf7, 0x1d, 0xf7, 0x1b, 0xf7, 0x1d, 
	0xf7, 0x1d, 0xff, 0x1d, 0xff, 0x5d, 0xff, 0x1d, 
	0xf7, 0x1d, 0xff, 0x5d, 0xff, 0x5f, 0xff, 0x5f, 
	0xff, 0x5f, 0xff, 0x5d, 0xff, 0x5f, 0xff, 0x5d, 
	0xf7, 0x1d, 0xff, 0x5f, 0xff, 0x5f, 0xf7, 0x5f, 
	0xee, 0xdb, 0xf7, 0x1d, 0xff, 0x5f, 0xf7, 0x1d, 
	0xff, 0x5d, 0xff, 0x5d, 0xff, 0x5f, 0xff, 0x5f, 
	0xf7, 0x1d, 0xf6, 0xdb, 0xf6, 0xdb, 0xf6, 0xdb, 
	0xf7, 0x1b, 0xff, 0x1d, 0xff, 0x1d, 0xf7, 0x1d, 
	0xf7, 0x1d, 0xf7, 0x1d, 0xf7, 0x1d, 0xf7, 0x1d, 
	0xf7, 0x1d, 0xff, 0x5d, 0xff, 0x5f, 0xff, 0x5f, 
	0xff, 0x5f, 0xff, 0x5f, 0xff, 0x5d, 0xf7, 0x1d, 
	0xf7, 0x1d, 0xff, 0x5d, 0xff, 0x5d, 0xff, 0x5d, 
	0xf7, 0x1d, 0xf7, 0x1d, 0xf7, 0x1b, 0xff, 0x5d, 
	0xff, 0x1d, 0xff, 0x5d, 0xf7, 0x5d, 0xf7, 0x1d, 
	0xee, 0xdb, 0xee, 0xdb, 0xef, 0x1d, 0xf7, 0x1b, 
	0xff, 0x1d, 0xff, 0x5d, 0xf7, 0x1d, 0xf7, 0x1d, 
	0xee, 0xdb, 0xee, 0xdb, 0xee, 0xdb, 0xf7, 0x1d, 
	0xff, 0x5f, 0xf7, 0x1d, 0xff, 0x5f, 0xff, 0x5f, 
	0xff, 0x5f, 0xff, 0x1d, 0xff, 0x1d, 0xf7, 0x1d, 
	0xf7, 0x1d, 0xf7, 0x1d, 0xf7, 0x1d, 0xf7, 0x1d, 
	0xf7, 0x1d, 0xf7, 0x1d, 0xf7, 0x1b, 0xf7, 0x1d, 
	0xff, 0x1d, 0xff, 0x1d, 0xff, 0x1d, 0xee, 0xdb, 
	0xee, 0xdb, 0xee, 0xdd, 0xf7, 0x5f, 0xf7, 0x5d, 
	0xf7, 0x1d, 0xf7, 0x1d, 0xf6, 0xdb, 0xf7, 0x1b, 
	0xf7, 0x1d, 0xf7, 0x5d, 0xf7, 0x1d, 0xff, 0x5d, 
	0xf7, 0x5d, 0xf7, 0x1d, 0xf7, 0x1d, 0xff, 0x5f, 
	0xff, 0x5d, 0xff, 0x1d, 0xff, 0x1d, 0xff, 0x1d, 
	0xf7, 0x1d, 0xf7, 0x1d, 0xf7, 0x1d, 0xf7, 0x1d, 
	0xf7, 0x1d, 0xf7, 0x5f, 0xf7, 0x1d, 0xf7, 0x1d, 
	0xff, 0x5f, 0xf7, 0x1d, 0xff, 0x5d, 0xf7, 0x1d, 
	0xf7, 0x1d, 0xff, 0x5f, 0xff, 0x1f, 0xf7, 0x1d, 
	0xf7, 0x1d, 0xf6, 0xdb, 0xf7, 0x1d, 0xff, 0x9f, 
	0xff, 0x9f, 0xff, 0x5d, 0xef, 0x1b, 0xf7, 0x1d, 
	0xf7, 0x1d, 0xf7, 0x1d, 0xef, 0x1d, 0xf7, 0x1d, 
	0xf7, 0x1d, 0xff, 0x1d, 0xff, 0x5d, 0xff, 0x1d, 
	0xff, 0x1d, 0xff, 0x1d, 0xf7, 0x1d, 0xf7, 0x1d, 
	0xf6, 0xdd, 0xff, 0x5f, 0xff, 0x5f, 0xf7, 0x1b, 
	0xff, 0x5f, 0xff, 0xa1, 0xf7, 0x1d, 0xf7, 0x1d, 
	0xf7, 0x1d, 0xff, 0x5d, 0xf7, 0x1d, 0xf7, 0x1f, 
	0xf7, 0x61, 0xf7, 0x1d, 0xf7, 0x1d, 0xff, 0x9f, 
	0xff, 0xa1, 0xff, 0xa1, 0xf7, 0x1d, 0xf7, 0x1b, 
	0xff, 0x5d, 0xf7, 0x1d, 0xf7, 0x5d, 0xf7, 0x1d, 
	0xf7, 0x1d, 0xff, 0x1d, 0xff, 0x5d, 0xff, 0x1d, 
	0xff, 0x1d, 0xff, 0x1d, 0xff, 0x5d, 0xf7, 0x1d, 
	0xf7, 0x1d, 0xf7, 0x1d, 0xff, 0x5d, 0xff, 0x5d, 
	0xf7, 0x5d, 0xff, 0x5f, 0xff, 0x5f, 0xf7, 0x1d, 
	
};

Gfx castle_grounds_dl_castle_grounds_textures_09800_rgba16_rgba16_aligner[] = {gsSPEndDisplayList()};
u8 castle_grounds_dl_castle_grounds_textures_09800_rgba16_rgba16[] = {
	0xf7, 0x1d, 0xf7, 0x1b, 0xf7, 0x1f, 0xf7, 0x21, 
	0xff, 0x65, 0xff, 0x69, 0xff, 0xab, 0xff, 0x6b, 
	0xff, 0x67, 0xff, 0x23, 0xf7, 0x1f, 0xf7, 0x1d, 
	0xf7, 0x21, 0xff, 0x23, 0xff, 0x23, 0xff, 0x23, 
	0xff, 0x69, 0xff, 0x69, 0xff, 0x23, 0xf6, 0xdd, 
	0xf7, 0x1d, 0xf7, 0x1f, 0xf7, 0x23, 0xff, 0x67, 
	0xff, 0x6b, 0xff, 0x6b, 0xff, 0x6b, 0xff, 0x6b, 
	0xff, 0x69, 0xff, 0x67, 0xff, 0x25, 0xff, 0x23, 
	0xf7, 0x1b, 0xf7, 0x1f, 0xff, 0x23, 0xff, 0x67, 
	0xff, 0x69, 0xff, 0x6b, 0xff, 0xab, 0xff, 0x67, 
	0xff, 0x23, 0xf7, 0x21, 0xf7, 0x21, 0xf7, 0x21, 
	0xff, 0x23, 0xff, 0x23, 0xff, 0x23, 0xff, 0x23, 
	0xff, 0x67, 0xff, 0x67, 0xff, 0x23, 0xf7, 0x21, 
	0xf7, 0x21, 0xf7, 0x23, 0xff, 0x67, 0xff, 0x69, 
	0xff, 0xab, 0xff, 0xad, 0xff, 0xab, 0xff, 0x69, 
	0xff, 0x67, 0xff, 0x25, 0xf7, 0x21, 0xf6, 0xdd, 
	0xff, 0x23, 0xff, 0x67, 0xff, 0x6b, 0xff, 0xad, 
	0xff, 0xab, 0xff, 0x6b, 0xff, 0x67, 0xff, 0x25, 
	0xf7, 0x23, 0xf7, 0x23, 0xff, 0x23, 0xff, 0x23, 
	0xff, 0x23, 0xff, 0x23, 0xff, 0x21, 0xff, 0x23, 
	0xff, 0x25, 0xff, 0x25, 0xff, 0x23, 0xff, 0x23, 
	0xff, 0x67, 0xff, 0x69, 0xff, 0x6b, 0xff, 0xad, 
	0xff, 0xad, 0xff, 0xad, 0xff, 0x6b, 0xff, 0x27, 
	0xff, 0x23, 0xf7, 0x21, 0xf6, 0xdf, 0xf6, 0xdb, 
	0xff, 0x6b, 0xff, 0xad, 0xff, 0xad, 0xff, 0xad, 
	0xff, 0x6b, 0xff, 0x67, 0xff, 0x65, 0xf7, 0x23, 
	0xff, 0x23, 0xff, 0x23, 0xff, 0x25, 0xff, 0x25, 
	0xff, 0x23, 0xff, 0x21, 0xf6, 0xdf, 0xff, 0x23, 
	0xff, 0x25, 0xff, 0x65, 0xff, 0x65, 0xff, 0x69, 
	0xff, 0x6b, 0xff, 0xad, 0xff, 0xaf, 0xff, 0xaf, 
	0xff, 0xad, 0xff, 0x6b, 0xff, 0x67, 0xff, 0x23, 
	0xf7, 0x23, 0xf7, 0x21, 0xff, 0x21, 0xff, 0x23, 
	0xff, 0xad, 0xff, 0xad, 0xff, 0xad, 0xff, 0xab, 
	0xff, 0x67, 0xff, 0x65, 0xf7, 0x63, 0xf7, 0x63, 
	0xff, 0x65, 0xff, 0x65, 0xff, 0x67, 0xff, 0x25, 
	0xff, 0x21, 0xff, 0x21, 0xff, 0x23, 0xff, 0x25, 
	0xff, 0x67, 0xff, 0x69, 0xff, 0x6b, 0xff, 0xaf, 
	0xff, 0xaf, 0xff, 0xaf, 0xff, 0xaf, 0xff, 0xaf, 
	0xff, 0xab, 0xff, 0x67, 0xff, 0x65, 0xf7, 0x23, 
	0xff, 0x23, 0xff, 0x25, 0xff, 0x27, 0xff, 0x69, 
	0xff, 0xad, 0xff, 0xad, 0xff, 0xab, 0xff, 0x67, 
	0xf7, 0x65, 0xf7, 0x63, 0xf7, 0x63, 0xff, 0x63, 
	0xff, 0x67, 0xff, 0x67, 0xff, 0x67, 0xff, 0x25, 
	0xff, 0x23, 0xff, 0x25, 0xff, 0x67, 0xff, 0x67, 
	0xff, 0x69, 0xff, 0xad, 0xff, 0xaf, 0xff, 0xb1, 
	0xff, 0xb1, 0xff, 0xaf, 0xff, 0xaf, 0xff, 0xad, 
	0xff, 0xa9, 0xff, 0x65, 0xff, 0x65, 0xff, 0x65, 
	0xff, 0x67, 0xff, 0x69, 0xff, 0x6b, 0xff, 0x6b, 
	0xff, 0xad, 0xff, 0xab, 0xff, 0x67, 0xf7, 0x65, 
	0xf7, 0x63, 0xf7, 0x63, 0xf7, 0x63, 0xff, 0x67, 
	0xff, 0x67, 0xff, 0x69, 0xff, 0x69, 0xff, 0x69, 
	0xff, 0x69, 0xff, 0x69, 0xff, 0x69, 0xff, 0x69, 
	0xff, 0x6b, 0xff, 0xaf, 0xff, 0xf1, 0xff, 0xf1, 
	0xff, 0xb1, 0xff, 0xaf, 0xff, 0xad, 0xff, 0xab, 
	0xff, 0xa7, 0xff, 0xa7, 0xff, 0xa7, 0xff, 0x69, 
	0xff, 0x6b, 0xff, 0x6b, 0xff, 0xab, 0xff, 0xad, 
	0xff, 0x69, 0xff, 0x67, 0xf7, 0x65, 0xf7, 0x63, 
	0xf7, 0x63, 0xf7, 0x65, 0xff, 0x67, 0xff, 0x69, 
	0xff, 0xab, 0xff, 0xab, 0xff, 0xad, 0xff, 0xad, 
	0xff, 0xab, 0xff, 0x69, 0xff, 0x67, 0xff, 0x67, 
	0xff, 0x6b, 0xff, 0xaf, 0xff, 0xaf, 0xff, 0xaf, 
	0xff, 0xad, 0xff, 0xad, 0xff, 0x6b, 0xff, 0x69, 
	0xff, 0xa7, 0xff, 0xa9, 0xff, 0xa9, 0xff, 0xab, 
	0xff, 0xad, 0xff, 0xab, 0xff, 0xab, 0xff, 0x6b, 
	0xff, 0x67, 0xf7, 0x65, 0xef, 0x23, 0xef, 0x23, 
	0xf7, 0x65, 0xff, 0x67, 0xff, 0x6b, 0xff, 0xad, 
	0xff, 0xad, 0xff, 0xad, 0xff, 0xaf, 0xff, 0xab, 
	0xff, 0x69, 0xff, 0x67, 0xff, 0x25, 0xff, 0x67, 
	0xff, 0x6b, 0xff, 0xad, 0xff, 0xad, 0xff, 0x6b, 
	0xff, 0x69, 0xff, 0x69, 0xff, 0x67, 0xff, 0x67, 
	0xff, 0x69, 0xff, 0x6b, 0xff, 0xad, 0xff, 0xad, 
	0xff, 0xad, 0xff, 0xad, 0xff, 0x6b, 0xff, 0x69, 
	0xf7, 0x63, 0xef, 0x21, 0xef, 0x23, 0xf7, 0x65, 
	0xff, 0x69, 0xff, 0xab, 0xff, 0xad, 0xff, 0xad, 
	0xff, 0xad, 0xff, 0xad, 0xff, 0xab, 0xff, 0x69, 
	0xff, 0x25, 0xff, 0x23, 0xff, 0x23, 0xff, 0x27, 
	0xff, 0x69, 0xff, 0x69, 0xff, 0x67, 0xff, 0x67, 
	0xff, 0x25, 0xff, 0x25, 0xff, 0x25, 0xff, 0x67, 
	0xff, 0x69, 0xff, 0x6b, 0xff, 0xad, 0xff, 0xaf, 
	0xff, 0xad, 0xff, 0x6b, 0xff, 0x67, 0xff, 0x65, 
	0xef, 0x21, 0xef, 0x21, 0xf7, 0x23, 0xff, 0x67, 
	0xff, 0x6b, 0xff, 0xad, 0xff, 0xaf, 0xff, 0xad, 
	0xff, 0xad, 0xff, 0x6b, 0xff, 0x69, 0xff, 0x25, 
	0xff, 0x23, 0xff, 0x21, 0xff, 0x23, 0xff, 0x27, 
	0xff, 0x27, 0xff, 0x25, 0xf7, 0x25, 0xf7, 0x23, 
	0xf7, 0x23, 0xff, 0x25, 0xff, 0x27, 0xff, 0x69, 
	0xff, 0x6b, 0xff, 0xad, 0xff, 0xad, 0xff, 0x6d, 
	0xff, 0x6b, 0xff, 0x27, 0xf7, 0x23, 0xf7, 0x21, 
	0xef, 0x21, 0xf7, 0x23, 0xff, 0x27, 0xff, 0x6b, 
	0xff, 0xad, 0xff, 0xef, 0xff, 0xaf, 0xff, 0x6d, 
	0xff, 0x69, 0xff, 0x67, 0xff, 0x25, 0xff, 0x23, 
	0xf7, 0x21, 0xf7, 0x21, 0xff, 0x23, 0xff, 0x25, 
	0xff, 0x23, 0xf7, 0x21, 0xef, 0x21, 0xf7, 0x63, 
	0xff, 0x27, 0xff, 0x69, 0xff, 0x6b, 0xff, 0xad, 
	0xff, 0xad, 0xff, 0x6d, 0xff, 0x6b, 0xff, 0x6b, 
	0xff, 0x67, 0xf7, 0x23, 0xef, 0x1d, 0xe7, 0x1d, 
	0xff, 0x25, 0xff, 0x69, 0xff, 0x6d, 0xff, 0xaf, 
	0xff, 0xaf, 0xff, 0xaf, 0xff, 0x6d, 0xff, 0x69, 
	0xff, 0x25, 0xff, 0x23, 0xff, 0x21, 0xf7, 0x21, 
	0xf7, 0x21, 0xff, 0x23, 0xff, 0x23, 0xff, 0x23, 
	0xf7, 0x21, 0xf7, 0x21, 0xf7, 0x23, 0xff, 0x67, 
	0xff, 0x6b, 0xff, 0x6d, 0xff, 0xaf, 0xff, 0xad, 
	0xff, 0x6d, 0xff, 0x6b, 0xff, 0x69, 0xff, 0x67, 
	0xf7, 0x23, 0xef, 0x1f, 0xef, 0x1f, 0xef, 0x21, 
	0xff, 0x6b, 0xff, 0xad, 0xff, 0xaf, 0xff, 0xaf, 
	0xff, 0xad, 0xff, 0x6b, 0xff, 0x69, 0xff, 0x25, 
	0xff, 0x23, 0xf7, 0x21, 0xf7, 0x1f, 0xf7, 0x21, 
	0xff, 0x23, 0xff, 0x25, 0xff, 0x23, 0xf7, 0x23, 
	0xf7, 0x23, 0xff, 0x25, 0xff, 0x67, 0xff, 0x6b, 
	0xff, 0xad, 0xff, 0xaf, 0xff, 0xaf, 0xff, 0xad, 
	0xff, 0x6b, 0xff, 0x69, 0xff, 0x27, 0xf7, 0x25, 
	0xef, 0x21, 0xef, 0x21, 0xef, 0x21, 0xff, 0x65, 
	0xff, 0xaf, 0xff, 0xb1, 0xff, 0xb1, 0xff, 0xad, 
	0xff, 0x6b, 0xff, 0x67, 0xff, 0x25, 0xff, 0x21, 
	0xf7, 0x21, 0xf7, 0x1f, 0xf7, 0x21, 0xff, 0x23, 
	0xff, 0x23, 0xff, 0x25, 0xff, 0x23, 0xff, 0x23, 
	0xff, 0x25, 0xff, 0x27, 0xff, 0x6b, 0xff, 0xad, 
	0xff, 0xaf, 0xff, 0xaf, 0xff, 0xad, 0xff, 0x6b, 
	0xff, 0x69, 0xff, 0x27, 0xff, 0x25, 0xf7, 0x21, 
	0xf7, 0x21, 0xf7, 0x23, 0xff, 0x27, 0xff, 0x6b, 
	0xff, 0xaf, 0xff, 0xaf, 0xff, 0xad, 0xff, 0x69, 
	0xff, 0x25, 0xff, 0x23, 0xff, 0x21, 0xf7, 0x21, 
	0xf7, 0x21, 0xff, 0x21, 0xff, 0x23, 0xff, 0x23, 
	0xff, 0x23, 0xff, 0x23, 0xfe, 0xe3, 0xff, 0x23, 
	0xff, 0x27, 0xff, 0x6b, 0xff, 0x6d, 0xff, 0xaf, 
	0xff, 0xaf, 0xff, 0xad, 0xff, 0x6b, 0xff, 0x69, 
	0xff, 0x25, 0xf7, 0x23, 0xf7, 0x21, 0xf7, 0x23, 
	0xff, 0x25, 0xff, 0x67, 0xff, 0x6b, 0xff, 0xaf, 
	0xff, 0xad, 0xff, 0x6b, 0xff, 0x69, 0xff, 0x25, 
	0xff, 0x23, 0xff, 0x21, 0xf7, 0x21, 0xff, 0x21, 
	0xff, 0x23, 0xff, 0x23, 0xff, 0x23, 0xff, 0x23, 
	0xff, 0x23, 0xfe, 0xe1, 0xfe, 0xe3, 0xff, 0x25, 
	0xff, 0x69, 0xff, 0x6d, 0xff, 0xad, 0xff, 0xad, 
	0xff, 0xad, 0xff, 0x6b, 0xff, 0x69, 0xff, 0x25, 
	0xf7, 0x23, 0xf7, 0x1f, 0xf7, 0x23, 0xff, 0x25, 
	0xff, 0x69, 0xff, 0x6d, 0xff, 0xaf, 0xff, 0xaf, 
	0xff, 0x69, 0xff, 0x67, 0xff, 0x25, 0xf7, 0x23, 
	0xf7, 0x21, 0xff, 0x21, 0xff, 0x23, 0xff, 0x25, 
	0xff, 0x25, 0xff, 0x25, 0xff, 0x23, 0xff, 0x23, 
	0xfe, 0xe1, 0xfe, 0xe1, 0xff, 0x23, 0xff, 0x27, 
	0xff, 0x6b, 0xff, 0xad, 0xff, 0xad, 0xff, 0xad, 
	0xff, 0xad, 0xff, 0x69, 0xff, 0x27, 0xf7, 0x23, 
	0xf7, 0x21, 0xf7, 0x21, 0xff, 0x25, 0xff, 0x69, 
	0xff, 0x6d, 0xff, 0xad, 0xff, 0xad, 0xff, 0x6d, 
	0xff, 0x25, 0xff, 0x23, 0xf7, 0x21, 0xf7, 0x21, 
	0xf7, 0x21, 0xff, 0x23, 0xff, 0x27, 0xff, 0x67, 
	0xff, 0x27, 0xff, 0x25, 0xff, 0x23, 0xf6, 0xe1, 
	0xf6, 0xe1, 0xfe, 0xe1, 0xff, 0x25, 0xff, 0x69, 
	0xff, 0xad, 0xff, 0xad, 0xff, 0xad, 0xff, 0xad, 
	0xff, 0x6b, 0xff, 0x67, 0xff, 0x25, 0xf7, 0x23, 
	0xf7, 0x21, 0xf7, 0x23, 0xff, 0x69, 0xff, 0x6b, 
	0xff, 0xad, 0xff, 0xad, 0xff, 0x6b, 0xff, 0x67, 
	0xf7, 0x21, 0xf7, 0x21, 0xf7, 0x21, 0xf7, 0x21, 
	0xff, 0x25, 0xff, 0x27, 0xff, 0x67, 0xff, 0x67, 
	0xff, 0x27, 0xff, 0x25, 0xf7, 0x21, 0xf6, 0xdf, 
	0xf6, 0xdf, 0xff, 0x23, 0xff, 0x27, 0xff, 0x6b, 
	0xff, 0xad, 0xff, 0xad, 0xff, 0xad, 0xff, 0x6b, 
	0xff, 0x67, 0xff, 0x25, 0xff, 0x23, 0xf7, 0x23, 
	0xf7, 0x23, 0xff, 0x27, 0xff, 0x6b, 0xff, 0xad, 
	0xff, 0xad, 0xff, 0x6b, 0xff, 0x69, 0xff, 0x25, 
	0xf6, 0xdd, 0xf7, 0x1f, 0xff, 0x21, 0xff, 0x25, 
	0xff, 0x67, 0xff, 0x69, 0xff, 0x69, 0xff, 0x67, 
	0xff, 0x25, 0xff, 0x23, 0xf6, 0xdf, 0xf7, 0x1d, 
	0xf6, 0xdf, 0xff, 0x23, 0xff, 0x27, 0xff, 0x69, 
	0xff, 0x6b, 0xff, 0x6b, 0xff, 0x69, 0xff, 0x27, 
	0xff, 0x25, 0xff, 0x23, 0xff, 0x23, 0xff, 0x25, 
	0xff, 0x25, 0xff, 0x67, 0xff, 0x69, 0xff, 0x6b, 
	0xff, 0x6b, 0xff, 0x69, 0xff, 0x27, 0xf6, 0xe1, 
	0xf7, 0x1d, 0xff, 0x21, 0xff, 0x25, 0xff, 0x69, 
	0xff, 0x69, 0xff, 0x69, 0xff, 0x67, 0xff, 0x25, 
	0xff, 0x23, 0xf6, 0xdf, 0xf7, 0x1b, 0xf7, 0x1b, 
	0xf6, 0xdf, 0xff, 0x23, 0xff, 0x25, 0xff, 0x25, 
	0xff, 0x27, 0xff, 0x25, 0xff, 0x25, 0xff, 0x23, 
	0xff, 0x25, 0xff, 0x27, 0xff, 0x27, 0xff, 0x67, 
	0xff, 0x67, 0xff, 0x67, 0xff, 0x67, 0xff, 0x67, 
	0xff, 0x27, 0xff, 0x25, 0xf7, 0x23, 0xf7, 0x1f, 
	0xff, 0x23, 0xff, 0x27, 0xff, 0x69, 0xff, 0x6b, 
	0xff, 0x6b, 0xff, 0x67, 0xff, 0x25, 0xff, 0x23, 
	0xf6, 0xdf, 0xf6, 0xdd, 0xf6, 0xd9, 0xf6, 0xd9, 
	0xf6, 0xdf, 0xfe, 0xe1, 0xff, 0x21, 0xff, 0x23, 
	0xf7, 0x21, 0xf7, 0x21, 0xff, 0x23, 0xff, 0x27, 
	0xff, 0x69, 0xff, 0x6b, 0xff, 0x69, 0xff, 0x69, 
	0xff, 0x67, 0xff, 0x25, 0xff, 0x25, 0xff, 0x23, 
	0xf7, 0x21, 0xf7, 0x21, 0xf7, 0x1f, 0xf7, 0x1f, 
	0xff, 0x69, 0xff, 0x6b, 0xff, 0x6b, 0xff, 0x69, 
	0xff, 0x67, 0xff, 0x25, 0xff, 0x23, 0xf6, 0xdf, 
	0xee, 0xdb, 0xee, 0xd9, 0xee, 0xd9, 0xf6, 0xdb, 
	0xf6, 0xdf, 0xfe, 0xdf, 0xfe, 0xe1, 0xf6, 0xe1, 
	0xf6, 0xe1, 0xff, 0x23, 0xff, 0x27, 0xff, 0x69, 
	0xff, 0xab, 0xff, 0x6b, 0xff, 0x6b, 0xff, 0x69, 
	0xff, 0x25, 0xff, 0x23, 0xf6, 0xe1, 0xf7, 0x1f, 
	0xf7, 0x1f, 0xf7, 0x1f, 0xf7, 0x21, 0xff, 0x23, 
	0xff, 0x6b, 0xff, 0x6b, 0xff, 0x69, 0xff, 0x67, 
	0xff, 0x25, 0xff, 0x21, 0xf6, 0xdf, 0xf6, 0xdb, 
	0xee, 0xd9, 0xee, 0xd9, 0xee, 0xd9, 0xf6, 0xdd, 
	0xf6, 0xdf, 0xfe, 0xdf, 0xfe, 0xe1, 0xfe, 0xe1, 
	0xff, 0x23, 0xff, 0x27, 0xff, 0x69, 0xff, 0x6b, 
	0xff, 0x6b, 0xff, 0x6b, 0xff, 0x69, 0xff, 0x27, 
	0xff, 0x23, 0xf6, 0xdf, 0xf7, 0x1d, 0xf7, 0x1d, 
	0xf7, 0x1f, 0xf7, 0x21, 0xff, 0x25, 0xff, 0x67, 
	0xff, 0x6b, 0xff, 0x69, 0xff, 0x67, 0xff, 0x25, 
	0xff, 0x21, 0xf6, 0xdf, 0xf7, 0x1b, 0xee, 0xd9, 
	0xe6, 0xd9, 0xee, 0xd9, 0xf6, 0xdb, 0xf6, 0xdd, 
	0xfe, 0xdf, 0xfe, 0xe1, 0xff, 0x23, 0xff, 0x25, 
	0xff, 0x27, 0xff, 0x69, 0xff, 0x6b, 0xff, 0x6b, 
	0xff, 0x6b, 0xff, 0x69, 0xff, 0x27, 0xff, 0x23, 
	0xf6, 0xe1, 0xf6, 0xdd, 0xf7, 0x1d, 0xf7, 0x1f, 
	0xff, 0x23, 0xff, 0x25, 0xff, 0x67, 0xff, 0x69, 
	0xff, 0x69, 0xff, 0x27, 0xff, 0x25, 0xff, 0x23, 
	0xf6, 0xdf, 0xf6, 0xdd, 0xf7, 0x19, 0xe6, 0xd9, 
	0xe6, 0xd9, 0xee, 0xdb, 0xf6, 0xdf, 0xfe, 0xe1, 
	0xff, 0x23, 0xff, 0x23, 0xff, 0x25, 0xff, 0x27, 
	0xff, 0x67, 0xff, 0x69, 0xff, 0x69, 0xff, 0x6b, 
	0xff, 0x69, 0xff, 0x27, 0xff, 0x23, 0xf6, 0xdf, 
	0xf6, 0xdd, 0xf6, 0xdd, 0xf7, 0x1f, 0xff, 0x23, 
	0xff, 0x25, 0xff, 0x67, 0xff, 0x69, 0xff, 0x69, 
	0xff, 0x27, 0xff, 0x25, 0xff, 0x23, 0xfe, 0xe1, 
	0xf6, 0xdd, 0xf7, 0x1b, 0xef, 0x19, 0xef, 0x19, 
	0xee, 0xdb, 0xf6, 0xdf, 0xff, 0x21, 0xff, 0x23, 
	0xff, 0x25, 0xff, 0x25, 0xff, 0x25, 0xff, 0x27, 
	0xff, 0x27, 0xff, 0x67, 0xff, 0x69, 0xff, 0x69, 
	0xff, 0x69, 0xff, 0x25, 0xfe, 0xe1, 0xf6, 0xdd, 
	0xf6, 0xdd, 0xf6, 0xdd, 0xff, 0x21, 0xff, 0x27, 
	0xff, 0x69, 0xff, 0x69, 0xff, 0x69, 0xff, 0x67, 
	0xff, 0x25, 0xff, 0x23, 0xff, 0x21, 0xf6, 0xdf, 
	0xf6, 0xdd, 0xf7, 0x19, 0xef, 0x19, 0xf7, 0x1b, 
	0xf6, 0xdf, 0xff, 0x23, 0xff, 0x23, 0xff, 0x25, 
	0xff, 0x25, 0xff, 0x25, 0xff, 0x23, 0xff, 0x25, 
	0xff, 0x25, 0xff, 0x67, 0xff, 0x69, 0xff, 0x69, 
	0xff, 0x27, 0xff, 0x21, 0xf6, 0xdf, 0xf6, 0xdd, 
	0xf6, 0xdd, 0xf6, 0xe1, 0xff, 0x23, 0xff, 0x27, 
	0xff, 0x69, 0xff, 0x69, 0xff, 0x67, 0xff, 0x25, 
	0xff, 0x23, 0xff, 0x23, 0xf7, 0x1f, 0xf6, 0xdd, 
	0xf7, 0x1b, 0xf7, 0x1b, 0xf7, 0x1d, 0xf7, 0x21, 
	0xff, 0x23, 0xff, 0x25, 0xff, 0x25, 0xff, 0x25, 
	0xff, 0x23, 0xff, 0x21, 0xfe, 0xe1, 0xff, 0x23, 
	0xff, 0x25, 0xff, 0x27, 0xff, 0x67, 0xff, 0x25, 
	0xff, 0x23, 0xf6, 0xdf, 0xf6, 0xdd, 0xf6, 0xdd, 
	0xf6, 0xdf, 0xff, 0x23, 0xff, 0x27, 0xff, 0x67, 
	0xff, 0x69, 0xff, 0x67, 0xff, 0x25, 0xff, 0x25, 
	0xff, 0x23, 0xf7, 0x1f, 0xf7, 0x1d, 0xef, 0x1b, 
	0xef, 0x1b, 0xf7, 0x1d, 0xf7, 0x21, 0xff, 0x25, 
	0xff, 0x67, 0xff, 0x67, 0xff, 0x25, 0xff, 0x23, 
	0xf6, 0xe1, 0xf7, 0x1f, 0xff, 0x21, 0xff, 0x23, 
	0xff, 0x25, 0xff, 0x25, 0xff, 0x25, 0xff, 0x23, 
	0xf6, 0xdf, 0xf6, 0xdd, 0xf6, 0xdb, 0xf7, 0x1f, 
	0xff, 0x23, 0xff, 0x25, 0xff, 0x67, 0xff, 0x69, 
	0xff, 0x67, 0xff, 0x27, 0xff, 0x25, 0xff, 0x25, 
	0xf7, 0x21, 0xf7, 0x1d, 0xf7, 0x1b, 0xf7, 0x1b, 
	0xf7, 0x1d, 0xf7, 0x21, 0xff, 0x25, 0xff, 0x69, 
	0xff, 0x69, 0xff, 0x67, 0xff, 0x23, 0xff, 0x21, 
	0xf7, 0x1d, 0xf7, 0x1f, 0xff, 0x21, 0xff, 0x23, 
	0xff, 0x25, 0xff, 0x25, 0xff, 0x23, 0xfe, 0xe1, 
	0xf6, 0xdd, 0xf6, 0xdb, 0xf6, 0xdb, 0xf7, 0x21, 
	0xff, 0x25, 0xff, 0x67, 0xff, 0x67, 0xff, 0x69, 
	0xff, 0x69, 0xff, 0x67, 0xff, 0x27, 0xff, 0x27, 
	
};

Gfx castle_grounds_dl_castle_grounds_textures_0B400_rgba16_rgba16_aligner[] = {gsSPEndDisplayList()};
u8 castle_grounds_dl_castle_grounds_textures_0B400_rgba16_rgba16[] = {
	0x8a, 0x05, 0xa2, 0x43, 0xd4, 0x4f, 0xdc, 0xd5, 
	0xdc, 0xd3, 0xdc, 0x8f, 0xdc, 0x8d, 0xdc, 0x4b, 
	0xdc, 0x07, 0xdb, 0x87, 0xcb, 0x49, 0xd3, 0xcb, 
	0xdc, 0x91, 0xdc, 0x4b, 0xd3, 0x47, 0xdc, 0x8f, 
	0xe4, 0x8d, 0xe4, 0x8f, 0xd3, 0xcb, 0xdc, 0x4f, 
	0xdc, 0x0b, 0xdc, 0x4d, 0xd3, 0x87, 0xd4, 0x0b, 
	0xd3, 0xcb, 0xdc, 0x0d, 0xdc, 0x4b, 0xd3, 0x8b, 
	0xd3, 0xcb, 0xdc, 0x0d, 0xe4, 0xcf, 0xdc, 0x49, 
	0x8a, 0x03, 0xaa, 0x83, 0xd4, 0x91, 0xdc, 0xd5, 
	0xdc, 0xd5, 0xdc, 0x91, 0xdc, 0x8f, 0xdc, 0x4b, 
	0xdc, 0x49, 0xdb, 0xc7, 0xcb, 0x47, 0xcb, 0x8b, 
	0xdc, 0x91, 0xe4, 0x8b, 0xd3, 0x87, 0xdc, 0x4f, 
	0xe4, 0x8d, 0xdc, 0x8f, 0xd3, 0xc9, 0xdc, 0x4f, 
	0xdc, 0x0b, 0xdc, 0x4d, 0xd3, 0x87, 0xd4, 0x0b, 
	0xd3, 0xcb, 0xdc, 0x0d, 0xdc, 0x0b, 0xd3, 0xcb, 
	0xd3, 0xcb, 0xdc, 0x0d, 0xe4, 0xcf, 0xdc, 0x49, 
	0x8a, 0x03, 0xaa, 0xc5, 0xd4, 0x93, 0xd4, 0x93, 
	0xdc, 0xd3, 0xdc, 0xd3, 0xdc, 0xd1, 0xdc, 0x8f, 
	0xdc, 0x8d, 0xdc, 0x09, 0xd3, 0x87, 0xd3, 0x89, 
	0xd4, 0x4f, 0xe4, 0x8d, 0xd3, 0x87, 0xdc, 0x51, 
	0xe4, 0x8d, 0xdc, 0x8f, 0xdc, 0x0b, 0xdc, 0x4f, 
	0xdc, 0x4b, 0xdc, 0x4d, 0xd3, 0x87, 0xd3, 0xcb, 
	0xdc, 0x0b, 0xdc, 0x0d, 0xdc, 0x0b, 0xd3, 0xcb, 
	0xd3, 0xcb, 0xdc, 0x0d, 0xe4, 0xcf, 0xe4, 0x8b, 
	0x92, 0x43, 0xab, 0x47, 0xcc, 0x93, 0xd4, 0x51, 
	0xdc, 0x93, 0xdc, 0xd3, 0xe4, 0xd5, 0xdc, 0x91, 
	0xe4, 0xd1, 0xe4, 0x49, 0xdb, 0x87, 0xd3, 0x89, 
	0xd4, 0x0d, 0xdc, 0x8d, 0xd3, 0x87, 0xdc, 0x0f, 
	0xe4, 0x8d, 0xe4, 0xd1, 0xdb, 0xc9, 0xdc, 0x4f, 
	0xe4, 0x4b, 0xdc, 0x4d, 0xd3, 0x89, 0xd3, 0xcb, 
	0xdc, 0x0b, 0xdc, 0x0d, 0xdc, 0x4d, 0xd3, 0xcb, 
	0xd3, 0xcb, 0xdc, 0x0d, 0xe4, 0xcf, 0xe4, 0x8b, 
	0x92, 0x83, 0xb3, 0x4b, 0xcc, 0x11, 0xd4, 0x0f, 
	0xdc, 0x91, 0xdc, 0xd3, 0xe4, 0xd3, 0xdc, 0xd3, 
	0xe4, 0xd3, 0xe4, 0x4b, 0xdb, 0xc7, 0xd3, 0x87, 
	0xd3, 0xcb, 0xdc, 0x8f, 0xd3, 0x87, 0xd4, 0x0d, 
	0xe4, 0x8d, 0xe4, 0xd1, 0xdb, 0xcb, 0xdc, 0x4f, 
	0xdc, 0x4b, 0xdc, 0x4d, 0xd3, 0x89, 0xd3, 0xcb, 
	0xdc, 0x0b, 0xdc, 0x0d, 0xdc, 0x4d, 0xd3, 0xcb, 
	0xd3, 0xc9, 0xd4, 0x0b, 0xe4, 0xcf, 0xe4, 0x8b, 
	0x9a, 0xc7, 0xab, 0x4b, 0xc3, 0xcd, 0xcc, 0x0d, 
	0xd4, 0x51, 0xdc, 0x93, 0xdc, 0xd3, 0xdc, 0x93, 
	0xdc, 0x93, 0xe4, 0x8f, 0xdc, 0x09, 0xd3, 0x87, 
	0xd3, 0x8b, 0xdc, 0x91, 0xdb, 0xc7, 0xd4, 0x0d, 
	0xe4, 0x8f, 0xe4, 0xd1, 0xdc, 0x0b, 0xdc, 0x4f, 
	0xe4, 0x4b, 0xdc, 0x4d, 0xd3, 0xc9, 0xd3, 0xcb, 
	0xdc, 0x4b, 0xdc, 0x0d, 0xdc, 0x4d, 0xd3, 0xcb, 
	0xd3, 0x89, 0xdc, 0x0d, 0xe4, 0xcf, 0xe4, 0x8b, 
	0x9b, 0x0b, 0xab, 0x4b, 0xc3, 0x8b, 0xcb, 0xcb, 
	0xd4, 0x0d, 0xdc, 0x51, 0xdc, 0x93, 0xdc, 0x51, 
	0xdc, 0x91, 0xe4, 0xd1, 0xe4, 0x49, 0xd3, 0x87, 
	0xcb, 0x49, 0xdc, 0x8f, 0xdc, 0x09, 0xd3, 0xcb, 
	0xe4, 0x8d, 0xe4, 0x8f, 0xdc, 0x0b, 0xdc, 0x4f, 
	0xe4, 0x4b, 0xdc, 0x4d, 0xd3, 0xcb, 0xd3, 0x8b, 
	0xdc, 0x4b, 0xdc, 0x0d, 0xdc, 0x4d, 0xd3, 0xcb, 
	0xd3, 0x89, 0xdc, 0x0d, 0xe4, 0xcf, 0xe4, 0x8b, 
	0x92, 0xc9, 0xab, 0x09, 0xc3, 0x49, 0xcb, 0x89, 
	0xd3, 0xcd, 0xd4, 0x0f, 0xdc, 0x91, 0xdc, 0x51, 
	0xdc, 0x51, 0xdc, 0xd3, 0xe4, 0x8d, 0xdb, 0x87, 
	0xcb, 0x07, 0xdc, 0x4f, 0xdc, 0x09, 0xd3, 0xcb, 
	0xe4, 0x8d, 0xe4, 0xcf, 0xdc, 0x0b, 0xdc, 0x4f, 
	0xe4, 0x4b, 0xdc, 0x0b, 0xd3, 0xcb, 0xd3, 0x8b, 
	0xdc, 0x4d, 0xdc, 0x0d, 0xdc, 0x4d, 0xdc, 0x0b, 
	0xd3, 0x89, 0xdc, 0x0b, 0xe4, 0xcf, 0xe4, 0x8b, 
	0x92, 0x87, 0xa2, 0xc7, 0xc3, 0x89, 0xd3, 0xc9, 
	0xd3, 0xcb, 0xd4, 0x0d, 0xdc, 0x4f, 0xd4, 0x4f, 
	0xd4, 0x0f, 0xdc, 0x93, 0xdc, 0x8f, 0xdb, 0xc7, 
	0xcb, 0x07, 0xdc, 0x0d, 0xdc, 0x4b, 0xd3, 0xcb, 
	0xe4, 0xcf, 0xe4, 0xcf, 0xdc, 0x0b, 0xdc, 0x4d, 
	0xe4, 0x8d, 0xdc, 0x0b, 0xdc, 0x0b, 0xd3, 0x89, 
	0xdc, 0x8d, 0xdc, 0x0d, 0xdc, 0x4d, 0xdc, 0x0b, 
	0xd3, 0x89, 0xd3, 0xcb, 0xe4, 0x8f, 0xe4, 0x8b, 
	0x8a, 0x45, 0xa2, 0x45, 0xcb, 0x89, 0xd3, 0xc9, 
	0xd3, 0xc9, 0xd3, 0xc9, 0xd4, 0x0d, 0xd4, 0x0f, 
	0xd3, 0xcb, 0xdc, 0x4f, 0xdc, 0xd1, 0xdc, 0x09, 
	0xcb, 0x07, 0xd3, 0xcd, 0xdc, 0x4b, 0xd3, 0x89, 
	0xe4, 0x8f, 0xe4, 0x8f, 0xdc, 0x4b, 0xdc, 0x4f, 
	0xe4, 0x8d, 0xdc, 0x0b, 0xdc, 0x09, 0xd3, 0x89, 
	0xe4, 0x8d, 0xdc, 0x0b, 0xdc, 0x4d, 0xdc, 0x0d, 
	0xd3, 0x89, 0xd3, 0xc9, 0xe4, 0x8f, 0xe4, 0x8b, 
	0x8a, 0x03, 0xa2, 0x85, 0xcb, 0xc9, 0xdc, 0x09, 
	0xdb, 0xc9, 0xdb, 0xc9, 0xd3, 0xcb, 0xd3, 0xcd, 
	0xd3, 0xcb, 0xdc, 0x0d, 0xdc, 0xd3, 0xdc, 0x4b, 
	0xcb, 0x05, 0xd3, 0x8b, 0xe4, 0x8d, 0xd3, 0x89, 
	0xe4, 0x8f, 0xe4, 0x8f, 0xdc, 0x4b, 0xdc, 0x4f, 
	0xe4, 0x8d, 0xdc, 0x0b, 0xdc, 0x0b, 0xd3, 0x49, 
	0xe4, 0x8f, 0xdc, 0x0b, 0xdc, 0x4d, 0xdc, 0x0b, 
	0xd3, 0x89, 0xd3, 0xcb, 0xe4, 0xd1, 0xe4, 0x8d, 
	0x8a, 0x03, 0xa2, 0x85, 0xcb, 0xc9, 0xdc, 0x09, 
	0xdc, 0x09, 0xdc, 0x09, 0xd3, 0xc9, 0xd3, 0xcb, 
	0xd3, 0x89, 0xd4, 0x0d, 0xdc, 0x91, 0xdc, 0x4d, 
	0xcb, 0x07, 0xcb, 0x8b, 0xe4, 0x8d, 0xd3, 0x89, 
	0xe4, 0x8f, 0xe4, 0xcf, 0xdc, 0x4b, 0xdc, 0x4d, 
	0xe4, 0x8d, 0xdc, 0x0b, 0xdc, 0x0b, 0xd3, 0x87, 
	0xe4, 0x8f, 0xdc, 0x0b, 0xe4, 0x4d, 0xdc, 0x0b, 
	0xd3, 0x89, 0xd3, 0xcb, 0xe4, 0xd1, 0xe4, 0xcd, 
	0x92, 0x43, 0xaa, 0xc5, 0xcc, 0x0b, 0xdc, 0x49, 
	0xe4, 0x49, 0xe4, 0x4b, 0xdb, 0xc9, 0xdb, 0xc9, 
	0xd3, 0x89, 0xd3, 0xcb, 0xdc, 0x4f, 0xdc, 0x8d, 
	0xd3, 0x47, 0xcb, 0x49, 0xdc, 0x8d, 0xd3, 0xc9, 
	0xe4, 0x8f, 0xe4, 0x8f, 0xe4, 0x4b, 0xdc, 0x4d, 
	0xe4, 0x8d, 0xdc, 0x0b, 0xdc, 0x0b, 0xd3, 0x89, 
	0xe4, 0x8f, 0xdc, 0x0d, 0xe4, 0x8d, 0xdc, 0x0b, 
	0xd3, 0x49, 0xd3, 0xcb, 0xe4, 0xd3, 0xe4, 0xcf, 
	0x8a, 0x43, 0xab, 0x05, 0xd4, 0x8f, 0xdc, 0x8d, 
	0xe4, 0x4b, 0xe4, 0x49, 0xdc, 0x09, 0xdb, 0xc9, 
	0xdb, 0xc7, 0xd3, 0xc9, 0xdc, 0x4f, 0xe4, 0x8d, 
	0xdb, 0x87, 0xcb, 0x49, 0xdc, 0x8d, 0xdb, 0xc9, 
	0xe4, 0x8f, 0xe4, 0x8f, 0xe4, 0x4b, 0xdc, 0x4d, 
	0xe4, 0x8d, 0xdc, 0x0b, 0xdc, 0x4b, 0xd3, 0x47, 
	0xe4, 0x8f, 0xdc, 0x0d, 0xe4, 0x8f, 0xdc, 0x0b, 
	0xd3, 0x89, 0xd3, 0xcb, 0xe5, 0x13, 0xe4, 0xcf, 
	0x92, 0x85, 0xab, 0x47, 0xd4, 0xd3, 0xdc, 0xd1, 
	0xe4, 0x8d, 0xe4, 0x49, 0xe4, 0x09, 0xdc, 0x09, 
	0xdb, 0xc9, 0xd3, 0x89, 0xd4, 0x0d, 0xdc, 0x8f, 
	0xdb, 0xc7, 0xcb, 0x49, 0xdc, 0x8d, 0xdb, 0xc9, 
	0xe4, 0x8f, 0xe4, 0x8f, 0xe4, 0x4b, 0xdc, 0x4d, 
	0xe4, 0x8d, 0xdc, 0x0b, 0xdc, 0x4b, 0xcb, 0x47, 
	0xe4, 0x8f, 0xdc, 0x0b, 0xe4, 0x8d, 0xdc, 0x4b, 
	0xd3, 0x89, 0xd3, 0x89, 0xe5, 0x15, 0xec, 0xd1, 
	0x92, 0xc9, 0xb3, 0x8b, 0xdc, 0xd5, 0xdc, 0xd3, 
	0xe4, 0xd1, 0xe4, 0x8b, 0xe4, 0x49, 0xdc, 0x09, 
	0xdc, 0x09, 0xd3, 0x87, 0xd3, 0xcb, 0xdc, 0x8f, 
	0xdc, 0x09, 0xcb, 0x47, 0xdc, 0x8d, 0xdc, 0x09, 
	0xe4, 0x8f, 0xe4, 0x8f, 0xe4, 0x4b, 0xdc, 0x0b, 
	0xe4, 0x8d, 0xdc, 0x4b, 0xdc, 0x4b, 0xd3, 0x47, 
	0xe4, 0x8d, 0xdc, 0x4b, 0xe4, 0x8d, 0xdc, 0x0b, 
	0xd3, 0x89, 0xd3, 0x89, 0xed, 0x15, 0xed, 0x11, 
	0x9b, 0x4b, 0xb3, 0xcd, 0xd4, 0x93, 0xdc, 0xd5, 
	0xe5, 0x15, 0xe4, 0xcf, 0xe4, 0x49, 0xe4, 0x09, 
	0xdc, 0x07, 0xdb, 0xc7, 0xd3, 0x89, 0xdc, 0x4f, 
	0xdc, 0x4b, 0xcb, 0x47, 0xdc, 0x4d, 0xdc, 0x0b, 
	0xe4, 0x91, 0xe4, 0x8d, 0xe4, 0x4b, 0xdc, 0x0b, 
	0xe4, 0xcf, 0xdc, 0x4b, 0xdc, 0x4d, 0xd3, 0x47, 
	0xdc, 0x8f, 0xdc, 0x4d, 0xe4, 0x8f, 0xdc, 0x0b, 
	0xd3, 0x89, 0xcb, 0x49, 0xed, 0x15, 0xed, 0x13, 
	0x9b, 0x0b, 0xb3, 0x8d, 0xd4, 0x93, 0xdc, 0xd3, 
	0xe5, 0x15, 0xe5, 0x13, 0xe4, 0x8d, 0xe4, 0x49, 
	0xe4, 0x49, 0xdb, 0xc7, 0xd3, 0x47, 0xd4, 0x0d, 
	0xdc, 0x4b, 0xd3, 0x47, 0xdc, 0x4d, 0xdc, 0x09, 
	0xe4, 0x8f, 0xe4, 0x8f, 0xe4, 0x4b, 0xdc, 0x0b, 
	0xe4, 0xcf, 0xdc, 0x4b, 0xe4, 0x4d, 0xd3, 0x47, 
	0xdc, 0x8d, 0xdc, 0x4b, 0xe4, 0x8f, 0xdc, 0x0b, 
	0xd3, 0x49, 0xd3, 0x49, 0xed, 0x15, 0xed, 0x53, 
	0x9b, 0x0b, 0xb3, 0x8b, 0xcc, 0x0f, 0xd4, 0x4f, 
	0xdc, 0xd3, 0xe5, 0x13, 0xe4, 0xd1, 0xe4, 0x49, 
	0xe4, 0x49, 0xdc, 0x07, 0xd3, 0x47, 0xd3, 0xcb, 
	0xdc, 0x4b, 0xd3, 0x47, 0xdc, 0x4d, 0xdc, 0x09, 
	0xe4, 0x8f, 0xe4, 0x8f, 0xe4, 0x4b, 0xdc, 0x0b, 
	0xe4, 0xcf, 0xdc, 0x4b, 0xdc, 0x4d, 0xd3, 0x87, 
	0xe4, 0x8d, 0xdc, 0x4b, 0xe4, 0x8f, 0xdc, 0x4b, 
	0xd3, 0x49, 0xd3, 0x89, 0xed, 0x15, 0xed, 0x55, 
	0x9a, 0xc9, 0xb3, 0x49, 0xd4, 0x0d, 0xd4, 0x0d, 
	0xdc, 0x91, 0xe5, 0x15, 0xe5, 0x13, 0xe4, 0x8b, 
	0xe4, 0x8b, 0xe4, 0x49, 0xd3, 0x87, 0xd3, 0x8b, 
	0xdc, 0x4b, 0xd3, 0x87, 0xdc, 0x0d, 0xdc, 0x49, 
	0xe4, 0x8f, 0xe4, 0x8d, 0xe4, 0x8d, 0xdc, 0x0b, 
	0xe4, 0xcd, 0xdc, 0x49, 0xe4, 0x4d, 0xd3, 0x87, 
	0xe4, 0x8f, 0xe4, 0x8d, 0xe4, 0x8d, 0xdc, 0x4b, 
	0xd3, 0x89, 0xd3, 0x89, 0xed, 0x15, 0xed, 0x55, 
	0xa2, 0xc7, 0xb3, 0x07, 0xcb, 0xcb, 0xd3, 0xcd, 
	0xdc, 0x4f, 0xe4, 0xd3, 0xe5, 0x13, 0xe4, 0xcf, 
	0xe4, 0x8d, 0xe4, 0x49, 0xdb, 0xc7, 0xd3, 0x89, 
	0xdc, 0x4b, 0xd3, 0x87, 0xdc, 0x0b, 0xdc, 0x4b, 
	0xe4, 0x8f, 0xe4, 0x8d, 0xe4, 0x8b, 0xdc, 0x0b, 
	0xe4, 0x8d, 0xdc, 0x49, 0xdc, 0x4d, 0xd3, 0x87, 
	0xe4, 0x8f, 0xe4, 0x8d, 0xe4, 0x8d, 0xdc, 0x0b, 
	0xd3, 0x89, 0xd3, 0x89, 0xed, 0x15, 0xed, 0x55, 
	0xa2, 0x87, 0xb2, 0xc7, 0xcb, 0x8b, 0xd3, 0x89, 
	0xdc, 0x0d, 0xdc, 0x91, 0xe5, 0x15, 0xe5, 0x11, 
	0xe4, 0xd1, 0xe4, 0x49, 0xdb, 0xc5, 0xd3, 0x47, 
	0xdc, 0x4b, 0xdb, 0xc7, 0xdc, 0x0b, 0xe4, 0x4b, 
	0xe4, 0x8f, 0xe4, 0x8d, 0xe4, 0x8b, 0xdc, 0x0b, 
	0xe4, 0xcf, 0xdc, 0x49, 0xdc, 0x4d, 0xd3, 0x47, 
	0xdc, 0x8f, 0xe4, 0x8d, 0xdc, 0x4d, 0xdc, 0x0b, 
	0xd3, 0x89, 0xd3, 0x89, 0xed, 0x15, 0xed, 0x53, 
	0x9a, 0x85, 0xaa, 0x85, 0xcb, 0x49, 0xd3, 0x89, 
	0xd3, 0xcb, 0xdc, 0x4f, 0xe4, 0xd3, 0xe5, 0x13, 
	0xe5, 0x13, 0xe4, 0x8b, 0xe4, 0x07, 0xd3, 0x87, 
	0xdc, 0x0d, 0xdb, 0xc9, 0xdc, 0x0d, 0xe4, 0x4b, 
	0xe4, 0x8f, 0xe4, 0x8d, 0xe4, 0x8b, 0xdb, 0xcb, 
	0xe4, 0xcf, 0xdc, 0x09, 0xdc, 0x4d, 0xd3, 0x47, 
	0xe4, 0x8f, 0xe4, 0x8d, 0xe4, 0x4d, 0xdc, 0x4b, 
	0xd3, 0x49, 0xd3, 0x89, 0xed, 0x15, 0xed, 0x55, 
	0x9a, 0x45, 0xb2, 0x85, 0xcb, 0x89, 0xd3, 0x89, 
	0xd3, 0xcb, 0xdc, 0x0d, 0xe4, 0x91, 0xe5, 0x15, 
	0xed, 0x15, 0xe4, 0x8d, 0xe4, 0x47, 0xdb, 0x87, 
	0xd4, 0x0d, 0xdb, 0xc9, 0xd3, 0xcb, 0xe4, 0x4b, 
	0xe4, 0x8f, 0xe4, 0x8b, 0xe4, 0x8b, 0xdb, 0xc9, 
	0xe4, 0x8f, 0xdc, 0x09, 0xdc, 0x4d, 0xd3, 0x87, 
	0xe4, 0x8f, 0xe4, 0x8d, 0xdc, 0x4d, 0xdc, 0x0b, 
	0xd3, 0x49, 0xd3, 0x89, 0xed, 0x15, 0xed, 0x53, 
	0x9a, 0x03, 0xb2, 0x85, 0xd3, 0xc9, 0xdb, 0xc7, 
	0xd3, 0xc9, 0xd3, 0xcb, 0xdc, 0x8f, 0xe5, 0x13, 
	0xe5, 0x15, 0xe4, 0xcf, 0xe4, 0x47, 0xdb, 0x87, 
	0xd3, 0xcd, 0xdc, 0x0b, 0xd3, 0xcb, 0xe4, 0x4b, 
	0xe4, 0x8d, 0xe4, 0x4b, 0xe4, 0x4b, 0xd3, 0xc9, 
	0xe4, 0x8d, 0xdc, 0x09, 0xdc, 0x4d, 0xd3, 0x87, 
	0xe4, 0x8f, 0xe4, 0x8d, 0xdc, 0x4b, 0xdc, 0x09, 
	0xd3, 0x89, 0xd3, 0x89, 0xe5, 0x15, 0xed, 0x53, 
	0xa2, 0x43, 0xba, 0x83, 0xdc, 0x07, 0xdc, 0x07, 
	0xdb, 0xc7, 0xd3, 0xc9, 0xdc, 0x4f, 0xe4, 0xd3, 
	0xe5, 0x15, 0xe4, 0xd1, 0xe4, 0x89, 0xdb, 0xc7, 
	0xd3, 0x8b, 0xdc, 0x0b, 0xd3, 0xcb, 0xe4, 0x4b, 
	0xe4, 0x8d, 0xe4, 0x4b, 0xe4, 0x4b, 0xdc, 0x0b, 
	0xe4, 0x8d, 0xdc, 0x09, 0xdc, 0x4d, 0xdb, 0xc7, 
	0xe4, 0x8f, 0xe4, 0x8d, 0xe4, 0x4b, 0xdc, 0x0b, 
	0xd3, 0x89, 0xd3, 0x89, 0xe5, 0x15, 0xed, 0x55, 
	0xaa, 0x83, 0xba, 0xc3, 0xdc, 0x09, 0xe4, 0x49, 
	0xdc, 0x07, 0xd3, 0x89, 0xdc, 0x0b, 0xe4, 0x91, 
	0xe4, 0xd3, 0xe4, 0xd3, 0xe4, 0xcf, 0xdb, 0xc7, 
	0xd3, 0x89, 0xdc, 0x0b, 0xd3, 0x8b, 0xe4, 0x4b, 
	0xe4, 0x8d, 0xe4, 0x8b, 0xe4, 0x8d, 0xdc, 0x0b, 
	0xe4, 0x8f, 0xdc, 0x09, 0xdc, 0x4d, 0xdb, 0xc9, 
	0xe4, 0x8f, 0xe4, 0x4b, 0xdc, 0x4b, 0xdc, 0x4b, 
	0xd3, 0x89, 0xd3, 0xc9, 0xed, 0x15, 0xed, 0x55, 
	0xaa, 0xc3, 0xc3, 0x05, 0xdc, 0x8d, 0xe4, 0x8b, 
	0xe4, 0x47, 0xdb, 0xc7, 0xd3, 0xcb, 0xdc, 0x4f, 
	0xe4, 0xd3, 0xe4, 0xd3, 0xe4, 0xd1, 0xdc, 0x09, 
	0xd3, 0x89, 0xdc, 0x0b, 0xd3, 0x89, 0xe4, 0x8b, 
	0xe4, 0x8d, 0xe4, 0x8d, 0xe4, 0x8b, 0xdc, 0x09, 
	0xe4, 0xcf, 0xdc, 0x49, 0xdc, 0x4d, 0xd3, 0xc7, 
	0xe4, 0x8d, 0xe4, 0x4b, 0xdc, 0x0b, 0xdc, 0x4b, 
	0xd3, 0x89, 0xd3, 0xc9, 0xed, 0x13, 0xed, 0x55, 
	0xb3, 0x05, 0xcb, 0x85, 0xe4, 0xd1, 0xe4, 0xcf, 
	0xe4, 0x49, 0xdb, 0xc7, 0xd3, 0x89, 0xdc, 0x4d, 
	0xdc, 0x91, 0xe4, 0xd1, 0xe5, 0x13, 0xdc, 0x4b, 
	0xd3, 0x89, 0xdc, 0x0b, 0xd3, 0x89, 0xe4, 0x8d, 
	0xe4, 0x4d, 0xe4, 0x8d, 0xe4, 0x8d, 0xdc, 0x09, 
	0xe4, 0xcf, 0xdc, 0x49, 0xdc, 0x4d, 0xd3, 0x87, 
	0xdc, 0x4d, 0xe4, 0x4b, 0xdc, 0x0b, 0xdc, 0x4b, 
	0xd3, 0x89, 0xd3, 0xc9, 0xe4, 0xd3, 0xed, 0x55, 
	0xbb, 0x89, 0xd3, 0xcb, 0xed, 0x15, 0xed, 0x13, 
	0xe4, 0x8b, 0xe4, 0x07, 0xd3, 0x87, 0xdc, 0x0d, 
	0xdc, 0x4f, 0xe4, 0x91, 0xe5, 0x15, 0xe4, 0x8d, 
	0xd3, 0x89, 0xdc, 0x0b, 0xd3, 0x8b, 0xe4, 0x8d, 
	0xe4, 0x4d, 0xe4, 0x8d, 0xe4, 0x8d, 0xdb, 0xc9, 
	0xe4, 0xcf, 0xdc, 0x49, 0xdc, 0x4d, 0xd3, 0x87, 
	0xdc, 0x4d, 0xe4, 0x4d, 0xe4, 0x4b, 0xe4, 0x4b, 
	0xd3, 0x89, 0xd3, 0xc9, 0xe4, 0xd3, 0xed, 0x55, 
	0xc3, 0xcd, 0xd4, 0x0d, 0xe5, 0x13, 0xe5, 0x13, 
	0xe4, 0xcf, 0xe4, 0x49, 0xdb, 0xc7, 0xd3, 0xcb, 
	0xdc, 0x0d, 0xdc, 0x4f, 0xe5, 0x15, 0xe4, 0x8f, 
	0xdb, 0x89, 0xdc, 0x0b, 0xd3, 0xcb, 0xe4, 0x8d, 
	0xe4, 0x8d, 0xe4, 0x8d, 0xe4, 0x8f, 0xdc, 0x09, 
	0xe4, 0xd1, 0xe4, 0x49, 0xdc, 0x4d, 0xdb, 0xc7, 
	0xdc, 0x4d, 0xe4, 0x4b, 0xe4, 0x4d, 0xe4, 0x4d, 
	0xd3, 0x89, 0xdb, 0xc9, 0xe4, 0xd3, 0xed, 0x55, 
	0xc3, 0xcd, 0xd4, 0x0d, 0xe4, 0xd3, 0xe4, 0xd3, 
	0xe4, 0xd1, 0xe4, 0x4b, 0xdb, 0xc7, 0xd3, 0x89, 
	0xdb, 0xcd, 0xdc, 0x0d, 0xe4, 0xd3, 0xe4, 0x8f, 
	0xdb, 0x87, 0xdc, 0x0b, 0xdb, 0xcb, 0xe4, 0x8d, 
	0xe4, 0x8d, 0xe4, 0x8d, 0xe4, 0x8f, 0xdc, 0x0b, 
	0xe4, 0x91, 0xe4, 0x49, 0xdc, 0x4d, 0xdb, 0xc9, 
	0xdc, 0x4d, 0xe4, 0x4b, 0xe4, 0x4d, 0xdc, 0x4d, 
	0xd3, 0xc9, 0xd3, 0x89, 0xe4, 0x91, 0xed, 0x13, 
	
};

Gfx castle_grounds_dl_castle_grounds_textures_03800_rgba16_rgba16_aligner[] = {gsSPEndDisplayList()};
u8 castle_grounds_dl_castle_grounds_textures_03800_rgba16_rgba16[] = {
	0x46, 0x01, 0x46, 0x41, 0x4e, 0x41, 0x4e, 0x41, 
	0x56, 0x81, 0x56, 0x81, 0x4e, 0x81, 0x46, 0x41, 
	0x3e, 0x41, 0x3e, 0x01, 0x3e, 0x01, 0x3e, 0x01, 
	0x3e, 0x01, 0x36, 0x01, 0x35, 0xc1, 0x36, 0x01, 
	0x3e, 0x41, 0x46, 0x81, 0x46, 0x81, 0x46, 0x81, 
	0x3e, 0x81, 0x36, 0x41, 0x2e, 0x01, 0x2e, 0x01, 
	0x2e, 0x01, 0x2e, 0x01, 0x2e, 0x01, 0x36, 0x41, 
	0x3e, 0x41, 0x3e, 0x41, 0x3e, 0x01, 0x46, 0x01, 
	0x4e, 0x41, 0x4e, 0x41, 0x4e, 0x41, 0x56, 0x81, 
	0x56, 0x81, 0x56, 0x81, 0x4e, 0x81, 0x46, 0x41, 
	0x3e, 0x01, 0x3e, 0x01, 0x36, 0x01, 0x35, 0xc1, 
	0x35, 0xc1, 0x2d, 0xc1, 0x2d, 0xc1, 0x2d, 0xc1, 
	0x36, 0x03, 0x3e, 0x43, 0x46, 0x81, 0x46, 0x81, 
	0x46, 0x81, 0x3e, 0x81, 0x36, 0x41, 0x36, 0x01, 
	0x2e, 0x01, 0x36, 0x01, 0x36, 0x41, 0x3e, 0x41, 
	0x3e, 0x41, 0x3e, 0x41, 0x3e, 0x41, 0x46, 0x41, 
	0x4e, 0x41, 0x4e, 0x41, 0x4e, 0x81, 0x4e, 0x81, 
	0x4e, 0x81, 0x4e, 0x81, 0x46, 0x41, 0x46, 0x41, 
	0x46, 0x01, 0x36, 0x01, 0x35, 0xc1, 0x2d, 0xc1, 
	0x2d, 0xc1, 0x2d, 0xc1, 0x2d, 0xc1, 0x2d, 0xc1, 
	0x36, 0x03, 0x3e, 0x43, 0x46, 0x81, 0x46, 0x81, 
	0x46, 0x81, 0x3e, 0x81, 0x3e, 0x41, 0x36, 0x41, 
	0x36, 0x41, 0x3e, 0x41, 0x3e, 0x81, 0x46, 0x81, 
	0x46, 0x41, 0x3e, 0x41, 0x3e, 0x41, 0x46, 0x41, 
	0x4e, 0x41, 0x4e, 0x81, 0x4e, 0x81, 0x4e, 0x81, 
	0x46, 0x81, 0x46, 0x81, 0x46, 0x41, 0x3e, 0x41, 
	0x3e, 0x01, 0x36, 0x01, 0x35, 0xc1, 0x2d, 0xc1, 
	0x2d, 0xc1, 0x2d, 0xc1, 0x2d, 0xc1, 0x2e, 0x01, 
	0x36, 0x03, 0x36, 0x43, 0x3e, 0x43, 0x3e, 0x81, 
	0x3e, 0x81, 0x3e, 0x41, 0x3e, 0x41, 0x3e, 0x41, 
	0x3e, 0x41, 0x3e, 0x81, 0x46, 0x81, 0x46, 0x81, 
	0x46, 0x81, 0x46, 0x41, 0x46, 0x41, 0x46, 0x41, 
	0x46, 0x81, 0x4e, 0x81, 0x4e, 0x81, 0x46, 0xc1, 
	0x46, 0xc1, 0x3e, 0x81, 0x3e, 0x81, 0x3e, 0x41, 
	0x3e, 0x41, 0x3e, 0x01, 0x36, 0x01, 0x36, 0x01, 
	0x35, 0xc1, 0x2e, 0x01, 0x2e, 0x01, 0x2e, 0x03, 
	0x2e, 0x03, 0x36, 0x43, 0x36, 0x43, 0x3e, 0x41, 
	0x3e, 0x41, 0x36, 0x41, 0x3e, 0x41, 0x3e, 0x41, 
	0x3e, 0x81, 0x46, 0x81, 0x46, 0x81, 0x46, 0x81, 
	0x46, 0x81, 0x46, 0x41, 0x46, 0x41, 0x46, 0x41, 
	0x46, 0x81, 0x4e, 0x81, 0x4e, 0xc1, 0x46, 0xc1, 
	0x46, 0xc1, 0x3e, 0xc1, 0x3e, 0x81, 0x46, 0x81, 
	0x46, 0x41, 0x46, 0x41, 0x46, 0x41, 0x3e, 0x41, 
	0x3e, 0x01, 0x36, 0x01, 0x36, 0x03, 0x2e, 0x03, 
	0x2e, 0x03, 0x36, 0x03, 0x36, 0x41, 0x36, 0x41, 
	0x36, 0x41, 0x36, 0x01, 0x36, 0x01, 0x3e, 0x41, 
	0x46, 0x41, 0x46, 0x81, 0x46, 0x81, 0x46, 0x81, 
	0x46, 0x81, 0x46, 0x41, 0x46, 0x41, 0x46, 0x41, 
	0x46, 0x81, 0x4e, 0x81, 0x4e, 0xc1, 0x46, 0xc1, 
	0x46, 0xc1, 0x46, 0xc1, 0x46, 0x81, 0x46, 0x81, 
	0x4e, 0x81, 0x4e, 0x81, 0x4e, 0x81, 0x46, 0x41, 
	0x46, 0x41, 0x46, 0x41, 0x3e, 0x43, 0x36, 0x43, 
	0x2e, 0x03, 0x2e, 0x03, 0x36, 0x01, 0x36, 0x01, 
	0x3e, 0x01, 0x3e, 0x01, 0x3e, 0x01, 0x3e, 0x01, 
	0x3e, 0x41, 0x46, 0x41, 0x3e, 0x41, 0x3e, 0x41, 
	0x46, 0x41, 0x46, 0x41, 0x46, 0x41, 0x46, 0x41, 
	0x4e, 0x81, 0x4e, 0x81, 0x46, 0x81, 0x46, 0x81, 
	0x3e, 0x81, 0x3e, 0x81, 0x46, 0x81, 0x46, 0x81, 
	0x4e, 0x81, 0x4e, 0x81, 0x4e, 0x81, 0x4e, 0x81, 
	0x4e, 0x81, 0x46, 0x81, 0x3e, 0x41, 0x36, 0x43, 
	0x2e, 0x41, 0x2e, 0x01, 0x36, 0x01, 0x3e, 0x01, 
	0x3e, 0x41, 0x3e, 0x01, 0x3e, 0x01, 0x3e, 0x01, 
	0x3e, 0x01, 0x3e, 0x01, 0x3e, 0x41, 0x3e, 0x41, 
	0x3e, 0x41, 0x46, 0x81, 0x4e, 0x81, 0x4e, 0x81, 
	0x4e, 0x81, 0x4e, 0x81, 0x46, 0x81, 0x3e, 0x81, 
	0x3e, 0x81, 0x3e, 0x81, 0x3e, 0x81, 0x46, 0x81, 
	0x46, 0x81, 0x4e, 0x81, 0x4e, 0x81, 0x4e, 0x81, 
	0x46, 0x81, 0x46, 0x81, 0x3e, 0x41, 0x36, 0x41, 
	0x2e, 0x41, 0x2e, 0x01, 0x36, 0x01, 0x3e, 0x01, 
	0x46, 0x41, 0x3e, 0x01, 0x3e, 0x01, 0x35, 0xc1, 
	0x35, 0xc1, 0x36, 0x01, 0x36, 0x01, 0x3e, 0x41, 
	0x3e, 0x41, 0x46, 0x81, 0x4e, 0x81, 0x4e, 0x81, 
	0x56, 0x81, 0x46, 0x81, 0x3e, 0x41, 0x3e, 0x41, 
	0x36, 0x41, 0x36, 0x41, 0x36, 0x41, 0x3e, 0x41, 
	0x3e, 0x81, 0x46, 0x81, 0x46, 0x81, 0x46, 0x81, 
	0x3e, 0x81, 0x3e, 0x81, 0x3e, 0x41, 0x36, 0x41, 
	0x36, 0x41, 0x36, 0x01, 0x3e, 0x01, 0x46, 0x41, 
	0x46, 0x41, 0x3e, 0x01, 0x36, 0x01, 0x2d, 0xc1, 
	0x2d, 0xc1, 0x2d, 0xc1, 0x36, 0x01, 0x36, 0x01, 
	0x3e, 0x41, 0x46, 0x41, 0x4e, 0x81, 0x56, 0x81, 
	0x4e, 0x81, 0x46, 0x41, 0x3e, 0x41, 0x36, 0x01, 
	0x2e, 0x01, 0x2e, 0x01, 0x2e, 0x01, 0x36, 0x41, 
	0x36, 0x41, 0x3e, 0x81, 0x3e, 0x81, 0x3e, 0x81, 
	0x3e, 0x81, 0x3e, 0x81, 0x3e, 0x81, 0x3e, 0x41, 
	0x36, 0x41, 0x36, 0x41, 0x3e, 0x41, 0x4e, 0x41, 
	0x46, 0x41, 0x3e, 0x01, 0x35, 0xc1, 0x2d, 0xc1, 
	0x2d, 0xc1, 0x2d, 0xc1, 0x2d, 0xc1, 0x36, 0x01, 
	0x36, 0x01, 0x3e, 0x41, 0x46, 0x41, 0x4e, 0x81, 
	0x46, 0x41, 0x46, 0x41, 0x36, 0x01, 0x2e, 0x01, 
	0x2e, 0x01, 0x2d, 0xc1, 0x2e, 0x01, 0x2e, 0x01, 
	0x36, 0x41, 0x36, 0x81, 0x3e, 0x81, 0x36, 0x81, 
	0x36, 0x81, 0x3e, 0x41, 0x3e, 0x41, 0x3e, 0x41, 
	0x36, 0x41, 0x3e, 0x41, 0x3e, 0x41, 0x46, 0x41, 
	0x46, 0x41, 0x3e, 0x01, 0x2d, 0xc1, 0x2d, 0xc1, 
	0x25, 0xc1, 0x2d, 0xc1, 0x2d, 0xc1, 0x2d, 0xc1, 
	0x2e, 0x01, 0x36, 0x01, 0x3e, 0x01, 0x46, 0x41, 
	0x3e, 0x01, 0x3e, 0x41, 0x36, 0x01, 0x2e, 0x01, 
	0x2d, 0xc1, 0x2d, 0xc1, 0x2d, 0xc1, 0x2e, 0x01, 
	0x36, 0x01, 0x36, 0x41, 0x3e, 0x81, 0x36, 0x81, 
	0x36, 0x41, 0x36, 0x41, 0x36, 0x41, 0x36, 0x41, 
	0x36, 0x41, 0x36, 0x41, 0x3e, 0x01, 0x3e, 0x01, 
	0x3e, 0x01, 0x36, 0x01, 0x2d, 0xc1, 0x25, 0xc1, 
	0x25, 0xc1, 0x25, 0xc1, 0x2d, 0xc1, 0x2d, 0xc1, 
	0x2d, 0xc1, 0x2d, 0xc1, 0x2d, 0xc1, 0x36, 0x01, 
	0x36, 0x41, 0x36, 0x41, 0x36, 0x01, 0x36, 0x01, 
	0x2d, 0xc1, 0x2d, 0xc1, 0x2d, 0xc1, 0x2e, 0x01, 
	0x36, 0x01, 0x36, 0x01, 0x36, 0x01, 0x36, 0x41, 
	0x36, 0x41, 0x36, 0x41, 0x36, 0x41, 0x36, 0x41, 
	0x36, 0x01, 0x36, 0x01, 0x36, 0x01, 0x36, 0x01, 
	0x2e, 0x01, 0x2e, 0x01, 0x2d, 0xc1, 0x25, 0xc1, 
	0x26, 0x01, 0x26, 0x01, 0x25, 0xc1, 0x25, 0xc1, 
	0x25, 0xc1, 0x2d, 0xc1, 0x2d, 0xc1, 0x36, 0x01, 
	0x36, 0x41, 0x36, 0x41, 0x36, 0x41, 0x36, 0x01, 
	0x36, 0x01, 0x2e, 0x01, 0x2d, 0xc1, 0x2d, 0xc1, 
	0x2d, 0xc1, 0x2d, 0xc1, 0x2d, 0xc1, 0x2e, 0x01, 
	0x2e, 0x01, 0x2e, 0x01, 0x2e, 0x01, 0x2e, 0x01, 
	0x2d, 0xc1, 0x2d, 0xc1, 0x2d, 0xc1, 0x2d, 0xc1, 
	0x25, 0xc1, 0x25, 0xc1, 0x26, 0x01, 0x2e, 0x01, 
	0x2e, 0x01, 0x2e, 0x01, 0x2e, 0x01, 0x2e, 0x01, 
	0x2e, 0x01, 0x2e, 0x01, 0x2e, 0x01, 0x36, 0x01, 
	0x3e, 0x41, 0x3e, 0x41, 0x3e, 0x41, 0x3e, 0x41, 
	0x3e, 0x01, 0x3e, 0x01, 0x36, 0x01, 0x35, 0xc1, 
	0x2d, 0xc1, 0x25, 0xc1, 0x25, 0xc1, 0x25, 0xc1, 
	0x2e, 0x01, 0x2e, 0x01, 0x2e, 0x01, 0x2e, 0x01, 
	0x25, 0xc1, 0x25, 0xc1, 0x25, 0xc1, 0x2d, 0xc1, 
	0x2d, 0xc1, 0x2d, 0xc1, 0x2e, 0x01, 0x2e, 0x01, 
	0x2e, 0x01, 0x2e, 0x01, 0x2e, 0x01, 0x2e, 0x01, 
	0x2e, 0x03, 0x2e, 0x03, 0x2e, 0x01, 0x36, 0x41, 
	0x46, 0x41, 0x46, 0x41, 0x46, 0x41, 0x46, 0x41, 
	0x46, 0x41, 0x3e, 0x41, 0x3e, 0x01, 0x35, 0xc1, 
	0x2d, 0xc1, 0x25, 0xc1, 0x25, 0xc1, 0x25, 0xc1, 
	0x26, 0x01, 0x26, 0x01, 0x2e, 0x01, 0x26, 0x01, 
	0x26, 0x01, 0x2d, 0xc1, 0x2d, 0xc1, 0x36, 0x01, 
	0x36, 0x01, 0x36, 0x01, 0x2e, 0x01, 0x2e, 0x41, 
	0x2e, 0x41, 0x2e, 0x43, 0x2e, 0x41, 0x2e, 0x41, 
	0x2e, 0x43, 0x2e, 0x01, 0x36, 0x01, 0x3e, 0x41, 
	0x46, 0x41, 0x46, 0x41, 0x46, 0x41, 0x46, 0x41, 
	0x46, 0x41, 0x3e, 0x41, 0x36, 0x01, 0x2d, 0xc1, 
	0x2d, 0xc1, 0x25, 0xc1, 0x25, 0xc1, 0x25, 0xc1, 
	0x2e, 0x01, 0x2e, 0x01, 0x2e, 0x01, 0x2e, 0x01, 
	0x2e, 0x01, 0x2e, 0x01, 0x36, 0x01, 0x36, 0x41, 
	0x36, 0x41, 0x36, 0x41, 0x2e, 0x41, 0x2e, 0x41, 
	0x2e, 0x41, 0x36, 0x41, 0x36, 0x41, 0x36, 0x41, 
	0x2e, 0x41, 0x2e, 0x01, 0x36, 0x01, 0x3e, 0x01, 
	0x3e, 0x01, 0x46, 0x01, 0x46, 0x01, 0x3e, 0x01, 
	0x3e, 0x01, 0x36, 0x01, 0x36, 0x01, 0x2d, 0xc1, 
	0x2d, 0xc1, 0x2d, 0xc1, 0x2d, 0xc1, 0x2e, 0x01, 
	0x2e, 0x41, 0x2e, 0x41, 0x2e, 0x41, 0x2e, 0x41, 
	0x36, 0x41, 0x36, 0x81, 0x36, 0x41, 0x3e, 0x81, 
	0x36, 0x41, 0x36, 0x41, 0x2e, 0x41, 0x2e, 0x41, 
	0x36, 0x41, 0x36, 0x41, 0x3e, 0x41, 0x36, 0x41, 
	0x2e, 0x01, 0x2e, 0x01, 0x36, 0x01, 0x3e, 0x01, 
	0x3e, 0x01, 0x3e, 0x01, 0x3e, 0x01, 0x3e, 0x01, 
	0x36, 0x01, 0x36, 0x01, 0x2e, 0x01, 0x2d, 0xc1, 
	0x2d, 0xc1, 0x2d, 0xc1, 0x36, 0x01, 0x3e, 0x41, 
	0x36, 0x41, 0x36, 0x81, 0x36, 0x41, 0x36, 0x41, 
	0x3e, 0x81, 0x3e, 0x81, 0x3e, 0x81, 0x3e, 0x81, 
	0x36, 0x81, 0x36, 0x41, 0x36, 0x41, 0x36, 0x41, 
	0x36, 0x41, 0x3e, 0x41, 0x3e, 0x41, 0x36, 0x01, 
	0x2e, 0x01, 0x2e, 0x01, 0x36, 0x01, 0x36, 0x01, 
	0x3e, 0x01, 0x3e, 0x01, 0x36, 0x01, 0x36, 0x01, 
	0x36, 0x01, 0x36, 0x41, 0x2e, 0x01, 0x2e, 0x01, 
	0x2e, 0x01, 0x36, 0x01, 0x3e, 0x41, 0x46, 0x41, 
	0x3e, 0x81, 0x3e, 0x81, 0x36, 0x81, 0x36, 0x81, 
	0x3e, 0x81, 0x3e, 0x81, 0x36, 0x81, 0x36, 0x81, 
	0x36, 0x41, 0x36, 0x41, 0x3e, 0x41, 0x3e, 0x41, 
	0x3e, 0x41, 0x3e, 0x41, 0x36, 0x01, 0x2e, 0x01, 
	0x25, 0xc1, 0x2e, 0x01, 0x2e, 0x01, 0x36, 0x01, 
	0x3e, 0x01, 0x3e, 0x01, 0x3e, 0x01, 0x3e, 0x41, 
	0x3e, 0x41, 0x36, 0x41, 0x36, 0x01, 0x2e, 0x01, 
	0x2e, 0x01, 0x36, 0x01, 0x46, 0x41, 0x46, 0x81, 
	0x46, 0x81, 0x3e, 0x81, 0x36, 0x41, 0x36, 0x41, 
	0x36, 0x41, 0x36, 0x41, 0x36, 0x41, 0x36, 0x41, 
	0x3e, 0x41, 0x3e, 0x41, 0x3e, 0x41, 0x46, 0x41, 
	0x46, 0x41, 0x3e, 0x41, 0x36, 0x01, 0x2e, 0x01, 
	0x2e, 0x01, 0x2e, 0x01, 0x36, 0x01, 0x36, 0x01, 
	0x3e, 0x41, 0x3e, 0x41, 0x3e, 0x41, 0x3e, 0x41, 
	0x3e, 0x81, 0x3e, 0x81, 0x36, 0x41, 0x36, 0x01, 
	0x36, 0x01, 0x36, 0x41, 0x46, 0x41, 0x46, 0x81, 
	0x46, 0x81, 0x3e, 0x41, 0x36, 0x41, 0x36, 0x41, 
	0x2e, 0x01, 0x2e, 0x01, 0x2e, 0x01, 0x36, 0x01, 
	0x3e, 0x41, 0x46, 0x41, 0x46, 0x41, 0x46, 0x41, 
	0x46, 0x41, 0x46, 0x41, 0x3e, 0x41, 0x36, 0x01, 
	0x2e, 0x01, 0x2e, 0x01, 0x36, 0x01, 0x36, 0x01, 
	0x3e, 0x41, 0x3e, 0x41, 0x3e, 0x41, 0x3e, 0x41, 
	0x3e, 0x41, 0x3e, 0x41, 0x36, 0x41, 0x36, 0x01, 
	0x36, 0x01, 0x36, 0x01, 0x3e, 0x41, 0x3e, 0x41, 
	0x3e, 0x41, 0x3e, 0x41, 0x36, 0x01, 0x36, 0x01, 
	0x2e, 0x01, 0x25, 0xc1, 0x2d, 0xc1, 0x36, 0x01, 
	0x3e, 0x01, 0x46, 0x41, 0x46, 0x41, 0x4e, 0x81, 
	0x4e, 0x81, 0x46, 0x41, 0x46, 0x41, 0x3e, 0x41, 
	0x36, 0x01, 0x2e, 0x01, 0x36, 0x01, 0x36, 0x01, 
	0x36, 0x01, 0x3e, 0x41, 0x3e, 0x41, 0x3e, 0x41, 
	0x3e, 0x41, 0x3e, 0x01, 0x36, 0x01, 0x36, 0x01, 
	0x36, 0x01, 0x36, 0x01, 0x36, 0x01, 0x36, 0x01, 
	0x36, 0x01, 0x36, 0x01, 0x3e, 0x01, 0x36, 0x01, 
	0x36, 0x01, 0x2d, 0xc1, 0x2d, 0xc1, 0x2d, 0xc1, 
	0x36, 0x01, 0x46, 0x41, 0x4e, 0x41, 0x4e, 0x81, 
	0x4e, 0x81, 0x4e, 0x81, 0x46, 0x41, 0x3e, 0x41, 
	0x36, 0x01, 0x2e, 0x01, 0x2e, 0x01, 0x36, 0x01, 
	0x36, 0x01, 0x36, 0x01, 0x3e, 0x01, 0x3e, 0x01, 
	0x36, 0x01, 0x36, 0x01, 0x36, 0x01, 0x3e, 0x01, 
	0x3e, 0x01, 0x3e, 0x01, 0x36, 0x01, 0x36, 0x01, 
	0x2e, 0x01, 0x36, 0x01, 0x3e, 0x01, 0x3e, 0x41, 
	0x36, 0x01, 0x2e, 0x01, 0x2d, 0xc1, 0x2d, 0xc1, 
	0x36, 0x01, 0x3e, 0x41, 0x46, 0x41, 0x4e, 0x81, 
	0x4e, 0x81, 0x4e, 0x81, 0x46, 0x41, 0x3e, 0x41, 
	0x36, 0x01, 0x36, 0x01, 0x2e, 0x01, 0x2e, 0x01, 
	0x36, 0x01, 0x36, 0x01, 0x36, 0x01, 0x36, 0x01, 
	0x36, 0x01, 0x35, 0xc1, 0x36, 0x01, 0x3e, 0x01, 
	0x46, 0x01, 0x46, 0x01, 0x3e, 0x01, 0x36, 0x01, 
	0x2e, 0x01, 0x2e, 0x01, 0x36, 0x01, 0x3e, 0x41, 
	0x3e, 0x43, 0x36, 0x03, 0x2e, 0x03, 0x2d, 0xc3, 
	0x36, 0x01, 0x3e, 0x01, 0x3e, 0x41, 0x46, 0x81, 
	0x46, 0x81, 0x46, 0x81, 0x46, 0x41, 0x3e, 0x41, 
	0x3e, 0x01, 0x3e, 0x01, 0x36, 0x01, 0x36, 0x01, 
	0x36, 0x01, 0x35, 0xc1, 0x35, 0xc1, 0x2d, 0xc1, 
	0x2d, 0xc1, 0x35, 0xc1, 0x3e, 0x01, 0x46, 0x01, 
	0x4e, 0x41, 0x4e, 0x41, 0x46, 0x41, 0x3e, 0x01, 
	0x36, 0x01, 0x2e, 0x01, 0x36, 0x01, 0x36, 0x43, 
	0x36, 0x43, 0x36, 0x03, 0x2e, 0x03, 0x2d, 0xc3, 
	0x2e, 0x01, 0x36, 0x01, 0x36, 0x41, 0x3e, 0x41, 
	0x3e, 0x81, 0x3e, 0x41, 0x3e, 0x41, 0x3e, 0x41, 
	0x46, 0x41, 0x46, 0x41, 0x3e, 0x01, 0x36, 0x01, 
	0x36, 0x01, 0x35, 0xc1, 0x2d, 0xc1, 0x2d, 0xc1, 
	0x2d, 0xc1, 0x35, 0xc1, 0x3e, 0x01, 0x46, 0x01, 
	0x46, 0x41, 0x4e, 0x41, 0x4e, 0x41, 0x3e, 0x41, 
	0x36, 0x41, 0x36, 0x01, 0x2e, 0x01, 0x36, 0x41, 
	0x36, 0x41, 0x2e, 0x41, 0x2e, 0x01, 0x2e, 0x01, 
	0x2e, 0x01, 0x2e, 0x01, 0x36, 0x01, 0x36, 0x41, 
	0x36, 0x41, 0x36, 0x41, 0x3e, 0x41, 0x3e, 0x41, 
	0x4e, 0x41, 0x46, 0x41, 0x3e, 0x41, 0x36, 0x01, 
	0x36, 0x01, 0x36, 0x01, 0x35, 0xc1, 0x2d, 0xc1, 
	0x35, 0xc1, 0x36, 0x01, 0x3e, 0x01, 0x46, 0x41, 
	0x46, 0x41, 0x46, 0x41, 0x46, 0x41, 0x46, 0x41, 
	0x3e, 0x41, 0x36, 0x41, 0x3e, 0x41, 0x3e, 0x41, 
	0x36, 0x41, 0x36, 0x41, 0x36, 0x01, 0x2e, 0x01, 
	0x2d, 0xc1, 0x2e, 0x01, 0x2e, 0x01, 0x2e, 0x01, 
	0x2e, 0x01, 0x36, 0x01, 0x36, 0x01, 0x3e, 0x01, 
	0x46, 0x41, 0x46, 0x41, 0x46, 0x41, 0x3e, 0x01, 
	0x3e, 0x01, 0x36, 0x01, 0x36, 0x01, 0x36, 0x01, 
	0x3e, 0x01, 0x3e, 0x01, 0x3e, 0x41, 0x46, 0x41, 
	0x46, 0x41, 0x46, 0x41, 0x46, 0x41, 0x46, 0x41, 
	0x3e, 0x41, 0x3e, 0x41, 0x3e, 0x41, 0x3e, 0x41, 
	0x3e, 0x41, 0x3e, 0x41, 0x3e, 0x41, 0x36, 0x01, 
	0x2e, 0x01, 0x2e, 0x01, 0x2e, 0x01, 0x2e, 0x01, 
	0x2e, 0x01, 0x2e, 0x01, 0x2e, 0x01, 0x36, 0x01, 
	0x3e, 0x01, 0x46, 0x41, 0x46, 0x41, 0x3e, 0x01, 
	0x3e, 0x01, 0x3e, 0x01, 0x3e, 0x01, 0x46, 0x41, 
	0x46, 0x41, 0x4e, 0x81, 0x4e, 0x41, 0x46, 0x41, 
	0x3e, 0x41, 0x3e, 0x41, 0x3e, 0x41, 0x3e, 0x41, 
	0x3e, 0x41, 0x3e, 0x01, 0x3e, 0x01, 0x3e, 0x01, 
	0x3e, 0x41, 0x46, 0x81, 0x3e, 0x81, 0x3e, 0x41, 
	0x36, 0x41, 0x2e, 0x01, 0x2e, 0x01, 0x25, 0xc1, 
	0x2e, 0x01, 0x2e, 0x01, 0x2e, 0x01, 0x36, 0x01, 
	0x3e, 0x01, 0x3e, 0x41, 0x46, 0x41, 0x46, 0x01, 
	
};

Gfx castle_grounds_dl_castle_grounds_textures_0BC00_ia16_ia16_aligner[] = {gsSPEndDisplayList()};
u8 castle_grounds_dl_castle_grounds_textures_0BC00_ia16_ia16[] = {
	0x00, 0x00, 0x00, 0x00, 0x00, 0x00, 0x00, 0x00, 
	0x00, 0x00, 0x00, 0x00, 0x00, 0x00, 0x00, 0x00, 
	0x00, 0x00, 0x00, 0x00, 0x00, 0x01, 0x00, 0x00, 
	0x00, 0x04, 0x00, 0x0a, 0x00, 0x12, 0x00, 0x0e, 
	0x00, 0x0b, 0x00, 0x08, 0x00, 0x0c, 0x00, 0x0a, 
	0x00, 0x08, 0x00, 0x06, 0x00, 0x03, 0x00, 0x01, 
	0x00, 0x00, 0x00, 0x00, 0x00, 0x00, 0x00, 0x00, 
	0x00, 0x00, 0x00, 0x00, 0x00, 0x00, 0x00, 0x00, 
	0x00, 0x00, 0x00, 0x00, 0x00, 0x00, 0x00, 0x00, 
	0x00, 0x00, 0x00, 0x00, 0x00, 0x00, 0x00, 0x00, 
	0x00, 0x00, 0x00, 0x02, 0x00, 0x03, 0x00, 0x08, 
	0x00, 0x1a, 0x00, 0x33, 0x00, 0x46, 0x00, 0x4b, 
	0x00, 0x40, 0x00, 0x37, 0x00, 0x32, 0x00, 0x2c, 
	0x00, 0x26, 0x00, 0x1a, 0x00, 0x0f, 0x00, 0x04, 
	0x00, 0x01, 0x00, 0x00, 0x00, 0x00, 0x00, 0x00, 
	0x00, 0x00, 0x00, 0x00, 0x00, 0x00, 0x00, 0x00, 
	0x00, 0x00, 0x00, 0x00, 0x00, 0x00, 0x00, 0x00, 
	0x00, 0x00, 0x00, 0x00, 0x00, 0x02, 0x00, 0x07, 
	0x00, 0x10, 0x00, 0x28, 0x00, 0x4b, 0x00, 0x6f, 
	0x00, 0x8b, 0x00, 0x9a, 0x00, 0x9f, 0x00, 0xa1, 
	0x00, 0x9e, 0x00, 0x93, 0x00, 0x84, 0x00, 0x75, 
	0x00, 0x67, 0x00, 0x52, 0x00, 0x35, 0x00, 0x1b, 
	0x00, 0x08, 0x00, 0x01, 0x00, 0x00, 0x00, 0x00, 
	0x00, 0x00, 0x00, 0x00, 0x00, 0x00, 0x00, 0x00, 
	0x00, 0x00, 0x00, 0x00, 0x00, 0x00, 0x00, 0x00, 
	0x00, 0x00, 0x00, 0x02, 0x00, 0x16, 0x00, 0x37, 
	0x00, 0x4f, 0x00, 0x73, 0x00, 0x8d, 0x00, 0x9d, 
	0x00, 0xa2, 0x00, 0xa6, 0x00, 0xa6, 0x00, 0xa6, 
	0x00, 0xa5, 0x00, 0xa3, 0x00, 0xa1, 0x00, 0x9c, 
	0x00, 0x96, 0x00, 0x8a, 0x00, 0x77, 0x00, 0x57, 
	0x00, 0x31, 0x00, 0x11, 0x00, 0x03, 0x00, 0x00, 
	0x00, 0x00, 0x00, 0x00, 0x00, 0x00, 0x00, 0x00, 
	0x00, 0x00, 0x00, 0x00, 0x00, 0x00, 0x00, 0x00, 
	0x00, 0x03, 0x00, 0x1c, 0x00, 0x62, 0x00, 0x85, 
	0x00, 0x8d, 0x00, 0x9b, 0x00, 0xa4, 0x00, 0xa6, 
	0x00, 0xa6, 0x00, 0xa6, 0x00, 0xa6, 0x00, 0xa6, 
	0x00, 0xa6, 0x00, 0xa5, 0x00, 0xa4, 0x00, 0xa4, 
	0x00, 0xa3, 0x00, 0xa3, 0x00, 0xa1, 0x00, 0x96, 
	0x00, 0x7f, 0x00, 0x4e, 0x00, 0x1b, 0x00, 0x04, 
	0x00, 0x00, 0x00, 0x00, 0x00, 0x00, 0x00, 0x00, 
	0x00, 0x00, 0x00, 0x00, 0x00, 0x00, 0x00, 0x02, 
	0x00, 0x15, 0x00, 0x55, 0x00, 0x92, 0x00, 0x93, 
	0x00, 0x97, 0x00, 0xa0, 0x00, 0xa6, 0x00, 0xa6, 
	0x00, 0xa6, 0x00, 0xa6, 0x00, 0xa6, 0x00, 0xa5, 
	0x00, 0xa6, 0x00, 0xa4, 0x00, 0xa5, 0x00, 0xa4, 
	0x00, 0xa3, 0x00, 0xa2, 0x00, 0xa1, 0x00, 0x9d, 
	0x00, 0x95, 0x00, 0x7c, 0x00, 0x43, 0x00, 0x13, 
	0x00, 0x02, 0x00, 0x00, 0x00, 0x01, 0x00, 0x01, 
	0x00, 0x00, 0x00, 0x00, 0x00, 0x00, 0x00, 0x0f, 
	0x00, 0x40, 0x00, 0x8c, 0x00, 0x98, 0x00, 0x90, 
	0x00, 0x91, 0x00, 0x9e, 0x00, 0xa4, 0x00, 0xa6, 
	0x00, 0xa6, 0x00, 0xa6, 0x00, 0xa5, 0x00, 0xa6, 
	0x00, 0xa6, 0x00, 0xa6, 0x00, 0xa5, 0x00, 0xa4, 
	0x00, 0xa2, 0x00, 0xa2, 0x00, 0x9f, 0x00, 0x9e, 
	0x00, 0x9c, 0x00, 0x94, 0x00, 0x69, 0x00, 0x2a, 
	0x00, 0x09, 0x00, 0x02, 0x00, 0x02, 0x00, 0x06, 
	0x00, 0x00, 0x00, 0x00, 0x00, 0x01, 0x00, 0x26, 
	0x00, 0x65, 0x00, 0x99, 0x00, 0x99, 0x00, 0x90, 
	0x00, 0x94, 0x00, 0xa0, 0x00, 0xa5, 0x00, 0xa6, 
	0x00, 0xa6, 0x00, 0xa6, 0x00, 0xa6, 0x00, 0xa6, 
	0x00, 0xa6, 0x00, 0xa5, 0x00, 0xa5, 0x00, 0xa4, 
	0x00, 0xa2, 0x00, 0xa2, 0x00, 0x9f, 0x00, 0x9c, 
	0x00, 0x99, 0x00, 0x99, 0x00, 0x86, 0x00, 0x4d, 
	0x00, 0x19, 0x00, 0x06, 0x00, 0x06, 0x00, 0x09, 
	0x00, 0x00, 0x00, 0x00, 0x00, 0x02, 0x00, 0x52, 
	0x00, 0x86, 0x00, 0x9e, 0x00, 0x9a, 0x00, 0x96, 
	0x00, 0x9d, 0x00, 0xa2, 0x00, 0xa4, 0x00, 0xa6, 
	0x00, 0xa6, 0x00, 0xa6, 0x00, 0xa6, 0x00, 0xa6, 
	0x00, 0xa5, 0x00, 0xa5, 0x00, 0xa4, 0x00, 0xa4, 
	0x00, 0xa2, 0x00, 0xa1, 0x00, 0xa2, 0x00, 0x9f, 
	0x00, 0x9a, 0x00, 0x9e, 0x00, 0x96, 0x00, 0x6e, 
	0x00, 0x31, 0x00, 0x0d, 0x00, 0x07, 0x00, 0x05, 
	0x00, 0x00, 0x00, 0x01, 0x00, 0x15, 0x00, 0x82, 
	0x00, 0x99, 0x00, 0xa0, 0x00, 0x9e, 0x00, 0x9a, 
	0x00, 0x9f, 0x00, 0xa5, 0x00, 0xa6, 0x00, 0xa6, 
	0x00, 0xa6, 0x00, 0xa6, 0x00, 0xa5, 0x00, 0xa5, 
	0x00, 0xa6, 0x00, 0xa6, 0x00, 0xa5, 0x00, 0xa4, 
	0x00, 0xa3, 0x00, 0xa3, 0x00, 0xa3, 0x00, 0x9f, 
	0x00, 0x9e, 0x00, 0x9c, 0x00, 0x9b, 0x00, 0x82, 
	0x00, 0x47, 0x00, 0x17, 0x00, 0x03, 0x00, 0x05, 
	0x00, 0x00, 0x00, 0x02, 0x00, 0x3d, 0x00, 0x9e, 
	0x00, 0x9b, 0x00, 0xa0, 0x00, 0xa1, 0x00, 0xa1, 
	0x00, 0xa3, 0x00, 0xa5, 0x00, 0xa6, 0x00, 0xa6, 
	0x00, 0xa6, 0x00, 0xa6, 0x00, 0xa6, 0x00, 0xa6, 
	0x00, 0xa6, 0x00, 0xa4, 0x00, 0xa4, 0x00, 0xa5, 
	0x00, 0xa4, 0x00, 0xa4, 0x00, 0xa4, 0x00, 0xa3, 
	0x00, 0xa0, 0x00, 0x9d, 0x00, 0x9c, 0x00, 0x89, 
	0x00, 0x58, 0x00, 0x1f, 0x00, 0x03, 0x00, 0x07, 
	0x00, 0x00, 0x00, 0x02, 0x00, 0x67, 0x00, 0x9d, 
	0x00, 0x8e, 0x00, 0x9b, 0x00, 0xa3, 0x00, 0xa5, 
	0x00, 0xa5, 0x00, 0xa6, 0x00, 0xa6, 0x00, 0xa6, 
	0x00, 0xa6, 0x00, 0xa6, 0x00, 0xa6, 0x00, 0xa6, 
	0x00, 0xa6, 0x00, 0xa5, 0x00, 0xa6, 0x00, 0xa5, 
	0x00, 0xa5, 0x00, 0xa5, 0x00, 0xa4, 0x00, 0xa5, 
	0x00, 0xa2, 0x00, 0x9d, 0x00, 0x9a, 0x00, 0x8d, 
	0x00, 0x63, 0x00, 0x2d, 0x00, 0x06, 0x00, 0x08, 
	0x00, 0x03, 0x00, 0x04, 0x00, 0x79, 0x00, 0x9a, 
	0x00, 0x8c, 0x00, 0x9d, 0x00, 0xa4, 0x00, 0xa5, 
	0x00, 0xa6, 0x00, 0xa6, 0x00, 0xa6, 0x00, 0xa6, 
	0x00, 0xa6, 0x00, 0xa6, 0x00, 0xa6, 0x00, 0xa6, 
	0x00, 0xa6, 0x00, 0xa5, 0x00, 0xa6, 0x00, 0xa6, 
	0x00, 0xa6, 0x00, 0xa6, 0x00, 0xa6, 0x00, 0xa3, 
	0x00, 0xa1, 0x00, 0x9d, 0x00, 0x98, 0x00, 0x93, 
	0x00, 0x76, 0x00, 0x3d, 0x00, 0x0a, 0x00, 0x06, 
	0x00, 0x06, 0x00, 0x0a, 0x00, 0x83, 0x00, 0xa0, 
	0x00, 0x98, 0x00, 0xa1, 0x00, 0xa4, 0x00, 0xa5, 
	0x00, 0xa6, 0x00, 0xa6, 0x00, 0xa6, 0x00, 0xa6, 
	0x00, 0xa6, 0x00, 0xa6, 0x00, 0xa6, 0x00, 0xa6, 
	0x00, 0xa6, 0x00, 0xa5, 0x00, 0xa6, 0x00, 0xa6, 
	0x00, 0xa6, 0x00, 0xa6, 0x00, 0xa6, 0x00, 0xa4, 
	0x00, 0xa1, 0x00, 0x9c, 0x00, 0x98, 0x00, 0x97, 
	0x00, 0x81, 0x00, 0x4b, 0x00, 0x0f, 0x00, 0x05, 
	0x00, 0x08, 0x00, 0x10, 0x00, 0x86, 0x00, 0xa6, 
	0x00, 0xa3, 0x00, 0xa4, 0x00, 0xa5, 0x00, 0xa5, 
	0x00, 0xa6, 0x00, 0xa6, 0x00, 0xa6, 0x00, 0xa6, 
	0x00, 0xa6, 0x00, 0xa6, 0x00, 0xa6, 0x00, 0xa6, 
	0x00, 0xa6, 0x00, 0xa6, 0x00, 0xa6, 0x00, 0xa6, 
	0x00, 0xa6, 0x00, 0xa5, 0x00, 0xa6, 0x00, 0xa6, 
	0x00, 0xa4, 0x00, 0x9f, 0x00, 0x9b, 0x00, 0x99, 
	0x00, 0x89, 0x00, 0x52, 0x00, 0x0e, 0x00, 0x06, 
	0x00, 0x02, 0x00, 0x0e, 0x00, 0x78, 0x00, 0xa5, 
	0x00, 0xa7, 0x00, 0xa5, 0x00, 0xa5, 0x00, 0xa6, 
	0x00, 0xa5, 0x00, 0xa6, 0x00, 0xa6, 0x00, 0xa6, 
	0x00, 0xa6, 0x00, 0xa6, 0x00, 0xa6, 0x00, 0xa6, 
	0x00, 0xa6, 0x00, 0xa6, 0x00, 0xa6, 0x00, 0xa6, 
	0x00, 0xa6, 0x00, 0xa6, 0x00, 0xa6, 0x00, 0xa6, 
	0x00, 0xa3, 0x00, 0x9f, 0x00, 0x9b, 0x00, 0x98, 
	0x00, 0x85, 0x00, 0x50, 0x00, 0x10, 0x00, 0x06, 
	0x00, 0x02, 0x00, 0x0e, 0x00, 0x6d, 0x00, 0xa2, 
	0x00, 0xa6, 0x00, 0xa5, 0x00, 0xa5, 0x00, 0xa6, 
	0x00, 0xa6, 0x00, 0xa6, 0x00, 0xa6, 0x00, 0xa6, 
	0x00, 0xa6, 0x00, 0xa5, 0x00, 0xa6, 0x00, 0xa6, 
	0x00, 0xa6, 0x00, 0xa6, 0x00, 0xa6, 0x00, 0xa6, 
	0x00, 0xa6, 0x00, 0xa6, 0x00, 0xa6, 0x00, 0xa5, 
	0x00, 0xa3, 0x00, 0x9f, 0x00, 0x9c, 0x00, 0x97, 
	0x00, 0x7d, 0x00, 0x46, 0x00, 0x11, 0x00, 0x06, 
	0x00, 0x03, 0x00, 0x13, 0x00, 0x6d, 0x00, 0x9f, 
	0x00, 0xa6, 0x00, 0xa5, 0x00, 0xa6, 0x00, 0xa6, 
	0x00, 0xa6, 0x00, 0xa6, 0x00, 0xa6, 0x00, 0xa6, 
	0x00, 0xa6, 0x00, 0xa5, 0x00, 0xa6, 0x00, 0xa6, 
	0x00, 0xa6, 0x00, 0xa6, 0x00, 0xa6, 0x00, 0xa6, 
	0x00, 0xa6, 0x00, 0xa5, 0x00, 0xa6, 0x00, 0xa4, 
	0x00, 0xa0, 0x00, 0x9d, 0x00, 0x99, 0x00, 0x94, 
	0x00, 0x78, 0x00, 0x3e, 0x00, 0x0e, 0x00, 0x01, 
	0x00, 0x04, 0x00, 0x19, 0x00, 0x67, 0x00, 0x9b, 
	0x00, 0xa4, 0x00, 0xa4, 0x00, 0xa6, 0x00, 0xa6, 
	0x00, 0xa5, 0x00, 0xa6, 0x00, 0xa6, 0x00, 0xa6, 
	0x00, 0xa6, 0x00, 0xa6, 0x00, 0xa6, 0x00, 0xa6, 
	0x00, 0xa6, 0x00, 0xa6, 0x00, 0xa6, 0x00, 0xa6, 
	0x00, 0xa6, 0x00, 0xa6, 0x00, 0xa5, 0x00, 0xa3, 
	0x00, 0x9b, 0x00, 0x96, 0x00, 0x98, 0x00, 0x94, 
	0x00, 0x75, 0x00, 0x35, 0x00, 0x0b, 0x00, 0x01, 
	0x00, 0x02, 0x00, 0x15, 0x00, 0x59, 0x00, 0x92, 
	0x00, 0xa3, 0x00, 0xa4, 0x00, 0xa3, 0x00, 0xa5, 
	0x00, 0xa6, 0x00, 0xa6, 0x00, 0xa6, 0x00, 0xa6, 
	0x00, 0xa6, 0x00, 0xa6, 0x00, 0xa6, 0x00, 0xa6, 
	0x00, 0xa6, 0x00, 0xa6, 0x00, 0xa6, 0x00, 0xa6, 
	0x00, 0xa6, 0x00, 0xa6, 0x00, 0xa5, 0x00, 0xa3, 
	0x00, 0xa1, 0x00, 0x9d, 0x00, 0x9a, 0x00, 0x94, 
	0x00, 0x6e, 0x00, 0x2c, 0x00, 0x08, 0x00, 0x01, 
	0x00, 0x02, 0x00, 0x0e, 0x00, 0x46, 0x00, 0x82, 
	0x00, 0x9c, 0x00, 0xa1, 0x00, 0xa4, 0x00, 0xa5, 
	0x00, 0xa5, 0x00, 0xa6, 0x00, 0xa6, 0x00, 0xa6, 
	0x00, 0xa6, 0x00, 0xa6, 0x00, 0xa6, 0x00, 0xa5, 
	0x00, 0xa6, 0x00, 0xa6, 0x00, 0xa6, 0x00, 0xa6, 
	0x00, 0xa6, 0x00, 0xa5, 0x00, 0xa4, 0x00, 0xa4, 
	0x00, 0xa3, 0x00, 0xa1, 0x00, 0x9e, 0x00, 0x91, 
	0x00, 0x5e, 0x00, 0x1b, 0x00, 0x03, 0x00, 0x00, 
	0x00, 0x02, 0x00, 0x0b, 0x00, 0x35, 0x00, 0x70, 
	0x00, 0x97, 0x00, 0x9f, 0x00, 0xa2, 0x00, 0xa3, 
	0x00, 0xa6, 0x00, 0xa6, 0x00, 0xa6, 0x00, 0xa6, 
	0x00, 0xa6, 0x00, 0xa6, 0x00, 0xa6, 0x00, 0xa5, 
	0x00, 0xa5, 0x00, 0xa6, 0x00, 0xa6, 0x00, 0xa6, 
	0x00, 0xa6, 0x00, 0xa6, 0x00, 0xa4, 0x00, 0xa3, 
	0x00, 0xa3, 0x00, 0xa1, 0x00, 0x9d, 0x00, 0x86, 
	0x00, 0x47, 0x00, 0x11, 0x00, 0x02, 0x00, 0x00, 
	0x00, 0x00, 0x00, 0x06, 0x00, 0x22, 0x00, 0x57, 
	0x00, 0x92, 0x00, 0x99, 0x00, 0x9d, 0x00, 0xa3, 
	0x00, 0xa6, 0x00, 0xa6, 0x00, 0xa6, 0x00, 0xa6, 
	0x00, 0xa6, 0x00, 0xa6, 0x00, 0xa6, 0x00, 0xa5, 
	0x00, 0xa5, 0x00, 0xa6, 0x00, 0xa6, 0x00, 0xa6, 
	0x00, 0xa6, 0x00, 0xa6, 0x00, 0xa5, 0x00, 0xa3, 
	0x00, 0xa3, 0x00, 0xa3, 0x00, 0x95, 0x00, 0x6f, 
	0x00, 0x30, 0x00, 0x08, 0x00, 0x00, 0x00, 0x00, 
	0x00, 0x00, 0x00, 0x02, 0x00, 0x0d, 0x00, 0x32, 
	0x00, 0x8a, 0x00, 0x9a, 0x00, 0x9b, 0x00, 0xa0, 
	0x00, 0xa5, 0x00, 0xa6, 0x00, 0xa6, 0x00, 0xa6, 
	0x00, 0xa6, 0x00, 0xa6, 0x00, 0xa6, 0x00, 0xa6, 
	0x00, 0xa6, 0x00, 0xa6, 0x00, 0xa6, 0x00, 0xa6, 
	0x00, 0xa6, 0x00, 0xa6, 0x00, 0xa6, 0x00, 0xa6, 
	0x00, 0xa3, 0x00, 0x9e, 0x00, 0x86, 0x00, 0x57, 
	0x00, 0x1b, 0x00, 0x04, 0x00, 0x00, 0x00, 0x00, 
	0x00, 0x00, 0x00, 0x01, 0x00, 0x05, 0x00, 0x16, 
	0x00, 0x67, 0x00, 0x93, 0x00, 0x97, 0x00, 0x9f, 
	0x00, 0xa3, 0x00, 0xa5, 0x00, 0xa6, 0x00, 0xa6, 
	0x00, 0xa6, 0x00, 0xa6, 0x00, 0xa6, 0x00, 0xa5, 
	0x00, 0xa6, 0x00, 0xa5, 0x00, 0xa6, 0x00, 0xa6, 
	0x00, 0xa6, 0x00, 0xa6, 0x00, 0xa6, 0x00, 0xa4, 
	0x00, 0xa1, 0x00, 0x95, 0x00, 0x72, 0x00, 0x3c, 
	0x00, 0x10, 0x00, 0x01, 0x00, 0x00, 0x00, 0x00, 
	0x00, 0x01, 0x00, 0x01, 0x00, 0x02, 0x00, 0x05, 
	0x00, 0x33, 0x00, 0x6d, 0x00, 0x87, 0x00, 0x98, 
	0x00, 0xa1, 0x00, 0xa5, 0x00, 0xa6, 0x00, 0xa6, 
	0x00, 0xa6, 0x00, 0xa6, 0x00, 0xa6, 0x00, 0xa6, 
	0x00, 0xa6, 0x00, 0xa6, 0x00, 0xa5, 0x00, 0xa6, 
	0x00, 0xa6, 0x00, 0xa5, 0x00, 0xa6, 0x00, 0xa2, 
	0x00, 0x9b, 0x00, 0x83, 0x00, 0x54, 0x00, 0x22, 
	0x00, 0x05, 0x00, 0x00, 0x00, 0x00, 0x00, 0x00, 
	0x00, 0x00, 0x00, 0x00, 0x00, 0x00, 0x00, 0x01, 
	0x00, 0x0f, 0x00, 0x35, 0x00, 0x5e, 0x00, 0x80, 
	0x00, 0x9d, 0x00, 0xa4, 0x00, 0xa5, 0x00, 0xa6, 
	0x00, 0xa6, 0x00, 0xa6, 0x00, 0xa6, 0x00, 0xa6, 
	0x00, 0xa6, 0x00, 0xa5, 0x00, 0xa6, 0x00, 0xa5, 
	0x00, 0xa5, 0x00, 0xa5, 0x00, 0xa2, 0x00, 0x9a, 
	0x00, 0x85, 0x00, 0x5d, 0x00, 0x2e, 0x00, 0x0c, 
	0x00, 0x02, 0x00, 0x00, 0x00, 0x00, 0x00, 0x00, 
	0x00, 0x00, 0x00, 0x00, 0x00, 0x00, 0x00, 0x00, 
	0x00, 0x03, 0x00, 0x10, 0x00, 0x2c, 0x00, 0x55, 
	0x00, 0x81, 0x00, 0x94, 0x00, 0xa1, 0x00, 0xa5, 
	0x00, 0xa6, 0x00, 0xa6, 0x00, 0xa6, 0x00, 0xa6, 
	0x00, 0xa6, 0x00, 0xa6, 0x00, 0xa4, 0x00, 0xa4, 
	0x00, 0xa2, 0x00, 0x9e, 0x00, 0x9b, 0x00, 0x85, 
	0x00, 0x5d, 0x00, 0x34, 0x00, 0x11, 0x00, 0x03, 
	0x00, 0x02, 0x00, 0x00, 0x00, 0x00, 0x00, 0x00, 
	0x00, 0x00, 0x00, 0x00, 0x00, 0x00, 0x00, 0x00, 
	0x00, 0x01, 0x00, 0x04, 0x00, 0x0e, 0x00, 0x25, 
	0x00, 0x48, 0x00, 0x6b, 0x00, 0x90, 0x00, 0x9e, 
	0x00, 0xa3, 0x00, 0xa5, 0x00, 0xa6, 0x00, 0xa5, 
	0x00, 0xa5, 0x00, 0xa3, 0x00, 0xa3, 0x00, 0x9c, 
	0x00, 0x91, 0x00, 0x84, 0x00, 0x70, 0x00, 0x51, 
	0x00, 0x2c, 0x00, 0x0f, 0x00, 0x02, 0x00, 0x01, 
	0x00, 0x00, 0x00, 0x00, 0x00, 0x00, 0x00, 0x00, 
	0x00, 0x00, 0x00, 0x00, 0x00, 0x00, 0x00, 0x00, 
	0x00, 0x00, 0x00, 0x02, 0x00, 0x03, 0x00, 0x0a, 
	0x00, 0x17, 0x00, 0x39, 0x00, 0x60, 0x00, 0x75, 
	0x00, 0x83, 0x00, 0x8d, 0x00, 0x95, 0x00, 0x98, 
	0x00, 0x98, 0x00, 0x97, 0x00, 0x89, 0x00, 0x75, 
	0x00, 0x5b, 0x00, 0x49, 0x00, 0x31, 0x00, 0x1b, 
	0x00, 0x0a, 0x00, 0x03, 0x00, 0x00, 0x00, 0x00, 
	0x00, 0x00, 0x00, 0x00, 0x00, 0x00, 0x00, 0x00, 
	0x00, 0x00, 0x00, 0x00, 0x00, 0x00, 0x00, 0x00, 
	0x00, 0x00, 0x00, 0x00, 0x00, 0x01, 0x00, 0x01, 
	0x00, 0x05, 0x00, 0x15, 0x00, 0x26, 0x00, 0x2e, 
	0x00, 0x36, 0x00, 0x46, 0x00, 0x57, 0x00, 0x5f, 
	0x00, 0x62, 0x00, 0x5d, 0x00, 0x4c, 0x00, 0x32, 
	0x00, 0x1d, 0x00, 0x12, 0x00, 0x0a, 0x00, 0x06, 
	0x00, 0x00, 0x00, 0x00, 0x00, 0x00, 0x00, 0x00, 
	0x00, 0x00, 0x00, 0x00, 0x00, 0x00, 0x00, 0x00, 
	0x00, 0x00, 0x00, 0x00, 0x00, 0x00, 0x00, 0x00, 
	0x00, 0x00, 0x00, 0x00, 0x00, 0x00, 0x00, 0x00, 
	0x00, 0x01, 0x00, 0x04, 0x00, 0x06, 0x00, 0x05, 
	0x00, 0x08, 0x00, 0x0e, 0x00, 0x19, 0x00, 0x1f, 
	0x00, 0x20, 0x00, 0x1b, 0x00, 0x15, 0x00, 0x09, 
	0x00, 0x04, 0x00, 0x02, 0x00, 0x01, 0x00, 0x00, 
	0x00, 0x00, 0x00, 0x00, 0x00, 0x00, 0x00, 0x00, 
	0x00, 0x00, 0x00, 0x00, 0x00, 0x00, 0x00, 0x00, 
	
};

Vtx castle_grounds_dl_LAYER_ALPHA_castle_grounds_seg7_dl_0700A860_mesh_001_mesh_layer_4_vtx_cull[8] = {
	{{{-6620, 370, -141}, 0, {0, 0}, {0x00, 0x00, 0x00, 0x00}}},
	{{{-6620, 903, -141}, 0, {0, 0}, {0x00, 0x00, 0x00, 0x00}}},
	{{{-6620, 903, -4352}, 0, {0, 0}, {0x00, 0x00, 0x00, 0x00}}},
	{{{-6620, 370, -4352}, 0, {0, 0}, {0x00, 0x00, 0x00, 0x00}}},
	{{{5232, 370, -141}, 0, {0, 0}, {0x00, 0x00, 0x00, 0x00}}},
	{{{5232, 903, -141}, 0, {0, 0}, {0x00, 0x00, 0x00, 0x00}}},
	{{{5232, 903, -4352}, 0, {0, 0}, {0x00, 0x00, 0x00, 0x00}}},
	{{{5232, 370, -4352}, 0, {0, 0}, {0x00, 0x00, 0x00, 0x00}}},
};

Vtx castle_grounds_dl_LAYER_ALPHA_castle_grounds_seg7_dl_0700A860_mesh_001_mesh_layer_4_vtx_0[60] = {
	{{{-4817, 405, -1601}, 0, {18906, 2012}, {0xFF, 0xFF, 0xFF, 0xFF}}},
	{{{-4817, 508, -1601}, 0, {18872, 0}, {0xFF, 0xFF, 0xFF, 0xFF}}},
	{{{-4692, 524, -2546}, 0, {-154, 0}, {0xFF, 0xFF, 0xFF, 0xFF}}},
	{{{-4692, 422, -2546}, 0, {-118, 2012}, {0xFF, 0xFF, 0xFF, 0xFF}}},
	{{{-5856, 543, -4352}, 0, {0, 2012}, {0xFF, 0xFF, 0xFF, 0xFF}}},
	{{{-4942, 540, -4175}, 0, {18556, 2012}, {0xFF, 0xFF, 0xFF, 0xFF}}},
	{{{-5856, 646, -4352}, 0, {-38, 0}, {0xFF, 0xFF, 0xFF, 0xFF}}},
	{{{-4942, 642, -4175}, 0, {18550, 0}, {0xFF, 0xFF, 0xFF, 0xFF}}},
	{{{-4942, 540, -4175}, 0, {0, 2012}, {0xFF, 0xFF, 0xFF, 0xFF}}},
	{{{-4723, 645, -3663}, 0, {11102, 0}, {0xFF, 0xFF, 0xFF, 0xFF}}},
	{{{-4942, 642, -4175}, 0, {-20, 0}, {0xFF, 0xFF, 0xFF, 0xFF}}},
	{{{-4723, 543, -3663}, 0, {11090, 2012}, {0xFF, 0xFF, 0xFF, 0xFF}}},
	{{{-4723, 543, -3663}, 0, {0, 2012}, {0xFF, 0xFF, 0xFF, 0xFF}}},
	{{{-4692, 422, -2546}, 0, {22390, 2012}, {0xFF, 0xFF, 0xFF, 0xFF}}},
	{{{-4692, 524, -2546}, 0, {22168, -20}, {0xFF, 0xFF, 0xFF, 0xFF}}},
	{{{-4723, 645, -3663}, 0, {-250, -20}, {0xFF, 0xFF, 0xFF, 0xFF}}},
	{{{-4817, 405, -1601}, 0, {500, 2012}, {0xFF, 0xFF, 0xFF, 0xFF}}},
	{{{-4144, 370, -544}, 0, {25534, 2012}, {0xFF, 0xFF, 0xFF, 0xFF}}},
	{{{-4144, 473, -544}, 0, {25476, 0}, {0xFF, 0xFF, 0xFF, 0xFF}}},
	{{{-4817, 508, -1601}, 0, {442, 0}, {0xFF, 0xFF, 0xFF, 0xFF}}},
	{{{-4144, 370, -544}, 0, {0, 2012}, {0xFF, 0xFF, 0xFF, 0xFF}}},
	{{{-3098, 444, -343}, 0, {21296, 2012}, {0xFF, 0xFF, 0xFF, 0xFF}}},
	{{{-3098, 547, -343}, 0, {21438, -28}, {0xFF, 0xFF, 0xFF, 0xFF}}},
	{{{-4144, 473, -544}, 0, {110, -28}, {0xFF, 0xFF, 0xFF, 0xFF}}},
	{{{-3098, 444, -343}, 0, {-38, 2008}, {0xFF, 0xFF, 0xFF, 0xFF}}},
	{{{-2051, 518, -142}, 0, {21288, 2008}, {0xFF, 0xFF, 0xFF, 0xFF}}},
	{{{-2051, 621, -142}, 0, {21430, 0}, {0xFF, 0xFF, 0xFF, 0xFF}}},
	{{{-3098, 547, -343}, 0, {102, 0}, {0xFF, 0xFF, 0xFF, 0xFF}}},
	{{{5231, 387, -651}, 0, {-8206, 2012}, {0xFF, 0xFF, 0xFF, 0xFF}}},
	{{{4795, 394, -508}, 0, {956, 2012}, {0xFF, 0xFF, 0xFF, 0xFF}}},
	{{{4795, 497, -508}, 0, {990, 0}, {0xFF, 0xFF, 0xFF, 0xFF}}},
	{{{5232, 489, -652}, 0, {-8206, 0}, {0xFF, 0xFF, 0xFF, 0xFF}}},
	{{{-1305, 767, -142}, 0, {15460, 0}, {0xFF, 0xFF, 0xFF, 0xFF}}},
	{{{-2051, 518, -142}, 0, {-98, 1972}, {0xFF, 0xFF, 0xFF, 0xFF}}},
	{{{-1295, 667, -142}, 0, {15266, 1972}, {0xFF, 0xFF, 0xFF, 0xFF}}},
	{{{-2051, 621, -142}, 0, {294, 0}, {0xFF, 0xFF, 0xFF, 0xFF}}},
	{{{-612, 903, -141}, 0, {14240, 0}, {0xFF, 0xFF, 0xFF, 0xFF}}},
	{{{-1295, 667, -142}, 0, {-62, 1972}, {0xFF, 0xFF, 0xFF, 0xFF}}},
	{{{-592, 805, -141}, 0, {14236, 1972}, {0xFF, 0xFF, 0xFF, 0xFF}}},
	{{{-1305, 767, -142}, 0, {130, 0}, {0xFF, 0xFF, 0xFF, 0xFF}}},
	{{{4616, 404, -1008}, 0, {0, 2012}, {0xFF, 0xFF, 0xFF, 0xFF}}},
	{{{5070, 473, -2042}, 0, {22452, 0}, {0xFF, 0xFF, 0xFF, 0xFF}}},
	{{{4617, 507, -1011}, 0, {0, 0}, {0xFF, 0xFF, 0xFF, 0xFF}}},
	{{{5068, 371, -2039}, 0, {22452, 2012}, {0xFF, 0xFF, 0xFF, 0xFF}}},
	{{{2316, 371, -141}, 0, {0, 2012}, {0xFF, 0xFF, 0xFF, 0xFF}}},
	{{{3323, 403, -530}, 0, {21430, 2012}, {0xFF, 0xFF, 0xFF, 0xFF}}},
	{{{3323, 506, -530}, 0, {21430, 0}, {0xFF, 0xFF, 0xFF, 0xFF}}},
	{{{2316, 473, -141}, 0, {16, 0}, {0xFF, 0xFF, 0xFF, 0xFF}}},
	{{{2316, 473, -141}, 0, {17278, 32}, {0xFF, 0xFF, 0xFF, 0xFF}}},
	{{{1459, 584, -141}, 0, {192, 2012}, {0xFF, 0xFF, 0xFF, 0xFF}}},
	{{{2316, 371, -141}, 0, {17790, 2012}, {0xFF, 0xFF, 0xFF, 0xFF}}},
	{{{1471, 684, -141}, 0, {-54, 32}, {0xFF, 0xFF, 0xFF, 0xFF}}},
	{{{1471, 684, -141}, 0, {17318, 32}, {0xFF, 0xFF, 0xFF, 0xFF}}},
	{{{603, 798, -141}, 0, {0, 2012}, {0xFF, 0xFF, 0xFF, 0xFF}}},
	{{{1459, 584, -141}, 0, {17566, 2012}, {0xFF, 0xFF, 0xFF, 0xFF}}},
	{{{628, 894, -141}, 0, {-16, 32}, {0xFF, 0xFF, 0xFF, 0xFF}}},
	{{{-5856, 543, -4352}, 0, {18364, 2012}, {0xFF, 0xFF, 0xFF, 0xFF}}},
	{{{-5856, 646, -4352}, 0, {18364, 0}, {0xFF, 0xFF, 0xFF, 0xFF}}},
	{{{-6620, 646, -3837}, 0, {0, 0}, {0xFF, 0xFF, 0xFF, 0xFF}}},
	{{{-6620, 543, -3837}, 0, {0, 2012}, {0xFF, 0xFF, 0xFF, 0xFF}}},
};

Gfx castle_grounds_dl_LAYER_ALPHA_castle_grounds_seg7_dl_0700A860_mesh_001_mesh_layer_4_tri_0[] = {
	gsSPVertex(castle_grounds_dl_LAYER_ALPHA_castle_grounds_seg7_dl_0700A860_mesh_001_mesh_layer_4_vtx_0 + 0, 32, 0),
	gsSP2Triangles(0, 1, 2, 0, 3, 0, 2, 0),
	gsSP2Triangles(4, 5, 6, 0, 5, 7, 6, 0),
	gsSP2Triangles(8, 9, 10, 0, 8, 11, 9, 0),
	gsSP2Triangles(12, 13, 14, 0, 12, 14, 15, 0),
	gsSP2Triangles(16, 17, 18, 0, 16, 18, 19, 0),
	gsSP2Triangles(20, 21, 22, 0, 20, 22, 23, 0),
	gsSP2Triangles(24, 25, 26, 0, 24, 26, 27, 0),
	gsSP2Triangles(28, 29, 30, 0, 28, 30, 31, 0),
	gsSPVertex(castle_grounds_dl_LAYER_ALPHA_castle_grounds_seg7_dl_0700A860_mesh_001_mesh_layer_4_vtx_0 + 32, 28, 0),
	gsSP2Triangles(0, 1, 2, 0, 0, 3, 1, 0),
	gsSP2Triangles(4, 5, 6, 0, 4, 7, 5, 0),
	gsSP2Triangles(8, 9, 10, 0, 8, 11, 9, 0),
	gsSP2Triangles(12, 13, 14, 0, 12, 14, 15, 0),
	gsSP2Triangles(16, 17, 18, 0, 16, 19, 17, 0),
	gsSP2Triangles(20, 21, 22, 0, 20, 23, 21, 0),
	gsSP2Triangles(24, 25, 26, 0, 24, 26, 27, 0),
	gsSPEndDisplayList(),
};

Vtx castle_grounds_dl_LAYER_ALPHA_castle_grounds_seg7_dl_0700BA20_mesh_001_mesh_layer_4_vtx_cull[8] = {
	{{{-3766, 1020, -2037}, 0, {0, 0}, {0x00, 0x00, 0x00, 0x00}}},
	{{{-3766, 6094, -2037}, 0, {0, 0}, {0x00, 0x00, 0x00, 0x00}}},
	{{{-3766, 6094, -5717}, 0, {0, 0}, {0x00, 0x00, 0x00, 0x00}}},
	{{{-3766, 1020, -5717}, 0, {0, 0}, {0x00, 0x00, 0x00, 0x00}}},
	{{{3767, 1020, -2037}, 0, {0, 0}, {0x00, 0x00, 0x00, 0x00}}},
	{{{3767, 6094, -2037}, 0, {0, 0}, {0x00, 0x00, 0x00, 0x00}}},
	{{{3767, 6094, -5717}, 0, {0, 0}, {0x00, 0x00, 0x00, 0x00}}},
	{{{3767, 1020, -5717}, 0, {0, 0}, {0x00, 0x00, 0x00, 0x00}}},
};

Vtx castle_grounds_dl_LAYER_ALPHA_castle_grounds_seg7_dl_0700BA20_mesh_001_mesh_layer_4_vtx_0[80] = {
	{{{-3491, 1630, -5396}, 0, {0, 0}, {0x91, 0x91, 0xA5, 0xFF}}},
	{{{-3491, 1630, -5716}, 0, {990, 0}, {0x91, 0x91, 0xA5, 0xFF}}},
	{{{-3491, 1310, -5716}, 0, {990, 990}, {0x91, 0x91, 0xA5, 0xFF}}},
	{{{-3491, 1310, -5396}, 0, {0, 990}, {0x91, 0x91, 0xA5, 0xFF}}},
	{{{-3491, 1627, -4682}, 0, {0, 0}, {0x91, 0x91, 0xA5, 0xFF}}},
	{{{-3491, 1627, -5002}, 0, {990, 0}, {0x91, 0x91, 0xA5, 0xFF}}},
	{{{-3491, 1308, -5002}, 0, {990, 990}, {0x91, 0x91, 0xA5, 0xFF}}},
	{{{-3491, 1308, -4682}, 0, {0, 990}, {0x91, 0x91, 0xA5, 0xFF}}},
	{{{-3491, 1630, -3962}, 0, {0, 0}, {0x91, 0x91, 0xA5, 0xFF}}},
	{{{-3491, 1630, -4282}, 0, {990, 0}, {0x91, 0x91, 0xA5, 0xFF}}},
	{{{-3491, 1311, -4282}, 0, {990, 990}, {0x91, 0x91, 0xA5, 0xFF}}},
	{{{-3491, 1311, -3962}, 0, {0, 990}, {0x91, 0x91, 0xA5, 0xFF}}},
	{{{-3766, 1996, -2982}, 0, {990, 0}, {0x99, 0x99, 0xAC, 0xFF}}},
	{{{-3766, 1689, -2982}, 0, {990, 990}, {0x99, 0x99, 0xAC, 0xFF}}},
	{{{-3628, 1689, -2707}, 0, {0, 990}, {0x99, 0x99, 0xAC, 0xFF}}},
	{{{-3628, 1996, -2707}, 0, {0, 0}, {0x99, 0x99, 0xAC, 0xFF}}},
	{{{-1945, 1737, -2607}, 0, {990, 990}, {0xC4, 0xC4, 0xD0, 0xFF}}},
	{{{-1631, 1737, -2544}, 0, {0, 990}, {0xC4, 0xC4, 0xD0, 0xFF}}},
	{{{-1631, 2056, -2544}, 0, {0, 0}, {0xC4, 0xC4, 0xD0, 0xFF}}},
	{{{-1945, 2056, -2607}, 0, {990, 0}, {0xC4, 0xC4, 0xD0, 0xFF}}},
	{{{-1945, 1020, -2607}, 0, {990, 990}, {0xC4, 0xC4, 0xD0, 0xFF}}},
	{{{-1631, 1020, -2544}, 0, {0, 990}, {0xC4, 0xC4, 0xD0, 0xFF}}},
	{{{-1631, 1340, -2544}, 0, {0, 0}, {0xC4, 0xC4, 0xD0, 0xFF}}},
	{{{-1945, 1340, -2607}, 0, {990, 0}, {0xC4, 0xC4, 0xD0, 0xFF}}},
	{{{-2447, 1020, -2707}, 0, {990, 990}, {0xC4, 0xC4, 0xD0, 0xFF}}},
	{{{-2133, 1020, -2645}, 0, {0, 990}, {0xC4, 0xC4, 0xD0, 0xFF}}},
	{{{-2133, 1340, -2645}, 0, {0, 0}, {0xC4, 0xC4, 0xD0, 0xFF}}},
	{{{-2447, 1340, -2707}, 0, {990, 0}, {0xC4, 0xC4, 0xD0, 0xFF}}},
	{{{-2447, 1737, -2707}, 0, {990, 990}, {0xC4, 0xC4, 0xD0, 0xFF}}},
	{{{-2133, 1737, -2645}, 0, {0, 990}, {0xC4, 0xC4, 0xD0, 0xFF}}},
	{{{-2133, 2056, -2645}, 0, {0, 0}, {0xC4, 0xC4, 0xD0, 0xFF}}},
	{{{-2447, 2056, -2707}, 0, {990, 0}, {0xC4, 0xC4, 0xD0, 0xFF}}},
	{{{158, 6094, -3403}, 0, {0, 0}, {0xC4, 0xC4, 0xD0, 0xFF}}},
	{{{-148, 6094, -3403}, 0, {990, 0}, {0xC4, 0xC4, 0xD0, 0xFF}}},
	{{{-148, 5787, -3392}, 0, {990, 990}, {0xC4, 0xC4, 0xD0, 0xFF}}},
	{{{158, 5787, -3392}, 0, {0, 990}, {0xC4, 0xC4, 0xD0, 0xFF}}},
	{{{155, 4467, -2988}, 0, {0, 0}, {0xC4, 0xC4, 0xD0, 0xFF}}},
	{{{-164, 4467, -2988}, 0, {990, 0}, {0xC4, 0xC4, 0xD0, 0xFF}}},
	{{{-164, 4147, -2988}, 0, {990, 990}, {0xC4, 0xC4, 0xD0, 0xFF}}},
	{{{155, 4147, -2988}, 0, {0, 990}, {0xC4, 0xC4, 0xD0, 0xFF}}},
	{{{-3525, 1996, -2598}, 0, {990, 0}, {0xAD, 0xAD, 0xBC, 0xFF}}},
	{{{-3525, 1689, -2598}, 0, {990, 990}, {0xAD, 0xAD, 0xBC, 0xFF}}},
	{{{-3250, 1689, -2461}, 0, {0, 990}, {0xAD, 0xAD, 0xBC, 0xFF}}},
	{{{-3250, 1996, -2461}, 0, {0, 0}, {0xAD, 0xAD, 0xBC, 0xFF}}},
	{{{3493, 1309, -4681}, 0, {990, 990}, {0xFF, 0xFF, 0xFF, 0xFF}}},
	{{{3493, 1309, -5001}, 0, {0, 990}, {0xFF, 0xFF, 0xFF, 0xFF}}},
	{{{3493, 1629, -5001}, 0, {0, 0}, {0xFF, 0xFF, 0xFF, 0xFF}}},
	{{{3493, 1629, -4681}, 0, {990, 0}, {0xFF, 0xFF, 0xFF, 0xFF}}},
	{{{3251, 1996, -2461}, 0, {990, 0}, {0xFF, 0xFF, 0xFF, 0xFF}}},
	{{{3526, 1689, -2598}, 0, {0, 990}, {0xFF, 0xFF, 0xFF, 0xFF}}},
	{{{3526, 1996, -2598}, 0, {0, 0}, {0xFF, 0xFF, 0xFF, 0xFF}}},
	{{{3251, 1689, -2461}, 0, {990, 990}, {0xFF, 0xFF, 0xFF, 0xFF}}},
	{{{3629, 1996, -2707}, 0, {990, 0}, {0xFF, 0xFF, 0xFF, 0xFF}}},
	{{{3629, 1689, -2707}, 0, {990, 990}, {0xFF, 0xFF, 0xFF, 0xFF}}},
	{{{3767, 1996, -2982}, 0, {0, 0}, {0xFF, 0xFF, 0xFF, 0xFF}}},
	{{{3767, 1689, -2982}, 0, {0, 990}, {0xFF, 0xFF, 0xFF, 0xFF}}},
	{{{3492, 1310, -3965}, 0, {990, 990}, {0xFF, 0xFF, 0xFF, 0xFF}}},
	{{{3492, 1629, -4284}, 0, {0, 0}, {0xFF, 0xFF, 0xFF, 0xFF}}},
	{{{3492, 1629, -3965}, 0, {990, 0}, {0xFF, 0xFF, 0xFF, 0xFF}}},
	{{{3492, 1310, -4284}, 0, {0, 990}, {0xFF, 0xFF, 0xFF, 0xFF}}},
	{{{3493, 1309, -5397}, 0, {990, 990}, {0xFF, 0xFF, 0xFF, 0xFF}}},
	{{{3493, 1628, -5717}, 0, {0, 0}, {0xFF, 0xFF, 0xFF, 0xFF}}},
	{{{3493, 1628, -5397}, 0, {990, 0}, {0xFF, 0xFF, 0xFF, 0xFF}}},
	{{{3493, 1309, -5717}, 0, {0, 990}, {0xFF, 0xFF, 0xFF, 0xFF}}},
	{{{2448, 1340, -2707}, 0, {0, 0}, {0xFF, 0xFF, 0xFF, 0xFF}}},
	{{{2134, 1020, -2645}, 0, {990, 990}, {0xFF, 0xFF, 0xFF, 0xFF}}},
	{{{2448, 1020, -2707}, 0, {0, 990}, {0xFF, 0xFF, 0xFF, 0xFF}}},
	{{{2134, 1340, -2645}, 0, {990, 0}, {0xFF, 0xFF, 0xFF, 0xFF}}},
	{{{1946, 2056, -2607}, 0, {0, 0}, {0xFF, 0xFF, 0xFF, 0xFF}}},
	{{{1632, 2056, -2544}, 0, {990, 0}, {0xFF, 0xFF, 0xFF, 0xFF}}},
	{{{1632, 1737, -2544}, 0, {990, 990}, {0xFF, 0xFF, 0xFF, 0xFF}}},
	{{{1946, 1737, -2607}, 0, {0, 990}, {0xFF, 0xFF, 0xFF, 0xFF}}},
	{{{2448, 2056, -2707}, 0, {0, 0}, {0xFF, 0xFF, 0xFF, 0xFF}}},
	{{{2134, 1737, -2645}, 0, {990, 990}, {0xFF, 0xFF, 0xFF, 0xFF}}},
	{{{2448, 1737, -2707}, 0, {0, 990}, {0xFF, 0xFF, 0xFF, 0xFF}}},
	{{{2134, 2056, -2645}, 0, {990, 0}, {0xFF, 0xFF, 0xFF, 0xFF}}},
	{{{1946, 1340, -2607}, 0, {0, 0}, {0xFF, 0xFF, 0xFF, 0xFF}}},
	{{{1632, 1020, -2544}, 0, {990, 990}, {0xFF, 0xFF, 0xFF, 0xFF}}},
	{{{1946, 1020, -2607}, 0, {0, 990}, {0xFF, 0xFF, 0xFF, 0xFF}}},
	{{{1632, 1340, -2544}, 0, {990, 0}, {0xFF, 0xFF, 0xFF, 0xFF}}},
};

Gfx castle_grounds_dl_LAYER_ALPHA_castle_grounds_seg7_dl_0700BA20_mesh_001_mesh_layer_4_tri_0[] = {
	gsSPVertex(castle_grounds_dl_LAYER_ALPHA_castle_grounds_seg7_dl_0700BA20_mesh_001_mesh_layer_4_vtx_0 + 0, 32, 0),
	gsSP2Triangles(0, 1, 2, 0, 0, 2, 3, 0),
	gsSP2Triangles(4, 5, 6, 0, 4, 6, 7, 0),
	gsSP2Triangles(8, 9, 10, 0, 8, 10, 11, 0),
	gsSP2Triangles(12, 13, 14, 0, 12, 14, 15, 0),
	gsSP2Triangles(16, 17, 18, 0, 16, 18, 19, 0),
	gsSP2Triangles(20, 21, 22, 0, 20, 22, 23, 0),
	gsSP2Triangles(24, 25, 26, 0, 24, 26, 27, 0),
	gsSP2Triangles(28, 29, 30, 0, 28, 30, 31, 0),
	gsSPVertex(castle_grounds_dl_LAYER_ALPHA_castle_grounds_seg7_dl_0700BA20_mesh_001_mesh_layer_4_vtx_0 + 32, 32, 0),
	gsSP2Triangles(0, 1, 2, 0, 0, 2, 3, 0),
	gsSP2Triangles(4, 5, 6, 0, 4, 6, 7, 0),
	gsSP2Triangles(8, 9, 10, 0, 8, 10, 11, 0),
	gsSP2Triangles(12, 13, 14, 0, 12, 14, 15, 0),
	gsSP2Triangles(16, 17, 18, 0, 16, 19, 17, 0),
	gsSP2Triangles(20, 21, 22, 0, 21, 23, 22, 0),
	gsSP2Triangles(24, 25, 26, 0, 24, 27, 25, 0),
	gsSP2Triangles(28, 29, 30, 0, 28, 31, 29, 0),
	gsSPVertex(castle_grounds_dl_LAYER_ALPHA_castle_grounds_seg7_dl_0700BA20_mesh_001_mesh_layer_4_vtx_0 + 64, 16, 0),
	gsSP2Triangles(0, 1, 2, 0, 0, 3, 1, 0),
	gsSP2Triangles(4, 5, 6, 0, 4, 6, 7, 0),
	gsSP2Triangles(8, 9, 10, 0, 8, 11, 9, 0),
	gsSP2Triangles(12, 13, 14, 0, 12, 15, 13, 0),
	gsSPEndDisplayList(),
};

Vtx castle_grounds_dl_LAYER_ALPHA_castle_grounds_seg7_dl_0700BA20_mesh_001_mesh_layer_4_vtx_1[4] = {
	{{{-402, 2604, -2037}, 0, {0, 0}, {0xFF, 0xFF, 0xFF, 0xFF}}},
	{{{402, 2201, -2037}, 0, {2012, 990}, {0xFF, 0xFF, 0xFF, 0xFF}}},
	{{{402, 2604, -2037}, 0, {2012, 0}, {0xFF, 0xFF, 0xFF, 0xFF}}},
	{{{-402, 2201, -2037}, 0, {0, 990}, {0xFF, 0xFF, 0xFF, 0xFF}}},
};

Gfx castle_grounds_dl_LAYER_ALPHA_castle_grounds_seg7_dl_0700BA20_mesh_001_mesh_layer_4_tri_1[] = {
	gsSPVertex(castle_grounds_dl_LAYER_ALPHA_castle_grounds_seg7_dl_0700BA20_mesh_001_mesh_layer_4_vtx_1 + 0, 4, 0),
	gsSP2Triangles(0, 1, 2, 0, 0, 3, 1, 0),
	gsSPEndDisplayList(),
};

Vtx castle_grounds_dl_LAYER_ALPHA_castle_grounds_seg7_dl_0700BA20_mesh_001_mesh_layer_4_vtx_2[4] = {
	{{{402, 3006, -2037}, 0, {2012, 0}, {0xFF, 0xFF, 0xFF, 0xFF}}},
	{{{-402, 3006, -2037}, 0, {0, 0}, {0xFF, 0xFF, 0xFF, 0xFF}}},
	{{{-402, 2604, -2037}, 0, {0, 990}, {0xFF, 0xFF, 0xFF, 0xFF}}},
	{{{402, 2604, -2037}, 0, {2012, 990}, {0xFF, 0xFF, 0xFF, 0xFF}}},
};

Gfx castle_grounds_dl_LAYER_ALPHA_castle_grounds_seg7_dl_0700BA20_mesh_001_mesh_layer_4_tri_2[] = {
	gsSPVertex(castle_grounds_dl_LAYER_ALPHA_castle_grounds_seg7_dl_0700BA20_mesh_001_mesh_layer_4_vtx_2 + 0, 4, 0),
	gsSP2Triangles(0, 1, 2, 0, 0, 2, 3, 0),
	gsSPEndDisplayList(),
};

Vtx castle_grounds_dl_LAYER_ALPHA_castle_grounds_seg7_dl_0700BC68_mesh_mesh_layer_4_vtx_cull[8] = {
	{{{2283, 65, 2072}, 0, {0, 0}, {0x00, 0x00, 0x00, 0x00}}},
	{{{2283, 65, 2072}, 0, {0, 0}, {0x00, 0x00, 0x00, 0x00}}},
	{{{2283, 65, 1849}, 0, {0, 0}, {0x00, 0x00, 0x00, 0x00}}},
	{{{2283, 65, 1849}, 0, {0, 0}, {0x00, 0x00, 0x00, 0x00}}},
	{{{2485, 65, 2072}, 0, {0, 0}, {0x00, 0x00, 0x00, 0x00}}},
	{{{2485, 65, 2072}, 0, {0, 0}, {0x00, 0x00, 0x00, 0x00}}},
	{{{2485, 65, 1849}, 0, {0, 0}, {0x00, 0x00, 0x00, 0x00}}},
	{{{2485, 65, 1849}, 0, {0, 0}, {0x00, 0x00, 0x00, 0x00}}},
};

Vtx castle_grounds_dl_LAYER_ALPHA_castle_grounds_seg7_dl_0700BC68_mesh_mesh_layer_4_vtx_0[4] = {
	{{{2283, 65, 2072}, 0, {0, 0}, {0xFF, 0xFF, 0xFF, 0xFF}}},
	{{{2485, 65, 2072}, 0, {0, 990}, {0xFF, 0xFF, 0xFF, 0xFF}}},
	{{{2485, 65, 1849}, 0, {990, 990}, {0xFF, 0xFF, 0xFF, 0xFF}}},
	{{{2283, 65, 1849}, 0, {990, 0}, {0xFF, 0xFF, 0xFF, 0xFF}}},
};

Gfx castle_grounds_dl_LAYER_ALPHA_castle_grounds_seg7_dl_0700BC68_mesh_mesh_layer_4_tri_0[] = {
	gsSPVertex(castle_grounds_dl_LAYER_ALPHA_castle_grounds_seg7_dl_0700BC68_mesh_mesh_layer_4_vtx_0 + 0, 4, 0),
	gsSP2Triangles(0, 1, 2, 0, 0, 2, 3, 0),
	gsSPEndDisplayList(),
};

Vtx castle_grounds_dl_LAYER_OPAQUE_castle_grounds_seg7_dl_07006D70_mesh_mesh_layer_1_vtx_cull[8] = {
	{{{-5786, -1842, 590}, 0, {0, 0}, {0x00, 0x00, 0x00, 0x00}}},
	{{{-5786, 4069, 590}, 0, {0, 0}, {0x00, 0x00, 0x00, 0x00}}},
	{{{-5786, 4069, -8085}, 0, {0, 0}, {0x00, 0x00, 0x00, 0x00}}},
	{{{-5786, -1842, -8085}, 0, {0, 0}, {0x00, 0x00, 0x00, 0x00}}},
	{{{5052, -1842, 590}, 0, {0, 0}, {0x00, 0x00, 0x00, 0x00}}},
	{{{5052, 4069, 590}, 0, {0, 0}, {0x00, 0x00, 0x00, 0x00}}},
	{{{5052, 4069, -8085}, 0, {0, 0}, {0x00, 0x00, 0x00, 0x00}}},
	{{{5052, -1842, -8085}, 0, {0, 0}, {0x00, 0x00, 0x00, 0x00}}},
};

Vtx castle_grounds_dl_LAYER_OPAQUE_castle_grounds_seg7_dl_07006D70_mesh_mesh_layer_1_vtx_0[51] = {
	{{{-3515, -511, -3151}, 0, {14884, -28136}, {0xFF, 0xFF, 0xFF, 0xFF}}},
	{{{-3532, -511, -2178}, 0, {10030, -28220}, {0xFF, 0xFF, 0xFF, 0xFF}}},
	{{{-3225, -511, -2178}, 0, {10030, -26688}, {0xFF, 0xFF, 0xFF, 0xFF}}},
	{{{3784, -1330, 590}, 0, {0, 906}, {0x70, 0x70, 0x8A, 0xFF}}},
	{{{5019, -1330, 140}, 0, {0, -5654}, {0x70, 0x70, 0x8A, 0xFF}}},
	{{{4897, -972, -194}, 0, {3294, -5652}, {0x70, 0x70, 0x8A, 0xFF}}},
	{{{3662, -972, 254}, 0, {3294, 906}, {0x70, 0x70, 0x8A, 0xFF}}},
	{{{-3541, -921, -3361}, 0, {1542, -2588}, {0xA0, 0xA0, 0xA0, 0xFF}}},
	{{{-4686, -921, -3361}, 0, {1542, 3126}, {0xA0, 0xA0, 0xA0, 0xFF}}},
	{{{-4686, -869, -3151}, 0, {494, 3126}, {0xA0, 0xA0, 0xA0, 0xFF}}},
	{{{-3912, -869, -3151}, 0, {494, -736}, {0xA0, 0xA0, 0xA0, 0xFF}}},
	{{{3495, -665, -201}, 0, {0, -1480}, {0xA0, 0xA0, 0xA0, 0xFF}}},
	{{{4597, -665, -1016}, 0, {1502, 5076}, {0xA0, 0xA0, 0xA0, 0xFF}}},
	{{{3362, -665, -567}, 0, {1502, -1480}, {0xA0, 0xA0, 0xA0, 0xFF}}},
	{{{4730, -665, -651}, 0, {0, 5076}, {0xA0, 0xA0, 0xA0, 0xFF}}},
	{{{3495, -869, -201}, 0, {2848, -1480}, {0xA0, 0xA0, 0xA0, 0xFF}}},
	{{{4897, -921, -194}, 0, {0, 5076}, {0xA0, 0xA0, 0xA0, 0xFF}}},
	{{{4730, -869, -651}, 0, {2848, 5076}, {0xA0, 0xA0, 0xA0, 0xFF}}},
	{{{3662, -921, 254}, 0, {0, -1480}, {0xA0, 0xA0, 0xA0, 0xFF}}},
	{{{-3481, -716, -3361}, 0, {1542, -2886}, {0xA0, 0xA0, 0xA0, 0xFF}}},
	{{{-3912, -716, -3151}, 0, {494, -736}, {0xA0, 0xA0, 0xA0, 0xFF}}},
	{{{-3481, -716, -3151}, 0, {494, -2886}, {0xA0, 0xA0, 0xA0, 0xFF}}},
	{{{-3788, -716, -3361}, 0, {1542, -1352}, {0xA0, 0xA0, 0xA0, 0xFF}}},
	{{{-1023, -511, -2553}, 0, {11900, 652}, {0xFF, 0xFF, 0xFF, 0xFF}}},
	{{{-3515, -511, -3151}, 0, {14884, -11784}, {0xFF, 0xFF, 0xFF, 0xFF}}},
	{{{-3225, -511, -2178}, 0, {10030, -10336}, {0xFF, 0xFF, 0xFF, 0xFF}}},
	{{{-3225, -511, -1871}, 0, {8496, -10336}, {0xFF, 0xFF, 0xFF, 0xFF}}},
	{{{-1023, -511, -162}, 0, {0, 652}, {0xFF, 0xFF, 0xFF, 0xFF}}},
	{{{-4796, -511, -168}, 0, {2, -18178}, {0xFF, 0xFF, 0xFF, 0xFF}}},
	{{{-3532, -511, -1871}, 0, {8496, -11868}, {0xFF, 0xFF, 0xFF, 0xFF}}},
	{{{-3532, -511, -2178}, 0, {10030, -11868}, {0xFF, 0xFF, 0xFF, 0xFF}}},
	{{{-4796, -511, -3151}, 0, {14884, -18178}, {0xFF, 0xFF, 0xFF, 0xFF}}},
	{{{-3481, -1228, -3663}, 0, {990, 0}, {0x67, 0x67, 0x69, 0xFF}}},
	{{{-4703, -1228, -3663}, 0, {990, 6066}, {0x67, 0x67, 0x69, 0xFF}}},
	{{{-3541, -972, -3361}, 0, {-1346, 270}, {0x67, 0x67, 0x69, 0xFF}}},
	{{{-4686, -972, -3361}, 0, {-1346, 5982}, {0x67, 0x67, 0x69, 0xFF}}},
	{{{3362, -511, -567}, 0, {1990, 6186}, {0xA0, 0xA0, 0xA0, 0xFF}}},
	{{{4597, -511, -1016}, 0, {4232, 12350}, {0xA0, 0xA0, 0xA0, 0xFF}}},
	{{{3072, -511, -2741}, 0, {12840, 4738}, {0xA0, 0xA0, 0xA0, 0xFF}}},
	{{{5052, -511, -2053}, 0, {9404, 14616}, {0xA0, 0xA0, 0xA0, 0xFF}}},
	{{{4407, -511, -3689}, 0, {17568, 11398}, {0xA0, 0xA0, 0xA0, 0xFF}}},
	{{{3482, -511, -3663}, 0, {17440, 6782}, {0xA0, 0xA0, 0xA0, 0xFF}}},
	{{{83, -511, -162}, 0, {0, -10176}, {0xFF, 0xFF, 0xFF, 0xFF}}},
	{{{2321, -511, -162}, 0, {0, 990}, {0xFF, 0xFF, 0xFF, 0xFF}}},
	{{{83, -511, -2766}, 0, {12964, -10176}, {0xFF, 0xFF, 0xFF, 0xFF}}},
	{{{3072, -511, -2741}, 0, {12840, 4738}, {0xFF, 0xFF, 0xFF, 0xFF}}},
	{{{3362, -511, -567}, 0, {1990, 6186}, {0xFF, 0xFF, 0xFF, 0xFF}}},
	{{{83, -511, -162}, 0, {0, -10176}, {0x58, 0x58, 0x62, 0xFF}}},
	{{{83, -511, -2766}, 0, {12964, -10176}, {0x58, 0x58, 0x62, 0xFF}}},
	{{{-1023, -511, -162}, 0, {0, -15700}, {0x58, 0x58, 0x62, 0xFF}}},
	{{{-1023, -511, -2553}, 0, {11900, -15700}, {0x58, 0x58, 0x62, 0xFF}}},
};

Gfx castle_grounds_dl_LAYER_OPAQUE_castle_grounds_seg7_dl_07006D70_mesh_mesh_layer_1_tri_0[] = {
	gsSPVertex(castle_grounds_dl_LAYER_OPAQUE_castle_grounds_seg7_dl_07006D70_mesh_mesh_layer_1_vtx_0 + 0, 32, 0),
	gsSP2Triangles(0, 1, 2, 0, 3, 4, 5, 0),
	gsSP2Triangles(3, 5, 6, 0, 7, 8, 9, 0),
	gsSP2Triangles(7, 9, 10, 0, 11, 12, 13, 0),
	gsSP2Triangles(11, 14, 12, 0, 15, 16, 17, 0),
	gsSP2Triangles(15, 18, 16, 0, 19, 20, 21, 0),
	gsSP2Triangles(19, 22, 20, 0, 23, 24, 25, 0),
	gsSP2Triangles(23, 25, 26, 0, 26, 27, 23, 0),
	gsSP2Triangles(28, 27, 26, 0, 26, 29, 28, 0),
	gsSP2Triangles(28, 29, 30, 0, 28, 30, 24, 0),
	gsSP1Triangle(28, 24, 31, 0),
	gsSPVertex(castle_grounds_dl_LAYER_OPAQUE_castle_grounds_seg7_dl_07006D70_mesh_mesh_layer_1_vtx_0 + 32, 19, 0),
	gsSP2Triangles(0, 1, 2, 0, 1, 3, 2, 0),
	gsSP2Triangles(4, 5, 6, 0, 6, 5, 7, 0),
	gsSP2Triangles(6, 7, 8, 0, 6, 8, 9, 0),
	gsSP2Triangles(10, 11, 12, 0, 11, 13, 12, 0),
	gsSP2Triangles(14, 13, 11, 0, 15, 16, 17, 0),
	gsSP1Triangle(16, 18, 17, 0),
	gsSPEndDisplayList(),
};

Vtx castle_grounds_dl_LAYER_OPAQUE_castle_grounds_seg7_dl_07006D70_mesh_mesh_layer_1_vtx_1[4] = {
	{{{-562, 803, -3718}, 0, {0, 2}, {0x70, 0x70, 0x8A, 0xFF}}},
	{{{563, 803, -3206}, 0, {990, 990}, {0x70, 0x70, 0x8A, 0xFF}}},
	{{{563, 803, -3718}, 0, {990, 2}, {0x70, 0x70, 0x8A, 0xFF}}},
	{{{-562, 803, -3206}, 0, {0, 990}, {0x70, 0x70, 0x8A, 0xFF}}},
};

Gfx castle_grounds_dl_LAYER_OPAQUE_castle_grounds_seg7_dl_07006D70_mesh_mesh_layer_1_tri_1[] = {
	gsSPVertex(castle_grounds_dl_LAYER_OPAQUE_castle_grounds_seg7_dl_07006D70_mesh_mesh_layer_1_vtx_1 + 0, 4, 0),
	gsSP2Triangles(0, 1, 2, 0, 0, 3, 1, 0),
	gsSPEndDisplayList(),
};

Vtx castle_grounds_dl_LAYER_OPAQUE_castle_grounds_seg7_dl_07006D70_mesh_mesh_layer_1_vtx_2[18] = {
	{{{3482, -511, -3663}, 0, {0, 990}, {0xA0, 0xA0, 0xA0, 0xFF}}},
	{{{4407, -511, -3689}, 0, {4586, 990}, {0xA0, 0xA0, 0xA0, 0xFF}}},
	{{{4409, 545, -5437}, 0, {4840, -9200}, {0xA0, 0xA0, 0xA0, 0xFF}}},
	{{{3482, -511, -3663}, 0, {0, 990}, {0xFF, 0xFF, 0xFF, 0xFF}}},
	{{{4409, 545, -5437}, 0, {4840, -9200}, {0xFF, 0xFF, 0xFF, 0xFF}}},
	{{{3468, 545, -5438}, 0, {148, -9316}, {0xFF, 0xFF, 0xFF, 0xFF}}},
	{{{451, 906, -1512}, 0, {990, -5654}, {0xFF, 0xFF, 0xFF, 0xFF}}},
	{{{451, 803, -2127}, 0, {990, -8720}, {0xFF, 0xFF, 0xFF, 0xFF}}},
	{{{-450, 803, -2127}, 0, {-3510, -8720}, {0xFF, 0xFF, 0xFF, 0xFF}}},
	{{{-450, 906, -1512}, 0, {-3510, -5654}, {0xFF, 0xFF, 0xFF, 0xFF}}},
	{{{451, 906, -796}, 0, {990, -2076}, {0xFF, 0xFF, 0xFF, 0xFF}}},
	{{{-450, 906, -796}, 0, {-3510, -2076}, {0xFF, 0xFF, 0xFF, 0xFF}}},
	{{{-450, 811, -162}, 0, {-3510, 1086}, {0xFF, 0xFF, 0xFF, 0xFF}}},
	{{{451, 811, -162}, 0, {990, 1086}, {0xFF, 0xFF, 0xFF, 0xFF}}},
	{{{3201, -506, -3347}, 0, {2522, -2076}, {0x58, 0x58, 0x62, 0xFF}}},
	{{{2875, -506, -3022}, 0, {-2074, -2076}, {0x58, 0x58, 0x62, 0xFF}}},
	{{{3419, -511, -3130}, 0, {2522, 990}, {0x58, 0x58, 0x62, 0xFF}}},
	{{{3093, -511, -2804}, 0, {-2074, 990}, {0x58, 0x58, 0x62, 0xFF}}},
};

Gfx castle_grounds_dl_LAYER_OPAQUE_castle_grounds_seg7_dl_07006D70_mesh_mesh_layer_1_tri_2[] = {
	gsSPVertex(castle_grounds_dl_LAYER_OPAQUE_castle_grounds_seg7_dl_07006D70_mesh_mesh_layer_1_vtx_2 + 0, 18, 0),
	gsSP2Triangles(0, 1, 2, 0, 3, 4, 5, 0),
	gsSP2Triangles(6, 7, 8, 0, 6, 8, 9, 0),
	gsSP2Triangles(10, 6, 9, 0, 10, 9, 11, 0),
	gsSP2Triangles(12, 10, 11, 0, 12, 13, 10, 0),
	gsSP2Triangles(14, 15, 16, 0, 15, 17, 16, 0),
	gsSPEndDisplayList(),
};

Vtx castle_grounds_dl_LAYER_OPAQUE_castle_grounds_seg7_dl_07006D70_mesh_mesh_layer_1_vtx_3[138] = {
	{{{1846, 3174, -6131}, 0, {-8192, 990}, {0xFF, 0xFF, 0xFF, 0xFF}}},
	{{{-1842, 3174, -6143}, 0, {1010, 990}, {0xFF, 0xFF, 0xFF, 0xFF}}},
	{{{1846, 3174, -3571}, 0, {-8212, -5398}, {0xFF, 0xFF, 0xFF, 0xFF}}},
	{{{945, 3174, -3574}, 0, {-5966, -5398}, {0xFF, 0xFF, 0xFF, 0xFF}}},
	{{{945, 3174, -4199}, 0, {-5960, -3838}, {0xFF, 0xFF, 0xFF, 0xFF}}},
	{{{-3834, 3349, -6646}, 0, {1310, -1594}, {0x72, 0x72, 0x8C, 0xFF}}},
	{{{-3154, 2339, -6614}, 0, {-286, 990}, {0x72, 0x72, 0x8C, 0xFF}}},
	{{{-4361, 2339, -7116}, 0, {2974, 990}, {0x72, 0x72, 0x8C, 0xFF}}},
	{{{4362, 2339, -7116}, 0, {-542, 990}, {0x72, 0x72, 0x8C, 0xFF}}},
	{{{3155, 2339, -6614}, 0, {2720, 990}, {0x72, 0x72, 0x8C, 0xFF}}},
	{{{3835, 3349, -6646}, 0, {1122, -1594}, {0x72, 0x72, 0x8C, 0xFF}}},
	{{{-3481, 2339, -7274}, 0, {-1860, 2712}, {0x99, 0x99, 0xAC, 0xFF}}},
	{{{-2869, 2662, -6131}, 0, {990, 990}, {0x99, 0x99, 0xAC, 0xFF}}},
	{{{-1842, 3174, -6143}, 0, {964, -1872}, {0x99, 0x99, 0xAC, 0xFF}}},
	{{{3484, 2339, -7274}, 0, {2820, 2718}, {0xC4, 0xC4, 0xD0, 0xFF}}},
	{{{1846, 3174, -6131}, 0, {0, -1866}, {0xC4, 0xC4, 0xD0, 0xFF}}},
	{{{2870, 2662, -6131}, 0, {0, 990}, {0xC4, 0xC4, 0xD0, 0xFF}}},
	{{{-3481, 2339, -3663}, 0, {-540, 1244}, {0x70, 0x70, 0x8A, 0xFF}}},
	{{{-3788, 2339, -3048}, 0, {1170, 1244}, {0x70, 0x70, 0x8A, 0xFF}}},
	{{{-3212, 3349, -3009}, 0, {616, -1602}, {0x70, 0x70, 0x8A, 0xFF}}},
	{{{898, 2867, -2998}, 0, {876, -1252}, {0xFF, 0xFF, 0xFF, 0xFF}}},
	{{{1024, 2460, -2127}, 0, {0, 990}, {0xFF, 0xFF, 0xFF, 0xFF}}},
	{{{1536, 2339, -2536}, 0, {1632, 990}, {0xFF, 0xFF, 0xFF, 0xFF}}},
	{{{945, 2867, -3540}, 0, {2644, -1528}, {0xFF, 0xFF, 0xFF, 0xFF}}},
	{{{466, 4069, -2998}, 0, {0, -3782}, {0xFF, 0xFF, 0xFF, 0xFF}}},
	{{{3213, 3349, -3009}, 0, {502, -1818}, {0xFF, 0xFF, 0xFF, 0xFF}}},
	{{{3584, 2339, -2639}, 0, {0, 990}, {0xFF, 0xFF, 0xFF, 0xFF}}},
	{{{3789, 2339, -3048}, 0, {990, 990}, {0xFF, 0xFF, 0xFF, 0xFF}}},
	{{{-3173, 2339, -2434}, 0, {0, 990}, {0xFF, 0xFF, 0xFF, 0xFF}}},
	{{{-2559, 2339, -2741}, 0, {1682, 990}, {0xFF, 0xFF, 0xFF, 0xFF}}},
	{{{-3212, 3349, -3009}, 0, {522, -1856}, {0xFF, 0xFF, 0xFF, 0xFF}}},
	{{{-3788, 2339, -3048}, 0, {0, 990}, {0x91, 0x91, 0xA5, 0xFF}}},
	{{{-3583, 2339, -2639}, 0, {1110, 990}, {0x91, 0x91, 0xA5, 0xFF}}},
	{{{-3212, 3349, -3009}, 0, {698, -1818}, {0x91, 0x91, 0xA5, 0xFF}}},
	{{{3213, 3349, -3009}, 0, {826, -1878}, {0x72, 0x72, 0x8C, 0xFF}}},
	{{{2867, 2662, -3356}, 0, {-524, -20}, {0x72, 0x72, 0x8C, 0xFF}}},
	{{{2560, 2339, -2741}, 0, {990, 990}, {0x72, 0x72, 0x8C, 0xFF}}},
	{{{-4361, 2339, -7116}, 0, {-540, 1244}, {0x72, 0x72, 0x8C, 0xFF}}},
	{{{-4369, 2339, -6429}, 0, {1170, 1244}, {0x72, 0x72, 0x8C, 0xFF}}},
	{{{-3834, 3349, -6646}, 0, {616, -1602}, {0x72, 0x72, 0x8C, 0xFF}}},
	{{{-4005, 2339, -6151}, 0, {0, 990}, {0xFF, 0xFF, 0xFF, 0xFF}}},
	{{{-3547, 2339, -6145}, 0, {1110, 990}, {0xFF, 0xFF, 0xFF, 0xFF}}},
	{{{-3834, 3349, -6646}, 0, {382, -1818}, {0xFF, 0xFF, 0xFF, 0xFF}}},
	{{{3835, 3349, -6646}, 0, {698, -1818}, {0xFF, 0xFF, 0xFF, 0xFF}}},
	{{{4006, 2339, -6151}, 0, {1110, 990}, {0xFF, 0xFF, 0xFF, 0xFF}}},
	{{{4370, 2339, -6429}, 0, {0, 990}, {0xFF, 0xFF, 0xFF, 0xFF}}},
	{{{-1535, 2339, -2536}, 0, {0, 990}, {0x99, 0x99, 0xAC, 0xFF}}},
	{{{-1023, 2460, -2127}, 0, {1632, 990}, {0x99, 0x99, 0xAC, 0xFF}}},
	{{{-897, 2867, -2998}, 0, {722, -1252}, {0x99, 0x99, 0xAC, 0xFF}}},
	{{{-944, 2867, -3540}, 0, {-1684, -1098}, {0x99, 0x99, 0xAC, 0xFF}}},
	{{{-1023, 2460, -2127}, 0, {990, 1416}, {0x99, 0x99, 0xAC, 0xFF}}},
	{{{-465, 4069, -2998}, 0, {990, -3354}, {0x99, 0x99, 0xAC, 0xFF}}},
	{{{3213, 3349, -3009}, 0, {934, -2690}, {0x99, 0x99, 0xAC, 0xFF}}},
	{{{3482, 2339, -3663}, 0, {0, 998}, {0x99, 0x99, 0xAC, 0xFF}}},
	{{{2867, 2662, -3356}, 0, {1974, -172}, {0x99, 0x99, 0xAC, 0xFF}}},
	{{{3213, 3349, -3009}, 0, {522, -1856}, {0xC4, 0xC4, 0xD0, 0xFF}}},
	{{{3789, 2339, -3048}, 0, {0, 990}, {0xC4, 0xC4, 0xD0, 0xFF}}},
	{{{3482, 2339, -3663}, 0, {1682, 990}, {0xC4, 0xC4, 0xD0, 0xFF}}},
	{{{-3547, 2339, -6145}, 0, {0, 990}, {0xC4, 0xC4, 0xD0, 0xFF}}},
	{{{-3154, 2339, -6614}, 0, {1682, 990}, {0xC4, 0xC4, 0xD0, 0xFF}}},
	{{{-3834, 3349, -6646}, 0, {522, -1856}, {0xC4, 0xC4, 0xD0, 0xFF}}},
	{{{3835, 3349, -6646}, 0, {616, -1602}, {0xC4, 0xC4, 0xD0, 0xFF}}},
	{{{4370, 2339, -6429}, 0, {1170, 1244}, {0xC4, 0xC4, 0xD0, 0xFF}}},
	{{{4362, 2339, -7116}, 0, {-540, 1244}, {0xC4, 0xC4, 0xD0, 0xFF}}},
	{{{-2559, 2339, -2741}, 0, {-58, 1528}, {0xC4, 0xC4, 0xD0, 0xFF}}},
	{{{-2866, 2662, -3356}, 0, {1366, 66}, {0xC4, 0xC4, 0xD0, 0xFF}}},
	{{{-3212, 3349, -3009}, 0, {-16, -1878}, {0xC4, 0xC4, 0xD0, 0xFF}}},
	{{{3213, 3349, -3009}, 0, {1128, -1856}, {0xAD, 0xAD, 0xBC, 0xFF}}},
	{{{2560, 2339, -2741}, 0, {0, 990}, {0xAD, 0xAD, 0xBC, 0xFF}}},
	{{{3174, 2339, -2434}, 0, {1682, 990}, {0xAD, 0xAD, 0xBC, 0xFF}}},
	{{{-4369, 2339, -6429}, 0, {0, 990}, {0xAD, 0xAD, 0xBC, 0xFF}}},
	{{{-4005, 2339, -6151}, 0, {1110, 990}, {0xAD, 0xAD, 0xBC, 0xFF}}},
	{{{-3834, 3349, -6646}, 0, {698, -1818}, {0xAD, 0xAD, 0xBC, 0xFF}}},
	{{{3835, 3349, -6646}, 0, {522, -1856}, {0xAD, 0xAD, 0xBC, 0xFF}}},
	{{{3155, 2339, -6614}, 0, {1682, 990}, {0xAD, 0xAD, 0xBC, 0xFF}}},
	{{{3548, 2339, -6145}, 0, {0, 990}, {0xAD, 0xAD, 0xBC, 0xFF}}},
	{{{-2866, 2662, -3356}, 0, {-894, -268}, {0xAD, 0xAD, 0xBC, 0xFF}}},
	{{{-3481, 2339, -3663}, 0, {852, 898}, {0xAD, 0xAD, 0xBC, 0xFF}}},
	{{{-3212, 3349, -3009}, 0, {26, -2412}, {0xAD, 0xAD, 0xBC, 0xFF}}},
	{{{-3583, 2339, -2639}, 0, {0, 990}, {0xE5, 0xE5, 0xEA, 0xFF}}},
	{{{-3173, 2339, -2434}, 0, {1110, 990}, {0xE5, 0xE5, 0xEA, 0xFF}}},
	{{{-3212, 3349, -3009}, 0, {382, -1818}, {0xE5, 0xE5, 0xEA, 0xFF}}},
	{{{3213, 3349, -3009}, 0, {620, -1520}, {0xE5, 0xE5, 0xEA, 0xFF}}},
	{{{3174, 2339, -2434}, 0, {0, 990}, {0xE5, 0xE5, 0xEA, 0xFF}}},
	{{{3584, 2339, -2639}, 0, {990, 990}, {0xE5, 0xE5, 0xEA, 0xFF}}},
	{{{3835, 3349, -6646}, 0, {382, -1818}, {0xE5, 0xE5, 0xEA, 0xFF}}},
	{{{3548, 2339, -6145}, 0, {1110, 990}, {0xE5, 0xE5, 0xEA, 0xFF}}},
	{{{4006, 2339, -6151}, 0, {0, 990}, {0xE5, 0xE5, 0xEA, 0xFF}}},
	{{{3484, 2339, -7274}, 0, {0, 990}, {0x99, 0x99, 0xAC, 0xFF}}},
	{{{-3481, 2339, -7274}, 0, {17348, 990}, {0x99, 0x99, 0xAC, 0xFF}}},
	{{{1846, 3174, -6131}, 0, {4056, -2540}, {0x99, 0x99, 0xAC, 0xFF}}},
	{{{-1842, 3174, -6143}, 0, {13260, -2518}, {0x99, 0x99, 0xAC, 0xFF}}},
	{{{-1842, 3174, -6143}, 0, {1010, 990}, {0x9C, 0x9C, 0xAE, 0xFF}}},
	{{{-1842, 3174, -3583}, 0, {990, -5398}, {0x9C, 0x9C, 0xAE, 0xFF}}},
	{{{945, 3174, -3574}, 0, {-5966, -5398}, {0x9C, 0x9C, 0xAE, 0xFF}}},
	{{{945, 3174, -4199}, 0, {-5960, -3838}, {0x9C, 0x9C, 0xAE, 0xFF}}},
	{{{-2559, 2339, -2741}, 0, {0, 990}, {0xFF, 0xFF, 0xFF, 0xFF}}},
	{{{-1535, 2339, -2536}, 0, {2574, 990}, {0xFF, 0xFF, 0xFF, 0xFF}}},
	{{{-897, 2867, -2998}, 0, {3910, -962}, {0xFF, 0xFF, 0xFF, 0xFF}}},
	{{{-2866, 2662, -3356}, 0, {-1082, -560}, {0xFF, 0xFF, 0xFF, 0xFF}}},
	{{{-1842, 3174, -3583}, 0, {1310, -2196}, {0xFF, 0xFF, 0xFF, 0xFF}}},
	{{{-897, 2867, -2998}, 0, {26, 1098}, {0xFF, 0xFF, 0xFF, 0xFF}}},
	{{{898, 2867, -2998}, 0, {4506, 1086}, {0xFF, 0xFF, 0xFF, 0xFF}}},
	{{{1846, 3174, -3571}, 0, {6866, -544}, {0xFF, 0xFF, 0xFF, 0xFF}}},
	{{{-1842, 3174, -3583}, 0, {-2336, -542}, {0xFF, 0xFF, 0xFF, 0xFF}}},
	{{{898, 2867, -2998}, 0, {-1416, -962}, {0xFF, 0xFF, 0xFF, 0xFF}}},
	{{{2867, 2662, -3356}, 0, {3576, -560}, {0xFF, 0xFF, 0xFF, 0xFF}}},
	{{{1846, 3174, -3571}, 0, {1182, -2174}, {0xFF, 0xFF, 0xFF, 0xFF}}},
	{{{2560, 2339, -2741}, 0, {2522, 990}, {0xFF, 0xFF, 0xFF, 0xFF}}},
	{{{1536, 2339, -2536}, 0, {-80, 990}, {0xFF, 0xFF, 0xFF, 0xFF}}},
	{{{1846, 3174, -3571}, 0, {-5396, -1866}, {0xFF, 0xFF, 0xFF, 0xFF}}},
	{{{2867, 2662, -3356}, 0, {-5934, 984}, {0xFF, 0xFF, 0xFF, 0xFF}}},
	{{{2870, 2662, -6131}, 0, {990, 990}, {0xFF, 0xFF, 0xFF, 0xFF}}},
	{{{1846, 3174, -6131}, 0, {990, -1866}, {0xFF, 0xFF, 0xFF, 0xFF}}},
	{{{0, 3584, -2047}, 0, {0, -1070}, {0xFF, 0xFF, 0xFF, 0xFF}}},
	{{{532, 2652, -2047}, 0, {0, 990}, {0xFF, 0xFF, 0xFF, 0xFF}}},
	{{{532, 2652, -2846}, 0, {1502, 990}, {0xFF, 0xFF, 0xFF, 0xFF}}},
	{{{0, 3584, -2846}, 0, {1502, -1070}, {0xFF, 0xFF, 0xFF, 0xFF}}},
	{{{3484, 2339, -7274}, 0, {3842, 2274}, {0xFF, 0xFF, 0xFF, 0xFF}}},
	{{{2870, 2662, -6131}, 0, {990, 0}, {0xFF, 0xFF, 0xFF, 0xFF}}},
	{{{2867, 2662, -3356}, 0, {-5934, 0}, {0xFF, 0xFF, 0xFF, 0xFF}}},
	{{{3482, 2339, -3663}, 0, {-5166, 2274}, {0xFF, 0xFF, 0xFF, 0xFF}}},
	{{{-531, 2652, -2846}, 0, {-540, 1004}, {0x72, 0x72, 0x8C, 0xFF}}},
	{{{0, 3584, -2047}, 0, {990, -1054}, {0x72, 0x72, 0x8C, 0xFF}}},
	{{{0, 3584, -2846}, 0, {-540, -1054}, {0x72, 0x72, 0x8C, 0xFF}}},
	{{{-531, 2652, -2047}, 0, {990, 1004}, {0x72, 0x72, 0x8C, 0xFF}}},
	{{{1024, 2460, -2127}, 0, {5078, 990}, {0xFF, 0xFF, 0xFF, 0xFF}}},
	{{{466, 4069, -2998}, 0, {3686, -3574}, {0xFF, 0xFF, 0xFF, 0xFF}}},
	{{{-465, 4069, -2998}, 0, {1360, -3574}, {0xFF, 0xFF, 0xFF, 0xFF}}},
	{{{-1023, 2460, -2127}, 0, {0, 990}, {0xFF, 0xFF, 0xFF, 0xFF}}},
	{{{-2866, 2662, -3356}, 0, {6894, 0}, {0x99, 0x99, 0xAC, 0xFF}}},
	{{{-2869, 2662, -6131}, 0, {0, 0}, {0x99, 0x99, 0xAC, 0xFF}}},
	{{{-3481, 2339, -7274}, 0, {-2882, 1690}, {0x99, 0x99, 0xAC, 0xFF}}},
	{{{-3481, 2339, -3663}, 0, {6126, 1698}, {0x99, 0x99, 0xAC, 0xFF}}},
	{{{-2866, 2662, -3356}, 0, {6922, 1034}, {0x99, 0x99, 0xAC, 0xFF}}},
	{{{-1842, 3174, -3583}, 0, {6356, -1820}, {0x99, 0x99, 0xAC, 0xFF}}},
	{{{-2869, 2662, -6131}, 0, {-4, 1040}, {0x99, 0x99, 0xAC, 0xFF}}},
	{{{-1842, 3174, -6143}, 0, {0, -1820}, {0x99, 0x99, 0xAC, 0xFF}}},
};

Gfx castle_grounds_dl_LAYER_OPAQUE_castle_grounds_seg7_dl_07006D70_mesh_mesh_layer_1_tri_3[] = {
	gsSPVertex(castle_grounds_dl_LAYER_OPAQUE_castle_grounds_seg7_dl_07006D70_mesh_mesh_layer_1_vtx_3 + 0, 31, 0),
	gsSP2Triangles(0, 1, 2, 0, 3, 2, 4, 0),
	gsSP2Triangles(5, 6, 7, 0, 8, 9, 10, 0),
	gsSP2Triangles(11, 12, 13, 0, 14, 15, 16, 0),
	gsSP2Triangles(17, 18, 19, 0, 20, 21, 22, 0),
	gsSP2Triangles(21, 23, 24, 0, 25, 26, 27, 0),
	gsSP1Triangle(28, 29, 30, 0),
	gsSPVertex(castle_grounds_dl_LAYER_OPAQUE_castle_grounds_seg7_dl_07006D70_mesh_mesh_layer_1_vtx_3 + 31, 30, 0),
	gsSP2Triangles(0, 1, 2, 0, 3, 4, 5, 0),
	gsSP2Triangles(6, 7, 8, 0, 9, 10, 11, 0),
	gsSP2Triangles(12, 13, 14, 0, 15, 16, 17, 0),
	gsSP2Triangles(18, 19, 20, 0, 21, 22, 23, 0),
	gsSP2Triangles(24, 25, 26, 0, 27, 28, 29, 0),
	gsSPVertex(castle_grounds_dl_LAYER_OPAQUE_castle_grounds_seg7_dl_07006D70_mesh_mesh_layer_1_vtx_3 + 61, 31, 0),
	gsSP2Triangles(0, 1, 2, 0, 3, 4, 5, 0),
	gsSP2Triangles(6, 7, 8, 0, 9, 10, 11, 0),
	gsSP2Triangles(12, 13, 14, 0, 15, 16, 17, 0),
	gsSP2Triangles(18, 19, 20, 0, 21, 22, 23, 0),
	gsSP2Triangles(24, 25, 26, 0, 27, 28, 29, 0),
	gsSP1Triangle(28, 30, 29, 0),
	gsSPVertex(castle_grounds_dl_LAYER_OPAQUE_castle_grounds_seg7_dl_07006D70_mesh_mesh_layer_1_vtx_3 + 92, 30, 0),
	gsSP2Triangles(0, 1, 2, 0, 0, 2, 3, 0),
	gsSP2Triangles(4, 5, 6, 0, 4, 6, 7, 0),
	gsSP2Triangles(7, 6, 8, 0, 9, 10, 11, 0),
	gsSP2Triangles(12, 9, 11, 0, 13, 14, 15, 0),
	gsSP2Triangles(14, 13, 16, 0, 13, 17, 16, 0),
	gsSP2Triangles(18, 19, 20, 0, 18, 20, 21, 0),
	gsSP2Triangles(22, 23, 24, 0, 22, 24, 25, 0),
	gsSP2Triangles(26, 27, 28, 0, 28, 29, 26, 0),
	gsSPVertex(castle_grounds_dl_LAYER_OPAQUE_castle_grounds_seg7_dl_07006D70_mesh_mesh_layer_1_vtx_3 + 122, 16, 0),
	gsSP2Triangles(0, 1, 2, 0, 0, 3, 1, 0),
	gsSP2Triangles(4, 5, 6, 0, 4, 6, 7, 0),
	gsSP2Triangles(8, 9, 10, 0, 10, 11, 8, 0),
	gsSP2Triangles(12, 13, 14, 0, 13, 15, 14, 0),
	gsSPEndDisplayList(),
};

Vtx castle_grounds_dl_LAYER_OPAQUE_castle_grounds_seg7_dl_07006D70_mesh_mesh_layer_1_vtx_4[126] = {
	{{{-3180, 2346, -2419}, 0, {0, 0}, {0xFF, 0xFF, 0xFF, 0xFF}}},
	{{{-3180, 2243, -2419}, 0, {0, 990}, {0xFF, 0xFF, 0xFF, 0xFF}}},
	{{{-2554, 2243, -2732}, 0, {6952, 990}, {0xFF, 0xFF, 0xFF, 0xFF}}},
	{{{-2555, 2243, -2730}, 0, {6952, 990}, {0xFF, 0xFF, 0xFF, 0xFF}}},
	{{{-2555, 2346, -2730}, 0, {6952, 0}, {0xFF, 0xFF, 0xFF, 0xFF}}},
	{{{-3180, 900, -2419}, 0, {0, 0}, {0xFF, 0xFF, 0xFF, 0xFF}}},
	{{{-3180, 797, -2419}, 0, {0, 990}, {0xFF, 0xFF, 0xFF, 0xFF}}},
	{{{-2555, 797, -2730}, 0, {6952, 990}, {0xFF, 0xFF, 0xFF, 0xFF}}},
	{{{-2555, 900, -2730}, 0, {6952, 0}, {0xFF, 0xFF, 0xFF, 0xFF}}},
	{{{3589, 798, -2630}, 0, {-3640, 990}, {0xFF, 0xFF, 0xFF, 0xFF}}},
	{{{3798, 798, -3044}, 0, {990, 990}, {0xFF, 0xFF, 0xFF, 0xFF}}},
	{{{3798, 906, -3044}, 0, {990, 0}, {0xFF, 0xFF, 0xFF, 0xFF}}},
	{{{3589, 906, -2630}, 0, {-3640, 0}, {0xFF, 0xFF, 0xFF, 0xFF}}},
	{{{3181, 798, -2419}, 0, {-4032, 990}, {0xFF, 0xFF, 0xFF, 0xFF}}},
	{{{3589, 906, -2630}, 0, {460, 0}, {0xFF, 0xFF, 0xFF, 0xFF}}},
	{{{3181, 906, -2419}, 0, {-4032, 0}, {0xFF, 0xFF, 0xFF, 0xFF}}},
	{{{3589, 798, -2630}, 0, {460, 990}, {0xFF, 0xFF, 0xFF, 0xFF}}},
	{{{-532, 2650, -2047}, 0, {0, 0}, {0xFF, 0xFF, 0xFF, 0xFF}}},
	{{{-414, 2616, -2007}, 0, {0, 990}, {0xFF, 0xFF, 0xFF, 0xFF}}},
	{{{0, 3375, -2007}, 0, {8872, 1010}, {0xFF, 0xFF, 0xFF, 0xFF}}},
	{{{0, 3584, -2047}, 0, {10700, 0}, {0xFF, 0xFF, 0xFF, 0xFF}}},
	{{{533, 2650, -2047}, 0, {0, 0}, {0xFF, 0xFF, 0xFF, 0xFF}}},
	{{{415, 2616, -2007}, 0, {0, 990}, {0xFF, 0xFF, 0xFF, 0xFF}}},
	{{{3181, 2239, -2419}, 0, {-4032, 990}, {0xFF, 0xFF, 0xFF, 0xFF}}},
	{{{3589, 2239, -2630}, 0, {460, 990}, {0xFF, 0xFF, 0xFF, 0xFF}}},
	{{{3589, 2347, -2630}, 0, {460, 0}, {0xFF, 0xFF, 0xFF, 0xFF}}},
	{{{3181, 2347, -2419}, 0, {-4032, 0}, {0xFF, 0xFF, 0xFF, 0xFF}}},
	{{{3589, 2239, -2630}, 0, {-3640, 990}, {0xFF, 0xFF, 0xFF, 0xFF}}},
	{{{3798, 2239, -3044}, 0, {990, 990}, {0xFF, 0xFF, 0xFF, 0xFF}}},
	{{{3798, 2347, -3044}, 0, {990, 0}, {0xFF, 0xFF, 0xFF, 0xFF}}},
	{{{3589, 2347, -2630}, 0, {-3640, 0}, {0xFF, 0xFF, 0xFF, 0xFF}}},
	{{{-531, 2120, -2047}, 0, {-1564, -20}, {0xFF, 0xFF, 0xFF, 0xFF}}},
	{{{415, 2207, -2007}, 0, {7888, 952}, {0xFF, 0xFF, 0xFF, 0xFF}}},
	{{{-414, 2207, -2007}, 0, {-386, 990}, {0xFF, 0xFF, 0xFF, 0xFF}}},
	{{{532, 2120, -2047}, 0, {9064, -70}, {0xFF, 0xFF, 0xFF, 0xFF}}},
	{{{-531, 2120, -2047}, 0, {-4060, 0}, {0xFF, 0xFF, 0xFF, 0xFF}}},
	{{{-414, 2616, -2007}, 0, {990, 990}, {0xFF, 0xFF, 0xFF, 0xFF}}},
	{{{-532, 2650, -2047}, 0, {1296, 0}, {0xFF, 0xFF, 0xFF, 0xFF}}},
	{{{-414, 2207, -2007}, 0, {-3142, 990}, {0xFF, 0xFF, 0xFF, 0xFF}}},
	{{{533, 2650, -2047}, 0, {1296, 0}, {0xFF, 0xFF, 0xFF, 0xFF}}},
	{{{415, 2207, -2007}, 0, {-3142, 990}, {0xFF, 0xFF, 0xFF, 0xFF}}},
	{{{532, 2120, -2047}, 0, {-4060, 0}, {0xFF, 0xFF, 0xFF, 0xFF}}},
	{{{415, 2616, -2007}, 0, {990, 990}, {0xFF, 0xFF, 0xFF, 0xFF}}},
	{{{2556, 906, -2730}, 0, {0, 0}, {0xFF, 0xFF, 0xFF, 0xFF}}},
	{{{1537, 803, -2526}, 0, {10188, 990}, {0xFF, 0xFF, 0xFF, 0xFF}}},
	{{{2556, 803, -2730}, 0, {0, 990}, {0xFF, 0xFF, 0xFF, 0xFF}}},
	{{{1537, 906, -2526}, 0, {10188, 0}, {0xFF, 0xFF, 0xFF, 0xFF}}},
	{{{-2555, 2243, -2730}, 0, {0, 990}, {0xFF, 0xFF, 0xFF, 0xFF}}},
	{{{-1536, 2346, -2526}, 0, {10188, 0}, {0xFF, 0xFF, 0xFF, 0xFF}}},
	{{{-2555, 2346, -2730}, 0, {0, 0}, {0xFF, 0xFF, 0xFF, 0xFF}}},
	{{{-1536, 2243, -2526}, 0, {10188, 990}, {0xFF, 0xFF, 0xFF, 0xFF}}},
	{{{-2555, 797, -2730}, 0, {0, 990}, {0xFF, 0xFF, 0xFF, 0xFF}}},
	{{{-1536, 900, -2526}, 0, {10188, 0}, {0xFF, 0xFF, 0xFF, 0xFF}}},
	{{{-2555, 900, -2730}, 0, {0, 0}, {0xFF, 0xFF, 0xFF, 0xFF}}},
	{{{-1536, 797, -2526}, 0, {10188, 990}, {0xFF, 0xFF, 0xFF, 0xFF}}},
	{{{554, 605, -2127}, 0, {4998, 858}, {0xFF, 0xFF, 0xFF, 0xFF}}},
	{{{554, 803, -2127}, 0, {4998, 364}, {0xFF, 0xFF, 0xFF, 0xFF}}},
	{{{554, 811, -162}, 0, {94, 354}, {0xFF, 0xFF, 0xFF, 0xFF}}},
	{{{554, 607, -162}, 0, {96, 862}, {0xFF, 0xFF, 0xFF, 0xFF}}},
	{{{2556, 2346, -2730}, 0, {0, 0}, {0xFF, 0xFF, 0xFF, 0xFF}}},
	{{{1537, 2243, -2526}, 0, {10188, 990}, {0xFF, 0xFF, 0xFF, 0xFF}}},
	{{{2556, 2243, -2730}, 0, {0, 990}, {0xFF, 0xFF, 0xFF, 0xFF}}},
	{{{1537, 2346, -2526}, 0, {10188, 0}, {0xFF, 0xFF, 0xFF, 0xFF}}},
	{{{1537, 2346, -2526}, 0, {-22, 0}, {0xFF, 0xFF, 0xFF, 0xFF}}},
	{{{1024, 2467, -2116}, 0, {6646, 0}, {0xFF, 0xFF, 0xFF, 0xFF}}},
	{{{1024, 2363, -2116}, 0, {6456, 988}, {0xFF, 0xFF, 0xFF, 0xFF}}},
	{{{1537, 2243, -2526}, 0, {-206, 974}, {0xFF, 0xFF, 0xFF, 0xFF}}},
	{{{-1023, 2363, -2116}, 0, {-584, 990}, {0xFF, 0xFF, 0xFF, 0xFF}}},
	{{{1024, 2363, -2116}, 0, {19854, 990}, {0xFF, 0xFF, 0xFF, 0xFF}}},
	{{{1024, 2467, -2116}, 0, {19854, -48}, {0xFF, 0xFF, 0xFF, 0xFF}}},
	{{{-1023, 2467, -2116}, 0, {-584, -48}, {0xFF, 0xFF, 0xFF, 0xFF}}},
	{{{554, 803, -2229}, 0, {5254, 364}, {0xFF, 0xFF, 0xFF, 0xFF}}},
	{{{554, 957, -2127}, 0, {4998, -20}, {0xFF, 0xFF, 0xFF, 0xFF}}},
	{{{554, 964, -258}, 0, {336, -30}, {0xFF, 0xFF, 0xFF, 0xFF}}},
	{{{554, 811, -162}, 0, {94, 354}, {0xFF, 0xFF, 0xFF, 0xFF}}},
	{{{-3797, 900, -3044}, 0, {990, 0}, {0x72, 0x72, 0x8C, 0xFF}}},
	{{{-3490, 797, -3667}, 0, {-5946, 990}, {0x72, 0x72, 0x8C, 0xFF}}},
	{{{-3797, 797, -3044}, 0, {990, 990}, {0x72, 0x72, 0x8C, 0xFF}}},
	{{{-3490, 900, -3667}, 0, {-5946, 0}, {0x72, 0x72, 0x8C, 0xFF}}},
	{{{-3797, 2346, -3044}, 0, {990, 0}, {0x72, 0x72, 0x8C, 0xFF}}},
	{{{-3490, 2243, -3667}, 0, {-5946, 990}, {0x72, 0x72, 0x8C, 0xFF}}},
	{{{-3797, 2243, -3044}, 0, {990, 990}, {0x72, 0x72, 0x8C, 0xFF}}},
	{{{-3490, 2346, -3667}, 0, {-5946, 0}, {0x72, 0x72, 0x8C, 0xFF}}},
	{{{-3588, 900, -2630}, 0, {478, 0}, {0x99, 0x99, 0xAC, 0xFF}}},
	{{{-3797, 900, -3044}, 0, {-4150, 0}, {0x99, 0x99, 0xAC, 0xFF}}},
	{{{-3797, 797, -3044}, 0, {-4150, 990}, {0x99, 0x99, 0xAC, 0xFF}}},
	{{{-3588, 797, -2630}, 0, {480, 990}, {0x99, 0x99, 0xAC, 0xFF}}},
	{{{-3588, 2346, -2630}, 0, {478, 0}, {0x99, 0x99, 0xAC, 0xFF}}},
	{{{-3797, 2243, -3044}, 0, {-4150, 990}, {0x99, 0x99, 0xAC, 0xFF}}},
	{{{-3588, 2243, -2630}, 0, {480, 990}, {0x99, 0x99, 0xAC, 0xFF}}},
	{{{-3797, 2346, -3044}, 0, {-4150, 0}, {0x99, 0x99, 0xAC, 0xFF}}},
	{{{-1536, 2243, -2526}, 0, {-206, 974}, {0x99, 0x99, 0xAC, 0xFF}}},
	{{{-1023, 2467, -2116}, 0, {6646, 0}, {0x99, 0x99, 0xAC, 0xFF}}},
	{{{-1536, 2346, -2526}, 0, {-22, 0}, {0x99, 0x99, 0xAC, 0xFF}}},
	{{{-1023, 2363, -2116}, 0, {6456, 988}, {0x99, 0x99, 0xAC, 0xFF}}},
	{{{-3180, 900, -2419}, 0, {990, 0}, {0xC4, 0xC4, 0xD0, 0xFF}}},
	{{{-3588, 797, -2630}, 0, {-3584, 990}, {0xC4, 0xC4, 0xD0, 0xFF}}},
	{{{-3180, 797, -2419}, 0, {990, 990}, {0xC4, 0xC4, 0xD0, 0xFF}}},
	{{{-3588, 900, -2630}, 0, {-3584, 0}, {0xC4, 0xC4, 0xD0, 0xFF}}},
	{{{-3180, 2346, -2419}, 0, {990, 0}, {0xC4, 0xC4, 0xD0, 0xFF}}},
	{{{-3588, 2243, -2630}, 0, {-3584, 990}, {0xC4, 0xC4, 0xD0, 0xFF}}},
	{{{-3180, 2243, -2419}, 0, {990, 990}, {0xC4, 0xC4, 0xD0, 0xFF}}},
	{{{-3588, 2346, -2630}, 0, {-3584, 0}, {0xC4, 0xC4, 0xD0, 0xFF}}},
	{{{2555, 906, -2732}, 0, {-5992, 0}, {0xAD, 0xAD, 0xBC, 0xFF}}},
	{{{3181, 798, -2419}, 0, {990, 990}, {0xAD, 0xAD, 0xBC, 0xFF}}},
	{{{3181, 906, -2419}, 0, {990, 0}, {0xAD, 0xAD, 0xBC, 0xFF}}},
	{{{2555, 798, -2732}, 0, {-5992, 990}, {0xAD, 0xAD, 0xBC, 0xFF}}},
	{{{2555, 2347, -2732}, 0, {-5992, 0}, {0xAD, 0xAD, 0xBC, 0xFF}}},
	{{{2555, 2239, -2732}, 0, {-5992, 990}, {0xAD, 0xAD, 0xBC, 0xFF}}},
	{{{3181, 2239, -2419}, 0, {990, 990}, {0xAD, 0xAD, 0xBC, 0xFF}}},
	{{{3181, 2347, -2419}, 0, {990, 0}, {0xAD, 0xAD, 0xBC, 0xFF}}},
	{{{3798, 798, -3044}, 0, {-6116, 990}, {0xE5, 0xE5, 0xEA, 0xFF}}},
	{{{3491, 798, -3667}, 0, {990, 990}, {0xE5, 0xE5, 0xEA, 0xFF}}},
	{{{3491, 906, -3667}, 0, {990, -58}, {0xE5, 0xE5, 0xEA, 0xFF}}},
	{{{3798, 906, -3044}, 0, {-6116, -58}, {0xE5, 0xE5, 0xEA, 0xFF}}},
	{{{3798, 2239, -3044}, 0, {-6116, 990}, {0xE5, 0xE5, 0xEA, 0xFF}}},
	{{{3491, 2347, -3667}, 0, {990, -58}, {0xE5, 0xE5, 0xEA, 0xFF}}},
	{{{3798, 2347, -3044}, 0, {-6116, -58}, {0xE5, 0xE5, 0xEA, 0xFF}}},
	{{{3491, 2239, -3667}, 0, {990, 990}, {0xE5, 0xE5, 0xEA, 0xFF}}},
	{{{-553, 607, -162}, 0, {4998, 862}, {0x9C, 0x9C, 0xAE, 0xFF}}},
	{{{-553, 803, -2127}, 0, {96, 364}, {0x9C, 0x9C, 0xAE, 0xFF}}},
	{{{-553, 604, -2127}, 0, {96, 862}, {0x9C, 0x9C, 0xAE, 0xFF}}},
	{{{-553, 811, -162}, 0, {5000, 354}, {0x9C, 0x9C, 0xAE, 0xFF}}},
	{{{-553, 957, -2127}, 0, {98, -20}, {0x9C, 0x9C, 0xAE, 0xFF}}},
	{{{-553, 803, -2229}, 0, {-156, 364}, {0x9C, 0x9C, 0xAE, 0xFF}}},
	{{{-553, 964, -264}, 0, {4744, -30}, {0x9C, 0x9C, 0xAE, 0xFF}}},
};

Gfx castle_grounds_dl_LAYER_OPAQUE_castle_grounds_seg7_dl_07006D70_mesh_mesh_layer_1_tri_4[] = {
	gsSPVertex(castle_grounds_dl_LAYER_OPAQUE_castle_grounds_seg7_dl_07006D70_mesh_mesh_layer_1_vtx_4 + 0, 31, 0),
	gsSP2Triangles(0, 1, 2, 0, 0, 3, 4, 0),
	gsSP2Triangles(5, 6, 7, 0, 5, 7, 8, 0),
	gsSP2Triangles(9, 10, 11, 0, 9, 11, 12, 0),
	gsSP2Triangles(13, 14, 15, 0, 13, 16, 14, 0),
	gsSP2Triangles(17, 18, 19, 0, 17, 19, 20, 0),
	gsSP2Triangles(20, 19, 21, 0, 19, 22, 21, 0),
	gsSP2Triangles(23, 24, 25, 0, 23, 25, 26, 0),
	gsSP2Triangles(27, 28, 29, 0, 27, 29, 30, 0),
	gsSPVertex(castle_grounds_dl_LAYER_OPAQUE_castle_grounds_seg7_dl_07006D70_mesh_mesh_layer_1_vtx_4 + 31, 32, 0),
	gsSP2Triangles(0, 1, 2, 0, 0, 3, 1, 0),
	gsSP2Triangles(4, 5, 6, 0, 4, 7, 5, 0),
	gsSP2Triangles(8, 9, 10, 0, 8, 11, 9, 0),
	gsSP2Triangles(12, 13, 14, 0, 12, 15, 13, 0),
	gsSP2Triangles(16, 17, 18, 0, 16, 19, 17, 0),
	gsSP2Triangles(20, 21, 22, 0, 20, 23, 21, 0),
	gsSP2Triangles(24, 25, 26, 0, 24, 26, 27, 0),
	gsSP2Triangles(28, 29, 30, 0, 28, 31, 29, 0),
	gsSPVertex(castle_grounds_dl_LAYER_OPAQUE_castle_grounds_seg7_dl_07006D70_mesh_mesh_layer_1_vtx_4 + 63, 32, 0),
	gsSP2Triangles(0, 1, 2, 0, 0, 2, 3, 0),
	gsSP2Triangles(4, 5, 6, 0, 4, 6, 7, 0),
	gsSP2Triangles(8, 9, 10, 0, 8, 10, 11, 0),
	gsSP2Triangles(12, 13, 14, 0, 12, 15, 13, 0),
	gsSP2Triangles(16, 17, 18, 0, 16, 19, 17, 0),
	gsSP2Triangles(20, 21, 22, 0, 20, 22, 23, 0),
	gsSP2Triangles(24, 25, 26, 0, 24, 27, 25, 0),
	gsSP2Triangles(28, 29, 30, 0, 28, 31, 29, 0),
	gsSPVertex(castle_grounds_dl_LAYER_OPAQUE_castle_grounds_seg7_dl_07006D70_mesh_mesh_layer_1_vtx_4 + 95, 31, 0),
	gsSP2Triangles(0, 1, 2, 0, 0, 3, 1, 0),
	gsSP2Triangles(4, 5, 6, 0, 4, 7, 5, 0),
	gsSP2Triangles(8, 9, 10, 0, 8, 11, 9, 0),
	gsSP2Triangles(12, 13, 14, 0, 12, 14, 15, 0),
	gsSP2Triangles(16, 17, 18, 0, 16, 18, 19, 0),
	gsSP2Triangles(20, 21, 22, 0, 20, 23, 21, 0),
	gsSP2Triangles(24, 25, 26, 0, 24, 27, 25, 0),
	gsSP2Triangles(27, 28, 29, 0, 27, 30, 28, 0),
	gsSPEndDisplayList(),
};

Vtx castle_grounds_dl_LAYER_OPAQUE_castle_grounds_seg7_dl_07006D70_mesh_mesh_layer_1_vtx_5[12] = {
	{{{-5786, -1228, -6147}, 0, {0, 990}, {0x72, 0x72, 0x8C, 0xFF}}},
	{{{-5786, -1228, -3663}, 0, {4926, 990}, {0x72, 0x72, 0x8C, 0xFF}}},
	{{{-3481, -1228, -3663}, 0, {4928, -3686}, {0x72, 0x72, 0x8C, 0xFF}}},
	{{{-4044, -1228, -5557}, 0, {1146, -2564}, {0x72, 0x72, 0x8C, 0xFF}}},
	{{{-3532, -1228, -5557}, 0, {1146, -3586}, {0x72, 0x72, 0x8C, 0xFF}}},
	{{{-3481, -1228, -6149}, 0, {0, -3688}, {0x72, 0x72, 0x8C, 0xFF}}},
	{{{-3532, -1228, -6069}, 0, {124, -3586}, {0x72, 0x72, 0x8C, 0xFF}}},
	{{{-4044, -1228, -6069}, 0, {124, -2564}, {0x72, 0x72, 0x8C, 0xFF}}},
	{{{554, 607, -162}, 0, {948, 972}, {0x58, 0x58, 0x62, 0xFF}}},
	{{{-553, 607, -162}, 0, {948, 0}, {0x58, 0x58, 0x62, 0xFF}}},
	{{{-553, 604, -2127}, 0, {0, 0}, {0x58, 0x58, 0x62, 0xFF}}},
	{{{554, 605, -2127}, 0, {0, 972}, {0x58, 0x58, 0x62, 0xFF}}},
};

Gfx castle_grounds_dl_LAYER_OPAQUE_castle_grounds_seg7_dl_07006D70_mesh_mesh_layer_1_tri_5[] = {
	gsSPVertex(castle_grounds_dl_LAYER_OPAQUE_castle_grounds_seg7_dl_07006D70_mesh_mesh_layer_1_vtx_5 + 0, 12, 0),
	gsSP2Triangles(0, 1, 2, 0, 0, 2, 3, 0),
	gsSP2Triangles(4, 3, 2, 0, 4, 2, 5, 0),
	gsSP2Triangles(4, 5, 6, 0, 7, 6, 5, 0),
	gsSP2Triangles(0, 7, 5, 0, 0, 3, 7, 0),
	gsSP2Triangles(8, 9, 10, 0, 8, 10, 11, 0),
	gsSPEndDisplayList(),
};

Vtx castle_grounds_dl_LAYER_OPAQUE_castle_grounds_seg7_dl_07006D70_mesh_mesh_layer_1_vtx_6[45] = {
	{{{-3532, -818, -2178}, 0, {990, 0}, {0x70, 0x70, 0x8A, 0xFF}}},
	{{{-3225, -818, -2178}, 0, {990, 2012}, {0x70, 0x70, 0x8A, 0xFF}}},
	{{{-3225, -511, -2178}, 0, {0, 2012}, {0x70, 0x70, 0x8A, 0xFF}}},
	{{{-3532, -818, -2178}, 0, {990, 0}, {0x9C, 0x9C, 0xAE, 0xFF}}},
	{{{-3225, -511, -2178}, 0, {0, 2012}, {0x9C, 0x9C, 0xAE, 0xFF}}},
	{{{-3532, -511, -2178}, 0, {0, 0}, {0x9C, 0x9C, 0xAE, 0xFF}}},
	{{{-3225, -511, -1871}, 0, {0, 0}, {0x70, 0x70, 0x8A, 0xFF}}},
	{{{-3225, -818, -1871}, 0, {990, 0}, {0x70, 0x70, 0x8A, 0xFF}}},
	{{{-3532, -818, -1871}, 0, {990, 2012}, {0x70, 0x70, 0x8A, 0xFF}}},
	{{{-3532, -511, -1871}, 0, {0, 2012}, {0x70, 0x70, 0x8A, 0xFF}}},
	{{{-3225, -511, -2178}, 0, {0, 0}, {0x70, 0x70, 0x8A, 0xFF}}},
	{{{-3225, -818, -2178}, 0, {990, 0}, {0x70, 0x70, 0x8A, 0xFF}}},
	{{{-3225, -818, -1871}, 0, {990, 2012}, {0x70, 0x70, 0x8A, 0xFF}}},
	{{{-3225, -511, -1871}, 0, {0, 2012}, {0x70, 0x70, 0x8A, 0xFF}}},
	{{{-553, 803, -2229}, 0, {98, -8304}, {0xD8, 0xD8, 0xD8, 0xFF}}},
	{{{-553, 957, -2127}, 0, {480, -7792}, {0xD8, 0xD8, 0xD8, 0xFF}}},
	{{{-450, 957, -2127}, 0, {480, -7792}, {0xD8, 0xD8, 0xD8, 0xFF}}},
	{{{-450, 803, -2229}, 0, {98, -8304}, {0xD8, 0xD8, 0xD8, 0xFF}}},
	{{{451, 803, -2229}, 0, {116, 1888}, {0xD8, 0xD8, 0xD8, 0xFF}}},
	{{{451, 957, -2127}, 0, {552, 1372}, {0xD8, 0xD8, 0xD8, 0xFF}}},
	{{{554, 957, -2127}, 0, {552, 1372}, {0xD8, 0xD8, 0xD8, 0xFF}}},
	{{{554, 803, -2229}, 0, {116, 1888}, {0xD8, 0xD8, 0xD8, 0xFF}}},
	{{{-450, 957, -2127}, 0, {480, -7792}, {0xFF, 0xFF, 0xFF, 0xFF}}},
	{{{-553, 957, -2127}, 0, {480, -7792}, {0xFF, 0xFF, 0xFF, 0xFF}}},
	{{{-553, 964, -264}, 0, {480, 1504}, {0xFF, 0xFF, 0xFF, 0xFF}}},
	{{{-450, 964, -264}, 0, {480, 1504}, {0xFF, 0xFF, 0xFF, 0xFF}}},
	{{{-553, 811, -162}, 0, {96, 2012}, {0xFF, 0xFF, 0xFF, 0xFF}}},
	{{{-450, 811, -162}, 0, {96, 2012}, {0xFF, 0xFF, 0xFF, 0xFF}}},
	{{{-450, 803, -2229}, 0, {98, -8304}, {0xFF, 0xFF, 0xFF, 0xFF}}},
	{{{554, 811, -162}, 0, {112, -8432}, {0xFF, 0xFF, 0xFF, 0xFF}}},
	{{{451, 964, -258}, 0, {552, -7952}, {0xFF, 0xFF, 0xFF, 0xFF}}},
	{{{451, 811, -162}, 0, {112, -8432}, {0xFF, 0xFF, 0xFF, 0xFF}}},
	{{{554, 811, -162}, 0, {112, -8432}, {0xFF, 0xFF, 0xFF, 0xFF}}},
	{{{554, 964, -258}, 0, {552, -7952}, {0xFF, 0xFF, 0xFF, 0xFF}}},
	{{{451, 964, -258}, 0, {552, -7952}, {0xFF, 0xFF, 0xFF, 0xFF}}},
	{{{554, 957, -2127}, 0, {552, 1372}, {0xFF, 0xFF, 0xFF, 0xFF}}},
	{{{451, 957, -2127}, 0, {552, 1372}, {0xFF, 0xFF, 0xFF, 0xFF}}},
	{{{-3532, -511, -1871}, 0, {0, 2012}, {0xC4, 0xC4, 0xD0, 0xFF}}},
	{{{-3532, -818, -1871}, 0, {990, 2012}, {0xC4, 0xC4, 0xD0, 0xFF}}},
	{{{-3532, -818, -2178}, 0, {990, 0}, {0xC4, 0xC4, 0xD0, 0xFF}}},
	{{{-3532, -511, -2178}, 0, {0, 0}, {0xC4, 0xC4, 0xD0, 0xFF}}},
	{{{451, 811, -162}, 0, {112, -8432}, {0x9C, 0x9C, 0xAE, 0xFF}}},
	{{{451, 957, -2127}, 0, {552, 1372}, {0x9C, 0x9C, 0xAE, 0xFF}}},
	{{{451, 803, -2229}, 0, {116, 1888}, {0x9C, 0x9C, 0xAE, 0xFF}}},
	{{{451, 964, -258}, 0, {552, -7952}, {0x9C, 0x9C, 0xAE, 0xFF}}},
};

Gfx castle_grounds_dl_LAYER_OPAQUE_castle_grounds_seg7_dl_07006D70_mesh_mesh_layer_1_tri_6[] = {
	gsSPVertex(castle_grounds_dl_LAYER_OPAQUE_castle_grounds_seg7_dl_07006D70_mesh_mesh_layer_1_vtx_6 + 0, 32, 0),
	gsSP2Triangles(0, 1, 2, 0, 3, 4, 5, 0),
	gsSP2Triangles(6, 7, 8, 0, 6, 8, 9, 0),
	gsSP2Triangles(10, 11, 12, 0, 10, 12, 13, 0),
	gsSP2Triangles(14, 15, 16, 0, 14, 16, 17, 0),
	gsSP2Triangles(18, 19, 20, 0, 18, 20, 21, 0),
	gsSP2Triangles(22, 23, 24, 0, 22, 24, 25, 0),
	gsSP2Triangles(25, 24, 26, 0, 27, 25, 26, 0),
	gsSP2Triangles(28, 25, 27, 0, 28, 22, 25, 0),
	gsSP1Triangle(29, 30, 31, 0),
	gsSPVertex(castle_grounds_dl_LAYER_OPAQUE_castle_grounds_seg7_dl_07006D70_mesh_mesh_layer_1_vtx_6 + 32, 13, 0),
	gsSP2Triangles(0, 1, 2, 0, 3, 2, 1, 0),
	gsSP2Triangles(3, 4, 2, 0, 5, 6, 7, 0),
	gsSP2Triangles(5, 7, 8, 0, 9, 10, 11, 0),
	gsSP1Triangle(9, 12, 10, 0),
	gsSPEndDisplayList(),
};

Vtx castle_grounds_dl_LAYER_OPAQUE_castle_grounds_seg7_dl_07006D70_mesh_mesh_layer_1_vtx_7[16] = {
	{{{-3532, -1228, -5557}, 0, {0, 992}, {0x70, 0x70, 0x8A, 0xFF}}},
	{{{-3532, -1842, -5557}, 0, {0, 2012}, {0x70, 0x70, 0x8A, 0xFF}}},
	{{{-4044, -1842, -5557}, 0, {990, 2012}, {0x70, 0x70, 0x8A, 0xFF}}},
	{{{-4044, -1228, -5557}, 0, {990, 992}, {0x70, 0x70, 0x8A, 0xFF}}},
	{{{-4044, -1228, -5557}, 0, {0, 992}, {0x70, 0x70, 0x8A, 0xFF}}},
	{{{-4044, -1842, -5557}, 0, {0, 2012}, {0x70, 0x70, 0x8A, 0xFF}}},
	{{{-4044, -1842, -6069}, 0, {990, 2012}, {0x70, 0x70, 0x8A, 0xFF}}},
	{{{-4044, -1228, -6069}, 0, {990, 992}, {0x70, 0x70, 0x8A, 0xFF}}},
	{{{-4044, -1228, -6069}, 0, {0, 992}, {0x91, 0x91, 0xA5, 0xFF}}},
	{{{-3532, -1842, -6069}, 0, {990, 2012}, {0x91, 0x91, 0xA5, 0xFF}}},
	{{{-3532, -1228, -6069}, 0, {990, 992}, {0x91, 0x91, 0xA5, 0xFF}}},
	{{{-4044, -1842, -6069}, 0, {0, 2012}, {0x91, 0x91, 0xA5, 0xFF}}},
	{{{-3532, -1228, -6069}, 0, {0, 988}, {0x91, 0x91, 0xA5, 0xFF}}},
	{{{-3532, -1842, -6069}, 0, {0, 2012}, {0x91, 0x91, 0xA5, 0xFF}}},
	{{{-3532, -1842, -5557}, 0, {990, 2012}, {0x91, 0x91, 0xA5, 0xFF}}},
	{{{-3532, -1228, -5557}, 0, {990, 988}, {0x91, 0x91, 0xA5, 0xFF}}},
};

Gfx castle_grounds_dl_LAYER_OPAQUE_castle_grounds_seg7_dl_07006D70_mesh_mesh_layer_1_tri_7[] = {
	gsSPVertex(castle_grounds_dl_LAYER_OPAQUE_castle_grounds_seg7_dl_07006D70_mesh_mesh_layer_1_vtx_7 + 0, 16, 0),
	gsSP2Triangles(0, 1, 2, 0, 0, 2, 3, 0),
	gsSP2Triangles(4, 5, 6, 0, 4, 6, 7, 0),
	gsSP2Triangles(8, 9, 10, 0, 8, 11, 9, 0),
	gsSP2Triangles(12, 13, 14, 0, 12, 14, 15, 0),
	gsSPEndDisplayList(),
};

Vtx castle_grounds_dl_LAYER_OPAQUE_castle_grounds_seg7_dl_07006D70_mesh_mesh_layer_1_vtx_8[255] = {
	{{{-3481, -1228, -3663}, 0, {-624, 990}, {0x66, 0x66, 0x7F, 0xFF}}},
	{{{-3584, -869, -3151}, 0, {1976, -798}, {0x66, 0x66, 0x7F, 0xFF}}},
	{{{-3583, -511, -3151}, 0, {1976, -2588}, {0x66, 0x66, 0x7F, 0xFF}}},
	{{{554, 803, -2127}, 0, {1712, 990}, {0x70, 0x70, 0x8A, 0xFF}}},
	{{{554, 803, -3104}, 0, {1712, -3884}, {0x70, 0x70, 0x8A, 0xFF}}},
	{{{-553, 803, -3104}, 0, {-3808, -3884}, {0x70, 0x70, 0x8A, 0xFF}}},
	{{{-531, 1967, -2127}, 0, {1620, 3378}, {0x70, 0x70, 0x8A, 0xFF}}},
	{{{-531, 2120, -2047}, 0, {2016, 2614}, {0x70, 0x70, 0x8A, 0xFF}}},
	{{{-531, 2173, -2127}, 0, {1620, 2350}, {0x70, 0x70, 0x8A, 0xFF}}},
	{{{-553, 803, -2127}, 0, {-3808, 990}, {0xFF, 0xFF, 0xFF, 0xFF}}},
	{{{554, 803, -2127}, 0, {1712, 990}, {0xFF, 0xFF, 0xFF, 0xFF}}},
	{{{-553, 803, -3104}, 0, {-3808, -3884}, {0xFF, 0xFF, 0xFF, 0xFF}}},
	{{{532, 2120, -2047}, 0, {0, 2614}, {0xFF, 0xFF, 0xFF, 0xFF}}},
	{{{532, 1967, -2127}, 0, {360, 3378}, {0xFF, 0xFF, 0xFF, 0xFF}}},
	{{{532, 2173, -2127}, 0, {360, 2350}, {0xFF, 0xFF, 0xFF, 0xFF}}},
	{{{-3788, 803, -3048}, 0, {1876, -60}, {0x66, 0x66, 0x7F, 0xFF}}},
	{{{-3481, 803, -3663}, 0, {-1724, 8}, {0x66, 0x66, 0x7F, 0xFF}}},
	{{{-3582, 461, -3148}, 0, {936, 1800}, {0x66, 0x66, 0x7F, 0xFF}}},
	{{{-3583, 803, -2639}, 0, {2304, -48}, {0x70, 0x70, 0x8A, 0xFF}}},
	{{{-3788, 803, -3048}, 0, {-24, -66}, {0x70, 0x70, 0x8A, 0xFF}}},
	{{{-3582, 461, -3148}, 0, {-20, 1800}, {0x70, 0x70, 0x8A, 0xFF}}},
	{{{-4369, -1228, -6149}, 0, {2012, 990}, {0x70, 0x70, 0x8A, 0xFF}}},
	{{{-4369, 2339, -6149}, 0, {2012, -16816}, {0x70, 0x70, 0x8A, 0xFF}}},
	{{{-4369, 2339, -7760}, 0, {-6024, -16816}, {0x70, 0x70, 0x8A, 0xFF}}},
	{{{-3481, 2339, -6149}, 0, {2356, -16816}, {0x70, 0x70, 0x8A, 0xFF}}},
	{{{-4369, -1228, -6149}, 0, {-2072, 990}, {0x70, 0x70, 0x8A, 0xFF}}},
	{{{-3481, -1228, -6149}, 0, {2356, 990}, {0x70, 0x70, 0x8A, 0xFF}}},
	{{{532, 2652, -2846}, 0, {3952, 0}, {0xFF, 0xFF, 0xFF, 0xFF}}},
	{{{532, 2652, -2047}, 0, {0, -40}, {0xFF, 0xFF, 0xFF, 0xFF}}},
	{{{-553, 803, -2127}, 0, {-420, 1066}, {0xFF, 0xFF, 0xFF, 0xFF}}},
	{{{-553, 803, -3104}, 0, {4452, 1066}, {0xFF, 0xFF, 0xFF, 0xFF}}},
	{{{-553, 1487, -2127}, 0, {-420, -2344}, {0xFF, 0xFF, 0xFF, 0xFF}}},
	{{{-3173, 803, -2434}, 0, {2004, -36}, {0x91, 0x91, 0xA5, 0xFF}}},
	{{{-3583, 803, -2639}, 0, {-592, -42}, {0x91, 0x91, 0xA5, 0xFF}}},
	{{{-3070, 461, -2639}, 0, {2000, 1752}, {0x91, 0x91, 0xA5, 0xFF}}},
	{{{3583, 461, -3148}, 0, {364, 1812}, {0x91, 0x91, 0xA5, 0xFF}}},
	{{{3482, 803, -3663}, 0, {2884, 0}, {0x91, 0x91, 0xA5, 0xFF}}},
	{{{3789, 803, -3048}, 0, {-540, 0}, {0x91, 0x91, 0xA5, 0xFF}}},
	{{{3583, 461, -3148}, 0, {1684, 1796}, {0x72, 0x72, 0x8C, 0xFF}}},
	{{{3789, 803, -3048}, 0, {1740, 0}, {0x72, 0x72, 0x8C, 0xFF}}},
	{{{3584, 803, -2639}, 0, {-548, -24}, {0x72, 0x72, 0x8C, 0xFF}}},
	{{{-3582, 461, -3148}, 0, {-1948, 1280}, {0x72, 0x72, 0x8C, 0xFF}}},
	{{{-3070, 461, -2639}, 0, {1924, 1298}, {0x72, 0x72, 0x8C, 0xFF}}},
	{{{-3583, 803, -2639}, 0, {-20, -570}, {0x72, 0x72, 0x8C, 0xFF}}},
	{{{3584, 803, -2639}, 0, {1508, 0}, {0x72, 0x72, 0x8C, 0xFF}}},
	{{{3071, 461, -2639}, 0, {-332, 1806}, {0x72, 0x72, 0x8C, 0xFF}}},
	{{{3583, 461, -3148}, 0, {3280, 1806}, {0x72, 0x72, 0x8C, 0xFF}}},
	{{{3071, 461, -2639}, 0, {1256, 1802}, {0x72, 0x72, 0x8C, 0xFF}}},
	{{{3584, 803, -2639}, 0, {3544, -34}, {0x72, 0x72, 0x8C, 0xFF}}},
	{{{3174, 803, -2434}, 0, {1260, 0}, {0x72, 0x72, 0x8C, 0xFF}}},
	{{{3071, 461, -2639}, 0, {2476, 1806}, {0x72, 0x72, 0x8C, 0xFF}}},
	{{{3174, 803, -2434}, 0, {3396, 0}, {0x72, 0x72, 0x8C, 0xFF}}},
	{{{2555, 798, -2732}, 0, {0, 0}, {0x72, 0x72, 0x8C, 0xFF}}},
	{{{-531, 2120, -2047}, 0, {2016, 2614}, {0x72, 0x72, 0x8C, 0xFF}}},
	{{{-531, 2652, -2047}, 0, {2012, -40}, {0x72, 0x72, 0x8C, 0xFF}}},
	{{{-531, 2652, -2846}, 0, {-1968, 0}, {0x72, 0x72, 0x8C, 0xFF}}},
	{{{-1023, -511, -2127}, 0, {-7180, 990}, {0x58, 0x58, 0x62, 0xFF}}},
	{{{352, 635, -2127}, 0, {-316, -4734}, {0x58, 0x58, 0x62, 0xFF}}},
	{{{-553, 803, -2127}, 0, {-4836, -5574}, {0x58, 0x58, 0x62, 0xFF}}},
	{{{83, -511, -2127}, 0, {-1656, 990}, {0x58, 0x58, 0x62, 0xFF}}},
	{{{554, 803, -2127}, 0, {688, -5574}, {0x58, 0x58, 0x62, 0xFF}}},
	{{{-553, 1487, -3104}, 0, {4452, -2344}, {0x99, 0x99, 0xAC, 0xFF}}},
	{{{-553, 1487, -2127}, 0, {-420, -2344}, {0x99, 0x99, 0xAC, 0xFF}}},
	{{{-553, 803, -3104}, 0, {4452, 1066}, {0x99, 0x99, 0xAC, 0xFF}}},
	{{{-2559, 803, -2741}, 0, {-52, 32}, {0xAD, 0xAD, 0xBC, 0xFF}}},
	{{{-3173, 803, -2434}, 0, {3224, -70}, {0xAD, 0xAD, 0xBC, 0xFF}}},
	{{{-3070, 461, -2639}, 0, {2348, 1796}, {0xAD, 0xAD, 0xBC, 0xFF}}},
	{{{554, 1692, -2127}, 0, {688, -10006}, {0xE5, 0xE5, 0xEA, 0xFF}}},
	{{{349, 1692, -2127}, 0, {-332, -10006}, {0xE5, 0xE5, 0xEA, 0xFF}}},
	{{{554, 1487, -2127}, 0, {688, -8984}, {0xE5, 0xE5, 0xEA, 0xFF}}},
	{{{-553, 1487, -2127}, 0, {-4836, -8984}, {0xE5, 0xE5, 0xEA, 0xFF}}},
	{{{-348, 1692, -2127}, 0, {-3812, -10006}, {0xE5, 0xE5, 0xEA, 0xFF}}},
	{{{-553, 1692, -2127}, 0, {-4836, -10006}, {0xE5, 0xE5, 0xEA, 0xFF}}},
	{{{-3481, 2339, -6149}, 0, {2356, -16816}, {0xE5, 0xE5, 0xEA, 0xFF}}},
	{{{-4369, 2339, -6149}, 0, {-2072, -16816}, {0xE5, 0xE5, 0xEA, 0xFF}}},
	{{{-4369, -1228, -6149}, 0, {-2072, 990}, {0xE5, 0xE5, 0xEA, 0xFF}}},
	{{{-531, 2120, -2047}, 0, {376, 0}, {0x70, 0x70, 0x8A, 0xFF}}},
	{{{-531, 1967, -2127}, 0, {376, 828}, {0x70, 0x70, 0x8A, 0xFF}}},
	{{{532, 1967, -2127}, 0, {5688, 828}, {0x70, 0x70, 0x8A, 0xFF}}},
	{{{532, 2120, -2047}, 0, {5688, 0}, {0x70, 0x70, 0x8A, 0xFF}}},
	{{{4370, 545, -6149}, 0, {0, 1358}, {0xFF, 0xFF, 0xFF, 0xFF}}},
	{{{4370, 545, -7787}, 0, {8144, 1358}, {0xFF, 0xFF, 0xFF, 0xFF}}},
	{{{4370, 2339, -7787}, 0, {8144, -7594}, {0xFF, 0xFF, 0xFF, 0xFF}}},
	{{{4370, 2339, -6149}, 0, {0, -7594}, {0xFF, 0xFF, 0xFF, 0xFF}}},
	{{{3482, 2339, -7274}, 0, {4400, -4624}, {0xFF, 0xFF, 0xFF, 0xFF}}},
	{{{4370, 2339, -6149}, 0, {0, 990}, {0xFF, 0xFF, 0xFF, 0xFF}}},
	{{{4370, 2339, -7787}, 0, {0, -7050}, {0xFF, 0xFF, 0xFF, 0xFF}}},
	{{{3482, 2339, -6149}, 0, {4400, 990}, {0xFF, 0xFF, 0xFF, 0xFF}}},
	{{{-4369, 2339, -7760}, 0, {0, -7050}, {0xC4, 0xC4, 0xD0, 0xFF}}},
	{{{-4369, 2339, -6149}, 0, {0, 990}, {0xC4, 0xC4, 0xD0, 0xFF}}},
	{{{-3481, 2339, -6149}, 0, {4400, 990}, {0xC4, 0xC4, 0xD0, 0xFF}}},
	{{{-3481, 2339, -7274}, 0, {4400, -4624}, {0xC4, 0xC4, 0xD0, 0xFF}}},
	{{{3482, 545, -6149}, 0, {136, 852}, {0xC4, 0xC4, 0xD0, 0xFF}}},
	{{{4370, 2339, -6149}, 0, {4568, -8102}, {0xC4, 0xC4, 0xD0, 0xFF}}},
	{{{3482, 2339, -6149}, 0, {136, -8102}, {0xC4, 0xC4, 0xD0, 0xFF}}},
	{{{4370, 545, -6149}, 0, {4568, 852}, {0xC4, 0xC4, 0xD0, 0xFF}}},
	{{{-3583, -511, -3151}, 0, {2524, 990}, {0x66, 0x66, 0x7F, 0xFF}}},
	{{{-3582, 461, -3148}, 0, {2536, -3864}, {0x66, 0x66, 0x7F, 0xFF}}},
	{{{-3481, -1228, -3663}, 0, {-80, 4566}, {0x66, 0x66, 0x7F, 0xFF}}},
	{{{-3481, 803, -3663}, 0, {-80, -5574}, {0x66, 0x66, 0x7F, 0xFF}}},
	{{{-3788, 803, -3048}, 0, {1796, 1100}, {0x66, 0x66, 0x7F, 0xFF}}},
	{{{-3788, 2339, -3048}, 0, {1796, -6562}, {0x66, 0x66, 0x7F, 0xFF}}},
	{{{-3481, 2339, -3663}, 0, {-1628, -6562}, {0x66, 0x66, 0x7F, 0xFF}}},
	{{{-3481, 803, -3663}, 0, {-1628, 1100}, {0x66, 0x66, 0x7F, 0xFF}}},
	{{{-153, 1059, -3206}, 0, {480, -210}, {0x70, 0x70, 0x8A, 0xFF}}},
	{{{-153, 1059, -3104}, 0, {0, -210}, {0x70, 0x70, 0x8A, 0xFF}}},
	{{{-153, 803, -3104}, 0, {0, 1066}, {0x70, 0x70, 0x8A, 0xFF}}},
	{{{-153, 803, -3206}, 0, {480, 1066}, {0x70, 0x70, 0x8A, 0xFF}}},
	{{{-348, 1692, -3104}, 0, {4844, -2490}, {0x70, 0x70, 0x8A, 0xFF}}},
	{{{349, 1692, -2127}, 0, {0, 990}, {0x70, 0x70, 0x8A, 0xFF}}},
	{{{-348, 1692, -2127}, 0, {0, -2490}, {0x70, 0x70, 0x8A, 0xFF}}},
	{{{349, 1692, -3104}, 0, {4844, 990}, {0x70, 0x70, 0x8A, 0xFF}}},
	{{{154, 1059, -3206}, 0, {2292, 478}, {0x70, 0x70, 0x8A, 0xFF}}},
	{{{-153, 1059, -3104}, 0, {760, 990}, {0x70, 0x70, 0x8A, 0xFF}}},
	{{{-153, 1059, -3206}, 0, {760, 478}, {0x70, 0x70, 0x8A, 0xFF}}},
	{{{154, 1059, -3104}, 0, {2292, 990}, {0x70, 0x70, 0x8A, 0xFF}}},
	{{{154, 1059, -3104}, 0, {0, -200}, {0x70, 0x70, 0x8A, 0xFF}}},
	{{{154, 1059, -3206}, 0, {376, -200}, {0x70, 0x70, 0x8A, 0xFF}}},
	{{{154, 803, -3206}, 0, {376, 1076}, {0x70, 0x70, 0x8A, 0xFF}}},
	{{{154, 803, -3104}, 0, {0, 1076}, {0x70, 0x70, 0x8A, 0xFF}}},
	{{{349, 1692, -2127}, 0, {0, 194}, {0x70, 0x70, 0x8A, 0xFF}}},
	{{{349, 1692, -3151}, 0, {4936, 194}, {0x70, 0x70, 0x8A, 0xFF}}},
	{{{554, 1487, -3151}, 0, {4936, 1312}, {0x70, 0x70, 0x8A, 0xFF}}},
	{{{554, 1487, -2127}, 0, {0, 1312}, {0x70, 0x70, 0x8A, 0xFF}}},
	{{{-3481, -1228, -6149}, 0, {-9876, 990}, {0x70, 0x70, 0x8A, 0xFF}}},
	{{{-3481, -1228, -3663}, 0, {2524, 990}, {0x70, 0x70, 0x8A, 0xFF}}},
	{{{-3481, 2339, -3663}, 0, {2524, -16816}, {0x70, 0x70, 0x8A, 0xFF}}},
	{{{-3481, 2339, -6149}, 0, {-9876, -16816}, {0x70, 0x70, 0x8A, 0xFF}}},
	{{{3584, 803, -2639}, 0, {2524, 1062}, {0xFF, 0xFF, 0xFF, 0xFF}}},
	{{{3174, 2339, -2434}, 0, {236, -6600}, {0xFF, 0xFF, 0xFF, 0xFF}}},
	{{{3174, 803, -2434}, 0, {236, 1062}, {0xFF, 0xFF, 0xFF, 0xFF}}},
	{{{3584, 2339, -2639}, 0, {2524, -6600}, {0xFF, 0xFF, 0xFF, 0xFF}}},
	{{{-3071, -511, -2639}, 0, {0, 990}, {0xFF, 0xFF, 0xFF, 0xFF}}},
	{{{-2559, -511, -2741}, 0, {2572, 990}, {0xFF, 0xFF, 0xFF, 0xFF}}},
	{{{-3070, 461, -2639}, 0, {-24, -3864}, {0xFF, 0xFF, 0xFF, 0xFF}}},
	{{{-2559, 803, -2741}, 0, {2572, -5574}, {0xFF, 0xFF, 0xFF, 0xFF}}},
	{{{-2559, 803, -2741}, 0, {2012, 1076}, {0xFF, 0xFF, 0xFF, 0xFF}}},
	{{{-3173, 2339, -2434}, 0, {-1412, -6588}, {0xFF, 0xFF, 0xFF, 0xFF}}},
	{{{-3173, 803, -2434}, 0, {-1412, 1076}, {0xFF, 0xFF, 0xFF, 0xFF}}},
	{{{-2559, 2339, -2741}, 0, {2012, -6588}, {0xFF, 0xFF, 0xFF, 0xFF}}},
	{{{1536, 2339, -2536}, 0, {2216, -13238}, {0xFF, 0xFF, 0xFF, 0xFF}}},
	{{{1024, 2460, -2127}, 0, {-1052, -13844}, {0xFF, 0xFF, 0xFF, 0xFF}}},
	{{{1536, -511, -2536}, 0, {2216, 990}, {0xFF, 0xFF, 0xFF, 0xFF}}},
	{{{1024, -511, -2127}, 0, {-1052, 990}, {0xFF, 0xFF, 0xFF, 0xFF}}},
	{{{3789, 803, -3048}, 0, {2764, 1060}, {0xFF, 0xFF, 0xFF, 0xFF}}},
	{{{3789, 2339, -3048}, 0, {2764, -6604}, {0xFF, 0xFF, 0xFF, 0xFF}}},
	{{{3584, 2339, -2639}, 0, {480, -6604}, {0xFF, 0xFF, 0xFF, 0xFF}}},
	{{{3584, 803, -2639}, 0, {480, 1060}, {0xFF, 0xFF, 0xFF, 0xFF}}},
	{{{3482, 803, -3663}, 0, {2064, -5574}, {0xFF, 0xFF, 0xFF, 0xFF}}},
	{{{3583, 461, -3148}, 0, {-552, -3864}, {0xFF, 0xFF, 0xFF, 0xFF}}},
	{{{3482, -511, -3663}, 0, {2064, 990}, {0xFF, 0xFF, 0xFF, 0xFF}}},
	{{{3584, -511, -3151}, 0, {-540, 990}, {0xFF, 0xFF, 0xFF, 0xFF}}},
	{{{3072, -511, -2639}, 0, {-2072, 990}, {0xFF, 0xFF, 0xFF, 0xFF}}},
	{{{3274, -511, -2841}, 0, {-648, 990}, {0xFF, 0xFF, 0xFF, 0xFF}}},
	{{{3274, -255, -2840}, 0, {-648, -288}, {0xFF, 0xFF, 0xFF, 0xFF}}},
	{{{3071, 461, -2639}, 0, {-2076, -3864}, {0xFF, 0xFF, 0xFF, 0xFF}}},
	{{{3382, -255, -2949}, 0, {112, -288}, {0xFF, 0xFF, 0xFF, 0xFF}}},
	{{{3583, 461, -3148}, 0, {1524, -3864}, {0xFF, 0xFF, 0xFF, 0xFF}}},
	{{{3584, -511, -3151}, 0, {1536, 990}, {0xFF, 0xFF, 0xFF, 0xFF}}},
	{{{3382, -511, -2949}, 0, {112, 990}, {0xFF, 0xFF, 0xFF, 0xFF}}},
	{{{3484, 2339, -7274}, 0, {17988, -13238}, {0xFF, 0xFF, 0xFF, 0xFF}}},
	{{{3482, 2339, -3663}, 0, {0, -13238}, {0xFF, 0xFF, 0xFF, 0xFF}}},
	{{{3482, -511, -3663}, 0, {0, 990}, {0xFF, 0xFF, 0xFF, 0xFF}}},
	{{{3484, -511, -7274}, 0, {17988, 990}, {0xFF, 0xFF, 0xFF, 0xFF}}},
	{{{-3583, 803, -2639}, 0, {2008, 1110}, {0x91, 0x91, 0xA5, 0xFF}}},
	{{{-3583, 2339, -2639}, 0, {2008, -6552}, {0x91, 0x91, 0xA5, 0xFF}}},
	{{{-3788, 2339, -3048}, 0, {-276, -6552}, {0x91, 0x91, 0xA5, 0xFF}}},
	{{{-3788, 803, -3048}, 0, {-276, 1110}, {0x91, 0x91, 0xA5, 0xFF}}},
	{{{-553, 1487, -2127}, 0, {0, 1312}, {0x72, 0x72, 0x8C, 0xFF}}},
	{{{-553, 1487, -3151}, 0, {4936, 1312}, {0x72, 0x72, 0x8C, 0xFF}}},
	{{{-348, 1692, -2127}, 0, {0, 194}, {0x72, 0x72, 0x8C, 0xFF}}},
	{{{-348, 1692, -3151}, 0, {4936, 194}, {0x72, 0x72, 0x8C, 0xFF}}},
	{{{554, 1487, -2127}, 0, {3084, -2344}, {0x72, 0x72, 0x8C, 0xFF}}},
	{{{554, 1487, -3104}, 0, {-1784, -2344}, {0x72, 0x72, 0x8C, 0xFF}}},
	{{{554, 803, -3104}, 0, {-1784, 1066}, {0x72, 0x72, 0x8C, 0xFF}}},
	{{{554, 803, -2127}, 0, {3084, 1066}, {0x72, 0x72, 0x8C, 0xFF}}},
	{{{154, 803, -3104}, 0, {2304, 752}, {0x72, 0x72, 0x8C, 0xFF}}},
	{{{154, 803, -3206}, 0, {2304, 240}, {0x72, 0x72, 0x8C, 0xFF}}},
	{{{-153, 803, -3206}, 0, {772, 240}, {0x72, 0x72, 0x8C, 0xFF}}},
	{{{-153, 803, -3104}, 0, {772, 752}, {0x72, 0x72, 0x8C, 0xFF}}},
	{{{3274, -255, -2840}, 0, {1384, 990}, {0x99, 0x99, 0xAC, 0xFF}}},
	{{{3310, -255, -3021}, 0, {2148, 478}, {0x99, 0x99, 0xAC, 0xFF}}},
	{{{3382, -255, -2949}, 0, {2148, 990}, {0x99, 0x99, 0xAC, 0xFF}}},
	{{{3201, -255, -2913}, 0, {1384, 480}, {0x99, 0x99, 0xAC, 0xFF}}},
	{{{-3583, -511, -3151}, 0, {-1560, 990}, {0x99, 0x99, 0xAC, 0xFF}}},
	{{{-3071, -511, -2639}, 0, {2048, 990}, {0x99, 0x99, 0xAC, 0xFF}}},
	{{{-3582, 461, -3148}, 0, {-1548, -3864}, {0x99, 0x99, 0xAC, 0xFF}}},
	{{{-3070, 461, -2639}, 0, {2052, -3864}, {0x99, 0x99, 0xAC, 0xFF}}},
	{{{-1535, -511, -2536}, 0, {-1256, 990}, {0x99, 0x99, 0xAC, 0xFF}}},
	{{{-1023, 2460, -2127}, 0, {2012, -13844}, {0x99, 0x99, 0xAC, 0xFF}}},
	{{{-1535, 2339, -2536}, 0, {-1256, -13238}, {0x99, 0x99, 0xAC, 0xFF}}},
	{{{-1023, -511, -2127}, 0, {2012, 990}, {0x99, 0x99, 0xAC, 0xFF}}},
	{{{3174, 2339, -2434}, 0, {4416, -6606}, {0x99, 0x99, 0xAC, 0xFF}}},
	{{{2560, 2339, -2741}, 0, {992, -6606}, {0x99, 0x99, 0xAC, 0xFF}}},
	{{{2555, 798, -2732}, 0, {992, 1058}, {0x99, 0x99, 0xAC, 0xFF}}},
	{{{3174, 803, -2434}, 0, {4416, 1058}, {0x99, 0x99, 0xAC, 0xFF}}},
	{{{3274, -511, -2841}, 0, {0, 990}, {0x99, 0x99, 0xAC, 0xFF}}},
	{{{3201, -511, -2913}, 0, {480, 990}, {0x99, 0x99, 0xAC, 0xFF}}},
	{{{3201, -255, -2913}, 0, {480, -288}, {0x99, 0x99, 0xAC, 0xFF}}},
	{{{3274, -255, -2840}, 0, {0, -288}, {0x99, 0x99, 0xAC, 0xFF}}},
	{{{3382, -255, -2949}, 0, {2012, -288}, {0x99, 0x99, 0xAC, 0xFF}}},
	{{{3310, -511, -3022}, 0, {1500, 990}, {0x99, 0x99, 0xAC, 0xFF}}},
	{{{3382, -511, -2949}, 0, {2012, 990}, {0x99, 0x99, 0xAC, 0xFF}}},
	{{{3310, -255, -3021}, 0, {1500, -288}, {0x99, 0x99, 0xAC, 0xFF}}},
	{{{-2559, -511, -2741}, 0, {-2584, 990}, {0xC4, 0xC4, 0xD0, 0xFF}}},
	{{{-1535, 2339, -2536}, 0, {2624, -13238}, {0xC4, 0xC4, 0xD0, 0xFF}}},
	{{{-2559, 2339, -2741}, 0, {-2584, -13238}, {0xC4, 0xC4, 0xD0, 0xFF}}},
	{{{-1535, -511, -2536}, 0, {2624, 990}, {0xC4, 0xC4, 0xD0, 0xFF}}},
	{{{3071, 461, -2639}, 0, {2056, -3864}, {0xAD, 0xAD, 0xBC, 0xFF}}},
	{{{2560, -511, -2741}, 0, {-540, 990}, {0xAD, 0xAD, 0xBC, 0xFF}}},
	{{{3072, -511, -2639}, 0, {2064, 990}, {0xAD, 0xAD, 0xBC, 0xFF}}},
	{{{2555, 798, -2732}, 0, {-540, -5574}, {0xAD, 0xAD, 0xBC, 0xFF}}},
	{{{-3173, 803, -2434}, 0, {2252, 1100}, {0xAD, 0xAD, 0xBC, 0xFF}}},
	{{{-3583, 2339, -2639}, 0, {0, -6562}, {0xAD, 0xAD, 0xBC, 0xFF}}},
	{{{-3583, 803, -2639}, 0, {0, 1100}, {0xAD, 0xAD, 0xBC, 0xFF}}},
	{{{-3173, 2339, -2434}, 0, {2252, -6562}, {0xAD, 0xAD, 0xBC, 0xFF}}},
	{{{-1023, 2460, -2127}, 0, {-7184, -13844}, {0xE5, 0xE5, 0xEA, 0xFF}}},
	{{{1024, 1692, -2127}, 0, {3032, -10006}, {0xE5, 0xE5, 0xEA, 0xFF}}},
	{{{1024, 2460, -2127}, 0, {3032, -13844}, {0xE5, 0xE5, 0xEA, 0xFF}}},
	{{{-1023, 1692, -2127}, 0, {-7184, -10006}, {0xE5, 0xE5, 0xEA, 0xFF}}},
	{{{-553, 1692, -2127}, 0, {-4836, -10006}, {0xE5, 0xE5, 0xEA, 0xFF}}},
	{{{-1023, 803, -2127}, 0, {-7180, -5574}, {0xE5, 0xE5, 0xEA, 0xFF}}},
	{{{-553, 803, -2127}, 0, {-4836, -5574}, {0xE5, 0xE5, 0xEA, 0xFF}}},
	{{{-1023, -511, -2127}, 0, {-7180, 990}, {0xE5, 0xE5, 0xEA, 0xFF}}},
	{{{1024, 803, -2127}, 0, {3032, -5574}, {0xE5, 0xE5, 0xEA, 0xFF}}},
	{{{1024, 1692, -2127}, 0, {3032, -10006}, {0xE5, 0xE5, 0xEA, 0xFF}}},
	{{{554, 1692, -2127}, 0, {688, -10006}, {0xE5, 0xE5, 0xEA, 0xFF}}},
	{{{554, 803, -2127}, 0, {688, -5574}, {0xE5, 0xE5, 0xEA, 0xFF}}},
	{{{83, -511, -2127}, 0, {-1656, 990}, {0xE5, 0xE5, 0xEA, 0xFF}}},
	{{{1024, -511, -2127}, 0, {3032, 990}, {0xE5, 0xE5, 0xEA, 0xFF}}},
	{{{3482, 803, -3663}, 0, {4056, 1072}, {0xE5, 0xE5, 0xEA, 0xFF}}},
	{{{3482, 2339, -3663}, 0, {4056, -6590}, {0xE5, 0xE5, 0xEA, 0xFF}}},
	{{{3789, 2339, -3048}, 0, {628, -6590}, {0xE5, 0xE5, 0xEA, 0xFF}}},
	{{{3789, 803, -3048}, 0, {628, 1072}, {0xE5, 0xE5, 0xEA, 0xFF}}},
	{{{2560, 2339, -2741}, 0, {1500, -13238}, {0xE5, 0xE5, 0xEA, 0xFF}}},
	{{{1536, -511, -2536}, 0, {-3708, 990}, {0xE5, 0xE5, 0xEA, 0xFF}}},
	{{{2560, -511, -2741}, 0, {1500, 990}, {0xE5, 0xE5, 0xEA, 0xFF}}},
	{{{1536, 2339, -2536}, 0, {-3708, -13238}, {0xE5, 0xE5, 0xEA, 0xFF}}},
	{{{532, 2652, -2047}, 0, {5284, -1668}, {0xE5, 0xE5, 0xEA, 0xFF}}},
	{{{0, 3584, -2047}, 0, {2624, -6318}, {0xE5, 0xE5, 0xEA, 0xFF}}},
	{{{-531, 2652, -2047}, 0, {0, -1668}, {0xE5, 0xE5, 0xEA, 0xFF}}},
	{{{532, 2120, -2047}, 0, {5284, 990}, {0xE5, 0xE5, 0xEA, 0xFF}}},
	{{{-531, 2120, -2047}, 0, {0, 990}, {0xE5, 0xE5, 0xEA, 0xFF}}},
	{{{3484, -511, -7274}, 0, {192, 990}, {0xE5, 0xE5, 0xEA, 0xFF}}},
	{{{4997, -511, -8085}, 0, {9164, 990}, {0xE5, 0xE5, 0xEA, 0xFF}}},
	{{{4997, 2339, -8085}, 0, {9164, -13238}, {0xE5, 0xE5, 0xEA, 0xFF}}},
	{{{3484, 2339, -7274}, 0, {192, -13238}, {0xE5, 0xE5, 0xEA, 0xFF}}},
	{{{-553, 803, -3104}, 0, {-5856, -5574}, {0x9C, 0x9C, 0xAE, 0xFF}}},
	{{{-153, 803, -3104}, 0, {-3860, -5574}, {0x9C, 0x9C, 0xAE, 0xFF}}},
	{{{-153, 1059, -3104}, 0, {-3860, -6850}, {0x9C, 0x9C, 0xAE, 0xFF}}},
	{{{-553, 1692, -3104}, 0, {-5856, -10006}, {0x9C, 0x9C, 0xAE, 0xFF}}},
	{{{154, 1059, -3104}, 0, {-2328, -6850}, {0x9C, 0x9C, 0xAE, 0xFF}}},
	{{{554, 1692, -3104}, 0, {-332, -10006}, {0x9C, 0x9C, 0xAE, 0xFF}}},
	{{{554, 803, -3104}, 0, {-332, -5574}, {0x9C, 0x9C, 0xAE, 0xFF}}},
	{{{154, 803, -3104}, 0, {-2328, -5574}, {0x9C, 0x9C, 0xAE, 0xFF}}},
};

Gfx castle_grounds_dl_LAYER_OPAQUE_castle_grounds_seg7_dl_07006D70_mesh_mesh_layer_1_tri_8[] = {
	gsSPVertex(castle_grounds_dl_LAYER_OPAQUE_castle_grounds_seg7_dl_07006D70_mesh_mesh_layer_1_vtx_8 + 0, 32, 0),
	gsSP2Triangles(0, 1, 2, 0, 3, 4, 5, 0),
	gsSP2Triangles(6, 7, 8, 0, 9, 10, 11, 0),
	gsSP2Triangles(12, 13, 14, 0, 15, 16, 17, 0),
	gsSP2Triangles(18, 19, 20, 0, 21, 22, 23, 0),
	gsSP2Triangles(24, 25, 26, 0, 27, 28, 12, 0),
	gsSP1Triangle(29, 30, 31, 0),
	gsSPVertex(castle_grounds_dl_LAYER_OPAQUE_castle_grounds_seg7_dl_07006D70_mesh_mesh_layer_1_vtx_8 + 32, 32, 0),
	gsSP2Triangles(0, 1, 2, 0, 3, 4, 5, 0),
	gsSP2Triangles(6, 7, 8, 0, 9, 10, 11, 0),
	gsSP2Triangles(12, 13, 14, 0, 15, 16, 17, 0),
	gsSP2Triangles(18, 19, 20, 0, 21, 22, 23, 0),
	gsSP2Triangles(24, 25, 26, 0, 24, 27, 28, 0),
	gsSP1Triangle(29, 30, 31, 0),
	gsSPVertex(castle_grounds_dl_LAYER_OPAQUE_castle_grounds_seg7_dl_07006D70_mesh_mesh_layer_1_vtx_8 + 64, 32, 0),
	gsSP2Triangles(0, 1, 2, 0, 3, 4, 5, 0),
	gsSP2Triangles(6, 7, 8, 0, 9, 10, 11, 0),
	gsSP2Triangles(12, 13, 14, 0, 12, 14, 15, 0),
	gsSP2Triangles(16, 17, 18, 0, 16, 18, 19, 0),
	gsSP2Triangles(20, 21, 22, 0, 20, 23, 21, 0),
	gsSP2Triangles(24, 25, 26, 0, 24, 26, 27, 0),
	gsSP2Triangles(28, 29, 30, 0, 28, 31, 29, 0),
	gsSPVertex(castle_grounds_dl_LAYER_OPAQUE_castle_grounds_seg7_dl_07006D70_mesh_mesh_layer_1_vtx_8 + 96, 32, 0),
	gsSP2Triangles(0, 1, 2, 0, 2, 1, 3, 0),
	gsSP2Triangles(4, 5, 6, 0, 4, 6, 7, 0),
	gsSP2Triangles(8, 9, 10, 0, 8, 10, 11, 0),
	gsSP2Triangles(12, 13, 14, 0, 12, 15, 13, 0),
	gsSP2Triangles(16, 17, 18, 0, 16, 19, 17, 0),
	gsSP2Triangles(20, 21, 22, 0, 20, 22, 23, 0),
	gsSP2Triangles(24, 25, 26, 0, 24, 26, 27, 0),
	gsSP2Triangles(28, 29, 30, 0, 28, 30, 31, 0),
	gsSPVertex(castle_grounds_dl_LAYER_OPAQUE_castle_grounds_seg7_dl_07006D70_mesh_mesh_layer_1_vtx_8 + 128, 32, 0),
	gsSP2Triangles(0, 1, 2, 0, 0, 3, 1, 0),
	gsSP2Triangles(4, 5, 6, 0, 6, 5, 7, 0),
	gsSP2Triangles(8, 9, 10, 0, 8, 11, 9, 0),
	gsSP2Triangles(12, 13, 14, 0, 13, 15, 14, 0),
	gsSP2Triangles(16, 17, 18, 0, 16, 18, 19, 0),
	gsSP2Triangles(20, 21, 22, 0, 22, 21, 23, 0),
	gsSP2Triangles(24, 25, 26, 0, 24, 26, 27, 0),
	gsSP2Triangles(26, 28, 27, 0, 28, 29, 27, 0),
	gsSP2Triangles(28, 30, 29, 0, 28, 31, 30, 0),
	gsSPVertex(castle_grounds_dl_LAYER_OPAQUE_castle_grounds_seg7_dl_07006D70_mesh_mesh_layer_1_vtx_8 + 160, 32, 0),
	gsSP2Triangles(0, 1, 2, 0, 0, 2, 3, 0),
	gsSP2Triangles(4, 5, 6, 0, 4, 6, 7, 0),
	gsSP2Triangles(8, 9, 10, 0, 9, 11, 10, 0),
	gsSP2Triangles(12, 13, 14, 0, 15, 12, 14, 0),
	gsSP2Triangles(16, 17, 18, 0, 16, 18, 19, 0),
	gsSP2Triangles(20, 21, 22, 0, 20, 23, 21, 0),
	gsSP2Triangles(24, 25, 26, 0, 25, 27, 26, 0),
	gsSP2Triangles(28, 29, 30, 0, 28, 31, 29, 0),
	gsSPVertex(castle_grounds_dl_LAYER_OPAQUE_castle_grounds_seg7_dl_07006D70_mesh_mesh_layer_1_vtx_8 + 192, 32, 0),
	gsSP2Triangles(0, 1, 2, 0, 3, 0, 2, 0),
	gsSP2Triangles(4, 5, 6, 0, 4, 6, 7, 0),
	gsSP2Triangles(8, 9, 10, 0, 8, 11, 9, 0),
	gsSP2Triangles(12, 13, 14, 0, 12, 15, 13, 0),
	gsSP2Triangles(16, 17, 18, 0, 19, 17, 16, 0),
	gsSP2Triangles(20, 21, 22, 0, 20, 23, 21, 0),
	gsSP2Triangles(24, 25, 26, 0, 24, 27, 25, 0),
	gsSP2Triangles(28, 27, 29, 0, 28, 29, 30, 0),
	gsSP1Triangle(30, 29, 31, 0),
	gsSPVertex(castle_grounds_dl_LAYER_OPAQUE_castle_grounds_seg7_dl_07006D70_mesh_mesh_layer_1_vtx_8 + 224, 31, 0),
	gsSP2Triangles(0, 1, 2, 0, 3, 0, 2, 0),
	gsSP2Triangles(4, 0, 3, 0, 4, 5, 0, 0),
	gsSP2Triangles(6, 7, 8, 0, 6, 8, 9, 0),
	gsSP2Triangles(10, 11, 12, 0, 10, 13, 11, 0),
	gsSP2Triangles(14, 15, 16, 0, 16, 17, 14, 0),
	gsSP2Triangles(16, 18, 17, 0, 19, 20, 21, 0),
	gsSP2Triangles(19, 21, 22, 0, 23, 24, 25, 0),
	gsSP2Triangles(23, 25, 26, 0, 25, 27, 26, 0),
	gsSP2Triangles(27, 28, 26, 0, 27, 29, 28, 0),
	gsSP1Triangle(27, 30, 29, 0),
	gsSPEndDisplayList(),
};

Vtx castle_grounds_dl_LAYER_OPAQUE_castle_grounds_seg7_dl_07006D70_mesh_mesh_layer_1_vtx_9[28] = {
	{{{-3541, -972, -3361}, 0, {-4672, 480}, {0x67, 0x67, 0x69, 0xFF}}},
	{{{-4686, -972, -3361}, 0, {4464, 478}, {0x67, 0x67, 0x69, 0xFF}}},
	{{{-4686, -921, -3361}, 0, {4464, 990}, {0x67, 0x67, 0x69, 0xFF}}},
	{{{-3541, -921, -3361}, 0, {-4672, 990}, {0x67, 0x67, 0x69, 0xFF}}},
	{{{4730, -869, -651}, 0, {6612, 990}, {0x91, 0x91, 0xA5, 0xFF}}},
	{{{4730, -665, -651}, 0, {6612, 0}, {0x91, 0x91, 0xA5, 0xFF}}},
	{{{3495, -665, -201}, 0, {52, 0}, {0x91, 0x91, 0xA5, 0xFF}}},
	{{{3495, -869, -201}, 0, {52, 990}, {0x91, 0x91, 0xA5, 0xFF}}},
	{{{3662, -972, 254}, 0, {-4544, 990}, {0x91, 0x91, 0xA5, 0xFF}}},
	{{{4897, -972, -194}, 0, {2012, 990}, {0x91, 0x91, 0xA5, 0xFF}}},
	{{{4897, -921, -194}, 0, {2012, 478}, {0x91, 0x91, 0xA5, 0xFF}}},
	{{{3662, -921, 254}, 0, {-4544, 480}, {0x91, 0x91, 0xA5, 0xFF}}},
	{{{-3788, -921, -3361}, 0, {1500, 734}, {0x58, 0x58, 0x62, 0xFF}}},
	{{{-3481, -716, -3361}, 0, {0, 0}, {0x58, 0x58, 0x62, 0xFF}}},
	{{{-3481, -921, -3361}, 0, {0, 734}, {0x58, 0x58, 0x62, 0xFF}}},
	{{{-3788, -716, -3361}, 0, {1500, 0}, {0x58, 0x58, 0x62, 0xFF}}},
	{{{-4686, -869, -3151}, 0, {5468, 744}, {0x58, 0x58, 0x62, 0xFF}}},
	{{{-4686, -511, -3151}, 0, {5472, -1046}, {0x58, 0x58, 0x62, 0xFF}}},
	{{{-3583, -511, -3151}, 0, {0, -1054}, {0x58, 0x58, 0x62, 0xFF}}},
	{{{-3584, -869, -3151}, 0, {0, 734}, {0x58, 0x58, 0x62, 0xFF}}},
	{{{-3912, -869, -3151}, 0, {1588, 480}, {0x89, 0x89, 0x8A, 0xFF}}},
	{{{-3788, -716, -3361}, 0, {0, 0}, {0x89, 0x89, 0x8A, 0xFF}}},
	{{{-3788, -921, -3361}, 0, {0, 650}, {0x89, 0x89, 0x8A, 0xFF}}},
	{{{-3912, -716, -3151}, 0, {1588, 0}, {0x89, 0x89, 0x8A, 0xFF}}},
	{{{3362, -665, -567}, 0, {-4544, 990}, {0x99, 0x99, 0xAC, 0xFF}}},
	{{{4597, -511, -1016}, 0, {2012, -18}, {0x99, 0x99, 0xAC, 0xFF}}},
	{{{3362, -511, -567}, 0, {-4544, -18}, {0x99, 0x99, 0xAC, 0xFF}}},
	{{{4597, -665, -1016}, 0, {2012, 990}, {0x99, 0x99, 0xAC, 0xFF}}},
};

Gfx castle_grounds_dl_LAYER_OPAQUE_castle_grounds_seg7_dl_07006D70_mesh_mesh_layer_1_tri_9[] = {
	gsSPVertex(castle_grounds_dl_LAYER_OPAQUE_castle_grounds_seg7_dl_07006D70_mesh_mesh_layer_1_vtx_9 + 0, 28, 0),
	gsSP2Triangles(0, 1, 2, 0, 0, 2, 3, 0),
	gsSP2Triangles(4, 5, 6, 0, 4, 6, 7, 0),
	gsSP2Triangles(8, 9, 10, 0, 8, 10, 11, 0),
	gsSP2Triangles(12, 13, 14, 0, 12, 15, 13, 0),
	gsSP2Triangles(16, 17, 18, 0, 16, 18, 19, 0),
	gsSP2Triangles(20, 21, 22, 0, 20, 23, 21, 0),
	gsSP2Triangles(24, 25, 26, 0, 24, 27, 25, 0),
	gsSPEndDisplayList(),
};

Vtx castle_grounds_dl_LAYER_OPAQUE_castle_grounds_seg7_dl_07006D70_mesh_mesh_layer_1_vtx_10[26] = {
	{{{-3225, -818, -2178}, 0, {-8, 0}, {0x00, 0x00, 0x00, 0xFF}}},
	{{{-3532, -818, -2178}, 0, {-8, 0}, {0x00, 0x00, 0x00, 0xFF}}},
	{{{-3532, -818, -1871}, 0, {-8, 0}, {0x00, 0x00, 0x00, 0xFF}}},
	{{{-3225, -818, -1871}, 0, {-8, 0}, {0x00, 0x00, 0x00, 0xFF}}},
	{{{3093, -101, -2804}, 0, {-8, 0}, {0x00, 0x00, 0x00, 0xFF}}},
	{{{3093, -511, -2804}, 0, {-8, 0}, {0x00, 0x00, 0x00, 0xFF}}},
	{{{2876, -506, -3022}, 0, {-8, 0}, {0x00, 0x00, 0x00, 0xFF}}},
	{{{2876, -101, -3021}, 0, {-8, 0}, {0x00, 0x00, 0x00, 0xFF}}},
	{{{3202, -101, -3347}, 0, {-8, 0}, {0x00, 0x00, 0x00, 0xFF}}},
	{{{3201, -506, -3348}, 0, {-8, 0}, {0x00, 0x00, 0x00, 0xFF}}},
	{{{3419, -101, -3130}, 0, {-8, 0}, {0x00, 0x00, 0x00, 0xFF}}},
	{{{3419, -511, -3130}, 0, {-8, 0}, {0x00, 0x00, 0x00, 0xFF}}},
	{{{-562, 803, -3718}, 0, {-8, 0}, {0x00, 0x00, 0x00, 0xFF}}},
	{{{563, 1936, -3718}, 0, {-8, 0}, {0x00, 0x00, 0x00, 0xFF}}},
	{{{-562, 1936, -3718}, 0, {-8, 0}, {0x00, 0x00, 0x00, 0xFF}}},
	{{{563, 803, -3718}, 0, {-8, 0}, {0x00, 0x00, 0x00, 0xFF}}},
	{{{-562, 803, -3206}, 0, {-8, 0}, {0x00, 0x00, 0x00, 0xFF}}},
	{{{-562, 1930, -3718}, 0, {-8, 0}, {0x00, 0x00, 0x00, 0xFF}}},
	{{{-562, 1930, -3206}, 0, {-8, 0}, {0x00, 0x00, 0x00, 0xFF}}},
	{{{563, 1930, -3206}, 0, {-8, 0}, {0x00, 0x00, 0x00, 0xFF}}},
	{{{563, 1930, -3718}, 0, {-8, 0}, {0x00, 0x00, 0x00, 0xFF}}},
	{{{563, 803, -3206}, 0, {-8, 0}, {0x00, 0x00, 0x00, 0xFF}}},
	{{{-4044, -1842, -6069}, 0, {-8, 0}, {0x00, 0x00, 0x00, 0xFF}}},
	{{{-4044, -1842, -5557}, 0, {-8, 0}, {0x00, 0x00, 0x00, 0xFF}}},
	{{{-3532, -1842, -5557}, 0, {-8, 0}, {0x00, 0x00, 0x00, 0xFF}}},
	{{{-3532, -1842, -6069}, 0, {-8, 0}, {0x00, 0x00, 0x00, 0xFF}}},
};

Gfx castle_grounds_dl_LAYER_OPAQUE_castle_grounds_seg7_dl_07006D70_mesh_mesh_layer_1_tri_10[] = {
	gsSPVertex(castle_grounds_dl_LAYER_OPAQUE_castle_grounds_seg7_dl_07006D70_mesh_mesh_layer_1_vtx_10 + 0, 26, 0),
	gsSP2Triangles(0, 1, 2, 0, 0, 2, 3, 0),
	gsSP2Triangles(4, 5, 6, 0, 7, 4, 6, 0),
	gsSP2Triangles(8, 7, 6, 0, 8, 6, 9, 0),
	gsSP2Triangles(10, 8, 9, 0, 10, 9, 11, 0),
	gsSP2Triangles(12, 13, 14, 0, 12, 15, 13, 0),
	gsSP2Triangles(16, 17, 18, 0, 16, 12, 17, 0),
	gsSP2Triangles(15, 19, 20, 0, 15, 21, 19, 0),
	gsSP2Triangles(22, 23, 24, 0, 22, 24, 25, 0),
	gsSPEndDisplayList(),
};

Vtx castle_grounds_dl_LAYER_OPAQUE_castle_grounds_seg7_dl_070095F0_mesh_mesh_layer_1_vtx_cull[8] = {
	{{{-8191, -1330, 6813}, 0, {0, 0}, {0x00, 0x00, 0x00, 0x00}}},
	{{{-8191, 3121, 6813}, 0, {0, 0}, {0x00, 0x00, 0x00, 0x00}}},
	{{{-8191, 3121, -8085}, 0, {0, 0}, {0x00, 0x00, 0x00, 0x00}}},
	{{{-8191, -1330, -8085}, 0, {0, 0}, {0x00, 0x00, 0x00, 0x00}}},
	{{{8192, -1330, 6813}, 0, {0, 0}, {0x00, 0x00, 0x00, 0x00}}},
	{{{8192, 3121, 6813}, 0, {0, 0}, {0x00, 0x00, 0x00, 0x00}}},
	{{{8192, 3121, -8085}, 0, {0, 0}, {0x00, 0x00, 0x00, 0x00}}},
	{{{8192, -1330, -8085}, 0, {0, 0}, {0x00, 0x00, 0x00, 0x00}}},
};

Vtx castle_grounds_dl_LAYER_OPAQUE_castle_grounds_seg7_dl_070095F0_mesh_mesh_layer_1_vtx_0[6] = {
	{{{3555, 343, -37}, 0, {-8, 974}, {0x13, 0x8E, 0x34, 0xFF}}},
	{{{4791, 343, -485}, 0, {3251, 974}, {0x26, 0xC7, 0x6B, 0xFF}}},
	{{{3556, 405, -36}, 0, {-8, 16}, {0x46, 0x62, 0x28, 0xFF}}},
	{{{4791, 405, -485}, 0, {3252, 16}, {0xC8, 0x58, 0x49, 0xFF}}},
	{{{3556, 405, -36}, 0, {-8, 16}, {0x46, 0x62, 0x28, 0xFF}}},
	{{{4791, 343, -485}, 0, {3251, 974}, {0x26, 0xC7, 0x6B, 0xFF}}},
};

Gfx castle_grounds_dl_LAYER_OPAQUE_castle_grounds_seg7_dl_070095F0_mesh_mesh_layer_1_tri_0[] = {
	gsSPVertex(castle_grounds_dl_LAYER_OPAQUE_castle_grounds_seg7_dl_070095F0_mesh_mesh_layer_1_vtx_0 + 0, 6, 0),
	gsSP2Triangles(0, 1, 2, 0, 3, 4, 5, 0),
	gsSPEndDisplayList(),
};

Vtx castle_grounds_dl_LAYER_OPAQUE_castle_grounds_seg7_dl_070095F0_mesh_mesh_layer_1_vtx_1[6] = {
	{{{3363, 343, -566}, 0, {-8, 974}, {0x2B, 0xB6, 0xA3, 0xFF}}},
	{{{3362, 405, -567}, 0, {-27, 16}, {0xD8, 0x38, 0x95, 0xFF}}},
	{{{4597, 343, -1016}, 0, {3271, 974}, {0xE2, 0xA5, 0xAC, 0xFF}}},
	{{{4597, 405, -1016}, 0, {3267, 16}, {0xB5, 0x61, 0xDE, 0xFF}}},
	{{{4597, 343, -1016}, 0, {3271, 974}, {0xE2, 0xA5, 0xAC, 0xFF}}},
	{{{3362, 405, -567}, 0, {-27, 16}, {0xD8, 0x38, 0x95, 0xFF}}},
};

Gfx castle_grounds_dl_LAYER_OPAQUE_castle_grounds_seg7_dl_070095F0_mesh_mesh_layer_1_tri_1[] = {
	gsSPVertex(castle_grounds_dl_LAYER_OPAQUE_castle_grounds_seg7_dl_070095F0_mesh_mesh_layer_1_vtx_1 + 0, 6, 0),
	gsSP2Triangles(0, 1, 2, 0, 3, 4, 5, 0),
	gsSPEndDisplayList(),
};

Vtx castle_grounds_dl_LAYER_OPAQUE_castle_grounds_seg7_dl_070095F0_mesh_mesh_layer_1_vtx_2[115] = {
	{{{4989, 545, -7072}, 0, {-3174, -468}, {0x00, 0x7F, 0x00, 0xFF}}},
	{{{4997, 545, -8085}, 0, {-3902, -874}, {0xC8, 0x6B, 0x28, 0xFF}}},
	{{{4065, 545, -7585}, 0, {-3928, 44}, {0x00, 0x7F, 0x00, 0xFF}}},
	{{{-6899, 371, -2047}, 0, {3586, -6692}, {0x41, 0x69, 0x1E, 0xFF}}},
	{{{-7685, 260, 0}, 0, {1086, -5464}, {0x3A, 0x70, 0x0B, 0xFF}}},
	{{{-5438, 405, -1522}, 0, {4174, -4760}, {0x00, 0x7F, 0x04, 0xFF}}},
	{{{-4825, 553, 5288}, 0, {-1800, 2480}, {0x1B, 0x73, 0xD2, 0xFF}}},
	{{{-4318, 260, 3323}, 0, {466, 1044}, {0x07, 0x7F, 0xFB, 0xFF}}},
	{{{-6678, 590, 4409}, 0, {-2358, -172}, {0x2F, 0x6B, 0xCE, 0xFF}}},
	{{{-2047, 260, 5792}, 0, {-164, 5658}, {0x00, 0x5A, 0xA7, 0xFF}}},
	{{{-3471, 260, 4623}, 0, {-124, 3134}, {0x12, 0x7D, 0xF0, 0xFF}}},
	{{{-4825, 553, 5288}, 0, {-1800, 2480}, {0x1B, 0x73, 0xD2, 0xFF}}},
	{{{-4318, 260, 3323}, 0, {466, 1044}, {0x07, 0x7F, 0xFB, 0xFF}}},
	{{{-3471, 260, 4623}, 0, {-124, 3134}, {0x12, 0x7D, 0xF0, 0xFF}}},
	{{{-4318, 260, 3323}, 0, {466, 1044}, {0x07, 0x7F, 0xFB, 0xFF}}},
	{{{-4599, 260, 2299}, 0, {1222, -224}, {0x03, 0x7F, 0xF8, 0xFF}}},
	{{{-6678, 590, 4409}, 0, {-2358, -172}, {0x2F, 0x6B, 0xCE, 0xFF}}},
	{{{-7415, 508, 3183}, 0, {-1742, -2088}, {0x47, 0x63, 0xDE, 0xFF}}},
	{{{-6678, 590, 4409}, 0, {-2358, -172}, {0x2F, 0x6B, 0xCE, 0xFF}}},
	{{{-4599, 260, 2299}, 0, {1222, -224}, {0x03, 0x7F, 0xF8, 0xFF}}},
	{{{-7685, 260, 2269}, 0, {-1050, -3252}, {0x4B, 0x65, 0xF1, 0xFF}}},
	{{{-7415, 508, 3183}, 0, {-1742, -2088}, {0x47, 0x63, 0xDE, 0xFF}}},
	{{{-4599, 260, 2299}, 0, {1222, -224}, {0x03, 0x7F, 0xF8, 0xFF}}},
	{{{-4599, 260, 2299}, 0, {1222, -224}, {0x03, 0x7F, 0xF8, 0xFF}}},
	{{{-4666, 260, 1401}, 0, {2016, -1166}, {0xFE, 0x7F, 0x04, 0xFF}}},
	{{{-7685, 260, 2269}, 0, {-1050, -3252}, {0x4B, 0x65, 0xF1, 0xFF}}},
	{{{-7685, 260, 2269}, 0, {-1050, -3252}, {0x4B, 0x65, 0xF1, 0xFF}}},
	{{{-4666, 260, 1401}, 0, {2016, -1166}, {0xFE, 0x7F, 0x04, 0xFF}}},
	{{{-7685, 260, 0}, 0, {1086, -5464}, {0x3A, 0x70, 0x0B, 0xFF}}},
	{{{-4363, 371, 255}, 0, {3306, -1982}, {0xF9, 0x7F, 0x05, 0xFF}}},
	{{{-7685, 260, 0}, 0, {1086, -5464}, {0x3A, 0x70, 0x0B, 0xFF}}},
	{{{-4666, 260, 1401}, 0, {2016, -1166}, {0xFE, 0x7F, 0x04, 0xFF}}},
	{{{-4363, 371, 255}, 0, {3306, -1982}, {0xF9, 0x7F, 0x05, 0xFF}}},
	{{{-5438, 405, -1522}, 0, {4174, -4760}, {0x00, 0x7F, 0x04, 0xFF}}},
	{{{-7685, 260, 0}, 0, {1086, -5464}, {0x3A, 0x70, 0x0B, 0xFF}}},
	{{{-2317, 639, 2048}, 0, {360, 262}, {0xF0, 0x7D, 0x0E, 0xFF}}},
	{{{-816, 260, 3370}, 0, {1848, 1754}, {0xE3, 0x75, 0x29, 0xFF}}},
	{{{0, 727, 2146}, 0, {3038, 476}, {0x13, 0x7D, 0x0C, 0xFF}}},
	{{{6623, 371, 0}, 0, {2618, 1070}, {0xEA, 0x79, 0x1F, 0xFF}}},
	{{{7168, 474, 0}, 0, {2838, 634}, {0xC0, 0x6B, 0x15, 0xFF}}},
	{{{6301, 474, -958}, 0, {1786, 928}, {0xF2, 0x7E, 0x08, 0xFF}}},
	{{{6301, 474, -958}, 0, {1786, 928}, {0xF2, 0x7E, 0x08, 0xFF}}},
	{{{5249, 397, -636}, 0, {1588, 1878}, {0xFE, 0x7E, 0x0C, 0xFF}}},
	{{{6623, 371, 0}, 0, {2618, 1070}, {0xEA, 0x79, 0x1F, 0xFF}}},
	{{{7203, 627, -1945}, 0, {1438, -180}, {0xBA, 0x6A, 0x07, 0xFF}}},
	{{{6301, 474, -958}, 0, {1786, 928}, {0xF2, 0x7E, 0x08, 0xFF}}},
	{{{7168, 474, 0}, 0, {2838, 634}, {0xC0, 0x6B, 0x15, 0xFF}}},
	{{{6301, 474, -958}, 0, {1786, 928}, {0xF2, 0x7E, 0x08, 0xFF}}},
	{{{5633, 371, -2047}, 0, {730, 1030}, {0xF5, 0x7E, 0x06, 0xFF}}},
	{{{5249, 397, -636}, 0, {1588, 1878}, {0xFE, 0x7E, 0x0C, 0xFF}}},
	{{{6301, 474, -958}, 0, {1786, 928}, {0xF2, 0x7E, 0x08, 0xFF}}},
	{{{7203, 627, -1945}, 0, {1438, -180}, {0xBA, 0x6A, 0x07, 0xFF}}},
	{{{5633, 371, -2047}, 0, {730, 1030}, {0xF5, 0x7E, 0x06, 0xFF}}},
	{{{-2317, 260, 3579}, 0, {62, 1908}, {0xF9, 0x7B, 0x1E, 0xFF}}},
	{{{-816, 260, 3370}, 0, {1848, 1754}, {0xE3, 0x75, 0x29, 0xFF}}},
	{{{-2317, 639, 2048}, 0, {360, 262}, {0xF0, 0x7D, 0x0E, 0xFF}}},
	{{{-2317, 260, 3579}, 0, {62, 1908}, {0xF9, 0x7B, 0x1E, 0xFF}}},
	{{{-2317, 639, 2048}, 0, {360, 262}, {0xF0, 0x7D, 0x0E, 0xFF}}},
	{{{-3372, 260, 2933}, 0, {-1038, 1162}, {0xF6, 0x7E, 0x08, 0xFF}}},
	{{{-3727, 260, 2048}, 0, {-1276, 194}, {0xF3, 0x7E, 0x06, 0xFF}}},
	{{{-3372, 260, 2933}, 0, {-1038, 1162}, {0xF6, 0x7E, 0x08, 0xFF}}},
	{{{-2317, 639, 2048}, 0, {360, 262}, {0xF0, 0x7D, 0x0E, 0xFF}}},
	{{{-2317, 518, 929}, 0, {580, -944}, {0xEC, 0x7D, 0xF8, 0xFF}}},
	{{{-3360, 420, 1187}, 0, {-682, -714}, {0xEF, 0x7E, 0x01, 0xFF}}},
	{{{-2317, 639, 2048}, 0, {360, 262}, {0xF0, 0x7D, 0x0E, 0xFF}}},
	{{{-2317, 639, 2048}, 0, {360, 262}, {0xF0, 0x7D, 0x0E, 0xFF}}},
	{{{-3360, 420, 1187}, 0, {-682, -714}, {0xEF, 0x7E, 0x01, 0xFF}}},
	{{{-3727, 260, 2048}, 0, {-1276, 194}, {0xF3, 0x7E, 0x06, 0xFF}}},
	{{{0, 727, 2146}, 0, {3038, 476}, {0x13, 0x7D, 0x0C, 0xFF}}},
	{{{-1112, 801, 1396}, 0, {1890, -384}, {0xF7, 0x7F, 0x02, 0xFF}}},
	{{{-2317, 639, 2048}, 0, {360, 262}, {0xF0, 0x7D, 0x0E, 0xFF}}},
	{{{-2317, 518, 929}, 0, {580, -944}, {0xEC, 0x7D, 0xF8, 0xFF}}},
	{{{-2317, 639, 2048}, 0, {360, 262}, {0xF0, 0x7D, 0x0E, 0xFF}}},
	{{{-1112, 801, 1396}, 0, {1890, -384}, {0xF7, 0x7F, 0x02, 0xFF}}},
	{{{-5307, 543, -3479}, 0, {6096, -6534}, {0x00, 0x7F, 0x0A, 0xFF}}},
	{{{-5864, 543, -3689}, 0, {5880, -7280}, {0x00, 0x7F, 0x06, 0xFF}}},
	{{{-5220, 422, -2744}, 0, {5486, -5738}, {0x00, 0x7F, 0x0B, 0xFF}}},
	{{{-6899, 371, -2047}, 0, {3586, -6692}, {0x41, 0x69, 0x1E, 0xFF}}},
	{{{-5438, 405, -1522}, 0, {4174, -4760}, {0x00, 0x7F, 0x04, 0xFF}}},
	{{{-6641, 543, -3573}, 0, {5190, -7922}, {0x37, 0x71, 0x10, 0xFF}}},
	{{{-5220, 422, -2744}, 0, {5486, -5738}, {0x00, 0x7F, 0x0B, 0xFF}}},
	{{{-6641, 543, -3573}, 0, {5190, -7922}, {0x37, 0x71, 0x10, 0xFF}}},
	{{{-5438, 405, -1522}, 0, {4174, -4760}, {0x00, 0x7F, 0x04, 0xFF}}},
	{{{7203, 627, -1945}, 0, {1438, -180}, {0xBA, 0x6A, 0x07, 0xFF}}},
	{{{7305, 868, -4095}, 0, {-84, -1140}, {0xC6, 0x70, 0x10, 0xFF}}},
	{{{5633, 371, -2047}, 0, {730, 1030}, {0xF5, 0x7E, 0x06, 0xFF}}},
	{{{7305, 868, -4095}, 0, {-84, -1140}, {0xC6, 0x70, 0x10, 0xFF}}},
	{{{4963, 544, -3762}, 0, {-794, 852}, {0xF6, 0x7E, 0x07, 0xFF}}},
	{{{5633, 371, -2047}, 0, {730, 1030}, {0xF5, 0x7E, 0x06, 0xFF}}},
	{{{-5864, 543, -3689}, 0, {5880, -7280}, {0x00, 0x7F, 0x06, 0xFF}}},
	{{{-6641, 543, -3573}, 0, {5190, -7922}, {0x37, 0x71, 0x10, 0xFF}}},
	{{{-5220, 422, -2744}, 0, {5486, -5738}, {0x00, 0x7F, 0x0B, 0xFF}}},
	{{{-5864, 543, -3689}, 0, {5880, -7280}, {0x00, 0x7F, 0x06, 0xFF}}},
	{{{-6479, 543, -4496}, 0, {6180, -8664}, {0x43, 0x69, 0xE7, 0xFF}}},
	{{{-6641, 543, -3573}, 0, {5190, -7922}, {0x37, 0x71, 0x10, 0xFF}}},
	{{{6789, 1022, -5679}, 0, {-1450, -1384}, {0xC6, 0x6E, 0x1A, 0xFF}}},
	{{{5438, 704, -5679}, 0, {-1992, -292}, {0xE1, 0x7B, 0x07, 0xFF}}},
	{{{7305, 868, -4095}, 0, {-84, -1140}, {0xC6, 0x70, 0x10, 0xFF}}},
	{{{5438, 704, -5679}, 0, {-1992, -292}, {0xE1, 0x7B, 0x07, 0xFF}}},
	{{{4963, 544, -3762}, 0, {-794, 852}, {0xF6, 0x7E, 0x07, 0xFF}}},
	{{{7305, 868, -4095}, 0, {-84, -1140}, {0xC6, 0x70, 0x10, 0xFF}}},
	{{{4997, 545, -8085}, 0, {-3902, -874}, {0xC8, 0x6B, 0x28, 0xFF}}},
	{{{4981, 545, -6167}, 0, {-2524, -108}, {0xEB, 0x7D, 0x00, 0xFF}}},
	{{{5974, 910, -7191}, 0, {-2872, -1332}, {0xBE, 0x5E, 0x36, 0xFF}}},
	{{{-5784, 543, -4360}, 0, {6570, -7856}, {0x1E, 0x5F, 0xB1, 0xFF}}},
	{{{-6479, 543, -4496}, 0, {6180, -8664}, {0x43, 0x69, 0xE7, 0xFF}}},
	{{{5438, 704, -5679}, 0, {-1992, -292}, {0xE1, 0x7B, 0x07, 0xFF}}},
	{{{4981, 545, -6167}, 0, {-2524, -108}, {0xEB, 0x7D, 0x00, 0xFF}}},
	{{{4963, 544, -3762}, 0, {-794, 852}, {0xF6, 0x7E, 0x07, 0xFF}}},
	{{{6789, 1022, -5679}, 0, {-1450, -1384}, {0xC6, 0x6E, 0x1A, 0xFF}}},
	{{{5974, 910, -7191}, 0, {-2872, -1332}, {0xBE, 0x5E, 0x36, 0xFF}}},
	{{{5438, 704, -5679}, 0, {-1992, -292}, {0xE1, 0x7B, 0x07, 0xFF}}},
	{{{5438, 704, -5679}, 0, {-1992, -292}, {0xE1, 0x7B, 0x07, 0xFF}}},
	{{{5974, 910, -7191}, 0, {-2872, -1332}, {0xBE, 0x5E, 0x36, 0xFF}}},
	{{{4981, 545, -6167}, 0, {-2524, -108}, {0xEB, 0x7D, 0x00, 0xFF}}},
};

Gfx castle_grounds_dl_LAYER_OPAQUE_castle_grounds_seg7_dl_070095F0_mesh_mesh_layer_1_tri_2[] = {
	gsSPVertex(castle_grounds_dl_LAYER_OPAQUE_castle_grounds_seg7_dl_070095F0_mesh_mesh_layer_1_vtx_2 + 0, 32, 0),
	gsSP2Triangles(0, 1, 2, 0, 3, 4, 5, 0),
	gsSP2Triangles(6, 7, 8, 0, 9, 10, 11, 0),
	gsSP2Triangles(12, 6, 13, 0, 14, 15, 16, 0),
	gsSP2Triangles(17, 18, 19, 0, 20, 21, 22, 0),
	gsSP2Triangles(23, 24, 25, 0, 26, 27, 28, 0),
	gsSP1Triangle(29, 30, 31, 0),
	gsSPVertex(castle_grounds_dl_LAYER_OPAQUE_castle_grounds_seg7_dl_070095F0_mesh_mesh_layer_1_vtx_2 + 32, 30, 0),
	gsSP2Triangles(0, 1, 2, 0, 3, 4, 5, 0),
	gsSP2Triangles(6, 7, 8, 0, 9, 10, 11, 0),
	gsSP2Triangles(12, 13, 14, 0, 15, 16, 17, 0),
	gsSP2Triangles(18, 19, 20, 0, 21, 22, 23, 0),
	gsSP2Triangles(24, 25, 26, 0, 27, 28, 29, 0),
	gsSPVertex(castle_grounds_dl_LAYER_OPAQUE_castle_grounds_seg7_dl_070095F0_mesh_mesh_layer_1_vtx_2 + 62, 30, 0),
	gsSP2Triangles(0, 1, 2, 0, 3, 4, 5, 0),
	gsSP2Triangles(6, 7, 8, 0, 9, 10, 11, 0),
	gsSP2Triangles(12, 13, 14, 0, 15, 16, 17, 0),
	gsSP2Triangles(18, 19, 20, 0, 21, 22, 23, 0),
	gsSP2Triangles(24, 25, 26, 0, 27, 28, 29, 0),
	gsSPVertex(castle_grounds_dl_LAYER_OPAQUE_castle_grounds_seg7_dl_070095F0_mesh_mesh_layer_1_vtx_2 + 92, 23, 0),
	gsSP2Triangles(0, 1, 2, 0, 3, 4, 5, 0),
	gsSP2Triangles(6, 7, 8, 0, 9, 10, 11, 0),
	gsSP2Triangles(0, 12, 13, 0, 14, 15, 16, 0),
	gsSP2Triangles(17, 18, 19, 0, 20, 21, 22, 0),
	gsSPEndDisplayList(),
};

Vtx castle_grounds_dl_LAYER_OPAQUE_castle_grounds_seg7_dl_070095F0_mesh_mesh_layer_1_vtx_3[100] = {
	{{{3468, 545, -5438}, 0, {362, -7036}, {0x00, 0x7F, 0x00, 0xFF}}},
	{{{4409, 545, -5437}, 0, {1770, -6566}, {0xD8, 0x78, 0x00, 0xFF}}},
	{{{4981, 545, -6167}, 0, {2992, -7374}, {0xEB, 0x7D, 0x00, 0xFF}}},
	{{{-2317, 518, 929}, 0, {-1958, -4904}, {0xEC, 0x7D, 0xF8, 0xFF}}},
	{{{-2047, 518, -162}, 0, {-1854, -7084}, {0xFB, 0x65, 0xB3, 0xFF}}},
	{{{-3360, 420, 1187}, 0, {-3934, -4388}, {0xEF, 0x7E, 0x01, 0xFF}}},
	{{{-3372, 260, 2933}, 0, {-3262, -904}, {0xF6, 0x7E, 0x08, 0xFF}}},
	{{{-3727, 260, 2048}, 0, {-4324, -2670}, {0xF3, 0x7E, 0x06, 0xFF}}},
	{{{-4318, 260, 3323}, 0, {-4996, -126}, {0x07, 0x7F, 0xFB, 0xFF}}},
	{{{-3360, 420, 1187}, 0, {-3934, -4388}, {0xEF, 0x7E, 0x01, 0xFF}}},
	{{{-4363, 371, 255}, 0, {-6308, -6248}, {0xF9, 0x7F, 0x05, 0xFF}}},
	{{{-3727, 260, 2048}, 0, {-4324, -2670}, {0xF3, 0x7E, 0x06, 0xFF}}},
	{{{-4666, 260, 1401}, 0, {-6458, -3962}, {0xFE, 0x7F, 0x04, 0xFF}}},
	{{{-3727, 260, 2048}, 0, {-4324, -2670}, {0xF3, 0x7E, 0x06, 0xFF}}},
	{{{-4363, 371, 255}, 0, {-6308, -6248}, {0xF9, 0x7F, 0x05, 0xFF}}},
	{{{-3360, 420, 1187}, 0, {-3934, -4388}, {0xEF, 0x7E, 0x01, 0xFF}}},
	{{{-2047, 518, -162}, 0, {-1854, -7084}, {0xFB, 0x65, 0xB3, 0xFF}}},
	{{{-4363, 371, 255}, 0, {-6308, -6248}, {0xF9, 0x7F, 0x05, 0xFF}}},
	{{{-4363, 371, 255}, 0, {-6308, -6248}, {0xF9, 0x7F, 0x05, 0xFF}}},
	{{{-2047, 518, -162}, 0, {-1854, -7084}, {0xFB, 0x65, 0xB3, 0xFF}}},
	{{{-4132, 371, -562}, 0, {-6174, -7884}, {0x24, 0x5E, 0xB2, 0xFF}}},
	{{{-4671, 422, -2545}, 0, {1452, -334}, {0x69, 0x47, 0x0C, 0xFF}}},
	{{{-5220, 422, -2744}, 0, {360, -740}, {0x00, 0x7F, 0x0B, 0xFF}}},
	{{{-4796, 405, -1606}, 0, {1258, 1260}, {0x53, 0x5D, 0xE5, 0xFF}}},
	{{{4791, 405, -485}, 0, {-126, 1036}, {0xC8, 0x58, 0x49, 0xFF}}},
	{{{5249, 397, -636}, 0, {632, 1040}, {0xFE, 0x7E, 0x0C, 0xFF}}},
	{{{4597, 405, -1016}, 0, {-150, 146}, {0xB5, 0x61, 0xDE, 0xFF}}},
	{{{5633, 371, -2047}, 0, {1912, -880}, {0xF5, 0x7E, 0x06, 0xFF}}},
	{{{5052, 371, -2053}, 0, {1044, -1178}, {0xB9, 0x68, 0x0C, 0xFF}}},
	{{{4597, 405, -1016}, 0, {-150, 146}, {0xB5, 0x61, 0xDE, 0xFF}}},
	{{{5249, 397, -636}, 0, {632, 1040}, {0xFE, 0x7E, 0x0C, 0xFF}}},
	{{{5052, 371, -2053}, 0, {1044, -1178}, {0xB9, 0x68, 0x0C, 0xFF}}},
	{{{5633, 371, -2047}, 0, {1912, -880}, {0xF5, 0x7E, 0x06, 0xFF}}},
	{{{4963, 544, -3762}, 0, {1764, -3782}, {0xF6, 0x7E, 0x07, 0xFF}}},
	{{{5052, 371, -2053}, 0, {1044, -1178}, {0xB9, 0x68, 0x0C, 0xFF}}},
	{{{4407, 545, -3689}, 0, {896, -3950}, {0xA9, 0x5B, 0x15, 0xFF}}},
	{{{5052, 371, -2053}, 0, {1044, -1178}, {0xB9, 0x68, 0x0C, 0xFF}}},
	{{{4963, 544, -3762}, 0, {1764, -3782}, {0xF6, 0x7E, 0x07, 0xFF}}},
	{{{-4796, 405, -1606}, 0, {1258, 1260}, {0x53, 0x5D, 0xE5, 0xFF}}},
	{{{-5438, 405, -1522}, 0, {0, 990}, {0x00, 0x7F, 0x04, 0xFF}}},
	{{{-4132, 371, -562}, 0, {2490, 3082}, {0x24, 0x5E, 0xB2, 0xFF}}},
	{{{-4132, 371, -562}, 0, {2490, 3082}, {0x24, 0x5E, 0xB2, 0xFF}}},
	{{{-5438, 405, -1522}, 0, {0, 990}, {0x00, 0x7F, 0x04, 0xFF}}},
	{{{-4363, 371, 255}, 0, {2100, 4468}, {0xF9, 0x7F, 0x05, 0xFF}}},
	{{{-4796, 405, -1606}, 0, {1258, 1260}, {0x53, 0x5D, 0xE5, 0xFF}}},
	{{{-5220, 422, -2744}, 0, {360, -740}, {0x00, 0x7F, 0x0B, 0xFF}}},
	{{{-5438, 405, -1522}, 0, {0, 990}, {0x00, 0x7F, 0x04, 0xFF}}},
	{{{-5307, 543, -3479}, 0, {276, -1966}, {0x00, 0x7F, 0x0A, 0xFF}}},
	{{{-5220, 422, -2744}, 0, {360, -740}, {0x00, 0x7F, 0x0B, 0xFF}}},
	{{{-4700, 543, -3663}, 0, {1366, -2246}, {0x59, 0x5B, 0xFB, 0xFF}}},
	{{{-4700, 543, -3663}, 0, {1366, -2246}, {0x59, 0x5B, 0xFB, 0xFF}}},
	{{{-5220, 422, -2744}, 0, {360, -740}, {0x00, 0x7F, 0x0B, 0xFF}}},
	{{{-4671, 422, -2545}, 0, {1452, -334}, {0x69, 0x47, 0x0C, 0xFF}}},
	{{{-2047, 518, -162}, 0, {-1854, -7084}, {0xFB, 0x65, 0xB3, 0xFF}}},
	{{{-2317, 518, 929}, 0, {-1958, -4904}, {0xEC, 0x7D, 0xF8, 0xFF}}},
	{{{-553, 811, -162}, 0, {1128, -7084}, {0xF1, 0x76, 0xD4, 0xFF}}},
	{{{4407, 545, -3689}, 0, {896, -3950}, {0xA9, 0x5B, 0x15, 0xFF}}},
	{{{4963, 544, -3762}, 0, {1764, -3782}, {0xF6, 0x7E, 0x07, 0xFF}}},
	{{{4409, 545, -5437}, 0, {1770, -6566}, {0xD8, 0x78, 0x00, 0xFF}}},
	{{{4981, 545, -6167}, 0, {2992, -7374}, {0xEB, 0x7D, 0x00, 0xFF}}},
	{{{4409, 545, -5437}, 0, {1770, -6566}, {0xD8, 0x78, 0x00, 0xFF}}},
	{{{-1112, 801, 1396}, 0, {632, -3972}, {0xF7, 0x7F, 0x02, 0xFF}}},
	{{{-553, 811, -162}, 0, {1128, -7084}, {0xF1, 0x76, 0xD4, 0xFF}}},
	{{{-2317, 518, 929}, 0, {-1958, -4904}, {0xEC, 0x7D, 0xF8, 0xFF}}},
	{{{2314, 371, -162}, 0, {6852, -7084}, {0xFB, 0x5A, 0xA7, 0xFF}}},
	{{{554, 811, -162}, 0, {3338, -7084}, {0x0E, 0x7B, 0xE4, 0xFF}}},
	{{{2318, 371, 683}, 0, {7198, -5396}, {0x1E, 0x77, 0x1F, 0xFF}}},
	{{{554, 811, -162}, 0, {3338, -7084}, {0x0E, 0x7B, 0xE4, 0xFF}}},
	{{{-553, 811, -162}, 0, {1128, -7084}, {0xF1, 0x76, 0xD4, 0xFF}}},
	{{{-1112, 801, 1396}, 0, {632, -3972}, {0xF7, 0x7F, 0x02, 0xFF}}},
	{{{2318, 371, 683}, 0, {7198, -5396}, {0x1E, 0x77, 0x1F, 0xFF}}},
	{{{554, 811, -162}, 0, {3338, -7084}, {0x0E, 0x7B, 0xE4, 0xFF}}},
	{{{91, 801, 1396}, 0, {3038, -3972}, {0x0D, 0x7E, 0x09, 0xFF}}},
	{{{2314, 371, -162}, 0, {6852, -7084}, {0xFB, 0x5A, 0xA7, 0xFF}}},
	{{{3556, 405, -36}, 0, {8994, -6764}, {0x46, 0x62, 0x28, 0xFF}}},
	{{{3362, 405, -567}, 0, {8782, -7892}, {0xD8, 0x38, 0x95, 0xFF}}},
	{{{2318, 371, 683}, 0, {7198, -5396}, {0x1E, 0x77, 0x1F, 0xFF}}},
	{{{2314, 371, -162}, 0, {6852, -7084}, {0xFB, 0x5A, 0xA7, 0xFF}}},
	{{{-4700, 543, -3663}, 0, {1366, -2246}, {0x59, 0x5B, 0xFB, 0xFF}}},
	{{{-4928, 543, -4193}, 0, {938, -3164}, {0x3C, 0x52, 0xB5, 0xFF}}},
	{{{-5307, 543, -3479}, 0, {276, -1966}, {0x00, 0x7F, 0x0A, 0xFF}}},
	{{{-4928, 543, -4193}, 0, {938, -3164}, {0x3C, 0x52, 0xB5, 0xFF}}},
	{{{-5864, 543, -3689}, 0, {-734, -2358}, {0x00, 0x7F, 0x06, 0xFF}}},
	{{{-5784, 543, -4360}, 0, {-612, -3498}, {0x1E, 0x5F, 0xB1, 0xFF}}},
	{{{-4928, 543, -4193}, 0, {938, -3164}, {0x3C, 0x52, 0xB5, 0xFF}}},
	{{{-1112, 801, 1396}, 0, {632, -3972}, {0xF7, 0x7F, 0x02, 0xFF}}},
	{{{91, 801, 1396}, 0, {3038, -3972}, {0x0D, 0x7E, 0x09, 0xFF}}},
	{{{-4318, 260, 3323}, 0, {-4996, -126}, {0x07, 0x7F, 0xFB, 0xFF}}},
	{{{-3884, 260, 6005}, 0, {-3058, 5226}, {0x00, 0x7F, 0x00, 0xFF}}},
	{{{-3372, 260, 2933}, 0, {-3262, -904}, {0xF6, 0x7E, 0x08, 0xFF}}},
	{{{723, 260, 2933}, 0, {4912, -904}, {0x00, 0x7F, 0x00, 0xFF}}},
	{{{723, 260, 6005}, 0, {6138, 5226}, {0x00, 0x7F, 0x00, 0xFF}}},
	{{{-4599, 260, 2299}, 0, {-5964, -2170}, {0x03, 0x7F, 0xF8, 0xFF}}},
	{{{-3727, 260, 2048}, 0, {-4324, -2670}, {0xF3, 0x7E, 0x06, 0xFF}}},
	{{{-4666, 260, 1401}, 0, {-6458, -3962}, {0xFE, 0x7F, 0x04, 0xFF}}},
	{{{3468, 545, -5438}, 0, {362, -7036}, {0x00, 0x7F, 0x00, 0xFF}}},
	{{{4981, 545, -6167}, 0, {2992, -7374}, {0xEB, 0x7D, 0x00, 0xFF}}},
	{{{4989, 545, -7072}, 0, {3454, -8724}, {0x00, 0x7F, 0x00, 0xFF}}},
	{{{4065, 545, -7585}, 0, {2328, -9954}, {0x00, 0x7F, 0x00, 0xFF}}},
	{{{3484, 545, -7274}, 0, {1304, -9776}, {0x00, 0x7F, 0x00, 0xFF}}},
};

Gfx castle_grounds_dl_LAYER_OPAQUE_castle_grounds_seg7_dl_070095F0_mesh_mesh_layer_1_tri_3[] = {
	gsSPVertex(castle_grounds_dl_LAYER_OPAQUE_castle_grounds_seg7_dl_070095F0_mesh_mesh_layer_1_vtx_3 + 0, 32, 0),
	gsSP2Triangles(0, 1, 2, 0, 3, 4, 5, 0),
	gsSP2Triangles(6, 7, 8, 0, 9, 10, 11, 0),
	gsSP2Triangles(12, 13, 14, 0, 15, 16, 17, 0),
	gsSP2Triangles(18, 19, 20, 0, 21, 22, 23, 0),
	gsSP2Triangles(24, 25, 26, 0, 27, 28, 25, 0),
	gsSP1Triangle(29, 30, 31, 0),
	gsSPVertex(castle_grounds_dl_LAYER_OPAQUE_castle_grounds_seg7_dl_070095F0_mesh_mesh_layer_1_vtx_3 + 32, 32, 0),
	gsSP2Triangles(0, 1, 2, 0, 3, 4, 5, 0),
	gsSP2Triangles(6, 7, 8, 0, 9, 10, 11, 0),
	gsSP2Triangles(12, 13, 14, 0, 15, 16, 17, 0),
	gsSP2Triangles(18, 19, 20, 0, 21, 22, 23, 0),
	gsSP2Triangles(24, 25, 26, 0, 27, 28, 25, 0),
	gsSP1Triangle(29, 30, 31, 0),
	gsSPVertex(castle_grounds_dl_LAYER_OPAQUE_castle_grounds_seg7_dl_070095F0_mesh_mesh_layer_1_vtx_3 + 64, 31, 0),
	gsSP2Triangles(0, 1, 2, 0, 3, 4, 5, 0),
	gsSP2Triangles(6, 7, 8, 0, 9, 10, 11, 0),
	gsSP2Triangles(12, 10, 13, 0, 14, 15, 16, 0),
	gsSP2Triangles(16, 17, 18, 0, 19, 18, 20, 0),
	gsSP2Triangles(3, 21, 22, 0, 23, 24, 25, 0),
	gsSP2Triangles(24, 26, 25, 0, 24, 27, 26, 0),
	gsSP2Triangles(28, 23, 29, 0, 28, 29, 30, 0),
	gsSPVertex(castle_grounds_dl_LAYER_OPAQUE_castle_grounds_seg7_dl_070095F0_mesh_mesh_layer_1_vtx_3 + 95, 5, 0),
	gsSP2Triangles(0, 1, 2, 0, 0, 2, 3, 0),
	gsSP1Triangle(3, 4, 0, 0),
	gsSPEndDisplayList(),
};

Vtx castle_grounds_dl_LAYER_OPAQUE_castle_grounds_seg7_dl_070095F0_mesh_mesh_layer_1_vtx_4[24] = {
	{{{5709, -1330, 4034}, 0, {190, -1150}, {0x3D, 0x6B, 0x1F, 0xFF}}},
	{{{5667, -1330, 3225}, 0, {-40, 260}, {0x5C, 0x4B, 0xD2, 0xFF}}},
	{{{5372, -924, 3298}, 0, {566, 188}, {0x0A, 0x7D, 0xEE, 0xFF}}},
	{{{5667, -1330, 3225}, 0, {-40, 260}, {0x5C, 0x4B, 0xD2, 0xFF}}},
	{{{5384, -1330, 2982}, 0, {420, 734}, {0xF4, 0x4E, 0x9C, 0xFF}}},
	{{{5372, -924, 3298}, 0, {566, 188}, {0x0A, 0x7D, 0xEE, 0xFF}}},
	{{{5384, -1330, 2982}, 0, {420, 734}, {0xF4, 0x4E, 0x9C, 0xFF}}},
	{{{4832, -1330, 3682}, 0, {1778, -374}, {0xAC, 0x5E, 0xEE, 0xFF}}},
	{{{5372, -924, 3298}, 0, {566, 188}, {0x0A, 0x7D, 0xEE, 0xFF}}},
	{{{5125, -1330, 4077}, 0, {1354, -1114}, {0xE7, 0x71, 0x33, 0xFF}}},
	{{{5709, -1330, 4034}, 0, {190, -1150}, {0x3D, 0x6B, 0x1F, 0xFF}}},
	{{{5372, -924, 3298}, 0, {566, 188}, {0x0A, 0x7D, 0xEE, 0xFF}}},
	{{{4832, -1330, 3682}, 0, {1778, -374}, {0xAC, 0x5E, 0xEE, 0xFF}}},
	{{{5125, -1330, 4077}, 0, {1354, -1114}, {0xE7, 0x71, 0x33, 0xFF}}},
	{{{5372, -924, 3298}, 0, {566, 188}, {0x0A, 0x7D, 0xEE, 0xFF}}},
	{{{4994, -1330, 4855}, 0, {534, -690}, {0xB4, 0x66, 0x09, 0xFF}}},
	{{{5385, -1330, 4964}, 0, {592, 538}, {0x33, 0x62, 0x3E, 0xFF}}},
	{{{5255, -1125, 4748}, 0, {652, 954}, {0x00, 0x7F, 0x09, 0xFF}}},
	{{{5400, -1330, 4459}, 0, {-96, 1552}, {0x16, 0x6B, 0xBF, 0xFF}}},
	{{{4994, -1330, 4855}, 0, {534, -690}, {0xB4, 0x66, 0x09, 0xFF}}},
	{{{5255, -1125, 4748}, 0, {652, 954}, {0x00, 0x7F, 0x09, 0xFF}}},
	{{{5385, -1330, 4964}, 0, {592, 538}, {0x33, 0x62, 0x3E, 0xFF}}},
	{{{5400, -1330, 4459}, 0, {-96, 1552}, {0x16, 0x6B, 0xBF, 0xFF}}},
	{{{5255, -1125, 4748}, 0, {652, 954}, {0x00, 0x7F, 0x09, 0xFF}}},
};

Gfx castle_grounds_dl_LAYER_OPAQUE_castle_grounds_seg7_dl_070095F0_mesh_mesh_layer_1_tri_4[] = {
	gsSPVertex(castle_grounds_dl_LAYER_OPAQUE_castle_grounds_seg7_dl_070095F0_mesh_mesh_layer_1_vtx_4 + 0, 24, 0),
	gsSP2Triangles(0, 1, 2, 0, 3, 4, 5, 0),
	gsSP2Triangles(6, 7, 8, 0, 9, 10, 11, 0),
	gsSP2Triangles(12, 13, 14, 0, 15, 16, 17, 0),
	gsSP2Triangles(18, 19, 20, 0, 21, 22, 23, 0),
	gsSPEndDisplayList(),
};

Vtx castle_grounds_dl_LAYER_OPAQUE_castle_grounds_seg7_dl_070095F0_mesh_mesh_layer_1_vtx_5[35] = {
	{{{1704, 41, 2512}, 0, {1884, 794}, {0x26, 0x79, 0x06, 0xFF}}},
	{{{2102, 58, 1692}, 0, {930, 1848}, {0x0F, 0x7E, 0x0A, 0xFF}}},
	{{{2103, 89, 1305}, 0, {802, 2500}, {0x1F, 0x79, 0x18, 0xFF}}},
	{{{2076, 15, 2280}, 0, {1166, 882}, {0x0F, 0x7E, 0x09, 0xFF}}},
	{{{2601, -101, 2939}, 0, {472, -660}, {0x24, 0x77, 0x18, 0xFF}}},
	{{{2757, -72, 2338}, 0, {8, 226}, {0x0F, 0x7E, 0x0A, 0xFF}}},
	{{{2103, 89, 1305}, 0, {802, 2500}, {0x1F, 0x79, 0x18, 0xFF}}},
	{{{2102, 58, 1692}, 0, {930, 1848}, {0x0F, 0x7E, 0x0A, 0xFF}}},
	{{{2708, -10, 1639}, 0, {-132, 1444}, {0x0F, 0x7E, 0x08, 0xFF}}},
	{{{2103, 89, 1305}, 0, {802, 2500}, {0x1F, 0x79, 0x18, 0xFF}}},
	{{{2708, -10, 1639}, 0, {-132, 1444}, {0x0F, 0x7E, 0x08, 0xFF}}},
	{{{3238, -89, 1787}, 0, {-1000, 760}, {0x23, 0x79, 0x10, 0xFF}}},
	{{{3238, -89, 1787}, 0, {-1000, 760}, {0x23, 0x79, 0x10, 0xFF}}},
	{{{2708, -10, 1639}, 0, {-132, 1444}, {0x0F, 0x7E, 0x08, 0xFF}}},
	{{{2757, -72, 2338}, 0, {8, 226}, {0x0F, 0x7E, 0x0A, 0xFF}}},
	{{{3238, -89, 1787}, 0, {-1000, 760}, {0x23, 0x79, 0x10, 0xFF}}},
	{{{2601, -101, 2939}, 0, {472, -660}, {0x24, 0x77, 0x18, 0xFF}}},
	{{{1713, -7, 3720}, 0, {2268, -1238}, {0x4F, 0x63, 0xF6, 0xFF}}},
	{{{2967, -1330, 5005}, 0, {314, -4684}, {0x62, 0x3F, 0xCF, 0xFF}}},
	{{{3587, -1330, 4339}, 0, {-966, -4062}, {0x39, 0x66, 0x31, 0xFF}}},
	{{{3587, -1330, 4339}, 0, {-966, -4062}, {0x3A, 0x66, 0x31, 0xFF}}},
	{{{4402, -1330, 3226}, 0, {-2732, -2850}, {0x55, 0x5D, 0x14, 0xFF}}},
	{{{2601, -101, 2939}, 0, {472, -660}, {0x24, 0x77, 0x18, 0xFF}}},
	{{{2601, -101, 2939}, 0, {472, -660}, {0x24, 0x77, 0x18, 0xFF}}},
	{{{1713, -7, 3720}, 0, {2268, -1238}, {0x4F, 0x63, 0xF6, 0xFF}}},
	{{{3587, -1330, 4339}, 0, {-966, -4062}, {0x39, 0x66, 0x31, 0xFF}}},
	{{{1713, -7, 3720}, 0, {2268, -1238}, {0x4F, 0x63, 0xF6, 0xFF}}},
	{{{2601, -101, 2939}, 0, {472, -660}, {0x24, 0x77, 0x18, 0xFF}}},
	{{{1704, 41, 2512}, 0, {1884, 794}, {0x26, 0x79, 0x06, 0xFF}}},
	{{{2103, 89, 1305}, 0, {802, 2500}, {0x1F, 0x79, 0x18, 0xFF}}},
	{{{3362, 0, 725}, 0, {-1556, 2452}, {0x54, 0x5C, 0x17, 0xFF}}},
	{{{1704, 41, 2512}, 0, {1884, 794}, {0x26, 0x79, 0x06, 0xFF}}},
	{{{2076, 15, 2280}, 0, {1166, 882}, {0x0F, 0x7E, 0x09, 0xFF}}},
	{{{2102, 58, 1692}, 0, {930, 1848}, {0x0F, 0x7E, 0x0A, 0xFF}}},
	{{{2601, -101, 2939}, 0, {472, -660}, {0x24, 0x77, 0x18, 0xFF}}},
};

Gfx castle_grounds_dl_LAYER_OPAQUE_castle_grounds_seg7_dl_070095F0_mesh_mesh_layer_1_tri_5[] = {
	gsSPVertex(castle_grounds_dl_LAYER_OPAQUE_castle_grounds_seg7_dl_070095F0_mesh_mesh_layer_1_vtx_5 + 0, 31, 0),
	gsSP2Triangles(0, 1, 2, 0, 3, 4, 5, 0),
	gsSP2Triangles(6, 7, 8, 0, 9, 10, 11, 0),
	gsSP2Triangles(12, 13, 14, 0, 15, 14, 16, 0),
	gsSP2Triangles(17, 18, 19, 0, 20, 21, 22, 0),
	gsSP2Triangles(23, 24, 25, 0, 26, 27, 28, 0),
	gsSP1Triangle(29, 15, 30, 0),
	gsSPVertex(castle_grounds_dl_LAYER_OPAQUE_castle_grounds_seg7_dl_070095F0_mesh_mesh_layer_1_vtx_5 + 31, 4, 0),
	gsSP2Triangles(0, 1, 2, 0, 0, 3, 1, 0),
	gsSPEndDisplayList(),
};

Vtx castle_grounds_dl_LAYER_OPAQUE_castle_grounds_seg7_dl_070095F0_mesh_mesh_layer_1_vtx_6[4] = {
	{{{2698, -1330, 6144}, 0, {2198, -3082}, {0x00, 0x7F, 0x00, 0xFF}}},
	{{{7683, -1330, 140}, 0, {-3330, 1754}, {0x00, 0x7F, 0x00, 0xFF}}},
	{{{2698, -1330, 140}, 0, {3300, 2170}, {0x00, 0x7F, 0x00, 0xFF}}},
	{{{7724, -1330, 5997}, 0, {-4458, -3372}, {0x00, 0x7F, 0x00, 0xFF}}},
};

Gfx castle_grounds_dl_LAYER_OPAQUE_castle_grounds_seg7_dl_070095F0_mesh_mesh_layer_1_tri_6[] = {
	gsSPVertex(castle_grounds_dl_LAYER_OPAQUE_castle_grounds_seg7_dl_070095F0_mesh_mesh_layer_1_vtx_6 + 0, 4, 0),
	gsSP2Triangles(0, 1, 2, 0, 0, 3, 1, 0),
	gsSPEndDisplayList(),
};

Vtx castle_grounds_dl_LAYER_OPAQUE_castle_grounds_seg7_dl_070095F0_mesh_mesh_layer_1_vtx_7[12] = {
	{{{3784, -1330, 590}, 0, {-2574, 2028}, {0x7C, 0x19, 0xF3, 0xFF}}},
	{{{3362, 0, 725}, 0, {-1556, 2452}, {0x54, 0x5C, 0x17, 0xFF}}},
	{{{4099, -1330, 1483}, 0, {-2808, 294}, {0x72, 0x2E, 0xE2, 0xFF}}},
	{{{3362, 0, 725}, 0, {-1556, 2452}, {0x54, 0x5C, 0x17, 0xFF}}},
	{{{4402, -1330, 3226}, 0, {-2732, -2850}, {0x55, 0x5D, 0x14, 0xFF}}},
	{{{4099, -1330, 1483}, 0, {-2808, 294}, {0x72, 0x2E, 0xE2, 0xFF}}},
	{{{4402, -1330, 3226}, 0, {-2732, -2850}, {0x55, 0x5D, 0x14, 0xFF}}},
	{{{3362, 0, 725}, 0, {-1556, 2452}, {0x54, 0x5C, 0x17, 0xFF}}},
	{{{3238, -89, 1787}, 0, {-1000, 760}, {0x23, 0x79, 0x10, 0xFF}}},
	{{{4402, -1330, 3226}, 0, {-2732, -2850}, {0x55, 0x5D, 0x14, 0xFF}}},
	{{{3238, -89, 1787}, 0, {-1000, 760}, {0x23, 0x79, 0x10, 0xFF}}},
	{{{2601, -101, 2939}, 0, {472, -660}, {0x24, 0x77, 0x18, 0xFF}}},
};

Gfx castle_grounds_dl_LAYER_OPAQUE_castle_grounds_seg7_dl_070095F0_mesh_mesh_layer_1_tri_7[] = {
	gsSPVertex(castle_grounds_dl_LAYER_OPAQUE_castle_grounds_seg7_dl_070095F0_mesh_mesh_layer_1_vtx_7 + 0, 12, 0),
	gsSP2Triangles(0, 1, 2, 0, 3, 4, 5, 0),
	gsSP2Triangles(6, 7, 8, 0, 9, 10, 11, 0),
	gsSPEndDisplayList(),
};

Vtx castle_grounds_dl_LAYER_OPAQUE_castle_grounds_seg7_dl_070095F0_mesh_mesh_layer_1_vtx_8[5] = {
	{{{3362, 405, -567}, 0, {0, -36}, {0xD8, 0x38, 0x95, 0xFF}}},
	{{{3556, 405, -36}, 0, {0, 990}, {0x46, 0x62, 0x28, 0xFF}}},
	{{{4597, 405, -1016}, 0, {4068, -36}, {0xB5, 0x61, 0xDE, 0xFF}}},
	{{{4791, 405, -485}, 0, {4068, 990}, {0xC8, 0x58, 0x49, 0xFF}}},
	{{{4597, 405, -1016}, 0, {4068, -36}, {0xB5, 0x61, 0xDE, 0xFF}}},
};

Gfx castle_grounds_dl_LAYER_OPAQUE_castle_grounds_seg7_dl_070095F0_mesh_mesh_layer_1_tri_8[] = {
	gsSPVertex(castle_grounds_dl_LAYER_OPAQUE_castle_grounds_seg7_dl_070095F0_mesh_mesh_layer_1_vtx_8 + 0, 5, 0),
	gsSP2Triangles(0, 1, 2, 0, 3, 4, 1, 0),
	gsSPEndDisplayList(),
};

Vtx castle_grounds_dl_LAYER_OPAQUE_castle_grounds_seg7_dl_070095F0_mesh_mesh_layer_1_vtx_9[6] = {
	{{{3363, 343, -566}, 0, {0, -34}, {0x2B, 0xB6, 0xA3, 0xFF}}},
	{{{4597, 343, -1016}, 0, {4068, -36}, {0xE2, 0xA5, 0xAC, 0xFF}}},
	{{{3555, 343, -37}, 0, {0, 988}, {0x13, 0x8E, 0x34, 0xFF}}},
	{{{3555, 343, -37}, 0, {0, 988}, {0x13, 0x8E, 0x34, 0xFF}}},
	{{{4597, 343, -1016}, 0, {4068, -36}, {0xE2, 0xA5, 0xAC, 0xFF}}},
	{{{4791, 343, -485}, 0, {4068, 990}, {0x26, 0xC7, 0x6B, 0xFF}}},
};

Gfx castle_grounds_dl_LAYER_OPAQUE_castle_grounds_seg7_dl_070095F0_mesh_mesh_layer_1_tri_9[] = {
	gsSPVertex(castle_grounds_dl_LAYER_OPAQUE_castle_grounds_seg7_dl_070095F0_mesh_mesh_layer_1_vtx_9 + 0, 6, 0),
	gsSP2Triangles(0, 1, 2, 0, 3, 4, 5, 0),
	gsSPEndDisplayList(),
};

Vtx castle_grounds_dl_LAYER_OPAQUE_castle_grounds_seg7_dl_070095F0_mesh_mesh_layer_1_vtx_10[51] = {
	{{{7552, -58, 2256}, 0, {3288, -3310}, {0xAF, 0x5B, 0x24, 0xFF}}},
	{{{6623, 371, 0}, 0, {1644, -944}, {0xEA, 0x79, 0x1F, 0xFF}}},
	{{{6237, -52, 823}, 0, {2446, -972}, {0xC1, 0x59, 0x41, 0xFF}}},
	{{{7552, -58, 2256}, 0, {3288, -3310}, {0xAF, 0x5B, 0x24, 0xFF}}},
	{{{7168, 474, 0}, 0, {1492, -1570}, {0xC0, 0x6B, 0x15, 0xFF}}},
	{{{6623, 371, 0}, 0, {1644, -944}, {0xEA, 0x79, 0x1F, 0xFF}}},
	{{{6623, 371, 0}, 0, {1644, -944}, {0xEA, 0x79, 0x1F, 0xFF}}},
	{{{5249, 397, -636}, 0, {1490, 1004}, {0xFE, 0x7E, 0x0C, 0xFF}}},
	{{{6237, -52, 823}, 0, {2446, -972}, {0xC1, 0x59, 0x41, 0xFF}}},
	{{{5249, 397, -636}, 0, {1490, 1004}, {0xFE, 0x7E, 0x0C, 0xFF}}},
	{{{4791, 405, -485}, 0, {1746, 1444}, {0xC8, 0x58, 0x49, 0xFF}}},
	{{{6237, -52, 823}, 0, {2446, -972}, {0xC1, 0x59, 0x41, 0xFF}}},
	{{{-816, 260, 3370}, 0, {-1188, -248}, {0xE3, 0x75, 0x29, 0xFF}}},
	{{{48, 260, 3912}, 0, {-2002, 1104}, {0xA9, 0x54, 0x28, 0xFF}}},
	{{{512, 925, 3527}, 0, {-1546, 1646}, {0xE8, 0x7D, 0x00, 0xFF}}},
	{{{0, 727, 2146}, 0, {330, 558}, {0x13, 0x7D, 0x0C, 0xFF}}},
	{{{-816, 260, 3370}, 0, {-1188, -248}, {0xE3, 0x75, 0x29, 0xFF}}},
	{{{512, 925, 3527}, 0, {-1546, 1646}, {0xE8, 0x7D, 0x00, 0xFF}}},
	{{{0, 727, 2146}, 0, {330, 558}, {0x13, 0x7D, 0x0C, 0xFF}}},
	{{{512, 925, 3527}, 0, {-1546, 1646}, {0xE8, 0x7D, 0x00, 0xFF}}},
	{{{1062, 558, 3465}, 0, {-1528, 2396}, {0x48, 0x65, 0xE3, 0xFF}}},
	{{{0, 727, 2146}, 0, {330, 558}, {0x13, 0x7D, 0x0C, 0xFF}}},
	{{{2103, 89, 1305}, 0, {1198, 3260}, {0x1F, 0x79, 0x18, 0xFF}}},
	{{{2318, 371, 683}, 0, {1994, 3390}, {0x1E, 0x77, 0x1F, 0xFF}}},
	{{{2318, 371, 683}, 0, {1994, 3390}, {0x1E, 0x77, 0x1F, 0xFF}}},
	{{{91, 801, 1396}, 0, {1308, 480}, {0x0D, 0x7E, 0x09, 0xFF}}},
	{{{0, 727, 2146}, 0, {330, 558}, {0x13, 0x7D, 0x0C, 0xFF}}},
	{{{91, 801, 1396}, 0, {1308, 480}, {0x0D, 0x7E, 0x09, 0xFF}}},
	{{{-1112, 801, 1396}, 0, {1446, -1200}, {0xF7, 0x7F, 0x02, 0xFF}}},
	{{{0, 727, 2146}, 0, {330, 558}, {0x13, 0x7D, 0x0C, 0xFF}}},
	{{{3556, 405, -36}, 0, {2800, 4920}, {0x46, 0x62, 0x28, 0xFF}}},
	{{{2318, 371, 683}, 0, {1994, 3390}, {0x1E, 0x77, 0x1F, 0xFF}}},
	{{{3362, 0, 725}, 0, {1818, 4858}, {0x54, 0x5C, 0x17, 0xFF}}},
	{{{2103, 89, 1305}, 0, {1198, 3260}, {0x1F, 0x79, 0x18, 0xFF}}},
	{{{3362, 0, 725}, 0, {1818, 4858}, {0x54, 0x5C, 0x17, 0xFF}}},
	{{{2318, 371, 683}, 0, {1994, 3390}, {0x1E, 0x77, 0x1F, 0xFF}}},
	{{{2103, 89, 1305}, 0, {1198, 3260}, {0x1F, 0x79, 0x18, 0xFF}}},
	{{{1173, 324, 2385}, 0, {-116, 2256}, {0x32, 0x75, 0xFF, 0xFF}}},
	{{{1704, 41, 2512}, 0, {-346, 3032}, {0x26, 0x79, 0x06, 0xFF}}},
	{{{2103, 89, 1305}, 0, {1198, 3260}, {0x1F, 0x79, 0x18, 0xFF}}},
	{{{0, 727, 2146}, 0, {330, 558}, {0x13, 0x7D, 0x0C, 0xFF}}},
	{{{1173, 324, 2385}, 0, {-116, 2256}, {0x32, 0x75, 0xFF, 0xFF}}},
	{{{1173, 324, 2385}, 0, {-116, 2256}, {0x32, 0x75, 0xFF, 0xFF}}},
	{{{1062, 558, 3465}, 0, {-1528, 2396}, {0x48, 0x65, 0xE3, 0xFF}}},
	{{{1704, 41, 2512}, 0, {-346, 3032}, {0x26, 0x79, 0x06, 0xFF}}},
	{{{0, 727, 2146}, 0, {330, 558}, {0x13, 0x7D, 0x0C, 0xFF}}},
	{{{1062, 558, 3465}, 0, {-1528, 2396}, {0x48, 0x65, 0xE3, 0xFF}}},
	{{{1173, 324, 2385}, 0, {-116, 2256}, {0x32, 0x75, 0xFF, 0xFF}}},
	{{{1062, 558, 3465}, 0, {-1528, 2396}, {0x48, 0x65, 0xE3, 0xFF}}},
	{{{1713, -7, 3720}, 0, {-1938, 3374}, {0x4F, 0x63, 0xF6, 0xFF}}},
	{{{1704, 41, 2512}, 0, {-346, 3032}, {0x26, 0x79, 0x06, 0xFF}}},
};

Gfx castle_grounds_dl_LAYER_OPAQUE_castle_grounds_seg7_dl_070095F0_mesh_mesh_layer_1_tri_10[] = {
	gsSPVertex(castle_grounds_dl_LAYER_OPAQUE_castle_grounds_seg7_dl_070095F0_mesh_mesh_layer_1_vtx_10 + 0, 30, 0),
	gsSP2Triangles(0, 1, 2, 0, 3, 4, 5, 0),
	gsSP2Triangles(6, 7, 8, 0, 9, 10, 11, 0),
	gsSP2Triangles(12, 13, 14, 0, 15, 16, 17, 0),
	gsSP2Triangles(18, 19, 20, 0, 21, 22, 23, 0),
	gsSP2Triangles(24, 25, 26, 0, 27, 28, 29, 0),
	gsSPVertex(castle_grounds_dl_LAYER_OPAQUE_castle_grounds_seg7_dl_070095F0_mesh_mesh_layer_1_vtx_10 + 30, 21, 0),
	gsSP2Triangles(0, 1, 2, 0, 3, 4, 5, 0),
	gsSP2Triangles(6, 7, 8, 0, 9, 10, 11, 0),
	gsSP2Triangles(12, 13, 14, 0, 15, 16, 17, 0),
	gsSP1Triangle(18, 19, 20, 0),
	gsSPEndDisplayList(),
};

Vtx castle_grounds_dl_LAYER_OPAQUE_castle_grounds_seg7_dl_070095F0_mesh_mesh_layer_1_vtx_11[21] = {
	{{{7245, -702, 4780}, 0, {1496, 1008}, {0xB6, 0x55, 0xC7, 0xFF}}},
	{{{5882, -1330, 5370}, 0, {552, 1788}, {0xD9, 0x3E, 0x98, 0xFF}}},
	{{{6045, -554, 5617}, 0, {604, 740}, {0xE0, 0x45, 0x9A, 0xFF}}},
	{{{6659, -1330, 4236}, 0, {1544, 1888}, {0xA7, 0x5B, 0xF7, 0xFF}}},
	{{{5882, -1330, 5370}, 0, {552, 1788}, {0xD9, 0x3E, 0x98, 0xFF}}},
	{{{7245, -702, 4780}, 0, {1496, 1008}, {0xB6, 0x55, 0xC7, 0xFF}}},
	{{{2816, -511, 5376}, 0, {8900, 704}, {0x4D, 0x3C, 0xAF, 0xFF}}},
	{{{2630, -448, 4746}, 0, {8568, 676}, {0x69, 0x36, 0xD2, 0xFF}}},
	{{{2048, 236, 4760}, 0, {8402, -232}, {0x58, 0x4D, 0xD0, 0xFF}}},
	{{{2630, -448, 4746}, 0, {8568, 676}, {0x69, 0x36, 0xD2, 0xFF}}},
	{{{2816, -511, 5376}, 0, {8900, 704}, {0x4D, 0x3C, 0xAF, 0xFF}}},
	{{{2967, -1330, 5005}, 0, {8830, 1820}, {0x62, 0x3F, 0xCF, 0xFF}}},
	{{{1713, -7, 3720}, 0, {7880, 180}, {0x4F, 0x63, 0xF6, 0xFF}}},
	{{{2630, -448, 4746}, 0, {8568, 676}, {0x69, 0x36, 0xD2, 0xFF}}},
	{{{2967, -1330, 5005}, 0, {8830, 1820}, {0x62, 0x3F, 0xCF, 0xFF}}},
	{{{3784, -1330, 590}, 0, {528, 1824}, {0x7C, 0x19, 0xF3, 0xFF}}},
	{{{3362, -665, -567}, 0, {1986, 1436}, {0x77, 0x00, 0xD5, 0xFF}}},
	{{{3556, 405, -36}, 0, {1142, 8}, {0x46, 0x62, 0x28, 0xFF}}},
	{{{3362, -665, -567}, 0, {1986, 1436}, {0x77, 0x00, 0xD5, 0xFF}}},
	{{{3363, 343, -566}, 0, {1864, 332}, {0x2B, 0xB6, 0xA3, 0xFF}}},
	{{{3556, 405, -36}, 0, {1142, 8}, {0x46, 0x62, 0x28, 0xFF}}},
};

Gfx castle_grounds_dl_LAYER_OPAQUE_castle_grounds_seg7_dl_070095F0_mesh_mesh_layer_1_tri_11[] = {
	gsSPVertex(castle_grounds_dl_LAYER_OPAQUE_castle_grounds_seg7_dl_070095F0_mesh_mesh_layer_1_vtx_11 + 0, 21, 0),
	gsSP2Triangles(0, 1, 2, 0, 3, 4, 5, 0),
	gsSP2Triangles(6, 7, 8, 0, 9, 10, 11, 0),
	gsSP2Triangles(12, 13, 14, 0, 15, 16, 17, 0),
	gsSP1Triangle(18, 19, 20, 0),
	gsSPEndDisplayList(),
};

Vtx castle_grounds_dl_LAYER_OPAQUE_castle_grounds_seg7_dl_070095F0_mesh_mesh_layer_1_vtx_12[21] = {
	{{{-4132, -511, -562}, 0, {3088, 892}, {0x56, 0x00, 0xA2, 0xFF}}},
	{{{-4132, 371, -562}, 0, {3206, 324}, {0x24, 0x5E, 0xB2, 0xFF}}},
	{{{-2047, -511, -162}, 0, {2220, 892}, {0x10, 0x00, 0x82, 0xFF}}},
	{{{-4132, 371, -562}, 0, {3206, 324}, {0x24, 0x5E, 0xB2, 0xFF}}},
	{{{-2047, 518, -162}, 0, {2358, 228}, {0xFB, 0x65, 0xB3, 0xFF}}},
	{{{-2047, -511, -162}, 0, {2220, 892}, {0x10, 0x00, 0x82, 0xFF}}},
	{{{-2047, 518, -162}, 0, {2358, 228}, {0xFB, 0x65, 0xB3, 0xFF}}},
	{{{-553, -511, -162}, 0, {1598, 892}, {0x00, 0x00, 0x81, 0xFF}}},
	{{{3362, 405, -567}, 0, {94, 300}, {0xD8, 0x38, 0x95, 0xFF}}},
	{{{3362, -511, -567}, 0, {-30, 892}, {0xD2, 0x00, 0x8A, 0xFF}}},
	{{{2321, -511, -162}, 0, {404, 892}, {0xE1, 0x00, 0x85, 0xFF}}},
	{{{3362, 405, -567}, 0, {94, 300}, {0xD8, 0x38, 0x95, 0xFF}}},
	{{{2321, -511, -162}, 0, {404, 892}, {0xE1, 0x00, 0x85, 0xFF}}},
	{{{2314, 371, -162}, 0, {524, 324}, {0xFB, 0x5A, 0xA7, 0xFF}}},
	{{{2321, -511, -162}, 0, {404, 892}, {0xE1, 0x00, 0x85, 0xFF}}},
	{{{554, -511, -162}, 0, {1138, 892}, {0x00, 0x00, 0x81, 0xFF}}},
	{{{2314, 371, -162}, 0, {524, 324}, {0xFB, 0x5A, 0xA7, 0xFF}}},
	{{{-2047, 518, -162}, 0, {2358, 228}, {0xFB, 0x65, 0xB3, 0xFF}}},
	{{{-553, 811, -162}, 0, {1776, 40}, {0xF1, 0x76, 0xD4, 0xFF}}},
	{{{2314, 371, -162}, 0, {524, 324}, {0xFB, 0x5A, 0xA7, 0xFF}}},
	{{{554, 811, -162}, 0, {1316, 40}, {0x0E, 0x7B, 0xE4, 0xFF}}},
};

Gfx castle_grounds_dl_LAYER_OPAQUE_castle_grounds_seg7_dl_070095F0_mesh_mesh_layer_1_tri_12[] = {
	gsSPVertex(castle_grounds_dl_LAYER_OPAQUE_castle_grounds_seg7_dl_070095F0_mesh_mesh_layer_1_vtx_12 + 0, 21, 0),
	gsSP2Triangles(0, 1, 2, 0, 2, 3, 4, 0),
	gsSP2Triangles(5, 6, 7, 0, 8, 9, 10, 0),
	gsSP2Triangles(11, 12, 13, 0, 14, 15, 16, 0),
	gsSP2Triangles(17, 18, 7, 0, 19, 15, 20, 0),
	gsSPEndDisplayList(),
};

Vtx castle_grounds_dl_LAYER_OPAQUE_castle_grounds_seg7_dl_070095F0_mesh_mesh_layer_1_vtx_13[6] = {
	{{{-4928, 543, -4193}, 0, {2134, 164}, {0x3C, 0x52, 0xB5, 0xFF}}},
	{{{-4700, 543, -3663}, 0, {1870, 164}, {0x59, 0x5B, 0xFB, 0xFF}}},
	{{{-4702, -1228, -3663}, 0, {1586, 1428}, {0x7A, 0x00, 0xDD, 0xFF}}},
	{{{-4929, -1228, -4194}, 0, {1850, 1428}, {0x50, 0x00, 0x9D, 0xFF}}},
	{{{-4928, 543, -4193}, 0, {2134, 164}, {0x3C, 0x52, 0xB5, 0xFF}}},
	{{{-4702, -1228, -3663}, 0, {1586, 1428}, {0x7A, 0x00, 0xDD, 0xFF}}},
};

Gfx castle_grounds_dl_LAYER_OPAQUE_castle_grounds_seg7_dl_070095F0_mesh_mesh_layer_1_tri_13[] = {
	gsSPVertex(castle_grounds_dl_LAYER_OPAQUE_castle_grounds_seg7_dl_070095F0_mesh_mesh_layer_1_vtx_13 + 0, 6, 0),
	gsSP2Triangles(0, 1, 2, 0, 3, 4, 5, 0),
	gsSPEndDisplayList(),
};

Vtx castle_grounds_dl_LAYER_OPAQUE_castle_grounds_seg7_dl_070095F0_mesh_mesh_layer_1_vtx_14[143] = {
	{{{4403, -657, 5715}, 0, {9788, 868}, {0x04, 0x4B, 0x99, 0xFF}}},
	{{{3510, 0, 6358}, 0, {9450, -64}, {0x37, 0x58, 0xB7, 0xFF}}},
	{{{4302, -190, 6316}, 0, {9808, 196}, {0x01, 0x65, 0xB3, 0xFF}}},
	{{{6237, -52, 823}, 0, {4320, 496}, {0xC1, 0x59, 0x41, 0xFF}}},
	{{{6864, -1330, 2905}, 0, {2716, 2008}, {0x99, 0x3F, 0x27, 0xFF}}},
	{{{7552, -58, 2256}, 0, {3110, 380}, {0xAF, 0x5B, 0x24, 0xFF}}},
	{{{6045, -1330, 1574}, 0, {4140, 2120}, {0xA0, 0x34, 0x40, 0xFF}}},
	{{{6864, -1330, 2905}, 0, {2716, 2008}, {0x99, 0x3F, 0x27, 0xFF}}},
	{{{6237, -52, 823}, 0, {4320, 496}, {0xC1, 0x59, 0x41, 0xFF}}},
	{{{6864, -1330, 2905}, 0, {2716, 2008}, {0x99, 0x3F, 0x27, 0xFF}}},
	{{{6659, -1330, 4236}, 0, {1544, 1888}, {0xA7, 0x5B, 0xF7, 0xFF}}},
	{{{7552, -58, 2256}, 0, {3110, 380}, {0xAF, 0x5B, 0x24, 0xFF}}},
	{{{7245, -702, 4780}, 0, {1496, 1008}, {0xB6, 0x55, 0xC7, 0xFF}}},
	{{{8018, -101, 3280}, 0, {2482, 344}, {0xA7, 0x5A, 0x10, 0xFF}}},
	{{{6659, -1330, 4236}, 0, {1544, 1888}, {0xA7, 0x5B, 0xF7, 0xFF}}},
	{{{7552, -58, 2256}, 0, {3110, 380}, {0xAF, 0x5B, 0x24, 0xFF}}},
	{{{6659, -1330, 4236}, 0, {1544, 1888}, {0xA7, 0x5B, 0xF7, 0xFF}}},
	{{{8018, -101, 3280}, 0, {2482, 344}, {0xA7, 0x5A, 0x10, 0xFF}}},
	{{{2048, 236, 4760}, 0, {8402, -232}, {0x58, 0x4D, 0xD0, 0xFF}}},
	{{{2630, -448, 4746}, 0, {8568, 676}, {0x69, 0x36, 0xD2, 0xFF}}},
	{{{1713, -7, 3720}, 0, {7880, 180}, {0x4F, 0x63, 0xF6, 0xFF}}},
	{{{2048, 236, 4760}, 0, {8402, -232}, {0x58, 0x4D, 0xD0, 0xFF}}},
	{{{3510, 0, 6358}, 0, {9450, -64}, {0x37, 0x58, 0xB7, 0xFF}}},
	{{{2816, -511, 5376}, 0, {8900, 704}, {0x4D, 0x3C, 0xAF, 0xFF}}},
	{{{4403, -657, 5715}, 0, {9788, 868}, {0x04, 0x4B, 0x99, 0xFF}}},
	{{{2816, -511, 5376}, 0, {8900, 704}, {0x4D, 0x3C, 0xAF, 0xFF}}},
	{{{3510, 0, 6358}, 0, {9450, -64}, {0x37, 0x58, 0xB7, 0xFF}}},
	{{{-5940, 1466, -6875}, 0, {704, 412}, {0x3A, 0x2F, 0x66, 0xFF}}},
	{{{-7318, 1567, -5405}, 0, {-220, 368}, {0x6B, 0x41, 0x17, 0xFF}}},
	{{{-5900, 533, -6711}, 0, {666, 680}, {0x2C, 0x28, 0x70, 0xFF}}},
	{{{5019, -1330, 140}, 0, {5090, 2248}, {0x9A, 0x1A, 0x47, 0xFF}}},
	{{{6237, -52, 823}, 0, {4320, 496}, {0xC1, 0x59, 0x41, 0xFF}}},
	{{{4791, 405, -485}, 0, {5188, 8}, {0xC8, 0x58, 0x49, 0xFF}}},
	{{{6237, -52, 823}, 0, {4320, 496}, {0xC1, 0x59, 0x41, 0xFF}}},
	{{{5019, -1330, 140}, 0, {5090, 2248}, {0x9A, 0x1A, 0x47, 0xFF}}},
	{{{6045, -1330, 1574}, 0, {4140, 2120}, {0xA0, 0x34, 0x40, 0xFF}}},
	{{{-5786, -1228, -4362}, 0, {-78, 1232}, {0x59, 0x31, 0xB4, 0xFF}}},
	{{{-5631, 0, -6655}, 0, {734, 840}, {0x2D, 0x3F, 0x65, 0xFF}}},
	{{{-6613, 203, -5005}, 0, {-128, 784}, {0x68, 0x47, 0xF0, 0xFF}}},
	{{{-4704, -1228, -5911}, 0, {780, 1236}, {0x17, 0x32, 0x72, 0xFF}}},
	{{{-5631, 0, -6655}, 0, {734, 840}, {0x2D, 0x3F, 0x65, 0xFF}}},
	{{{-5786, -1228, -4362}, 0, {-78, 1232}, {0x59, 0x31, 0xB4, 0xFF}}},
	{{{-4704, -1228, -5911}, 0, {780, 1236}, {0x17, 0x32, 0x72, 0xFF}}},
	{{{-4369, 373, -6149}, 0, {956, 792}, {0xF0, 0x22, 0x79, 0xFF}}},
	{{{-5631, 0, -6655}, 0, {734, 840}, {0x2D, 0x3F, 0x65, 0xFF}}},
	{{{-5900, 533, -6711}, 0, {666, 680}, {0x2C, 0x28, 0x70, 0xFF}}},
	{{{-5631, 0, -6655}, 0, {734, 840}, {0x2D, 0x3F, 0x65, 0xFF}}},
	{{{-4369, 373, -6149}, 0, {956, 792}, {0xF0, 0x22, 0x79, 0xFF}}},
	{{{-5900, 533, -6711}, 0, {666, 680}, {0x2C, 0x28, 0x70, 0xFF}}},
	{{{-6613, 203, -5005}, 0, {-128, 784}, {0x68, 0x47, 0xF0, 0xFF}}},
	{{{-5631, 0, -6655}, 0, {734, 840}, {0x2D, 0x3F, 0x65, 0xFF}}},
	{{{-6613, 203, -5005}, 0, {-128, 784}, {0x68, 0x47, 0xF0, 0xFF}}},
	{{{-5900, 533, -6711}, 0, {666, 680}, {0x2C, 0x28, 0x70, 0xFF}}},
	{{{-7318, 1567, -5405}, 0, {-220, 368}, {0x6B, 0x41, 0x17, 0xFF}}},
	{{{-5900, 533, -6711}, 0, {666, 680}, {0x2C, 0x28, 0x70, 0xFF}}},
	{{{-4369, 373, -6149}, 0, {956, 792}, {0xF0, 0x22, 0x79, 0xFF}}},
	{{{-5344, 1494, -6924}, 0, {906, 424}, {0x09, 0x37, 0x72, 0xFF}}},
	{{{-5344, 1494, -6924}, 0, {906, 424}, {0x09, 0x37, 0x72, 0xFF}}},
	{{{-5940, 1466, -6875}, 0, {704, 412}, {0x3A, 0x2F, 0x66, 0xFF}}},
	{{{-5900, 533, -6711}, 0, {666, 680}, {0x2C, 0x28, 0x70, 0xFF}}},
	{{{-6230, 1949, -7009}, 0, {656, 264}, {0x27, 0x4A, 0x5F, 0xFF}}},
	{{{-7463, 2074, -5749}, 0, {-152, 212}, {0x5B, 0x4D, 0x2A, 0xFF}}},
	{{{-5940, 1466, -6875}, 0, {704, 412}, {0x3A, 0x2F, 0x66, 0xFF}}},
	{{{-3906, -1228, -6149}, 0, {1108, 1256}, {0x24, 0x0A, 0x79, 0xFF}}},
	{{{-4369, 373, -6149}, 0, {956, 792}, {0xF0, 0x22, 0x79, 0xFF}}},
	{{{-4704, -1228, -5911}, 0, {780, 1236}, {0x17, 0x32, 0x72, 0xFF}}},
	{{{-4796, -511, -1606}, 0, {674, 916}, {0x7E, 0x00, 0xF4, 0xFF}}},
	{{{-4796, 405, -1606}, 0, {844, 164}, {0x53, 0x5D, 0xE5, 0xFF}}},
	{{{-4132, -511, -562}, 0, {154, 916}, {0x56, 0x00, 0xA2, 0xFF}}},
	{{{-4132, -511, -562}, 0, {154, 916}, {0x56, 0x00, 0xA2, 0xFF}}},
	{{{-4796, 405, -1606}, 0, {844, 164}, {0x53, 0x5D, 0xE5, 0xFF}}},
	{{{-4132, 371, -562}, 0, {294, 288}, {0x24, 0x5E, 0xB2, 0xFF}}},
	{{{-4796, 405, -1606}, 0, {844, 164}, {0x53, 0x5D, 0xE5, 0xFF}}},
	{{{-4796, -511, -1606}, 0, {674, 916}, {0x7E, 0x00, 0xF4, 0xFF}}},
	{{{-4671, 422, -2545}, 0, {1292, 252}, {0x69, 0x47, 0x0C, 0xFF}}},
	{{{-4671, -511, -2545}, 0, {1142, 916}, {0x7F, 0x00, 0x03, 0xFF}}},
	{{{-4671, 422, -2545}, 0, {1292, 252}, {0x69, 0x47, 0x0C, 0xFF}}},
	{{{-7463, 2074, -5749}, 0, {-152, 212}, {0x5B, 0x4D, 0x2A, 0xFF}}},
	{{{-7318, 1567, -5405}, 0, {-220, 368}, {0x6B, 0x41, 0x17, 0xFF}}},
	{{{-5940, 1466, -6875}, 0, {704, 412}, {0x3A, 0x2F, 0x66, 0xFF}}},
	{{{-5940, 1466, -6875}, 0, {630, 660}, {0x3A, 0x2F, 0x66, 0xFF}}},
	{{{-5344, 1494, -6924}, 0, {802, 672}, {0x09, 0x37, 0x72, 0xFF}}},
	{{{-6230, 1949, -7009}, 0, {598, 464}, {0x27, 0x4A, 0x5F, 0xFF}}},
	{{{-8191, 3121, -6586}, 0, {-104, -124}, {0x65, 0x4C, 0x06, 0xFF}}},
	{{{-7796, 2569, -6392}, 0, {-42, 48}, {0x4C, 0x62, 0x1D, 0xFF}}},
	{{{-8191, 3079, -7570}, 0, {226, -136}, {0x36, 0x60, 0x40, 0xFF}}},
	{{{-8191, 3121, -6586}, 0, {-104, -124}, {0x65, 0x4C, 0x06, 0xFF}}},
	{{{-7463, 2074, -5749}, 0, {-152, 212}, {0x5B, 0x4D, 0x2A, 0xFF}}},
	{{{-7796, 2569, -6392}, 0, {-42, 48}, {0x4C, 0x62, 0x1D, 0xFF}}},
	{{{-7463, 2074, -5749}, 0, {-152, 212}, {0x5B, 0x4D, 0x2A, 0xFF}}},
	{{{-6230, 1949, -7009}, 0, {656, 264}, {0x27, 0x4A, 0x5F, 0xFF}}},
	{{{-7796, 2569, -6392}, 0, {-42, 48}, {0x4C, 0x62, 0x1D, 0xFF}}},
	{{{-7796, 2569, -6392}, 0, {-42, 48}, {0x4C, 0x62, 0x1D, 0xFF}}},
	{{{-7164, 2688, -7336}, 0, {470, 16}, {0x15, 0x54, 0x5D, 0xFF}}},
	{{{-8191, 3079, -7570}, 0, {226, -136}, {0x36, 0x60, 0x40, 0xFF}}},
	{{{-7164, 2688, -7336}, 0, {470, 16}, {0x15, 0x54, 0x5D, 0xFF}}},
	{{{-7796, 2569, -6392}, 0, {-42, 48}, {0x4C, 0x62, 0x1D, 0xFF}}},
	{{{-6230, 1949, -7009}, 0, {656, 264}, {0x27, 0x4A, 0x5F, 0xFF}}},
	{{{-8191, 3079, -7570}, 0, {226, -136}, {0x36, 0x60, 0x40, 0xFF}}},
	{{{-7164, 2688, -7336}, 0, {470, 16}, {0x15, 0x54, 0x5D, 0xFF}}},
	{{{-6922, 2865, -7377}, 0, {558, -28}, {0x08, 0x36, 0x73, 0xFF}}},
	{{{-4671, 422, -2545}, 0, {1292, 252}, {0x69, 0x47, 0x0C, 0xFF}}},
	{{{-4671, -511, -2545}, 0, {1142, 916}, {0x7F, 0x00, 0x03, 0xFF}}},
	{{{-4700, 543, -3663}, 0, {1870, 164}, {0x59, 0x5B, 0xFB, 0xFF}}},
	{{{-4700, 543, -3663}, 0, {1870, 164}, {0x59, 0x5B, 0xFB, 0xFF}}},
	{{{-4671, -511, -2545}, 0, {1142, 916}, {0x7F, 0x00, 0x03, 0xFF}}},
	{{{-4702, -1228, -3663}, 0, {1586, 1428}, {0x7A, 0x00, 0xDD, 0xFF}}},
	{{{-6922, 2865, -7377}, 0, {558, -28}, {0x08, 0x36, 0x73, 0xFF}}},
	{{{-7164, 2688, -7336}, 0, {470, 16}, {0x15, 0x54, 0x5D, 0xFF}}},
	{{{-6230, 1949, -7009}, 0, {656, 264}, {0x27, 0x4A, 0x5F, 0xFF}}},
	{{{-5344, 1494, -6924}, 0, {906, 424}, {0x09, 0x37, 0x72, 0xFF}}},
	{{{-6922, 2865, -7377}, 0, {558, -28}, {0x08, 0x36, 0x73, 0xFF}}},
	{{{-6230, 1949, -7009}, 0, {656, 264}, {0x27, 0x4A, 0x5F, 0xFF}}},
	{{{4403, -657, 5715}, 0, {9788, 868}, {0x04, 0x4B, 0x99, 0xFF}}},
	{{{6045, -554, 5617}, 0, {10824, 740}, {0xE0, 0x45, 0x9A, 0xFF}}},
	{{{5882, -1330, 5370}, 0, {10772, 1788}, {0xD9, 0x3E, 0x98, 0xFF}}},
	{{{7878, -101, 4665}, 0, {1750, 224}, {0xAA, 0x51, 0xD0, 0xFF}}},
	{{{8018, -101, 3280}, 0, {2482, 344}, {0xA7, 0x5A, 0x10, 0xFF}}},
	{{{7245, -702, 4780}, 0, {1496, 1008}, {0xB6, 0x55, 0xC7, 0xFF}}},
	{{{7552, -58, 2256}, 0, {226, 900}, {0xAF, 0x5B, 0x24, 0xFF}}},
	{{{8018, -101, 3280}, 0, {880, 896}, {0xA7, 0x5A, 0x10, 0xFF}}},
	{{{8192, 1355, 1650}, 0, {48, 16}, {0x9B, 0x45, 0x20, 0xFF}}},
	{{{6377, -101, 5989}, 0, {698, 104}, {0xDC, 0x57, 0xAA, 0xFF}}},
	{{{7245, -702, 4780}, 0, {1496, 1008}, {0xB6, 0x55, 0xC7, 0xFF}}},
	{{{6045, -554, 5617}, 0, {604, 740}, {0xE0, 0x45, 0x9A, 0xFF}}},
	{{{6377, -101, 5989}, 0, {698, 104}, {0xDC, 0x57, 0xAA, 0xFF}}},
	{{{7878, -101, 4665}, 0, {1750, 224}, {0xAA, 0x50, 0xD0, 0xFF}}},
	{{{7245, -702, 4780}, 0, {1496, 1008}, {0xB6, 0x55, 0xC7, 0xFF}}},
	{{{6377, -101, 5989}, 0, {10918, 104}, {0xDC, 0x57, 0xAA, 0xFF}}},
	{{{4403, -657, 5715}, 0, {9788, 868}, {0x04, 0x4B, 0x99, 0xFF}}},
	{{{4302, -190, 6316}, 0, {9808, 196}, {0x01, 0x65, 0xB3, 0xFF}}},
	{{{6377, -101, 5989}, 0, {10918, 104}, {0xDC, 0x57, 0xAA, 0xFF}}},
	{{{6045, -554, 5617}, 0, {10824, 740}, {0xE0, 0x45, 0x9A, 0xFF}}},
	{{{4403, -657, 5715}, 0, {9788, 868}, {0x04, 0x4B, 0x99, 0xFF}}},
	{{{2967, -1330, 5005}, 0, {8830, 1820}, {0x62, 0x3F, 0xCF, 0xFF}}},
	{{{2816, -511, 5376}, 0, {8900, 704}, {0x4D, 0x3C, 0xAF, 0xFF}}},
	{{{3913, -1330, 5495}, 0, {9464, 1776}, {0x19, 0x29, 0x8B, 0xFF}}},
	{{{4403, -657, 5715}, 0, {9788, 868}, {0x04, 0x4B, 0x99, 0xFF}}},
	{{{5882, -1330, 5370}, 0, {10772, 1788}, {0xD9, 0x3E, 0x98, 0xFF}}},
	{{{3913, -1330, 5495}, 0, {9464, 1776}, {0x19, 0x29, 0x8B, 0xFF}}},
	{{{2816, -511, 5376}, 0, {8900, 704}, {0x4D, 0x3C, 0xB0, 0xFF}}},
	{{{4403, -657, 5715}, 0, {9788, 868}, {0x04, 0x4B, 0x99, 0xFF}}},
	{{{3913, -1330, 5495}, 0, {9464, 1776}, {0x19, 0x29, 0x8B, 0xFF}}},
};

Gfx castle_grounds_dl_LAYER_OPAQUE_castle_grounds_seg7_dl_070095F0_mesh_mesh_layer_1_tri_14[] = {
	gsSPVertex(castle_grounds_dl_LAYER_OPAQUE_castle_grounds_seg7_dl_070095F0_mesh_mesh_layer_1_vtx_14 + 0, 30, 0),
	gsSP2Triangles(0, 1, 2, 0, 3, 4, 5, 0),
	gsSP2Triangles(6, 7, 8, 0, 9, 10, 11, 0),
	gsSP2Triangles(12, 13, 14, 0, 15, 16, 17, 0),
	gsSP2Triangles(18, 19, 20, 0, 21, 22, 23, 0),
	gsSP2Triangles(24, 25, 26, 0, 27, 28, 29, 0),
	gsSPVertex(castle_grounds_dl_LAYER_OPAQUE_castle_grounds_seg7_dl_070095F0_mesh_mesh_layer_1_vtx_14 + 30, 30, 0),
	gsSP2Triangles(0, 1, 2, 0, 3, 4, 5, 0),
	gsSP2Triangles(6, 7, 8, 0, 9, 10, 11, 0),
	gsSP2Triangles(12, 13, 14, 0, 15, 16, 17, 0),
	gsSP2Triangles(18, 19, 20, 0, 21, 22, 23, 0),
	gsSP2Triangles(24, 25, 26, 0, 27, 28, 29, 0),
	gsSPVertex(castle_grounds_dl_LAYER_OPAQUE_castle_grounds_seg7_dl_070095F0_mesh_mesh_layer_1_vtx_14 + 60, 32, 0),
	gsSP2Triangles(0, 1, 2, 0, 3, 4, 5, 0),
	gsSP2Triangles(6, 7, 8, 0, 9, 10, 11, 0),
	gsSP2Triangles(12, 13, 14, 0, 15, 16, 13, 0),
	gsSP2Triangles(17, 18, 19, 0, 20, 21, 22, 0),
	gsSP2Triangles(23, 24, 25, 0, 26, 27, 28, 0),
	gsSP1Triangle(29, 30, 31, 0),
	gsSPVertex(castle_grounds_dl_LAYER_OPAQUE_castle_grounds_seg7_dl_070095F0_mesh_mesh_layer_1_vtx_14 + 92, 30, 0),
	gsSP2Triangles(0, 1, 2, 0, 3, 4, 5, 0),
	gsSP2Triangles(6, 7, 8, 0, 9, 10, 11, 0),
	gsSP2Triangles(12, 13, 14, 0, 15, 16, 17, 0),
	gsSP2Triangles(18, 19, 20, 0, 21, 22, 23, 0),
	gsSP2Triangles(24, 25, 26, 0, 27, 28, 29, 0),
	gsSPVertex(castle_grounds_dl_LAYER_OPAQUE_castle_grounds_seg7_dl_070095F0_mesh_mesh_layer_1_vtx_14 + 122, 21, 0),
	gsSP2Triangles(0, 1, 2, 0, 3, 4, 5, 0),
	gsSP2Triangles(6, 7, 8, 0, 9, 10, 11, 0),
	gsSP2Triangles(12, 13, 14, 0, 15, 16, 17, 0),
	gsSP1Triangle(18, 19, 20, 0),
	gsSPEndDisplayList(),
};

Vtx castle_grounds_dl_LAYER_OPAQUE_castle_grounds_seg7_dl_070095F0_mesh_mesh_layer_1_vtx_15[12] = {
	{{{-6613, 203, -5005}, 0, {984, 620}, {0x68, 0x47, 0xF0, 0xFF}}},
	{{{-6479, 543, -4496}, 0, {892, 424}, {0x43, 0x69, 0xE7, 0xFF}}},
	{{{-5784, 543, -4360}, 0, {544, 388}, {0x1E, 0x5F, 0xB1, 0xFF}}},
	{{{-6613, 203, -5005}, 0, {984, 620}, {0x68, 0x47, 0xF0, 0xFF}}},
	{{{-5784, 543, -4360}, 0, {544, 388}, {0x1E, 0x5F, 0xB1, 0xFF}}},
	{{{-5786, -1228, -4362}, 0, {432, 1340}, {0x59, 0x31, 0xB4, 0xFF}}},
	{{{-5784, 543, -4360}, 0, {544, 388}, {0x1E, 0x5F, 0xB1, 0xFF}}},
	{{{-4928, 543, -4193}, 0, {114, 340}, {0x3C, 0x52, 0xB5, 0xFF}}},
	{{{-5786, -1228, -4362}, 0, {432, 1340}, {0x59, 0x31, 0xB4, 0xFF}}},
	{{{-5786, -1228, -4362}, 0, {432, 1340}, {0x59, 0x31, 0xB4, 0xFF}}},
	{{{-4928, 543, -4193}, 0, {114, 340}, {0x3C, 0x52, 0xB5, 0xFF}}},
	{{{-4929, -1228, -4194}, 0, {2, 1292}, {0x50, 0x00, 0x9D, 0xFF}}},
};

Gfx castle_grounds_dl_LAYER_OPAQUE_castle_grounds_seg7_dl_070095F0_mesh_mesh_layer_1_tri_15[] = {
	gsSPVertex(castle_grounds_dl_LAYER_OPAQUE_castle_grounds_seg7_dl_070095F0_mesh_mesh_layer_1_vtx_15 + 0, 12, 0),
	gsSP2Triangles(0, 1, 2, 0, 3, 4, 5, 0),
	gsSP2Triangles(6, 7, 8, 0, 9, 10, 11, 0),
	gsSPEndDisplayList(),
};

Vtx castle_grounds_dl_LAYER_OPAQUE_castle_grounds_seg7_dl_070095F0_mesh_mesh_layer_1_vtx_16[9] = {
	{{{-6479, 543, -4496}, 0, {892, 424}, {0x43, 0x69, 0xE7, 0xFF}}},
	{{{-6613, 203, -5005}, 0, {984, 620}, {0x68, 0x47, 0xF0, 0xFF}}},
	{{{-7318, 1567, -5405}, 0, {1450, -72}, {0x6B, 0x41, 0x17, 0xFF}}},
	{{{4597, 405, -1016}, 0, {334, 176}, {0xB5, 0x61, 0xDE, 0xFF}}},
	{{{4597, -665, -1016}, 0, {208, 1228}, {0x89, 0x00, 0x2B, 0xFF}}},
	{{{4791, 405, -485}, 0, {756, -44}, {0xC8, 0x58, 0x49, 0xFF}}},
	{{{4791, 405, -485}, 0, {756, -44}, {0xC8, 0x58, 0x49, 0xFF}}},
	{{{4597, -665, -1016}, 0, {208, 1228}, {0x89, 0x00, 0x2B, 0xFF}}},
	{{{5019, -1330, 140}, 0, {1028, 1604}, {0x9A, 0x1A, 0x47, 0xFF}}},
};

Gfx castle_grounds_dl_LAYER_OPAQUE_castle_grounds_seg7_dl_070095F0_mesh_mesh_layer_1_tri_16[] = {
	gsSPVertex(castle_grounds_dl_LAYER_OPAQUE_castle_grounds_seg7_dl_070095F0_mesh_mesh_layer_1_vtx_16 + 0, 9, 0),
	gsSP2Triangles(0, 1, 2, 0, 3, 4, 5, 0),
	gsSP1Triangle(6, 7, 8, 0),
	gsSPEndDisplayList(),
};

Vtx castle_grounds_dl_LAYER_OPAQUE_castle_grounds_seg7_dl_070095F0_mesh_mesh_layer_1_vtx_17[3] = {
	{{{3362, 0, 725}, 0, {346, 12}, {0x54, 0x5C, 0x17, 0xFF}}},
	{{{3784, -1330, 590}, 0, {528, 1824}, {0x7C, 0x19, 0xF3, 0xFF}}},
	{{{3556, 405, -36}, 0, {1142, 8}, {0x46, 0x62, 0x28, 0xFF}}},
};

Gfx castle_grounds_dl_LAYER_OPAQUE_castle_grounds_seg7_dl_070095F0_mesh_mesh_layer_1_tri_17[] = {
	gsSPVertex(castle_grounds_dl_LAYER_OPAQUE_castle_grounds_seg7_dl_070095F0_mesh_mesh_layer_1_vtx_17 + 0, 3, 0),
	gsSP1Triangle(0, 1, 2, 0),
	gsSPEndDisplayList(),
};

Vtx castle_grounds_dl_LAYER_OPAQUE_castle_grounds_seg7_dl_070095F0_mesh_mesh_layer_1_vtx_18[175] = {
	{{{-8011, 1630, 3950}, 0, {720, -4336}, {0x5D, 0x49, 0xD1, 0xFF}}},
	{{{-7167, 1937, 5120}, 0, {862, -5772}, {0x4B, 0x43, 0xB2, 0xFF}}},
	{{{-6678, 590, 4409}, 0, {356, -5088}, {0x2F, 0x6B, 0xCE, 0xFF}}},
	{{{7203, 627, -1945}, 0, {140, 692}, {0xBA, 0x6A, 0x07, 0xFF}}},
	{{{8192, 1876, -2047}, 0, {804, 1080}, {0x9D, 0x50, 0x09, 0xFF}}},
	{{{8192, 2189, -4095}, 0, {852, -1320}, {0x99, 0x49, 0x09, 0xFF}}},
	{{{7203, 627, -1945}, 0, {140, 692}, {0xBA, 0x6A, 0x07, 0xFF}}},
	{{{8192, 2189, -4095}, 0, {852, -1320}, {0x99, 0x49, 0x09, 0xFF}}},
	{{{7305, 868, -4095}, 0, {144, -1860}, {0xC6, 0x70, 0x10, 0xFF}}},
	{{{8192, 1710, 0}, 0, {836, 3532}, {0x9E, 0x50, 0x09, 0xFF}}},
	{{{8192, 1876, -2047}, 0, {804, 1080}, {0x9D, 0x50, 0x09, 0xFF}}},
	{{{7203, 627, -1945}, 0, {140, 692}, {0xBA, 0x6A, 0x07, 0xFF}}},
	{{{7168, 474, 0}, 0, {172, 3024}, {0xC0, 0x6B, 0x15, 0xFF}}},
	{{{8192, 1710, 0}, 0, {836, 3532}, {0x9E, 0x50, 0x09, 0xFF}}},
	{{{7168, 474, 0}, 0, {172, 3024}, {0xC0, 0x6B, 0x15, 0xFF}}},
	{{{8192, 1355, 1650}, 0, {718, 5880}, {0x9B, 0x45, 0x20, 0xFF}}},
	{{{7552, -58, 2256}, 0, {128, 5428}, {0xAF, 0x5B, 0x24, 0xFF}}},
	{{{8192, 1355, 1650}, 0, {718, 5880}, {0x9B, 0x45, 0x20, 0xFF}}},
	{{{7168, 474, 0}, 0, {172, 3024}, {0xC0, 0x6B, 0x15, 0xFF}}},
	{{{7305, 868, -4095}, 0, {144, -1860}, {0xC6, 0x70, 0x10, 0xFF}}},
	{{{8192, 2189, -4095}, 0, {852, -1320}, {0x99, 0x49, 0x09, 0xFF}}},
	{{{8192, 2540, -6143}, 0, {920, -3700}, {0xA6, 0x4F, 0x29, 0xFF}}},
	{{{7305, 868, -4095}, 0, {144, -1860}, {0xC6, 0x70, 0x10, 0xFF}}},
	{{{8192, 2540, -6143}, 0, {920, -3700}, {0xA6, 0x4F, 0x29, 0xFF}}},
	{{{6789, 1022, -5679}, 0, {134, -3752}, {0xC6, 0x6E, 0x1A, 0xFF}}},
	{{{-6678, 590, 4409}, 0, {356, -5088}, {0x2F, 0x6B, 0xCE, 0xFF}}},
	{{{-7415, 508, 3183}, 0, {294, -3548}, {0x47, 0x63, 0xDE, 0xFF}}},
	{{{-8011, 1630, 3950}, 0, {720, -4336}, {0x5D, 0x49, 0xD1, 0xFF}}},
	{{{-8011, 1630, 3950}, 0, {720, -4336}, {0x5D, 0x49, 0xD1, 0xFF}}},
	{{{-7415, 508, 3183}, 0, {294, -3548}, {0x47, 0x63, 0xDE, 0xFF}}},
	{{{-8191, 1729, 2324}, 0, {712, -2256}, {0x73, 0x34, 0xF4, 0xFF}}},
	{{{-8191, 1667, 0}, 0, {630, 680}, {0x72, 0x38, 0x06, 0xFF}}},
	{{{-8191, 1729, 2324}, 0, {712, -2256}, {0x73, 0x34, 0xF4, 0xFF}}},
	{{{-7835, 1019, 0}, 0, {394, 576}, {0x78, 0x2A, 0x02, 0xFF}}},
	{{{-4090, 1231, 6630}, 0, {618, 3240}, {0x08, 0x5F, 0xAC, 0xFF}}},
	{{{-4825, 553, 5288}, 0, {310, 4244}, {0x1B, 0x73, 0xD2, 0xFF}}},
	{{{-5750, 1704, 6144}, 0, {772, 4928}, {0x34, 0x55, 0xB1, 0xFF}}},
	{{{-6678, 590, 4409}, 0, {274, 6272}, {0x2F, 0x6B, 0xCE, 0xFF}}},
	{{{-5750, 1704, 6144}, 0, {772, 4928}, {0x34, 0x55, 0xB1, 0xFF}}},
	{{{-4825, 553, 5288}, 0, {310, 4244}, {0x1B, 0x73, 0xD2, 0xFF}}},
	{{{-5750, 1704, 6144}, 0, {772, 4928}, {0x34, 0x55, 0xB1, 0xFF}}},
	{{{-6678, 590, 4409}, 0, {274, 6272}, {0x2F, 0x6B, 0xCE, 0xFF}}},
	{{{-7167, 1937, 5120}, 0, {832, 6424}, {0x4B, 0x43, 0xB2, 0xFF}}},
	{{{-2047, 260, 5792}, 0, {264, 1276}, {0x00, 0x5A, 0xA7, 0xFF}}},
	{{{-4825, 553, 5288}, 0, {310, 4244}, {0x1B, 0x73, 0xD2, 0xFF}}},
	{{{-4090, 1231, 6630}, 0, {618, 3240}, {0x08, 0x5F, 0xAC, 0xFF}}},
	{{{-7685, 260, 2269}, 0, {180, -2428}, {0x4B, 0x65, 0xF1, 0xFF}}},
	{{{-8191, 1729, 2324}, 0, {712, -2256}, {0x73, 0x34, 0xF4, 0xFF}}},
	{{{-7415, 508, 3183}, 0, {294, -3548}, {0x47, 0x63, 0xDE, 0xFF}}},
	{{{-4090, 1231, 6630}, 0, {618, 3240}, {0x08, 0x5F, 0xAC, 0xFF}}},
	{{{-2069, 1169, 6155}, 0, {648, 1036}, {0xF7, 0x4E, 0x9C, 0xFF}}},
	{{{-2047, 260, 5792}, 0, {264, 1276}, {0x00, 0x5A, 0xA7, 0xFF}}},
	{{{-2064, 1550, 6813}, 0, {810, 924}, {0xFE, 0x6E, 0xC0, 0xFF}}},
	{{{-2069, 1169, 6155}, 0, {648, 1036}, {0xF7, 0x4E, 0x9D, 0xFF}}},
	{{{-4090, 1231, 6630}, 0, {618, 3240}, {0x08, 0x5F, 0xAC, 0xFF}}},
	{{{-7685, 260, 2269}, 0, {180, -2428}, {0x4B, 0x65, 0xF1, 0xFF}}},
	{{{-7835, 1019, 0}, 0, {394, 576}, {0x78, 0x2A, 0x02, 0xFF}}},
	{{{-8191, 1729, 2324}, 0, {712, -2256}, {0x73, 0x34, 0xF4, 0xFF}}},
	{{{2155, 1057, 6472}, 0, {720, -3580}, {0x34, 0x6D, 0xD9, 0xFF}}},
	{{{1536, 718, 4698}, 0, {558, -2800}, {0x3D, 0x6A, 0xDD, 0xFF}}},
	{{{785, 996, 5113}, 0, {656, -2052}, {0xED, 0x79, 0xDE, 0xFF}}},
	{{{2155, 1057, 6472}, 0, {720, -3580}, {0x34, 0x6D, 0xD9, 0xFF}}},
	{{{2048, 236, 4760}, 0, {368, -3224}, {0x58, 0x4D, 0xD0, 0xFF}}},
	{{{1536, 718, 4698}, 0, {558, -2800}, {0x3D, 0x6A, 0xDD, 0xFF}}},
	{{{2155, 1057, 6472}, 0, {720, -3580}, {0x34, 0x6D, 0xD9, 0xFF}}},
	{{{3510, 0, 6358}, 0, {310, -4764}, {0x37, 0x58, 0xB7, 0xFF}}},
	{{{2048, 236, 4760}, 0, {368, -3224}, {0x58, 0x4D, 0xD0, 0xFF}}},
	{{{2155, 1057, 6472}, 0, {720, -3580}, {0x34, 0x6D, 0xD9, 0xFF}}},
	{{{785, 996, 5113}, 0, {656, -2052}, {0xED, 0x79, 0xDE, 0xFF}}},
	{{{-19, 1473, 6727}, 0, {834, -1304}, {0xFB, 0x75, 0xCF, 0xFF}}},
	{{{-7685, 260, 2269}, 0, {180, -2428}, {0x4B, 0x65, 0xF1, 0xFF}}},
	{{{-7685, 260, 0}, 0, {120, 452}, {0x3A, 0x70, 0x0B, 0xFF}}},
	{{{-7835, 1019, 0}, 0, {394, 576}, {0x78, 0x2A, 0x02, 0xFF}}},
	{{{-2069, 1169, 6155}, 0, {648, 1036}, {0xF7, 0x4E, 0x9D, 0xFF}}},
	{{{-2064, 1550, 6813}, 0, {810, 924}, {0xFE, 0x6E, 0xC0, 0xFF}}},
	{{{-265, 1126, 6164}, 0, {682, -936}, {0xE5, 0x61, 0xB3, 0xFF}}},
	{{{-19, 1473, 6727}, 0, {834, -1304}, {0xFB, 0x75, 0xCF, 0xFF}}},
	{{{-265, 1126, 6164}, 0, {682, -936}, {0xE5, 0x61, 0xB3, 0xFF}}},
	{{{-2064, 1550, 6813}, 0, {810, 924}, {0xFE, 0x6E, 0xC0, 0xFF}}},
	{{{-2047, 260, 5792}, 0, {264, 1276}, {0x00, 0x5A, 0xA7, 0xFF}}},
	{{{-2069, 1169, 6155}, 0, {648, 1036}, {0xF7, 0x4E, 0x9C, 0xFF}}},
	{{{-829, 260, 5658}, 0, {298, -64}, {0xE8, 0x42, 0x96, 0xFF}}},
	{{{-265, 1126, 6164}, 0, {682, -936}, {0xE5, 0x61, 0xB3, 0xFF}}},
	{{{-829, 260, 5658}, 0, {298, -64}, {0xE8, 0x42, 0x96, 0xFF}}},
	{{{-2069, 1169, 6155}, 0, {648, 1036}, {0xF7, 0x4E, 0x9C, 0xFF}}},
	{{{-19, 1473, 6727}, 0, {834, -1304}, {0xFB, 0x75, 0xCF, 0xFF}}},
	{{{785, 996, 5113}, 0, {656, -2052}, {0xED, 0x79, 0xDE, 0xFF}}},
	{{{-265, 1126, 6164}, 0, {682, -936}, {0xE5, 0x61, 0xB3, 0xFF}}},
	{{{512, 925, 3527}, 0, {688, -1004}, {0xE8, 0x7D, 0x00, 0xFF}}},
	{{{-24, 260, 5009}, 0, {330, 1340}, {0xAB, 0x57, 0xDA, 0xFF}}},
	{{{785, 996, 5113}, 0, {804, 736}, {0xED, 0x79, 0xDE, 0xFF}}},
	{{{-829, 260, 5658}, 0, {298, -64}, {0xE8, 0x42, 0x96, 0xFF}}},
	{{{-265, 1126, 6164}, 0, {682, -936}, {0xE5, 0x61, 0xB3, 0xFF}}},
	{{{-24, 260, 5009}, 0, {320, -952}, {0xAB, 0x57, 0xDA, 0xFF}}},
	{{{785, 996, 5113}, 0, {656, -2052}, {0xED, 0x79, 0xDE, 0xFF}}},
	{{{-24, 260, 5009}, 0, {320, -952}, {0xAB, 0x57, 0xDA, 0xFF}}},
	{{{-265, 1126, 6164}, 0, {682, -936}, {0xE5, 0x61, 0xB3, 0xFF}}},
	{{{-7685, 260, 0}, 0, {120, 452}, {0x3A, 0x70, 0x0B, 0xFF}}},
	{{{-6899, 371, -2047}, 0, {106, 3064}, {0x41, 0x69, 0x1E, 0xFF}}},
	{{{-7867, 1237, -1398}, 0, {436, 2380}, {0x6C, 0x3C, 0x1B, 0xFF}}},
	{{{-7685, 260, 0}, 0, {120, 452}, {0x3A, 0x70, 0x0B, 0xFF}}},
	{{{-7867, 1237, -1398}, 0, {436, 2380}, {0x6C, 0x3C, 0x1B, 0xFF}}},
	{{{-7835, 1019, 0}, 0, {394, 576}, {0x78, 0x2A, 0x02, 0xFF}}},
	{{{-7835, 1019, 0}, 0, {394, 576}, {0x78, 0x2A, 0x02, 0xFF}}},
	{{{-7867, 1237, -1398}, 0, {436, 2380}, {0x6C, 0x3C, 0x1B, 0xFF}}},
	{{{-8191, 1667, 0}, 0, {630, 680}, {0x72, 0x38, 0x06, 0xFF}}},
	{{{-8164, 2413, -2679}, 0, {864, 4368}, {0x68, 0x45, 0x17, 0xFF}}},
	{{{-8191, 1667, 0}, 0, {630, 680}, {0x72, 0x38, 0x06, 0xFF}}},
	{{{-7867, 1237, -1398}, 0, {436, 2380}, {0x6C, 0x3C, 0x1B, 0xFF}}},
	{{{512, 925, 3527}, 0, {688, -1004}, {0xE8, 0x7D, 0x00, 0xFF}}},
	{{{785, 996, 5113}, 0, {804, 736}, {0xED, 0x79, 0xDE, 0xFF}}},
	{{{1536, 718, 4698}, 0, {608, 536}, {0x3D, 0x6A, 0xDD, 0xFF}}},
	{{{1062, 558, 3465}, 0, {452, -712}, {0x48, 0x65, 0xE3, 0xFF}}},
	{{{512, 925, 3527}, 0, {688, -1004}, {0xE8, 0x7D, 0x00, 0xFF}}},
	{{{1536, 718, 4698}, 0, {608, 536}, {0x3D, 0x6A, 0xDD, 0xFF}}},
	{{{-24, 260, 5009}, 0, {330, 1340}, {0xAB, 0x57, 0xDA, 0xFF}}},
	{{{512, 925, 3527}, 0, {688, -1004}, {0xE8, 0x7D, 0x00, 0xFF}}},
	{{{48, 260, 3912}, 0, {282, 88}, {0xA9, 0x54, 0x28, 0xFF}}},
	{{{-7337, 1521, -2854}, 0, {500, 4276}, {0x63, 0x4A, 0x1D, 0xFF}}},
	{{{-8164, 2413, -2679}, 0, {864, 4368}, {0x68, 0x45, 0x17, 0xFF}}},
	{{{-7867, 1237, -1398}, 0, {436, 2380}, {0x6C, 0x3C, 0x1B, 0xFF}}},
	{{{-6899, 371, -2047}, 0, {106, 3064}, {0x41, 0x69, 0x1E, 0xFF}}},
	{{{-7337, 1521, -2854}, 0, {500, 4276}, {0x63, 0x4A, 0x1D, 0xFF}}},
	{{{-7867, 1237, -1398}, 0, {436, 2380}, {0x6C, 0x3C, 0x1B, 0xFF}}},
	{{{-6641, 543, -3573}, 0, {66, 5000}, {0x37, 0x71, 0x10, 0xFF}}},
	{{{-7337, 1521, -2854}, 0, {500, 4276}, {0x63, 0x4A, 0x1D, 0xFF}}},
	{{{-6899, 371, -2047}, 0, {106, 3064}, {0x41, 0x69, 0x1E, 0xFF}}},
	{{{-6641, 543, -3573}, 0, {66, 5000}, {0x37, 0x71, 0x10, 0xFF}}},
	{{{-7091, 1592, -4094}, 0, {494, 5860}, {0x65, 0x4C, 0x06, 0xFF}}},
	{{{-7337, 1521, -2854}, 0, {500, 4276}, {0x63, 0x4A, 0x1D, 0xFF}}},
	{{{-8191, 2574, -4095}, 0, {848, 6024}, {0x60, 0x53, 0x0C, 0xFF}}},
	{{{-7337, 1521, -2854}, 0, {500, 4276}, {0x63, 0x4A, 0x1D, 0xFF}}},
	{{{-7091, 1592, -4094}, 0, {494, 5860}, {0x65, 0x4C, 0x06, 0xFF}}},
	{{{-8164, 2413, -2679}, 0, {864, 4368}, {0x68, 0x46, 0x17, 0xFF}}},
	{{{-7337, 1521, -2854}, 0, {500, 4276}, {0x63, 0x4A, 0x1D, 0xFF}}},
	{{{-8191, 2574, -4095}, 0, {848, 6024}, {0x60, 0x53, 0x0C, 0xFF}}},
	{{{-6641, 543, -3573}, 0, {66, 5000}, {0x37, 0x71, 0x10, 0xFF}}},
	{{{-6479, 543, -4496}, 0, {104, 6200}, {0x43, 0x69, 0xE7, 0xFF}}},
	{{{-7091, 1592, -4094}, 0, {494, 5860}, {0x65, 0x4C, 0x06, 0xFF}}},
	{{{-7091, 1592, -4094}, 0, {494, 5860}, {0x65, 0x4C, 0x06, 0xFF}}},
	{{{-7318, 1567, -5405}, 0, {450, 7520}, {0x6B, 0x41, 0x17, 0xFF}}},
	{{{-8191, 2574, -4095}, 0, {848, 6024}, {0x60, 0x53, 0x0C, 0xFF}}},
	{{{-7318, 1567, -5405}, 0, {450, 7520}, {0x6B, 0x41, 0x17, 0xFF}}},
	{{{-7091, 1592, -4094}, 0, {494, 5860}, {0x65, 0x4C, 0x06, 0xFF}}},
	{{{-6479, 543, -4496}, 0, {104, 6200}, {0x43, 0x69, 0xE7, 0xFF}}},
	{{{-7463, 2074, -5749}, 0, {624, 8040}, {0x5B, 0x4D, 0x2A, 0xFF}}},
	{{{-8191, 3121, -6586}, 0, {980, 9272}, {0x65, 0x4C, 0x06, 0xFF}}},
	{{{-8191, 2574, -4095}, 0, {848, 6024}, {0x60, 0x53, 0x0C, 0xFF}}},
	{{{-7318, 1567, -5405}, 0, {450, 7520}, {0x6B, 0x41, 0x17, 0xFF}}},
	{{{-7463, 2074, -5749}, 0, {624, 8040}, {0x5B, 0x4D, 0x2A, 0xFF}}},
	{{{-8191, 2574, -4095}, 0, {848, 6024}, {0x60, 0x53, 0x0C, 0xFF}}},
	{{{1062, 558, 3465}, 0, {452, -712}, {0x48, 0x65, 0xE3, 0xFF}}},
	{{{1536, 718, 4698}, 0, {608, 536}, {0x3D, 0x6A, 0xDD, 0xFF}}},
	{{{2048, 236, 4760}, 0, {304, 1080}, {0x58, 0x4D, 0xD0, 0xFF}}},
	{{{-5344, 1494, -6924}, 0, {392, 1780}, {0x09, 0x37, 0x72, 0xFF}}},
	{{{-4369, 373, -6149}, 0, {-54, 2004}, {0xF0, 0x22, 0x79, 0xFF}}},
	{{{-4369, 2195, -7760}, 0, {446, 276}, {0x1B, 0x4E, 0x61, 0xFF}}},
	{{{-5344, 1494, -6924}, 0, {392, 1780}, {0x09, 0x37, 0x72, 0xFF}}},
	{{{-4369, 2195, -7760}, 0, {446, 276}, {0x1B, 0x4E, 0x61, 0xFF}}},
	{{{-6922, 2865, -7377}, 0, {962, 2064}, {0x08, 0x36, 0x73, 0xFF}}},
	{{{4997, 545, -8085}, 0, {48, -7608}, {0xC8, 0x6B, 0x28, 0xFF}}},
	{{{5974, 910, -7191}, 0, {38, -6100}, {0xBE, 0x5E, 0x36, 0xFF}}},
	{{{4997, 2201, -8085}, 0, {512, -6632}, {0xC3, 0x1B, 0x6C, 0xFF}}},
	{{{5974, 910, -7191}, 0, {38, -6100}, {0xBE, 0x5E, 0x36, 0xFF}}},
	{{{6684, 2540, -7764}, 0, {556, -5844}, {0xC6, 0x3B, 0x60, 0xFF}}},
	{{{4997, 2201, -8085}, 0, {512, -6632}, {0xC3, 0x1B, 0x6C, 0xFF}}},
	{{{5974, 910, -7191}, 0, {-16, -5664}, {0xBE, 0x5E, 0x36, 0xFF}}},
	{{{6789, 1022, -5679}, 0, {134, -3752}, {0xC6, 0x6E, 0x1A, 0xFF}}},
	{{{8192, 2540, -6143}, 0, {920, -3700}, {0xA6, 0x4F, 0x29, 0xFF}}},
	{{{5974, 910, -7191}, 0, {-16, -5664}, {0xBE, 0x5E, 0x36, 0xFF}}},
	{{{8192, 2540, -6143}, 0, {920, -3700}, {0xA6, 0x4F, 0x29, 0xFF}}},
	{{{6684, 2540, -7764}, 0, {826, -5700}, {0xC6, 0x3B, 0x60, 0xFF}}},
	{{{1713, -7, 3720}, 0, {150, -324}, {0x4F, 0x63, 0xF6, 0xFF}}},
	{{{1062, 558, 3465}, 0, {452, -712}, {0x48, 0x65, 0xE3, 0xFF}}},
	{{{2048, 236, 4760}, 0, {304, 1080}, {0x58, 0x4D, 0xD0, 0xFF}}},
};

Gfx castle_grounds_dl_LAYER_OPAQUE_castle_grounds_seg7_dl_070095F0_mesh_mesh_layer_1_tri_18[] = {
	gsSPVertex(castle_grounds_dl_LAYER_OPAQUE_castle_grounds_seg7_dl_070095F0_mesh_mesh_layer_1_vtx_18 + 0, 31, 0),
	gsSP2Triangles(0, 1, 2, 0, 3, 4, 5, 0),
	gsSP2Triangles(6, 7, 8, 0, 6, 9, 10, 0),
	gsSP2Triangles(11, 12, 13, 0, 9, 14, 15, 0),
	gsSP2Triangles(16, 17, 18, 0, 19, 20, 21, 0),
	gsSP2Triangles(22, 23, 24, 0, 25, 26, 27, 0),
	gsSP1Triangle(28, 29, 30, 0),
	gsSPVertex(castle_grounds_dl_LAYER_OPAQUE_castle_grounds_seg7_dl_070095F0_mesh_mesh_layer_1_vtx_18 + 31, 30, 0),
	gsSP2Triangles(0, 1, 2, 0, 3, 4, 5, 0),
	gsSP2Triangles(6, 7, 8, 0, 9, 10, 11, 0),
	gsSP2Triangles(12, 13, 14, 0, 15, 16, 17, 0),
	gsSP2Triangles(18, 19, 20, 0, 21, 22, 23, 0),
	gsSP2Triangles(24, 25, 26, 0, 27, 28, 29, 0),
	gsSPVertex(castle_grounds_dl_LAYER_OPAQUE_castle_grounds_seg7_dl_070095F0_mesh_mesh_layer_1_vtx_18 + 61, 30, 0),
	gsSP2Triangles(0, 1, 2, 0, 3, 4, 5, 0),
	gsSP2Triangles(6, 7, 8, 0, 9, 10, 11, 0),
	gsSP2Triangles(12, 13, 14, 0, 15, 16, 17, 0),
	gsSP2Triangles(18, 19, 20, 0, 21, 22, 23, 0),
	gsSP2Triangles(24, 25, 26, 0, 27, 28, 29, 0),
	gsSPVertex(castle_grounds_dl_LAYER_OPAQUE_castle_grounds_seg7_dl_070095F0_mesh_mesh_layer_1_vtx_18 + 91, 30, 0),
	gsSP2Triangles(0, 1, 2, 0, 3, 4, 5, 0),
	gsSP2Triangles(6, 7, 8, 0, 9, 10, 11, 0),
	gsSP2Triangles(12, 13, 14, 0, 15, 16, 17, 0),
	gsSP2Triangles(18, 19, 20, 0, 21, 22, 23, 0),
	gsSP2Triangles(24, 25, 26, 0, 27, 28, 29, 0),
	gsSPVertex(castle_grounds_dl_LAYER_OPAQUE_castle_grounds_seg7_dl_070095F0_mesh_mesh_layer_1_vtx_18 + 121, 30, 0),
	gsSP2Triangles(0, 1, 2, 0, 3, 4, 5, 0),
	gsSP2Triangles(6, 7, 8, 0, 9, 10, 11, 0),
	gsSP2Triangles(12, 13, 14, 0, 15, 16, 17, 0),
	gsSP2Triangles(18, 19, 20, 0, 21, 22, 23, 0),
	gsSP2Triangles(24, 25, 26, 0, 27, 28, 29, 0),
	gsSPVertex(castle_grounds_dl_LAYER_OPAQUE_castle_grounds_seg7_dl_070095F0_mesh_mesh_layer_1_vtx_18 + 151, 24, 0),
	gsSP2Triangles(0, 1, 2, 0, 3, 4, 5, 0),
	gsSP2Triangles(6, 7, 8, 0, 9, 10, 11, 0),
	gsSP2Triangles(12, 13, 14, 0, 15, 16, 17, 0),
	gsSP2Triangles(18, 19, 20, 0, 21, 22, 23, 0),
	gsSPEndDisplayList(),
};

Vtx castle_grounds_dl_LAYER_OPAQUE_castle_grounds_seg7_dl_070095F0_mesh_mesh_layer_1_vtx_19[12] = {
	{{{5052, -511, -2053}, 0, {-5628, 820}, {0x82, 0x00, 0xED, 0xFF}}},
	{{{4597, -511, -1016}, 0, {2012, 990}, {0x8C, 0x00, 0xCD, 0xFF}}},
	{{{4597, 405, -1016}, 0, {2112, -3584}, {0xB5, 0x61, 0xDE, 0xFF}}},
	{{{5052, -511, -2053}, 0, {-5628, 820}, {0x82, 0x00, 0xED, 0xFF}}},
	{{{5052, 371, -2053}, 0, {-5532, -3584}, {0xB9, 0x68, 0x0C, 0xFF}}},
	{{{4407, -511, -3689}, 0, {1744, 794}, {0x85, 0x00, 0x1F, 0xFF}}},
	{{{4407, 545, -3689}, 0, {1744, -4480}, {0xA9, 0x5B, 0x15, 0xFF}}},
	{{{4409, 545, -5437}, 0, {-6976, -4480}, {0xD8, 0x78, 0x00, 0xFF}}},
	{{{554, -511, -162}, 0, {576, 990}, {0x00, 0x00, 0x81, 0xFF}}},
	{{{-553, -511, -162}, 0, {6100, 990}, {0x00, 0x00, 0x81, 0xFF}}},
	{{{-553, 607, -162}, 0, {6100, -5610}, {0x00, 0x00, 0x81, 0xFF}}},
	{{{554, 607, -162}, 0, {576, -5610}, {0x00, 0x00, 0x81, 0xFF}}},
};

Gfx castle_grounds_dl_LAYER_OPAQUE_castle_grounds_seg7_dl_070095F0_mesh_mesh_layer_1_tri_19[] = {
	gsSPVertex(castle_grounds_dl_LAYER_OPAQUE_castle_grounds_seg7_dl_070095F0_mesh_mesh_layer_1_vtx_19 + 0, 12, 0),
	gsSP2Triangles(0, 1, 2, 0, 3, 2, 4, 0),
	gsSP2Triangles(5, 6, 7, 0, 8, 9, 10, 0),
	gsSP1Triangle(8, 10, 11, 0),
	gsSPEndDisplayList(),
};

Vtx castle_grounds_dl_LAYER_OPAQUE_castle_grounds_seg7_dl_070095F0_mesh_mesh_layer_1_vtx_20[6] = {
	{{{5052, -511, -2053}, 0, {2412, 810}, {0x82, 0x00, 0xED, 0xFF}}},
	{{{5052, 371, -2053}, 0, {2412, -3594}, {0xB9, 0x68, 0x0C, 0xFF}}},
	{{{4407, -511, -3689}, 0, {-6360, 810}, {0x85, 0x00, 0x1F, 0xFF}}},
	{{{4407, -511, -3689}, 0, {-6360, 810}, {0x85, 0x00, 0x1F, 0xFF}}},
	{{{5052, 371, -2053}, 0, {2412, -3594}, {0xB9, 0x68, 0x0C, 0xFF}}},
	{{{4407, 545, -3689}, 0, {-6360, -4462}, {0xA9, 0x5B, 0x15, 0xFF}}},
};

Gfx castle_grounds_dl_LAYER_OPAQUE_castle_grounds_seg7_dl_070095F0_mesh_mesh_layer_1_tri_20[] = {
	gsSPVertex(castle_grounds_dl_LAYER_OPAQUE_castle_grounds_seg7_dl_070095F0_mesh_mesh_layer_1_vtx_20 + 0, 6, 0),
	gsSP2Triangles(0, 1, 2, 0, 3, 4, 5, 0),
	gsSPEndDisplayList(),
};

Vtx castle_grounds_dl_LAYER_OPAQUE_castle_grounds_seg7_dl_0700C210_mesh_mesh_layer_1_vtx_cull[8] = {
	{{{2076, -422, 2338}, 0, {0, 0}, {0x00, 0x00, 0x00, 0x00}}},
	{{{2076, 89, 2338}, 0, {0, 0}, {0x00, 0x00, 0x00, 0x00}}},
	{{{2076, 89, 1639}, 0, {0, 0}, {0x00, 0x00, 0x00, 0x00}}},
	{{{2076, -422, 1639}, 0, {0, 0}, {0x00, 0x00, 0x00, 0x00}}},
	{{{2757, -422, 2338}, 0, {0, 0}, {0x00, 0x00, 0x00, 0x00}}},
	{{{2757, 89, 2338}, 0, {0, 0}, {0x00, 0x00, 0x00, 0x00}}},
	{{{2757, 89, 1639}, 0, {0, 0}, {0x00, 0x00, 0x00, 0x00}}},
	{{{2757, -422, 1639}, 0, {0, 0}, {0x00, 0x00, 0x00, 0x00}}},
};

Vtx castle_grounds_dl_LAYER_OPAQUE_castle_grounds_seg7_dl_0700C210_mesh_mesh_layer_1_vtx_0[12] = {
	{{{2283, -422, 2072}, 0, {6, 1824}, {0x00, 0x7F, 0x00, 0xFF}}},
	{{{2485, -422, 2072}, 0, {206, 2104}, {0x00, 0x7F, 0x00, 0xFF}}},
	{{{2485, -422, 1849}, 0, {300, 1608}, {0x00, 0x7F, 0x00, 0xFF}}},
	{{{2283, -422, 1849}, 0, {100, 1324}, {0x00, 0x7F, 0x00, 0xFF}}},
	{{{2485, 89, 2072}, 0, {0, 1996}, {0x00, 0x00, 0x81, 0xFF}}},
	{{{2283, -422, 2072}, 0, {432, 648}, {0x00, 0x00, 0x81, 0xFF}}},
	{{{2283, 89, 2072}, 0, {0, 648}, {0x00, 0x00, 0x81, 0xFF}}},
	{{{2485, -422, 2072}, 0, {432, 1996}, {0x00, 0x00, 0x81, 0xFF}}},
	{{{2485, 89, 1849}, 0, {0, 2012}, {0x81, 0x00, 0x00, 0xFF}}},
	{{{2485, -422, 2072}, 0, {820, 536}, {0x81, 0x00, 0x00, 0xFF}}},
	{{{2485, 89, 2072}, 0, {0, 536}, {0x81, 0x00, 0x00, 0xFF}}},
	{{{2485, -422, 1849}, 0, {820, 2012}, {0x81, 0x00, 0x00, 0xFF}}},
};

Gfx castle_grounds_dl_LAYER_OPAQUE_castle_grounds_seg7_dl_0700C210_mesh_mesh_layer_1_tri_0[] = {
	gsSPVertex(castle_grounds_dl_LAYER_OPAQUE_castle_grounds_seg7_dl_0700C210_mesh_mesh_layer_1_vtx_0 + 0, 12, 0),
	gsSP2Triangles(0, 1, 2, 0, 0, 2, 3, 0),
	gsSP2Triangles(4, 5, 6, 0, 4, 7, 5, 0),
	gsSP2Triangles(8, 9, 10, 0, 8, 11, 9, 0),
	gsSPEndDisplayList(),
};

Vtx castle_grounds_dl_LAYER_OPAQUE_castle_grounds_seg7_dl_0700C210_mesh_mesh_layer_1_vtx_1[8] = {
	{{{2283, 89, 1849}, 0, {0, 1996}, {0x00, 0x00, 0x7F, 0xFF}}},
	{{{2485, -422, 1849}, 0, {536, 648}, {0x00, 0x00, 0x7F, 0xFF}}},
	{{{2485, 89, 1849}, 0, {0, 648}, {0x00, 0x00, 0x7F, 0xFF}}},
	{{{2283, -422, 1849}, 0, {536, 1996}, {0x00, 0x00, 0x7F, 0xFF}}},
	{{{2283, 89, 2072}, 0, {0, 2012}, {0x7F, 0x00, 0x00, 0xFF}}},
	{{{2283, -422, 1849}, 0, {332, -232}, {0x7F, 0x00, 0x00, 0xFF}}},
	{{{2283, 89, 1849}, 0, {0, -204}, {0x7F, 0x00, 0x00, 0xFF}}},
	{{{2283, -422, 2072}, 0, {332, 1984}, {0x7F, 0x00, 0x00, 0xFF}}},
};

Gfx castle_grounds_dl_LAYER_OPAQUE_castle_grounds_seg7_dl_0700C210_mesh_mesh_layer_1_tri_1[] = {
	gsSPVertex(castle_grounds_dl_LAYER_OPAQUE_castle_grounds_seg7_dl_0700C210_mesh_mesh_layer_1_vtx_1 + 0, 8, 0),
	gsSP2Triangles(0, 1, 2, 0, 0, 3, 1, 0),
	gsSP2Triangles(4, 5, 6, 0, 4, 7, 5, 0),
	gsSPEndDisplayList(),
};

Vtx castle_grounds_dl_LAYER_OPAQUE_castle_grounds_seg7_dl_0700C210_mesh_mesh_layer_1_vtx_2[14] = {
	{{{2708, -10, 1639}, 0, {4588, 582}, {0x67, 0x4B, 0x00, 0xFF}}},
	{{{2637, 89, 1711}, 0, {4136, 0}, {0x67, 0x4B, 0x00, 0xFF}}},
	{{{2757, -72, 2338}, 0, {108, 964}, {0x67, 0x4B, 0x00, 0xFF}}},
	{{{2637, 89, 1711}, 0, {4136, 0}, {0x67, 0x4B, 0x00, 0xFF}}},
	{{{2640, 89, 2223}, 0, {856, 0}, {0x67, 0x4B, 0x00, 0xFF}}},
	{{{2757, -72, 2338}, 0, {108, 964}, {0x67, 0x4B, 0x00, 0xFF}}},
	{{{2640, 89, 2223}, 0, {2012, -1054}, {0x00, 0x7F, 0x00, 0xFF}}},
	{{{2485, 89, 2072}, 0, {1404, -440}, {0x00, 0x7F, 0x00, 0xFF}}},
	{{{2283, 89, 2072}, 0, {1400, 368}, {0x00, 0x7F, 0x00, 0xFF}}},
	{{{2485, 89, 1849}, 0, {516, -446}, {0x00, 0x7F, 0x00, 0xFF}}},
	{{{2637, 89, 1711}, 0, {0, -1054}, {0x00, 0x7F, 0x00, 0xFF}}},
	{{{2283, 89, 1849}, 0, {512, 360}, {0x00, 0x7F, 0x00, 0xFF}}},
	{{{2125, 89, 1714}, 0, {0, 990}, {0x00, 0x7F, 0x00, 0xFF}}},
	{{{2128, 89, 2226}, 0, {2012, 990}, {0x00, 0x7F, 0x00, 0xFF}}},
};

Gfx castle_grounds_dl_LAYER_OPAQUE_castle_grounds_seg7_dl_0700C210_mesh_mesh_layer_1_tri_2[] = {
	gsSPVertex(castle_grounds_dl_LAYER_OPAQUE_castle_grounds_seg7_dl_0700C210_mesh_mesh_layer_1_vtx_2 + 0, 14, 0),
	gsSP2Triangles(0, 1, 2, 0, 3, 4, 5, 0),
	gsSP2Triangles(6, 7, 8, 0, 6, 9, 7, 0),
	gsSP2Triangles(6, 10, 9, 0, 11, 9, 10, 0),
	gsSP2Triangles(11, 10, 12, 0, 8, 11, 12, 0),
	gsSP2Triangles(13, 8, 12, 0, 6, 8, 13, 0),
	gsSPEndDisplayList(),
};

Vtx castle_grounds_dl_LAYER_OPAQUE_castle_grounds_seg7_dl_0700C210_mesh_mesh_layer_1_vtx_3[6] = {
	{{{2102, 58, 1692}, 0, {3524, 158}, {0x00, 0x49, 0x98, 0xFF}}},
	{{{2125, 89, 1714}, 0, {3376, 0}, {0x00, 0x49, 0x98, 0xFF}}},
	{{{2637, 89, 1711}, 0, {0, 0}, {0x00, 0x49, 0x98, 0xFF}}},
	{{{2102, 58, 1692}, 0, {3524, 158}, {0x00, 0x4B, 0x99, 0xFF}}},
	{{{2637, 89, 1711}, 0, {0, 0}, {0x00, 0x4B, 0x99, 0xFF}}},
	{{{2708, -10, 1639}, 0, {-504, 582}, {0x00, 0x4B, 0x99, 0xFF}}},
};

Gfx castle_grounds_dl_LAYER_OPAQUE_castle_grounds_seg7_dl_0700C210_mesh_mesh_layer_1_tri_3[] = {
	gsSPVertex(castle_grounds_dl_LAYER_OPAQUE_castle_grounds_seg7_dl_0700C210_mesh_mesh_layer_1_vtx_3 + 0, 6, 0),
	gsSP2Triangles(0, 1, 2, 0, 3, 4, 5, 0),
	gsSPEndDisplayList(),
};

Vtx castle_grounds_dl_LAYER_OPAQUE_castle_grounds_seg7_dl_0700C210_mesh_mesh_layer_1_vtx_4[6] = {
	{{{2076, 15, 2280}, 0, {3540, 424}, {0x9A, 0x4B, 0x00, 0xFF}}},
	{{{2125, 89, 1714}, 0, {-88, 0}, {0x9A, 0x4B, 0x00, 0xFF}}},
	{{{2102, 58, 1692}, 0, {-232, 158}, {0x9A, 0x4B, 0x00, 0xFF}}},
	{{{2076, 15, 2280}, 0, {3540, 424}, {0x98, 0x49, 0x00, 0xFF}}},
	{{{2128, 89, 2226}, 0, {3200, 0}, {0x98, 0x49, 0x00, 0xFF}}},
	{{{2125, 89, 1714}, 0, {-88, 0}, {0x98, 0x49, 0x00, 0xFF}}},
};

Gfx castle_grounds_dl_LAYER_OPAQUE_castle_grounds_seg7_dl_0700C210_mesh_mesh_layer_1_tri_4[] = {
	gsSPVertex(castle_grounds_dl_LAYER_OPAQUE_castle_grounds_seg7_dl_0700C210_mesh_mesh_layer_1_vtx_4 + 0, 6, 0),
	gsSP2Triangles(0, 1, 2, 0, 3, 4, 5, 0),
	gsSPEndDisplayList(),
};

Vtx castle_grounds_dl_LAYER_OPAQUE_castle_grounds_seg7_dl_0700C210_mesh_mesh_layer_1_vtx_5[6] = {
	{{{2757, -72, 2338}, 0, {2752, 964}, {0x00, 0x4A, 0x67, 0xFF}}},
	{{{2640, 89, 2223}, 0, {2012, 0}, {0x00, 0x4A, 0x67, 0xFF}}},
	{{{2128, 89, 2226}, 0, {-1240, -30}, {0x00, 0x4A, 0x67, 0xFF}}},
	{{{2757, -72, 2338}, 0, {2752, 964}, {0x00, 0x4B, 0x67, 0xFF}}},
	{{{2128, 89, 2226}, 0, {-1240, -30}, {0x00, 0x4B, 0x67, 0xFF}}},
	{{{2076, 15, 2280}, 0, {-1576, 424}, {0x00, 0x4B, 0x67, 0xFF}}},
};

Gfx castle_grounds_dl_LAYER_OPAQUE_castle_grounds_seg7_dl_0700C210_mesh_mesh_layer_1_tri_5[] = {
	gsSPVertex(castle_grounds_dl_LAYER_OPAQUE_castle_grounds_seg7_dl_0700C210_mesh_mesh_layer_1_vtx_5 + 0, 6, 0),
	gsSP2Triangles(0, 1, 2, 0, 3, 4, 5, 0),
	gsSPEndDisplayList(),
};

Vtx castle_grounds_dl_LAYER_OPAQUE_DECAL_castle_grounds_seg7_dl_0700C430_mesh_mesh_layer_2_vtx_cull[8] = {
	{{{-245, 803, -2844}, 0, {0, 0}, {0x00, 0x00, 0x00, 0x00}}},
	{{{-245, 1110, -2844}, 0, {0, 0}, {0x00, 0x00, 0x00, 0x00}}},
	{{{-245, 1110, -3206}, 0, {0, 0}, {0x00, 0x00, 0x00, 0x00}}},
	{{{-245, 803, -3206}, 0, {0, 0}, {0x00, 0x00, 0x00, 0x00}}},
	{{{268, 803, -2844}, 0, {0, 0}, {0x00, 0x00, 0x00, 0x00}}},
	{{{268, 1110, -2844}, 0, {0, 0}, {0x00, 0x00, 0x00, 0x00}}},
	{{{268, 1110, -3206}, 0, {0, 0}, {0x00, 0x00, 0x00, 0x00}}},
	{{{268, 803, -3206}, 0, {0, 0}, {0x00, 0x00, 0x00, 0x00}}},
};

Vtx castle_grounds_dl_LAYER_OPAQUE_DECAL_castle_grounds_seg7_dl_0700C430_mesh_mesh_layer_2_vtx_0[4] = {
	{{{268, 803, -3206}, 0, {990, 328}, {0xC4, 0xC4, 0xD0, 0xFF}}},
	{{{-243, 803, -3206}, 0, {0, 330}, {0xC4, 0xC4, 0xD0, 0xFF}}},
	{{{-245, 803, -2844}, 0, {0, 970}, {0xC4, 0xC4, 0xD0, 0xFF}}},
	{{{266, 803, -2844}, 0, {990, 966}, {0xC4, 0xC4, 0xD0, 0xFF}}},
};

Gfx castle_grounds_dl_LAYER_OPAQUE_DECAL_castle_grounds_seg7_dl_0700C430_mesh_mesh_layer_2_tri_0[] = {
	gsSPVertex(castle_grounds_dl_LAYER_OPAQUE_DECAL_castle_grounds_seg7_dl_0700C430_mesh_mesh_layer_2_vtx_0 + 0, 4, 0),
	gsSP2Triangles(0, 1, 2, 0, 0, 2, 3, 0),
	gsSPEndDisplayList(),
};

Vtx castle_grounds_dl_LAYER_OPAQUE_DECAL_castle_grounds_seg7_dl_0700C430_mesh_mesh_layer_2_vtx_1[12] = {
	{{{205, 1110, -3104}, 0, {-4534, 0}, {0x9C, 0x9C, 0xAE, 0xFF}}},
	{{{154, 803, -3104}, 0, {1596, 990}, {0x9C, 0x9C, 0xAE, 0xFF}}},
	{{{205, 803, -3104}, 0, {1596, 0}, {0x9C, 0x9C, 0xAE, 0xFF}}},
	{{{154, 1059, -3104}, 0, {-3512, 990}, {0x9C, 0x9C, 0xAE, 0xFF}}},
	{{{205, 1110, -3104}, 0, {6610, 0}, {0x9C, 0x9C, 0xAE, 0xFF}}},
	{{{-153, 1059, -3104}, 0, {-542, 990}, {0x9C, 0x9C, 0xAE, 0xFF}}},
	{{{154, 1059, -3104}, 0, {5588, 990}, {0x9C, 0x9C, 0xAE, 0xFF}}},
	{{{-204, 1110, -3104}, 0, {-1564, 0}, {0x9C, 0x9C, 0xAE, 0xFF}}},
	{{{-153, 1059, -3104}, 0, {4564, 990}, {0x9C, 0x9C, 0xAE, 0xFF}}},
	{{{-204, 803, -3104}, 0, {-544, 0}, {0x9C, 0x9C, 0xAE, 0xFF}}},
	{{{-153, 803, -3104}, 0, {-544, 990}, {0x9C, 0x9C, 0xAE, 0xFF}}},
	{{{-204, 1110, -3104}, 0, {5586, 0}, {0x9C, 0x9C, 0xAE, 0xFF}}},
};

Gfx castle_grounds_dl_LAYER_OPAQUE_DECAL_castle_grounds_seg7_dl_0700C430_mesh_mesh_layer_2_tri_1[] = {
	gsSPVertex(castle_grounds_dl_LAYER_OPAQUE_DECAL_castle_grounds_seg7_dl_0700C430_mesh_mesh_layer_2_vtx_1 + 0, 12, 0),
	gsSP2Triangles(0, 1, 2, 0, 0, 3, 1, 0),
	gsSP2Triangles(4, 5, 6, 0, 4, 7, 5, 0),
	gsSP2Triangles(8, 9, 10, 0, 8, 11, 9, 0),
	gsSPEndDisplayList(),
};

Vtx castle_grounds_dl_LAYER_TRANSPARENT_DECAL_castle_grounds_seg7_dl_0700B1D0_mes_mesh_layer_6_vtx_cull[8] = {
	{{{-6708, 80, 3655}, 0, {0, 0}, {0x00, 0x00, 0x00, 0x00}}},
	{{{-6708, 947, 3655}, 0, {0, 0}, {0x00, 0x00, 0x00, 0x00}}},
	{{{-6708, 947, -5512}, 0, {0, 0}, {0x00, 0x00, 0x00, 0x00}}},
	{{{-6708, 80, -5512}, 0, {0, 0}, {0x00, 0x00, 0x00, 0x00}}},
	{{{6610, 80, 3655}, 0, {0, 0}, {0x00, 0x00, 0x00, 0x00}}},
	{{{6610, 947, 3655}, 0, {0, 0}, {0x00, 0x00, 0x00, 0x00}}},
	{{{6610, 947, -5512}, 0, {0, 0}, {0x00, 0x00, 0x00, 0x00}}},
	{{{6610, 80, -5512}, 0, {0, 0}, {0x00, 0x00, 0x00, 0x00}}},
};

Vtx castle_grounds_dl_LAYER_TRANSPARENT_DECAL_castle_grounds_seg7_dl_0700B1D0_mes_mesh_layer_6_vtx_0[104] = {
	{{{-4998, 316, 603}, 0, {990, 0}, {0xFF, 0xFF, 0xFF, 0xFF}}},
	{{{-5397, 265, 1006}, 0, {0, 990}, {0xFF, 0xFF, 0xFF, 0xFF}}},
	{{{-4993, 281, 1006}, 0, {990, 990}, {0xFF, 0xFF, 0xFF, 0xFF}}},
	{{{-5402, 299, 602}, 0, {0, 0}, {0xFF, 0xFF, 0xFF, 0xFF}}},
	{{{-4857, 316, 3006}, 0, {990, 0}, {0xFF, 0xFF, 0xFF, 0xFF}}},
	{{{-5259, 380, 3413}, 0, {0, 990}, {0xFF, 0xFF, 0xFF, 0xFF}}},
	{{{-4855, 330, 3415}, 0, {990, 990}, {0xFF, 0xFF, 0xFF, 0xFF}}},
	{{{-5260, 366, 3004}, 0, {0, 0}, {0xFF, 0xFF, 0xFF, 0xFF}}},
	{{{-6012, 435, 3247}, 0, {990, 0}, {0xFF, 0xFF, 0xFF, 0xFF}}},
	{{{-6417, 458, 3248}, 0, {0, 0}, {0xFF, 0xFF, 0xFF, 0xFF}}},
	{{{-6414, 499, 3655}, 0, {0, 990}, {0xFF, 0xFF, 0xFF, 0xFF}}},
	{{{-6009, 476, 3654}, 0, {990, 990}, {0xFF, 0xFF, 0xFF, 0xFF}}},
	{{{-6303, 260, 1201}, 0, {990, 0}, {0xFF, 0xFF, 0xFF, 0xFF}}},
	{{{-6705, 260, 1608}, 0, {0, 990}, {0xFF, 0xFF, 0xFF, 0xFF}}},
	{{{-6300, 260, 1607}, 0, {990, 990}, {0xFF, 0xFF, 0xFF, 0xFF}}},
	{{{-6708, 260, 1202}, 0, {0, 0}, {0xFF, 0xFF, 0xFF, 0xFF}}},
	{{{-6070, 452, -2345}, 0, {990, 0}, {0xFF, 0xFF, 0xFF, 0xFF}}},
	{{{-6473, 427, -2347}, 0, {0, 0}, {0xFF, 0xFF, 0xFF, 0xFF}}},
	{{{-6468, 386, -1945}, 0, {0, 990}, {0xFF, 0xFF, 0xFF, 0xFF}}},
	{{{-6064, 411, -1944}, 0, {990, 990}, {0xFF, 0xFF, 0xFF, 0xFF}}},
	{{{-4507, 367, 226}, 0, {990, 0}, {0xFF, 0xFF, 0xFF, 0xFF}}},
	{{{-4906, 317, 629}, 0, {0, 990}, {0xFF, 0xFF, 0xFF, 0xFF}}},
	{{{-4502, 333, 630}, 0, {990, 990}, {0xFF, 0xFF, 0xFF, 0xFF}}},
	{{{-4911, 351, 226}, 0, {0, 0}, {0xFF, 0xFF, 0xFF, 0xFF}}},
	{{{-5311, 382, -850}, 0, {990, 0}, {0xFF, 0xFF, 0xFF, 0xFF}}},
	{{{-5715, 367, -850}, 0, {0, 0}, {0xFF, 0xFF, 0xFF, 0xFF}}},
	{{{-5711, 351, -446}, 0, {0, 990}, {0xFF, 0xFF, 0xFF, 0xFF}}},
	{{{-5307, 365, -446}, 0, {990, 990}, {0xFF, 0xFF, 0xFF, 0xFF}}},
	{{{-2355, 535, 2446}, 0, {990, 0}, {0xFF, 0xFF, 0xFF, 0xFF}}},
	{{{-2757, 382, 2818}, 0, {0, 990}, {0xFF, 0xFF, 0xFF, 0xFF}}},
	{{{-2358, 439, 2832}, 0, {990, 990}, {0xFF, 0xFF, 0xFF, 0xFF}}},
	{{{-2753, 478, 2432}, 0, {0, 0}, {0xFF, 0xFF, 0xFF, 0xFF}}},
	{{{-5396, 437, -2835}, 0, {990, 0}, {0xFF, 0xFF, 0xFF, 0xFF}}},
	{{{-5797, 465, -2834}, 0, {0, 0}, {0xFF, 0xFF, 0xFF, 0xFF}}},
	{{{-5793, 454, -2430}, 0, {0, 990}, {0xFF, 0xFF, 0xFF, 0xFF}}},
	{{{-5392, 426, -2431}, 0, {990, 990}, {0xFF, 0xFF, 0xFF, 0xFF}}},
	{{{-5751, 536, -3646}, 0, {990, 0}, {0xFF, 0xFF, 0xFF, 0xFF}}},
	{{{-6152, 543, -3647}, 0, {0, 0}, {0xFF, 0xFF, 0xFF, 0xFF}}},
	{{{-6149, 497, -3247}, 0, {0, 990}, {0xFF, 0xFF, 0xFF, 0xFF}}},
	{{{-5747, 490, -3245}, 0, {990, 990}, {0xFF, 0xFF, 0xFF, 0xFF}}},
	{{{-1700, 463, 2673}, 0, {990, 0}, {0xFF, 0xFF, 0xFF, 0xFF}}},
	{{{-2113, 381, 3062}, 0, {0, 990}, {0xFF, 0xFF, 0xFF, 0xFF}}},
	{{{-1704, 368, 3059}, 0, {990, 990}, {0xFF, 0xFF, 0xFF, 0xFF}}},
	{{{-2109, 476, 2676}, 0, {0, 0}, {0xFF, 0xFF, 0xFF, 0xFF}}},
	{{{35, 716, 2812}, 0, {990, 0}, {0xFF, 0xFF, 0xFF, 0xFF}}},
	{{{-290, 551, 2805}, 0, {0, 0}, {0xFF, 0xFF, 0xFF, 0xFF}}},
	{{{-283, 537, 3214}, 0, {0, 990}, {0xFF, 0xFF, 0xFF, 0xFF}}},
	{{{43, 701, 3221}, 0, {990, 990}, {0xFF, 0xFF, 0xFF, 0xFF}}},
	{{{-1118, 755, 1671}, 0, {990, 0}, {0xFF, 0xFF, 0xFF, 0xFF}}},
	{{{-1524, 672, 2067}, 0, {0, 990}, {0xFF, 0xFF, 0xFF, 0xFF}}},
	{{{-1115, 690, 2070}, 0, {990, 990}, {0xFF, 0xFF, 0xFF, 0xFF}}},
	{{{-1527, 737, 1668}, 0, {0, 0}, {0xFF, 0xFF, 0xFF, 0xFF}}},
	{{{-1805, 653, 1265}, 0, {990, 0}, {0xFF, 0xFF, 0xFF, 0xFF}}},
	{{{-2220, 615, 1656}, 0, {0, 990}, {0xFF, 0xFF, 0xFF, 0xFF}}},
	{{{-1822, 692, 1653}, 0, {990, 990}, {0xFF, 0xFF, 0xFF, 0xFF}}},
	{{{-2203, 577, 1268}, 0, {0, 0}, {0xFF, 0xFF, 0xFF, 0xFF}}},
	{{{2115, 312, 950}, 0, {990, 0}, {0xFF, 0xFF, 0xFF, 0xFF}}},
	{{{1723, 265, 1363}, 0, {0, 990}, {0xFF, 0xFF, 0xFF, 0xFF}}},
	{{{2078, 112, 1291}, 0, {990, 990}, {0xFF, 0xFF, 0xFF, 0xFF}}},
	{{{1763, 465, 1020}, 0, {0, 0}, {0xFF, 0xFF, 0xFF, 0xFF}}},
	{{{1612, 100, 3077}, 0, {990, 0}, {0xFF, 0xFF, 0xFF, 0xFF}}},
	{{{1333, 325, 3494}, 0, {0, 990}, {0xFF, 0xFF, 0xFF, 0xFF}}},
	{{{1605, 92, 3486}, 0, {990, 990}, {0xFF, 0xFF, 0xFF, 0xFF}}},
	{{{1340, 333, 3085}, 0, {0, 0}, {0xFF, 0xFF, 0xFF, 0xFF}}},
	{{{935, 415, 2391}, 0, {990, 0}, {0xFF, 0xFF, 0xFF, 0xFF}}},
	{{{574, 558, 2423}, 0, {0, 0}, {0xFF, 0xFF, 0xFF, 0xFF}}},
	{{{594, 621, 2820}, 0, {0, 990}, {0xFF, 0xFF, 0xFF, 0xFF}}},
	{{{955, 478, 2787}, 0, {990, 990}, {0xFF, 0xFF, 0xFF, 0xFF}}},
	{{{1315, 318, 1775}, 0, {990, 0}, {0xFF, 0xFF, 0xFF, 0xFF}}},
	{{{937, 415, 2191}, 0, {0, 990}, {0xFF, 0xFF, 0xFF, 0xFF}}},
	{{{1307, 293, 2183}, 0, {990, 990}, {0xFF, 0xFF, 0xFF, 0xFF}}},
	{{{945, 439, 1783}, 0, {0, 0}, {0xFF, 0xFF, 0xFF, 0xFF}}},
	{{{5978, 431, -1320}, 0, {990, 0}, {0xFF, 0xFF, 0xFF, 0xFF}}},
	{{{5570, 413, -910}, 0, {0, 990}, {0xFF, 0xFF, 0xFF, 0xFF}}},
	{{{5977, 448, -911}, 0, {990, 990}, {0xFF, 0xFF, 0xFF, 0xFF}}},
	{{{5572, 396, -1319}, 0, {0, 0}, {0xFF, 0xFF, 0xFF, 0xFF}}},
	{{{3364, 277, 273}, 0, {990, 0}, {0xFF, 0xFF, 0xFF, 0xFF}}},
	{{{2993, 377, 310}, 0, {0, 0}, {0xFF, 0xFF, 0xFF, 0xFF}}},
	{{{2954, 179, 654}, 0, {0, 990}, {0xFF, 0xFF, 0xFF, 0xFF}}},
	{{{3327, 80, 614}, 0, {990, 990}, {0xFF, 0xFF, 0xFF, 0xFF}}},
	{{{6369, 323, 3}, 0, {990, 0}, {0xFF, 0xFF, 0xFF, 0xFF}}},
	{{{5984, 112, 334}, 0, {0, 990}, {0xFF, 0xFF, 0xFF, 0xFF}}},
	{{{6383, 172, 360}, 0, {990, 990}, {0xFF, 0xFF, 0xFF, 0xFF}}},
	{{{5970, 263, -22}, 0, {0, 0}, {0xFF, 0xFF, 0xFF, 0xFF}}},
	{{{6064, 734, -4652}, 0, {990, 0}, {0xFF, 0xFF, 0xFF, 0xFF}}},
	{{{5661, 681, -4649}, 0, {0, 0}, {0xFF, 0xFF, 0xFF, 0xFF}}},
	{{{5665, 661, -4246}, 0, {0, 990}, {0xFF, 0xFF, 0xFF, 0xFF}}},
	{{{6068, 714, -4250}, 0, {990, 990}, {0xFF, 0xFF, 0xFF, 0xFF}}},
	{{{6604, 528, -1890}, 0, {990, 0}, {0xFF, 0xFF, 0xFF, 0xFF}}},
	{{{6204, 461, -1480}, 0, {0, 990}, {0xFF, 0xFF, 0xFF, 0xFF}}},
	{{{6605, 526, -1481}, 0, {990, 990}, {0xFF, 0xFF, 0xFF, 0xFF}}},
	{{{6202, 463, -1888}, 0, {0, 0}, {0xFF, 0xFF, 0xFF, 0xFF}}},
	{{{6154, 580, -3051}, 0, {990, 0}, {0xFF, 0xFF, 0xFF, 0xFF}}},
	{{{5751, 532, -3047}, 0, {0, 0}, {0xFF, 0xFF, 0xFF, 0xFF}}},
	{{{5759, 474, -2647}, 0, {0, 990}, {0xFF, 0xFF, 0xFF, 0xFF}}},
	{{{6163, 522, -2651}, 0, {990, 990}, {0xFF, 0xFF, 0xFF, 0xFF}}},
	{{{5664, 584, -3471}, 0, {990, 0}, {0xFF, 0xFF, 0xFF, 0xFF}}},
	{{{5260, 536, -3467}, 0, {0, 0}, {0xFF, 0xFF, 0xFF, 0xFF}}},
	{{{5268, 478, -3066}, 0, {0, 990}, {0xFF, 0xFF, 0xFF, 0xFF}}},
	{{{5672, 526, -3070}, 0, {990, 990}, {0xFF, 0xFF, 0xFF, 0xFF}}},
	{{{6597, 947, -5509}, 0, {990, 0}, {0xFF, 0xFF, 0xFF, 0xFF}}},
	{{{6217, 790, -5117}, 0, {0, 990}, {0xFF, 0xFF, 0xFF, 0xFF}}},
	{{{6610, 882, -5114}, 0, {990, 990}, {0xFF, 0xFF, 0xFF, 0xFF}}},
	{{{6203, 855, -5512}, 0, {0, 0}, {0xFF, 0xFF, 0xFF, 0xFF}}},
};

Gfx castle_grounds_dl_LAYER_TRANSPARENT_DECAL_castle_grounds_seg7_dl_0700B1D0_mes_mesh_layer_6_tri_0[] = {
	gsSPVertex(castle_grounds_dl_LAYER_TRANSPARENT_DECAL_castle_grounds_seg7_dl_0700B1D0_mes_mesh_layer_6_vtx_0 + 0, 32, 0),
	gsSP2Triangles(0, 1, 2, 0, 0, 3, 1, 0),
	gsSP2Triangles(4, 5, 6, 0, 4, 7, 5, 0),
	gsSP2Triangles(8, 9, 10, 0, 8, 10, 11, 0),
	gsSP2Triangles(12, 13, 14, 0, 12, 15, 13, 0),
	gsSP2Triangles(16, 17, 18, 0, 16, 18, 19, 0),
	gsSP2Triangles(20, 21, 22, 0, 20, 23, 21, 0),
	gsSP2Triangles(24, 25, 26, 0, 24, 26, 27, 0),
	gsSP2Triangles(28, 29, 30, 0, 28, 31, 29, 0),
	gsSPVertex(castle_grounds_dl_LAYER_TRANSPARENT_DECAL_castle_grounds_seg7_dl_0700B1D0_mes_mesh_layer_6_vtx_0 + 32, 32, 0),
	gsSP2Triangles(0, 1, 2, 0, 0, 2, 3, 0),
	gsSP2Triangles(4, 5, 6, 0, 4, 6, 7, 0),
	gsSP2Triangles(8, 9, 10, 0, 8, 11, 9, 0),
	gsSP2Triangles(12, 13, 14, 0, 12, 14, 15, 0),
	gsSP2Triangles(16, 17, 18, 0, 16, 19, 17, 0),
	gsSP2Triangles(20, 21, 22, 0, 20, 23, 21, 0),
	gsSP2Triangles(24, 25, 26, 0, 24, 27, 25, 0),
	gsSP2Triangles(28, 29, 30, 0, 28, 31, 29, 0),
	gsSPVertex(castle_grounds_dl_LAYER_TRANSPARENT_DECAL_castle_grounds_seg7_dl_0700B1D0_mes_mesh_layer_6_vtx_0 + 64, 32, 0),
	gsSP2Triangles(0, 1, 2, 0, 0, 2, 3, 0),
	gsSP2Triangles(4, 5, 6, 0, 4, 7, 5, 0),
	gsSP2Triangles(8, 9, 10, 0, 8, 11, 9, 0),
	gsSP2Triangles(12, 13, 14, 0, 12, 14, 15, 0),
	gsSP2Triangles(16, 17, 18, 0, 16, 19, 17, 0),
	gsSP2Triangles(20, 21, 22, 0, 20, 22, 23, 0),
	gsSP2Triangles(24, 25, 26, 0, 24, 27, 25, 0),
	gsSP2Triangles(28, 29, 30, 0, 28, 30, 31, 0),
	gsSPVertex(castle_grounds_dl_LAYER_TRANSPARENT_DECAL_castle_grounds_seg7_dl_0700B1D0_mes_mesh_layer_6_vtx_0 + 96, 8, 0),
	gsSP2Triangles(0, 1, 2, 0, 0, 2, 3, 0),
	gsSP2Triangles(4, 5, 6, 0, 4, 7, 5, 0),
	gsSPEndDisplayList(),
};

Gfx mat_castle_grounds_dl_f3dlite_material_083_layer4[] = {
	gsSPClearGeometryMode(G_CULL_BACK | G_LIGHTING),
	gsDPPipeSync(),
	gsDPSetCombineLERP(TEXEL0, 0, SHADE, 0, TEXEL0, 0, SHADE, 0, TEXEL0, 0, SHADE, 0, TEXEL0, 0, SHADE, 0),
	gsDPSetAlphaDither(G_AD_NOISE),
	gsDPSetRenderMode(G_RM_AA_ZB_TEX_EDGE, G_RM_AA_ZB_TEX_EDGE2),
	gsSPTexture(65535, 65535, 0, 0, 1),
	gsDPSetTextureImage(G_IM_FMT_RGBA, G_IM_SIZ_16b_LOAD_BLOCK, 1, castle_grounds_dl__0_rgba16_rgba16),
	gsDPSetTile(G_IM_FMT_RGBA, G_IM_SIZ_16b_LOAD_BLOCK, 0, 0, 7, 0, G_TX_WRAP | G_TX_NOMIRROR, 0, 0, G_TX_WRAP | G_TX_NOMIRROR, 0, 0),
	gsDPLoadBlock(7, 0, 0, 2047, 256),
	gsDPSetTile(G_IM_FMT_RGBA, G_IM_SIZ_16b, 8, 0, 0, 0, G_TX_CLAMP | G_TX_NOMIRROR, 6, 0, G_TX_WRAP | G_TX_NOMIRROR, 5, 0),
	gsDPSetTileSize(0, 0, 0, 124, 252),
	gsSPEndDisplayList(),
};

Gfx mat_revert_castle_grounds_dl_f3dlite_material_083_layer4[] = {
	gsSPSetGeometryMode(G_CULL_BACK | G_LIGHTING),
	gsDPPipeSync(),
	gsDPSetAlphaDither(G_AD_DISABLE),
	gsDPSetRenderMode(G_RM_AA_ZB_TEX_EDGE, G_RM_AA_ZB_TEX_EDGE2),
	gsSPEndDisplayList(),
};

Gfx mat_castle_grounds_dl_f3dlite_material_085_layer4[] = {
	gsSPClearGeometryMode(G_LIGHTING),
	gsDPPipeSync(),
	gsDPSetCombineLERP(TEXEL0, 0, SHADE, 0, TEXEL0, 0, SHADE, 0, TEXEL0, 0, SHADE, 0, TEXEL0, 0, SHADE, 0),
	gsDPSetAlphaDither(G_AD_NOISE),
	gsDPSetRenderMode(G_RM_AA_ZB_TEX_EDGE, G_RM_AA_ZB_TEX_EDGE2),
	gsSPTexture(65535, 65535, 0, 0, 1),
	gsDPSetTextureImage(G_IM_FMT_RGBA, G_IM_SIZ_16b_LOAD_BLOCK, 1, castle_grounds_dl_castle_grounds_textures_0A800_rgba16_rgba16),
	gsDPSetTile(G_IM_FMT_RGBA, G_IM_SIZ_16b_LOAD_BLOCK, 0, 0, 7, 0, G_TX_WRAP | G_TX_NOMIRROR, 0, 0, G_TX_WRAP | G_TX_NOMIRROR, 0, 0),
	gsDPLoadBlock(7, 0, 0, 1023, 256),
	gsDPSetTile(G_IM_FMT_RGBA, G_IM_SIZ_16b, 8, 0, 0, 0, G_TX_CLAMP | G_TX_NOMIRROR, 5, 0, G_TX_CLAMP | G_TX_NOMIRROR, 5, 0),
	gsDPSetTileSize(0, 0, 0, 124, 124),
	gsSPEndDisplayList(),
};

Gfx mat_revert_castle_grounds_dl_f3dlite_material_085_layer4[] = {
	gsSPSetGeometryMode(G_LIGHTING),
	gsDPPipeSync(),
	gsDPSetAlphaDither(G_AD_DISABLE),
	gsDPSetRenderMode(G_RM_AA_ZB_TEX_EDGE, G_RM_AA_ZB_TEX_EDGE2),
	gsSPEndDisplayList(),
};

Gfx mat_castle_grounds_dl_f3dlite_material_086_layer4[] = {
	gsSPClearGeometryMode(G_LIGHTING),
	gsDPPipeSync(),
	gsDPSetCombineLERP(TEXEL0, 0, SHADE, 0, TEXEL0, 0, SHADE, 0, TEXEL0, 0, SHADE, 0, TEXEL0, 0, SHADE, 0),
	gsDPSetAlphaDither(G_AD_NOISE),
	gsDPSetRenderMode(G_RM_AA_ZB_TEX_EDGE, G_RM_AA_ZB_TEX_EDGE2),
	gsSPTexture(65535, 65535, 0, 0, 1),
	gsDPSetTextureImage(G_IM_FMT_RGBA, G_IM_SIZ_16b_LOAD_BLOCK, 1, castle_grounds_dl__1_rgba16_rgba16),
	gsDPSetTile(G_IM_FMT_RGBA, G_IM_SIZ_16b_LOAD_BLOCK, 0, 0, 7, 0, G_TX_WRAP | G_TX_NOMIRROR, 0, 0, G_TX_WRAP | G_TX_NOMIRROR, 0, 0),
	gsDPLoadBlock(7, 0, 0, 2047, 128),
	gsDPSetTile(G_IM_FMT_RGBA, G_IM_SIZ_16b, 16, 0, 0, 0, G_TX_CLAMP | G_TX_NOMIRROR, 5, 0, G_TX_CLAMP | G_TX_NOMIRROR, 6, 0),
	gsDPSetTileSize(0, 0, 0, 252, 124),
	gsSPEndDisplayList(),
};

Gfx mat_revert_castle_grounds_dl_f3dlite_material_086_layer4[] = {
	gsSPSetGeometryMode(G_LIGHTING),
	gsDPPipeSync(),
	gsDPSetAlphaDither(G_AD_DISABLE),
	gsDPSetRenderMode(G_RM_AA_ZB_TEX_EDGE, G_RM_AA_ZB_TEX_EDGE2),
	gsSPEndDisplayList(),
};

Gfx mat_castle_grounds_dl_f3dlite_material_087_layer4[] = {
	gsSPClearGeometryMode(G_LIGHTING),
	gsDPPipeSync(),
	gsDPSetCombineLERP(TEXEL0, 0, SHADE, 0, TEXEL0, 0, SHADE, 0, TEXEL0, 0, SHADE, 0, TEXEL0, 0, SHADE, 0),
	gsDPSetAlphaDither(G_AD_NOISE),
	gsDPSetRenderMode(G_RM_AA_ZB_TEX_EDGE, G_RM_AA_ZB_TEX_EDGE2),
	gsSPTexture(65535, 65535, 0, 0, 1),
	gsDPSetTextureImage(G_IM_FMT_RGBA, G_IM_SIZ_16b_LOAD_BLOCK, 1, castle_grounds_dl__2_rgba16_rgba16),
	gsDPSetTile(G_IM_FMT_RGBA, G_IM_SIZ_16b_LOAD_BLOCK, 0, 0, 7, 0, G_TX_WRAP | G_TX_NOMIRROR, 0, 0, G_TX_WRAP | G_TX_NOMIRROR, 0, 0),
	gsDPLoadBlock(7, 0, 0, 2047, 128),
	gsDPSetTile(G_IM_FMT_RGBA, G_IM_SIZ_16b, 16, 0, 0, 0, G_TX_CLAMP | G_TX_NOMIRROR, 5, 0, G_TX_CLAMP | G_TX_NOMIRROR, 6, 0),
	gsDPSetTileSize(0, 0, 0, 252, 124),
	gsSPEndDisplayList(),
};

Gfx mat_revert_castle_grounds_dl_f3dlite_material_087_layer4[] = {
	gsSPSetGeometryMode(G_LIGHTING),
	gsDPPipeSync(),
	gsDPSetAlphaDither(G_AD_DISABLE),
	gsDPSetRenderMode(G_RM_AA_ZB_TEX_EDGE, G_RM_AA_ZB_TEX_EDGE2),
	gsSPEndDisplayList(),
};

Gfx mat_castle_grounds_dl_f3dlite_material_050_layer4[] = {
	gsSPClearGeometryMode(G_LIGHTING),
	gsDPPipeSync(),
	gsDPSetCombineLERP(TEXEL0, 0, SHADE, 0, TEXEL0, 0, SHADE, 0, TEXEL0, 0, SHADE, 0, TEXEL0, 0, SHADE, 0),
	gsDPSetAlphaDither(G_AD_NOISE),
	gsDPSetRenderMode(G_RM_AA_ZB_TEX_EDGE, G_RM_AA_ZB_TEX_EDGE2),
	gsSPTexture(65535, 65535, 0, 0, 1),
	gsDPSetTextureImage(G_IM_FMT_RGBA, G_IM_SIZ_16b_LOAD_BLOCK, 1, castle_grounds_dl_castle_grounds_textures_05800_rgba16_rgba16),
	gsDPSetTile(G_IM_FMT_RGBA, G_IM_SIZ_16b_LOAD_BLOCK, 0, 0, 7, 0, G_TX_WRAP | G_TX_NOMIRROR, 0, 0, G_TX_WRAP | G_TX_NOMIRROR, 0, 0),
	gsDPLoadBlock(7, 0, 0, 1023, 256),
	gsDPSetTile(G_IM_FMT_RGBA, G_IM_SIZ_16b, 8, 0, 0, 0, G_TX_WRAP | G_TX_NOMIRROR, 5, 0, G_TX_WRAP | G_TX_NOMIRROR, 5, 0),
	gsDPSetTileSize(0, 0, 0, 124, 124),
	gsSPEndDisplayList(),
};

Gfx mat_revert_castle_grounds_dl_f3dlite_material_050_layer4[] = {
	gsSPSetGeometryMode(G_LIGHTING),
	gsDPPipeSync(),
	gsDPSetAlphaDither(G_AD_DISABLE),
	gsDPSetRenderMode(G_RM_AA_ZB_TEX_EDGE, G_RM_AA_ZB_TEX_EDGE2),
	gsSPEndDisplayList(),
};

Gfx mat_castle_grounds_dl_f3dlite_material_001[] = {
	gsSPClearGeometryMode(G_LIGHTING),
	gsDPPipeSync(),
	gsDPSetCombineLERP(TEXEL0, 0, SHADE, 0, 0, 0, 0, SHADE, TEXEL0, 0, SHADE, 0, 0, 0, 0, SHADE),
	gsDPSetAlphaDither(G_AD_NOISE),
	gsSPTexture(65535, 65535, 0, 0, 1),
	gsDPSetTextureImage(G_IM_FMT_RGBA, G_IM_SIZ_16b_LOAD_BLOCK, 1, castle_grounds_dl_castle_grounds_textures_00000_rgba16_rgba16),
	gsDPSetTile(G_IM_FMT_RGBA, G_IM_SIZ_16b_LOAD_BLOCK, 0, 0, 7, 0, G_TX_WRAP | G_TX_NOMIRROR, 0, 0, G_TX_WRAP | G_TX_NOMIRROR, 0, 0),
	gsDPLoadBlock(7, 0, 0, 1023, 256),
	gsDPSetTile(G_IM_FMT_RGBA, G_IM_SIZ_16b, 8, 0, 0, 0, G_TX_WRAP | G_TX_NOMIRROR, 5, 0, G_TX_WRAP | G_TX_NOMIRROR, 5, 0),
	gsDPSetTileSize(0, 0, 0, 124, 124),
	gsSPEndDisplayList(),
};

Gfx mat_revert_castle_grounds_dl_f3dlite_material_001[] = {
	gsSPSetGeometryMode(G_LIGHTING),
	gsDPPipeSync(),
	gsDPSetAlphaDither(G_AD_DISABLE),
	gsSPEndDisplayList(),
};

Gfx mat_castle_grounds_dl_f3dlite_material_002[] = {
	gsSPClearGeometryMode(G_LIGHTING),
	gsDPPipeSync(),
	gsDPSetCombineLERP(TEXEL0, 0, SHADE, 0, 0, 0, 0, SHADE, TEXEL0, 0, SHADE, 0, 0, 0, 0, SHADE),
	gsDPSetAlphaDither(G_AD_NOISE),
	gsSPTexture(65535, 65535, 0, 0, 1),
	gsDPSetTextureImage(G_IM_FMT_RGBA, G_IM_SIZ_16b_LOAD_BLOCK, 1, castle_grounds_dl_castle_grounds_textures_06000_rgba16_rgba16),
	gsDPSetTile(G_IM_FMT_RGBA, G_IM_SIZ_16b_LOAD_BLOCK, 0, 0, 7, 0, G_TX_WRAP | G_TX_NOMIRROR, 0, 0, G_TX_WRAP | G_TX_NOMIRROR, 0, 0),
	gsDPLoadBlock(7, 0, 0, 1023, 256),
	gsDPSetTile(G_IM_FMT_RGBA, G_IM_SIZ_16b, 8, 0, 0, 0, G_TX_CLAMP | G_TX_NOMIRROR, 5, 0, G_TX_CLAMP | G_TX_NOMIRROR, 5, 0),
	gsDPSetTileSize(0, 0, 0, 124, 124),
	gsSPEndDisplayList(),
};

Gfx mat_revert_castle_grounds_dl_f3dlite_material_002[] = {
	gsSPSetGeometryMode(G_LIGHTING),
	gsDPPipeSync(),
	gsDPSetAlphaDither(G_AD_DISABLE),
	gsSPEndDisplayList(),
};

Gfx mat_castle_grounds_dl_f3dlite_material_003[] = {
	gsSPClearGeometryMode(G_LIGHTING),
	gsDPPipeSync(),
	gsDPSetCombineLERP(TEXEL0, 0, SHADE, 0, 0, 0, 0, SHADE, TEXEL0, 0, SHADE, 0, 0, 0, 0, SHADE),
	gsDPSetAlphaDither(G_AD_NOISE),
	gsSPTexture(65535, 65535, 0, 0, 1),
	gsDPSetTextureImage(G_IM_FMT_RGBA, G_IM_SIZ_16b_LOAD_BLOCK, 1, castle_grounds_dl_castle_grounds_textures_0A000_rgba16_rgba16),
	gsDPSetTile(G_IM_FMT_RGBA, G_IM_SIZ_16b_LOAD_BLOCK, 0, 0, 7, 0, G_TX_WRAP | G_TX_NOMIRROR, 0, 0, G_TX_WRAP | G_TX_NOMIRROR, 0, 0),
	gsDPLoadBlock(7, 0, 0, 1023, 256),
	gsDPSetTile(G_IM_FMT_RGBA, G_IM_SIZ_16b, 8, 0, 0, 0, G_TX_WRAP | G_TX_NOMIRROR, 5, 0, G_TX_WRAP | G_TX_NOMIRROR, 5, 0),
	gsDPSetTileSize(0, 0, 0, 124, 124),
	gsSPEndDisplayList(),
};

Gfx mat_revert_castle_grounds_dl_f3dlite_material_003[] = {
	gsSPSetGeometryMode(G_LIGHTING),
	gsDPPipeSync(),
	gsDPSetAlphaDither(G_AD_DISABLE),
	gsSPEndDisplayList(),
};

Gfx mat_castle_grounds_dl_f3dlite_material_004[] = {
	gsSPClearGeometryMode(G_LIGHTING),
	gsDPPipeSync(),
	gsDPSetCombineLERP(TEXEL0, 0, SHADE, 0, 0, 0, 0, SHADE, TEXEL0, 0, SHADE, 0, 0, 0, 0, SHADE),
	gsDPSetAlphaDither(G_AD_NOISE),
	gsSPTexture(65535, 65535, 0, 0, 1),
	gsDPSetTextureImage(G_IM_FMT_RGBA, G_IM_SIZ_16b_LOAD_BLOCK, 1, castle_grounds_dl_castle_grounds_textures_07800_rgba16_rgba16),
	gsDPSetTile(G_IM_FMT_RGBA, G_IM_SIZ_16b_LOAD_BLOCK, 0, 0, 7, 0, G_TX_WRAP | G_TX_NOMIRROR, 0, 0, G_TX_WRAP | G_TX_NOMIRROR, 0, 0),
	gsDPLoadBlock(7, 0, 0, 1023, 256),
	gsDPSetTile(G_IM_FMT_RGBA, G_IM_SIZ_16b, 8, 0, 0, 0, G_TX_WRAP | G_TX_NOMIRROR, 5, 0, G_TX_WRAP | G_TX_NOMIRROR, 5, 0),
	gsDPSetTileSize(0, 0, 0, 124, 124),
	gsSPEndDisplayList(),
};

Gfx mat_revert_castle_grounds_dl_f3dlite_material_004[] = {
	gsSPSetGeometryMode(G_LIGHTING),
	gsDPPipeSync(),
	gsDPSetAlphaDither(G_AD_DISABLE),
	gsSPEndDisplayList(),
};

Gfx mat_castle_grounds_dl_f3dlite_material_005[] = {
	gsSPClearGeometryMode(G_LIGHTING),
	gsDPPipeSync(),
	gsDPSetCombineLERP(TEXEL0, 0, SHADE, 0, 0, 0, 0, SHADE, TEXEL0, 0, SHADE, 0, 0, 0, 0, SHADE),
	gsDPSetAlphaDither(G_AD_NOISE),
	gsSPTexture(65535, 65535, 0, 0, 1),
	gsDPSetTextureImage(G_IM_FMT_RGBA, G_IM_SIZ_16b_LOAD_BLOCK, 1, castle_grounds_dl_castle_grounds_textures_03000_rgba16_rgba16),
	gsDPSetTile(G_IM_FMT_RGBA, G_IM_SIZ_16b_LOAD_BLOCK, 0, 0, 7, 0, G_TX_WRAP | G_TX_NOMIRROR, 0, 0, G_TX_WRAP | G_TX_NOMIRROR, 0, 0),
	gsDPLoadBlock(7, 0, 0, 1023, 256),
	gsDPSetTile(G_IM_FMT_RGBA, G_IM_SIZ_16b, 8, 0, 0, 0, G_TX_CLAMP | G_TX_NOMIRROR, 5, 0, G_TX_WRAP | G_TX_NOMIRROR, 5, 0),
	gsDPSetTileSize(0, 0, 0, 124, 124),
	gsSPEndDisplayList(),
};

Gfx mat_revert_castle_grounds_dl_f3dlite_material_005[] = {
	gsSPSetGeometryMode(G_LIGHTING),
	gsDPPipeSync(),
	gsDPSetAlphaDither(G_AD_DISABLE),
	gsSPEndDisplayList(),
};

Gfx mat_castle_grounds_dl_f3dlite_material_006[] = {
	gsSPClearGeometryMode(G_LIGHTING),
	gsDPPipeSync(),
	gsDPSetCombineLERP(TEXEL0, 0, SHADE, 0, 0, 0, 0, SHADE, TEXEL0, 0, SHADE, 0, 0, 0, 0, SHADE),
	gsDPSetAlphaDither(G_AD_NOISE),
	gsSPTexture(65535, 65535, 0, 0, 1),
	gsDPSetTextureImage(G_IM_FMT_RGBA, G_IM_SIZ_16b_LOAD_BLOCK, 1, castle_grounds_dl_castle_grounds_textures_09000_rgba16_rgba16),
	gsDPSetTile(G_IM_FMT_RGBA, G_IM_SIZ_16b_LOAD_BLOCK, 0, 0, 7, 0, G_TX_WRAP | G_TX_NOMIRROR, 0, 0, G_TX_WRAP | G_TX_NOMIRROR, 0, 0),
	gsDPLoadBlock(7, 0, 0, 1023, 256),
	gsDPSetTile(G_IM_FMT_RGBA, G_IM_SIZ_16b, 8, 0, 0, 0, G_TX_WRAP | G_TX_NOMIRROR, 5, 0, G_TX_WRAP | G_TX_NOMIRROR, 5, 0),
	gsDPSetTileSize(0, 0, 0, 124, 124),
	gsSPEndDisplayList(),
};

Gfx mat_revert_castle_grounds_dl_f3dlite_material_006[] = {
	gsSPSetGeometryMode(G_LIGHTING),
	gsDPPipeSync(),
	gsDPSetAlphaDither(G_AD_DISABLE),
	gsSPEndDisplayList(),
};

Gfx mat_castle_grounds_dl_f3dlite_material_007[] = {
	gsSPClearGeometryMode(G_LIGHTING),
	gsDPPipeSync(),
	gsDPSetCombineLERP(TEXEL0, 0, SHADE, 0, 0, 0, 0, SHADE, TEXEL0, 0, SHADE, 0, 0, 0, 0, SHADE),
	gsDPSetAlphaDither(G_AD_NOISE),
	gsSPTexture(65535, 65535, 0, 0, 1),
	gsDPSetTextureImage(G_IM_FMT_RGBA, G_IM_SIZ_16b_LOAD_BLOCK, 1, castle_grounds_dl_castle_grounds_textures_04800_rgba16_rgba16),
	gsDPSetTile(G_IM_FMT_RGBA, G_IM_SIZ_16b_LOAD_BLOCK, 0, 0, 7, 0, G_TX_WRAP | G_TX_NOMIRROR, 0, 0, G_TX_WRAP | G_TX_NOMIRROR, 0, 0),
	gsDPLoadBlock(7, 0, 0, 2047, 256),
	gsDPSetTile(G_IM_FMT_RGBA, G_IM_SIZ_16b, 8, 0, 0, 0, G_TX_WRAP | G_TX_NOMIRROR, 6, 0, G_TX_CLAMP | G_TX_NOMIRROR, 5, 0),
	gsDPSetTileSize(0, 0, 0, 124, 252),
	gsSPEndDisplayList(),
};

Gfx mat_revert_castle_grounds_dl_f3dlite_material_007[] = {
	gsSPSetGeometryMode(G_LIGHTING),
	gsDPPipeSync(),
	gsDPSetAlphaDither(G_AD_DISABLE),
	gsSPEndDisplayList(),
};

Gfx mat_castle_grounds_dl_f3dlite_material_008[] = {
	gsSPClearGeometryMode(G_LIGHTING),
	gsDPPipeSync(),
	gsDPSetCombineLERP(TEXEL0, 0, SHADE, 0, 0, 0, 0, SHADE, TEXEL0, 0, SHADE, 0, 0, 0, 0, SHADE),
	gsDPSetAlphaDither(G_AD_NOISE),
	gsSPTexture(65535, 65535, 0, 0, 1),
	gsDPSetTextureImage(G_IM_FMT_RGBA, G_IM_SIZ_16b_LOAD_BLOCK, 1, castle_grounds_dl_castle_grounds_textures_02000_rgba16_rgba16),
	gsDPSetTile(G_IM_FMT_RGBA, G_IM_SIZ_16b_LOAD_BLOCK, 0, 0, 7, 0, G_TX_WRAP | G_TX_NOMIRROR, 0, 0, G_TX_WRAP | G_TX_NOMIRROR, 0, 0),
	gsDPLoadBlock(7, 0, 0, 2047, 256),
	gsDPSetTile(G_IM_FMT_RGBA, G_IM_SIZ_16b, 8, 0, 0, 0, G_TX_CLAMP | G_TX_NOMIRROR, 6, 0, G_TX_WRAP | G_TX_NOMIRROR, 5, 0),
	gsDPSetTileSize(0, 0, 0, 124, 252),
	gsSPEndDisplayList(),
};

Gfx mat_revert_castle_grounds_dl_f3dlite_material_008[] = {
	gsSPSetGeometryMode(G_LIGHTING),
	gsDPPipeSync(),
	gsDPSetAlphaDither(G_AD_DISABLE),
	gsSPEndDisplayList(),
};

Gfx mat_castle_grounds_dl_f3dlite_material_009[] = {
	gsSPClearGeometryMode(G_LIGHTING),
	gsDPPipeSync(),
	gsDPSetCombineLERP(TEXEL0, 0, SHADE, 0, 0, 0, 0, SHADE, TEXEL0, 0, SHADE, 0, 0, 0, 0, SHADE),
	gsDPSetAlphaDither(G_AD_NOISE),
	gsSPTexture(65535, 65535, 0, 0, 1),
	gsDPSetTextureImage(G_IM_FMT_RGBA, G_IM_SIZ_16b_LOAD_BLOCK, 1, castle_grounds_dl_castle_grounds_textures_01000_rgba16_rgba16),
	gsDPSetTile(G_IM_FMT_RGBA, G_IM_SIZ_16b_LOAD_BLOCK, 0, 0, 7, 0, G_TX_WRAP | G_TX_NOMIRROR, 0, 0, G_TX_WRAP | G_TX_NOMIRROR, 0, 0),
	gsDPLoadBlock(7, 0, 0, 2047, 128),
	gsDPSetTile(G_IM_FMT_RGBA, G_IM_SIZ_16b, 16, 0, 0, 0, G_TX_WRAP | G_TX_NOMIRROR, 5, 0, G_TX_WRAP | G_TX_NOMIRROR, 6, 0),
	gsDPSetTileSize(0, 0, 0, 252, 124),
	gsSPEndDisplayList(),
};

Gfx mat_revert_castle_grounds_dl_f3dlite_material_009[] = {
	gsSPSetGeometryMode(G_LIGHTING),
	gsDPPipeSync(),
	gsDPSetAlphaDither(G_AD_DISABLE),
	gsSPEndDisplayList(),
};

Gfx mat_castle_grounds_dl_f3dlite_material_010[] = {
	gsSPClearGeometryMode(G_LIGHTING),
	gsDPPipeSync(),
	gsDPSetCombineLERP(TEXEL0, 0, SHADE, 0, 0, 0, 0, SHADE, TEXEL0, 0, SHADE, 0, 0, 0, 0, SHADE),
	gsDPSetAlphaDither(G_AD_NOISE),
	gsSPTexture(65535, 65535, 0, 0, 1),
	gsDPSetTextureImage(G_IM_FMT_RGBA, G_IM_SIZ_16b_LOAD_BLOCK, 1, castle_grounds_dl_castle_grounds_textures_06800_rgba16_rgba16),
	gsDPSetTile(G_IM_FMT_RGBA, G_IM_SIZ_16b_LOAD_BLOCK, 0, 0, 7, 0, G_TX_WRAP | G_TX_NOMIRROR, 0, 0, G_TX_WRAP | G_TX_NOMIRROR, 0, 0),
	gsDPLoadBlock(7, 0, 0, 2047, 128),
	gsDPSetTile(G_IM_FMT_RGBA, G_IM_SIZ_16b, 16, 0, 0, 0, G_TX_WRAP | G_TX_NOMIRROR, 5, 0, G_TX_WRAP | G_TX_NOMIRROR, 6, 0),
	gsDPSetTileSize(0, 0, 0, 252, 124),
	gsSPEndDisplayList(),
};

Gfx mat_revert_castle_grounds_dl_f3dlite_material_010[] = {
	gsSPSetGeometryMode(G_LIGHTING),
	gsDPPipeSync(),
	gsDPSetAlphaDither(G_AD_DISABLE),
	gsSPEndDisplayList(),
};

Gfx mat_castle_grounds_dl_f3dlite_material_011[] = {
	gsSPClearGeometryMode(G_LIGHTING),
	gsDPPipeSync(),
	gsDPSetCombineLERP(0, 0, 0, SHADE, 0, 0, 0, SHADE, 0, 0, 0, SHADE, 0, 0, 0, SHADE),
	gsDPSetAlphaDither(G_AD_NOISE),
	gsSPTexture(65535, 65535, 0, 0, 1),
	gsSPEndDisplayList(),
};

Gfx mat_revert_castle_grounds_dl_f3dlite_material_011[] = {
	gsSPSetGeometryMode(G_LIGHTING),
	gsDPPipeSync(),
	gsDPSetAlphaDither(G_AD_DISABLE),
	gsSPEndDisplayList(),
};

Gfx mat_castle_grounds_dl_f3dlite_material_012[] = {
	gsSPSetLights1(castle_grounds_dl_f3dlite_material_012_lights),
	gsDPPipeSync(),
	gsDPSetCombineLERP(TEXEL0, 0, SHADE, 0, 0, 0, 0, SHADE, TEXEL0, 0, SHADE, 0, 0, 0, 0, SHADE),
	gsDPSetAlphaDither(G_AD_NOISE),
	gsSPTexture(65535, 65535, 0, 0, 1),
	gsDPSetTextureImage(G_IM_FMT_RGBA, G_IM_SIZ_16b_LOAD_BLOCK, 1, castle_grounds_dl_castle_grounds_textures_0B000_rgba16_rgba16),
	gsDPSetTile(G_IM_FMT_RGBA, G_IM_SIZ_16b_LOAD_BLOCK, 0, 0, 7, 0, G_TX_WRAP | G_TX_NOMIRROR, 0, 0, G_TX_WRAP | G_TX_NOMIRROR, 0, 0),
	gsDPLoadBlock(7, 0, 0, 511, 512),
	gsDPSetTile(G_IM_FMT_RGBA, G_IM_SIZ_16b, 4, 0, 0, 0, G_TX_WRAP | G_TX_NOMIRROR, 4, 0, G_TX_WRAP | G_TX_NOMIRROR, 5, 0),
	gsDPSetTileSize(0, 0, 0, 124, 60),
	gsSPEndDisplayList(),
};

Gfx mat_revert_castle_grounds_dl_f3dlite_material_012[] = {
	gsDPPipeSync(),
	gsDPSetAlphaDither(G_AD_DISABLE),
	gsSPEndDisplayList(),
};

Gfx mat_castle_grounds_dl_f3dlite_material_013[] = {
	gsSPSetLights1(castle_grounds_dl_f3dlite_material_013_lights),
	gsDPPipeSync(),
	gsDPSetCombineLERP(TEXEL0, 0, SHADE, 0, 0, 0, 0, SHADE, TEXEL0, 0, SHADE, 0, 0, 0, 0, SHADE),
	gsDPSetAlphaDither(G_AD_NOISE),
	gsSPTexture(65535, 65535, 0, 0, 1),
	gsDPSetTextureImage(G_IM_FMT_RGBA, G_IM_SIZ_16b_LOAD_BLOCK, 1, castle_grounds_dl_castle_grounds_textures_0B000_rgba16_rgba16),
	gsDPSetTile(G_IM_FMT_RGBA, G_IM_SIZ_16b_LOAD_BLOCK, 0, 0, 7, 0, G_TX_WRAP | G_TX_NOMIRROR, 0, 0, G_TX_WRAP | G_TX_NOMIRROR, 0, 0),
	gsDPLoadBlock(7, 0, 0, 511, 512),
	gsDPSetTile(G_IM_FMT_RGBA, G_IM_SIZ_16b, 4, 0, 0, 0, G_TX_WRAP | G_TX_NOMIRROR, 4, 0, G_TX_WRAP | G_TX_NOMIRROR, 5, 0),
	gsDPSetTileSize(0, 0, 0, 124, 60),
	gsSPEndDisplayList(),
};

Gfx mat_revert_castle_grounds_dl_f3dlite_material_013[] = {
	gsDPPipeSync(),
	gsDPSetAlphaDither(G_AD_DISABLE),
	gsSPEndDisplayList(),
};

Gfx mat_castle_grounds_dl_f3dlite_material_014[] = {
	gsSPSetLights1(castle_grounds_dl_f3dlite_material_014_lights),
	gsDPPipeSync(),
	gsDPSetCombineLERP(TEXEL0, 0, SHADE, 0, 0, 0, 0, SHADE, TEXEL0, 0, SHADE, 0, 0, 0, 0, SHADE),
	gsDPSetAlphaDither(G_AD_NOISE),
	gsSPTexture(65535, 65535, 0, 0, 1),
	gsDPSetTextureImage(G_IM_FMT_RGBA, G_IM_SIZ_16b_LOAD_BLOCK, 1, castle_grounds_dl_castle_grounds_textures_04000_rgba16_rgba16),
	gsDPSetTile(G_IM_FMT_RGBA, G_IM_SIZ_16b_LOAD_BLOCK, 0, 0, 7, 0, G_TX_WRAP | G_TX_NOMIRROR, 0, 0, G_TX_WRAP | G_TX_NOMIRROR, 0, 0),
	gsDPLoadBlock(7, 0, 0, 1023, 256),
	gsDPSetTile(G_IM_FMT_RGBA, G_IM_SIZ_16b, 8, 0, 0, 0, G_TX_WRAP | G_TX_NOMIRROR, 5, 0, G_TX_WRAP | G_TX_NOMIRROR, 5, 0),
	gsDPSetTileSize(0, 0, 0, 124, 124),
	gsSPEndDisplayList(),
};

Gfx mat_revert_castle_grounds_dl_f3dlite_material_014[] = {
	gsDPPipeSync(),
	gsDPSetAlphaDither(G_AD_DISABLE),
	gsSPEndDisplayList(),
};

Gfx mat_castle_grounds_dl_f3dlite_material_015[] = {
	gsSPSetLights1(castle_grounds_dl_f3dlite_material_015_lights),
	gsDPPipeSync(),
	gsDPSetCombineLERP(TEXEL0, 0, SHADE, 0, 0, 0, 0, SHADE, TEXEL0, 0, SHADE, 0, 0, 0, 0, SHADE),
	gsDPSetAlphaDither(G_AD_NOISE),
	gsSPTexture(65535, 65535, 0, 0, 1),
	gsDPSetTextureImage(G_IM_FMT_RGBA, G_IM_SIZ_16b_LOAD_BLOCK, 1, castle_grounds_dl_castle_grounds_textures_08000_rgba16_rgba16),
	gsDPSetTile(G_IM_FMT_RGBA, G_IM_SIZ_16b_LOAD_BLOCK, 0, 0, 7, 0, G_TX_WRAP | G_TX_NOMIRROR, 0, 0, G_TX_WRAP | G_TX_NOMIRROR, 0, 0),
	gsDPLoadBlock(7, 0, 0, 1023, 256),
	gsDPSetTile(G_IM_FMT_RGBA, G_IM_SIZ_16b, 8, 0, 0, 0, G_TX_WRAP | G_TX_NOMIRROR, 5, 0, G_TX_WRAP | G_TX_NOMIRROR, 5, 0),
	gsDPSetTileSize(0, 0, 0, 124, 124),
	gsSPEndDisplayList(),
};

Gfx mat_revert_castle_grounds_dl_f3dlite_material_015[] = {
	gsDPPipeSync(),
	gsDPSetAlphaDither(G_AD_DISABLE),
	gsSPEndDisplayList(),
};

Gfx mat_castle_grounds_dl_f3dlite_material_016[] = {
	gsSPSetLights1(castle_grounds_dl_f3dlite_material_016_lights),
	gsDPPipeSync(),
	gsDPSetCombineLERP(TEXEL0, 0, SHADE, 0, 0, 0, 0, SHADE, TEXEL0, 0, SHADE, 0, 0, 0, 0, SHADE),
	gsDPSetAlphaDither(G_AD_NOISE),
	gsSPTexture(65535, 65535, 0, 0, 1),
	gsDPSetTextureImage(G_IM_FMT_RGBA, G_IM_SIZ_16b_LOAD_BLOCK, 1, castle_grounds_dl_castle_grounds_textures_09000_rgba16_rgba16),
	gsDPSetTile(G_IM_FMT_RGBA, G_IM_SIZ_16b_LOAD_BLOCK, 0, 0, 7, 0, G_TX_WRAP | G_TX_NOMIRROR, 0, 0, G_TX_WRAP | G_TX_NOMIRROR, 0, 0),
	gsDPLoadBlock(7, 0, 0, 1023, 256),
	gsDPSetTile(G_IM_FMT_RGBA, G_IM_SIZ_16b, 8, 0, 0, 0, G_TX_WRAP | G_TX_NOMIRROR, 5, 0, G_TX_WRAP | G_TX_NOMIRROR, 5, 0),
	gsDPSetTileSize(0, 0, 0, 124, 124),
	gsSPEndDisplayList(),
};

Gfx mat_revert_castle_grounds_dl_f3dlite_material_016[] = {
	gsDPPipeSync(),
	gsDPSetAlphaDither(G_AD_DISABLE),
	gsSPEndDisplayList(),
};

Gfx mat_castle_grounds_dl_f3dlite_material_017[] = {
	gsSPSetLights1(castle_grounds_dl_f3dlite_material_017_lights),
	gsDPPipeSync(),
	gsDPSetCombineLERP(TEXEL0, 0, SHADE, 0, 0, 0, 0, SHADE, TEXEL0, 0, SHADE, 0, 0, 0, 0, SHADE),
	gsDPSetAlphaDither(G_AD_NOISE),
	gsSPTexture(65535, 65535, 0, 0, 1),
	gsDPSetTextureImage(G_IM_FMT_RGBA, G_IM_SIZ_16b_LOAD_BLOCK, 1, castle_grounds_dl_castle_grounds_textures_09800_rgba16_rgba16),
	gsDPSetTile(G_IM_FMT_RGBA, G_IM_SIZ_16b_LOAD_BLOCK, 0, 0, 7, 0, G_TX_WRAP | G_TX_NOMIRROR, 0, 0, G_TX_WRAP | G_TX_NOMIRROR, 0, 0),
	gsDPLoadBlock(7, 0, 0, 1023, 256),
	gsDPSetTile(G_IM_FMT_RGBA, G_IM_SIZ_16b, 8, 0, 0, 0, G_TX_WRAP | G_TX_NOMIRROR, 5, 0, G_TX_WRAP | G_TX_NOMIRROR, 5, 0),
	gsDPSetTileSize(0, 0, 0, 124, 124),
	gsSPEndDisplayList(),
};

Gfx mat_revert_castle_grounds_dl_f3dlite_material_017[] = {
	gsDPPipeSync(),
	gsDPSetAlphaDither(G_AD_DISABLE),
	gsSPEndDisplayList(),
};

Gfx mat_castle_grounds_dl_f3dlite_material_018[] = {
	gsSPSetLights1(castle_grounds_dl_f3dlite_material_018_lights),
	gsDPPipeSync(),
	gsDPSetCombineLERP(TEXEL0, 0, SHADE, 0, 0, 0, 0, SHADE, TEXEL0, 0, SHADE, 0, 0, 0, 0, SHADE),
	gsDPSetAlphaDither(G_AD_NOISE),
	gsSPTexture(65535, 65535, 0, 0, 1),
	gsDPSetTextureImage(G_IM_FMT_RGBA, G_IM_SIZ_16b_LOAD_BLOCK, 1, castle_grounds_dl_castle_grounds_textures_09800_rgba16_rgba16),
	gsDPSetTile(G_IM_FMT_RGBA, G_IM_SIZ_16b_LOAD_BLOCK, 0, 0, 7, 0, G_TX_WRAP | G_TX_NOMIRROR, 0, 0, G_TX_WRAP | G_TX_NOMIRROR, 0, 0),
	gsDPLoadBlock(7, 0, 0, 1023, 256),
	gsDPSetTile(G_IM_FMT_RGBA, G_IM_SIZ_16b, 8, 0, 0, 0, G_TX_WRAP | G_TX_NOMIRROR, 5, 0, G_TX_WRAP | G_TX_NOMIRROR, 5, 0),
	gsDPSetTileSize(0, 0, 0, 124, 124),
	gsSPEndDisplayList(),
};

Gfx mat_revert_castle_grounds_dl_f3dlite_material_018[] = {
	gsDPPipeSync(),
	gsDPSetAlphaDither(G_AD_DISABLE),
	gsSPEndDisplayList(),
};

Gfx mat_castle_grounds_dl_f3dlite_material_019[] = {
	gsSPSetLights1(castle_grounds_dl_f3dlite_material_019_lights),
	gsDPPipeSync(),
	gsDPSetCombineLERP(TEXEL0, 0, SHADE, 0, 0, 0, 0, SHADE, TEXEL0, 0, SHADE, 0, 0, 0, 0, SHADE),
	gsDPSetAlphaDither(G_AD_NOISE),
	gsSPTexture(65535, 65535, 0, 0, 1),
	gsDPSetTextureImage(G_IM_FMT_RGBA, G_IM_SIZ_16b_LOAD_BLOCK, 1, castle_grounds_dl_castle_grounds_textures_09800_rgba16_rgba16),
	gsDPSetTile(G_IM_FMT_RGBA, G_IM_SIZ_16b_LOAD_BLOCK, 0, 0, 7, 0, G_TX_WRAP | G_TX_NOMIRROR, 0, 0, G_TX_WRAP | G_TX_NOMIRROR, 0, 0),
	gsDPLoadBlock(7, 0, 0, 1023, 256),
	gsDPSetTile(G_IM_FMT_RGBA, G_IM_SIZ_16b, 8, 0, 0, 0, G_TX_WRAP | G_TX_NOMIRROR, 5, 0, G_TX_WRAP | G_TX_NOMIRROR, 5, 0),
	gsDPSetTileSize(0, 0, 0, 124, 124),
	gsSPEndDisplayList(),
};

Gfx mat_revert_castle_grounds_dl_f3dlite_material_019[] = {
	gsDPPipeSync(),
	gsDPSetAlphaDither(G_AD_DISABLE),
	gsSPEndDisplayList(),
};

Gfx mat_castle_grounds_dl_f3dlite_material_020[] = {
	gsSPSetLights1(castle_grounds_dl_f3dlite_material_020_lights),
	gsDPPipeSync(),
	gsDPSetCombineLERP(TEXEL0, 0, SHADE, 0, 0, 0, 0, SHADE, TEXEL0, 0, SHADE, 0, 0, 0, 0, SHADE),
	gsDPSetAlphaDither(G_AD_NOISE),
	gsSPTexture(65535, 65535, 0, 0, 1),
	gsDPSetTextureImage(G_IM_FMT_RGBA, G_IM_SIZ_16b_LOAD_BLOCK, 1, castle_grounds_dl_castle_grounds_textures_0B400_rgba16_rgba16),
	gsDPSetTile(G_IM_FMT_RGBA, G_IM_SIZ_16b_LOAD_BLOCK, 0, 0, 7, 0, G_TX_WRAP | G_TX_NOMIRROR, 0, 0, G_TX_WRAP | G_TX_NOMIRROR, 0, 0),
	gsDPLoadBlock(7, 0, 0, 1023, 256),
	gsDPSetTile(G_IM_FMT_RGBA, G_IM_SIZ_16b, 8, 0, 0, 0, G_TX_WRAP | G_TX_NOMIRROR, 5, 0, G_TX_WRAP | G_TX_NOMIRROR, 5, 0),
	gsDPSetTileSize(0, 0, 0, 124, 124),
	gsSPEndDisplayList(),
};

Gfx mat_revert_castle_grounds_dl_f3dlite_material_020[] = {
	gsDPPipeSync(),
	gsDPSetAlphaDither(G_AD_DISABLE),
	gsSPEndDisplayList(),
};

Gfx mat_castle_grounds_dl_f3dlite_material_021[] = {
	gsSPSetLights1(castle_grounds_dl_f3dlite_material_021_lights),
	gsDPPipeSync(),
	gsDPSetCombineLERP(TEXEL0, 0, SHADE, 0, 0, 0, 0, SHADE, TEXEL0, 0, SHADE, 0, 0, 0, 0, SHADE),
	gsDPSetAlphaDither(G_AD_NOISE),
	gsSPTexture(65535, 65535, 0, 0, 1),
	gsDPSetTextureImage(G_IM_FMT_RGBA, G_IM_SIZ_16b_LOAD_BLOCK, 1, castle_grounds_dl_castle_grounds_textures_0B400_rgba16_rgba16),
	gsDPSetTile(G_IM_FMT_RGBA, G_IM_SIZ_16b_LOAD_BLOCK, 0, 0, 7, 0, G_TX_WRAP | G_TX_NOMIRROR, 0, 0, G_TX_WRAP | G_TX_NOMIRROR, 0, 0),
	gsDPLoadBlock(7, 0, 0, 1023, 256),
	gsDPSetTile(G_IM_FMT_RGBA, G_IM_SIZ_16b, 8, 0, 0, 0, G_TX_WRAP | G_TX_NOMIRROR, 5, 0, G_TX_WRAP | G_TX_NOMIRROR, 5, 0),
	gsDPSetTileSize(0, 0, 0, 124, 124),
	gsSPEndDisplayList(),
};

Gfx mat_revert_castle_grounds_dl_f3dlite_material_021[] = {
	gsDPPipeSync(),
	gsDPSetAlphaDither(G_AD_DISABLE),
	gsSPEndDisplayList(),
};

Gfx mat_castle_grounds_dl_f3dlite_material_022[] = {
	gsSPSetLights1(castle_grounds_dl_f3dlite_material_022_lights),
	gsDPPipeSync(),
	gsDPSetCombineLERP(TEXEL0, 0, SHADE, 0, 0, 0, 0, SHADE, TEXEL0, 0, SHADE, 0, 0, 0, 0, SHADE),
	gsDPSetAlphaDither(G_AD_NOISE),
	gsSPTexture(65535, 65535, 0, 0, 1),
	gsDPSetTextureImage(G_IM_FMT_RGBA, G_IM_SIZ_16b_LOAD_BLOCK, 1, castle_grounds_dl_castle_grounds_textures_03800_rgba16_rgba16),
	gsDPSetTile(G_IM_FMT_RGBA, G_IM_SIZ_16b_LOAD_BLOCK, 0, 0, 7, 0, G_TX_WRAP | G_TX_NOMIRROR, 0, 0, G_TX_WRAP | G_TX_NOMIRROR, 0, 0),
	gsDPLoadBlock(7, 0, 0, 1023, 256),
	gsDPSetTile(G_IM_FMT_RGBA, G_IM_SIZ_16b, 8, 0, 0, 0, G_TX_WRAP | G_TX_NOMIRROR, 5, 0, G_TX_WRAP | G_TX_NOMIRROR, 5, 0),
	gsDPSetTileSize(0, 0, 0, 124, 124),
	gsSPEndDisplayList(),
};

Gfx mat_revert_castle_grounds_dl_f3dlite_material_022[] = {
	gsDPPipeSync(),
	gsDPSetAlphaDither(G_AD_DISABLE),
	gsSPEndDisplayList(),
};

Gfx mat_castle_grounds_dl_f3dlite_material_023[] = {
	gsSPSetLights1(castle_grounds_dl_f3dlite_material_023_lights),
	gsDPPipeSync(),
	gsDPSetCombineLERP(TEXEL0, 0, SHADE, 0, 0, 0, 0, SHADE, TEXEL0, 0, SHADE, 0, 0, 0, 0, SHADE),
	gsDPSetAlphaDither(G_AD_NOISE),
	gsSPTexture(65535, 65535, 0, 0, 1),
	gsDPSetTextureImage(G_IM_FMT_RGBA, G_IM_SIZ_16b_LOAD_BLOCK, 1, castle_grounds_dl_castle_grounds_textures_02000_rgba16_rgba16),
	gsDPSetTile(G_IM_FMT_RGBA, G_IM_SIZ_16b_LOAD_BLOCK, 0, 0, 7, 0, G_TX_WRAP | G_TX_NOMIRROR, 0, 0, G_TX_WRAP | G_TX_NOMIRROR, 0, 0),
	gsDPLoadBlock(7, 0, 0, 2047, 256),
	gsDPSetTile(G_IM_FMT_RGBA, G_IM_SIZ_16b, 8, 0, 0, 0, G_TX_CLAMP | G_TX_NOMIRROR, 6, 0, G_TX_WRAP | G_TX_NOMIRROR, 5, 0),
	gsDPSetTileSize(0, 0, 0, 124, 252),
	gsSPEndDisplayList(),
};

Gfx mat_revert_castle_grounds_dl_f3dlite_material_023[] = {
	gsDPPipeSync(),
	gsDPSetAlphaDither(G_AD_DISABLE),
	gsSPEndDisplayList(),
};

Gfx mat_castle_grounds_dl_f3dlite_material_024[] = {
	gsSPSetLights1(castle_grounds_dl_f3dlite_material_024_lights),
	gsDPPipeSync(),
	gsDPSetCombineLERP(TEXEL0, 0, SHADE, 0, 0, 0, 0, SHADE, TEXEL0, 0, SHADE, 0, 0, 0, 0, SHADE),
	gsDPSetAlphaDither(G_AD_NOISE),
	gsSPTexture(65535, 65535, 0, 0, 1),
	gsDPSetTextureImage(G_IM_FMT_RGBA, G_IM_SIZ_16b_LOAD_BLOCK, 1, castle_grounds_dl_castle_grounds_textures_02000_rgba16_rgba16),
	gsDPSetTile(G_IM_FMT_RGBA, G_IM_SIZ_16b_LOAD_BLOCK, 0, 0, 7, 0, G_TX_WRAP | G_TX_NOMIRROR, 0, 0, G_TX_WRAP | G_TX_NOMIRROR, 0, 0),
	gsDPLoadBlock(7, 0, 0, 2047, 256),
	gsDPSetTile(G_IM_FMT_RGBA, G_IM_SIZ_16b, 8, 0, 0, 0, G_TX_CLAMP | G_TX_NOMIRROR, 6, 0, G_TX_WRAP | G_TX_NOMIRROR, 5, 0),
	gsDPSetTileSize(0, 0, 0, 124, 252),
	gsSPEndDisplayList(),
};

Gfx mat_revert_castle_grounds_dl_f3dlite_material_024[] = {
	gsDPPipeSync(),
	gsDPSetAlphaDither(G_AD_DISABLE),
	gsSPEndDisplayList(),
};

Gfx mat_castle_grounds_dl_f3dlite_material_025[] = {
	gsSPSetLights1(castle_grounds_dl_f3dlite_material_025_lights),
	gsDPPipeSync(),
	gsDPSetCombineLERP(TEXEL0, 0, SHADE, 0, 0, 0, 0, SHADE, TEXEL0, 0, SHADE, 0, 0, 0, 0, SHADE),
	gsDPSetAlphaDither(G_AD_NOISE),
	gsSPTexture(65535, 65535, 0, 0, 1),
	gsDPSetTextureImage(G_IM_FMT_RGBA, G_IM_SIZ_16b_LOAD_BLOCK, 1, castle_grounds_dl_castle_grounds_textures_02000_rgba16_rgba16),
	gsDPSetTile(G_IM_FMT_RGBA, G_IM_SIZ_16b_LOAD_BLOCK, 0, 0, 7, 0, G_TX_WRAP | G_TX_NOMIRROR, 0, 0, G_TX_WRAP | G_TX_NOMIRROR, 0, 0),
	gsDPLoadBlock(7, 0, 0, 2047, 256),
	gsDPSetTile(G_IM_FMT_RGBA, G_IM_SIZ_16b, 8, 0, 0, 0, G_TX_CLAMP | G_TX_NOMIRROR, 6, 0, G_TX_WRAP | G_TX_NOMIRROR, 5, 0),
	gsDPSetTileSize(0, 0, 0, 124, 252),
	gsSPEndDisplayList(),
};

Gfx mat_revert_castle_grounds_dl_f3dlite_material_025[] = {
	gsDPPipeSync(),
	gsDPSetAlphaDither(G_AD_DISABLE),
	gsSPEndDisplayList(),
};

Gfx mat_castle_grounds_dl_f3dlite_material_026[] = {
	gsSPSetLights1(castle_grounds_dl_f3dlite_material_026_lights),
	gsDPPipeSync(),
	gsDPSetCombineLERP(TEXEL0, 0, SHADE, 0, 0, 0, 0, SHADE, TEXEL0, 0, SHADE, 0, 0, 0, 0, SHADE),
	gsDPSetAlphaDither(G_AD_NOISE),
	gsSPTexture(65535, 65535, 0, 0, 1),
	gsDPSetTextureImage(G_IM_FMT_RGBA, G_IM_SIZ_16b_LOAD_BLOCK, 1, castle_grounds_dl_castle_grounds_textures_02000_rgba16_rgba16),
	gsDPSetTile(G_IM_FMT_RGBA, G_IM_SIZ_16b_LOAD_BLOCK, 0, 0, 7, 0, G_TX_WRAP | G_TX_NOMIRROR, 0, 0, G_TX_WRAP | G_TX_NOMIRROR, 0, 0),
	gsDPLoadBlock(7, 0, 0, 2047, 256),
	gsDPSetTile(G_IM_FMT_RGBA, G_IM_SIZ_16b, 8, 0, 0, 0, G_TX_CLAMP | G_TX_NOMIRROR, 6, 0, G_TX_WRAP | G_TX_NOMIRROR, 5, 0),
	gsDPSetTileSize(0, 0, 0, 124, 252),
	gsSPEndDisplayList(),
};

Gfx mat_revert_castle_grounds_dl_f3dlite_material_026[] = {
	gsDPPipeSync(),
	gsDPSetAlphaDither(G_AD_DISABLE),
	gsSPEndDisplayList(),
};

Gfx mat_castle_grounds_dl_f3dlite_material_027[] = {
	gsSPSetLights1(castle_grounds_dl_f3dlite_material_027_lights),
	gsDPPipeSync(),
	gsDPSetCombineLERP(TEXEL0, 0, SHADE, 0, 0, 0, 0, SHADE, TEXEL0, 0, SHADE, 0, 0, 0, 0, SHADE),
	gsDPSetAlphaDither(G_AD_NOISE),
	gsSPTexture(65535, 65535, 0, 0, 1),
	gsDPSetTextureImage(G_IM_FMT_RGBA, G_IM_SIZ_16b_LOAD_BLOCK, 1, castle_grounds_dl_castle_grounds_textures_02000_rgba16_rgba16),
	gsDPSetTile(G_IM_FMT_RGBA, G_IM_SIZ_16b_LOAD_BLOCK, 0, 0, 7, 0, G_TX_WRAP | G_TX_NOMIRROR, 0, 0, G_TX_WRAP | G_TX_NOMIRROR, 0, 0),
	gsDPLoadBlock(7, 0, 0, 2047, 256),
	gsDPSetTile(G_IM_FMT_RGBA, G_IM_SIZ_16b, 8, 0, 0, 0, G_TX_CLAMP | G_TX_NOMIRROR, 6, 0, G_TX_WRAP | G_TX_NOMIRROR, 5, 0),
	gsDPSetTileSize(0, 0, 0, 124, 252),
	gsSPEndDisplayList(),
};

Gfx mat_revert_castle_grounds_dl_f3dlite_material_027[] = {
	gsDPPipeSync(),
	gsDPSetAlphaDither(G_AD_DISABLE),
	gsSPEndDisplayList(),
};

Gfx mat_castle_grounds_dl_f3dlite_material_028[] = {
	gsSPSetLights1(castle_grounds_dl_f3dlite_material_028_lights),
	gsDPPipeSync(),
	gsDPSetCombineLERP(TEXEL0, 0, SHADE, 0, 0, 0, 0, SHADE, TEXEL0, 0, SHADE, 0, 0, 0, 0, SHADE),
	gsDPSetAlphaDither(G_AD_NOISE),
	gsSPTexture(65535, 65535, 0, 0, 1),
	gsDPSetTextureImage(G_IM_FMT_RGBA, G_IM_SIZ_16b_LOAD_BLOCK, 1, castle_grounds_dl_castle_grounds_textures_02000_rgba16_rgba16),
	gsDPSetTile(G_IM_FMT_RGBA, G_IM_SIZ_16b_LOAD_BLOCK, 0, 0, 7, 0, G_TX_WRAP | G_TX_NOMIRROR, 0, 0, G_TX_WRAP | G_TX_NOMIRROR, 0, 0),
	gsDPLoadBlock(7, 0, 0, 2047, 256),
	gsDPSetTile(G_IM_FMT_RGBA, G_IM_SIZ_16b, 8, 0, 0, 0, G_TX_CLAMP | G_TX_NOMIRROR, 6, 0, G_TX_WRAP | G_TX_NOMIRROR, 5, 0),
	gsDPSetTileSize(0, 0, 0, 124, 252),
	gsSPEndDisplayList(),
};

Gfx mat_revert_castle_grounds_dl_f3dlite_material_028[] = {
	gsDPPipeSync(),
	gsDPSetAlphaDither(G_AD_DISABLE),
	gsSPEndDisplayList(),
};

Gfx mat_castle_grounds_dl_f3dlite_material_029[] = {
	gsSPSetLights1(castle_grounds_dl_f3dlite_material_029_lights),
	gsDPPipeSync(),
	gsDPSetCombineLERP(TEXEL0, 0, SHADE, 0, 0, 0, 0, SHADE, TEXEL0, 0, SHADE, 0, 0, 0, 0, SHADE),
	gsDPSetAlphaDither(G_AD_NOISE),
	gsSPTexture(65535, 65535, 0, 0, 1),
	gsDPSetTextureImage(G_IM_FMT_RGBA, G_IM_SIZ_16b_LOAD_BLOCK, 1, castle_grounds_dl_castle_grounds_textures_02000_rgba16_rgba16),
	gsDPSetTile(G_IM_FMT_RGBA, G_IM_SIZ_16b_LOAD_BLOCK, 0, 0, 7, 0, G_TX_WRAP | G_TX_NOMIRROR, 0, 0, G_TX_WRAP | G_TX_NOMIRROR, 0, 0),
	gsDPLoadBlock(7, 0, 0, 2047, 256),
	gsDPSetTile(G_IM_FMT_RGBA, G_IM_SIZ_16b, 8, 0, 0, 0, G_TX_CLAMP | G_TX_NOMIRROR, 6, 0, G_TX_WRAP | G_TX_NOMIRROR, 5, 0),
	gsDPSetTileSize(0, 0, 0, 124, 252),
	gsSPEndDisplayList(),
};

Gfx mat_revert_castle_grounds_dl_f3dlite_material_029[] = {
	gsDPPipeSync(),
	gsDPSetAlphaDither(G_AD_DISABLE),
	gsSPEndDisplayList(),
};

Gfx mat_castle_grounds_dl_f3dlite_material_030[] = {
	gsSPSetLights1(castle_grounds_dl_f3dlite_material_030_lights),
	gsDPPipeSync(),
	gsDPSetCombineLERP(TEXEL0, 0, SHADE, 0, 0, 0, 0, SHADE, TEXEL0, 0, SHADE, 0, 0, 0, 0, SHADE),
	gsDPSetAlphaDither(G_AD_NOISE),
	gsSPTexture(65535, 65535, 0, 0, 1),
	gsDPSetTextureImage(G_IM_FMT_RGBA, G_IM_SIZ_16b_LOAD_BLOCK, 1, castle_grounds_dl_castle_grounds_textures_04800_rgba16_rgba16),
	gsDPSetTile(G_IM_FMT_RGBA, G_IM_SIZ_16b_LOAD_BLOCK, 0, 0, 7, 0, G_TX_WRAP | G_TX_NOMIRROR, 0, 0, G_TX_WRAP | G_TX_NOMIRROR, 0, 0),
	gsDPLoadBlock(7, 0, 0, 2047, 256),
	gsDPSetTile(G_IM_FMT_RGBA, G_IM_SIZ_16b, 8, 0, 0, 0, G_TX_WRAP | G_TX_NOMIRROR, 6, 0, G_TX_CLAMP | G_TX_NOMIRROR, 5, 0),
	gsDPSetTileSize(0, 0, 0, 124, 252),
	gsSPEndDisplayList(),
};

Gfx mat_revert_castle_grounds_dl_f3dlite_material_030[] = {
	gsDPPipeSync(),
	gsDPSetAlphaDither(G_AD_DISABLE),
	gsSPEndDisplayList(),
};

Gfx mat_castle_grounds_dl_f3dlite_material_031[] = {
	gsSPSetLights1(castle_grounds_dl_f3dlite_material_031_lights),
	gsDPPipeSync(),
	gsDPSetCombineLERP(TEXEL0, 0, SHADE, 0, 0, 0, 0, SHADE, TEXEL0, 0, SHADE, 0, 0, 0, 0, SHADE),
	gsDPSetAlphaDither(G_AD_NOISE),
	gsSPTexture(65535, 65535, 0, 0, 1),
	gsDPSetTextureImage(G_IM_FMT_RGBA, G_IM_SIZ_16b_LOAD_BLOCK, 1, castle_grounds_dl_castle_grounds_textures_06800_rgba16_rgba16),
	gsDPSetTile(G_IM_FMT_RGBA, G_IM_SIZ_16b_LOAD_BLOCK, 0, 0, 7, 0, G_TX_WRAP | G_TX_NOMIRROR, 0, 0, G_TX_WRAP | G_TX_NOMIRROR, 0, 0),
	gsDPLoadBlock(7, 0, 0, 2047, 128),
	gsDPSetTile(G_IM_FMT_RGBA, G_IM_SIZ_16b, 16, 0, 0, 0, G_TX_WRAP | G_TX_NOMIRROR, 5, 0, G_TX_WRAP | G_TX_NOMIRROR, 6, 0),
	gsDPSetTileSize(0, 0, 0, 252, 124),
	gsSPEndDisplayList(),
};

Gfx mat_revert_castle_grounds_dl_f3dlite_material_031[] = {
	gsDPPipeSync(),
	gsDPSetAlphaDither(G_AD_DISABLE),
	gsSPEndDisplayList(),
};

Gfx mat_castle_grounds_dl_f3dlite_material_032[] = {
	gsSPSetLights1(castle_grounds_dl_f3dlite_material_032_lights),
	gsDPPipeSync(),
	gsDPSetCombineLERP(TEXEL0, 0, SHADE, 0, 0, 0, 0, SHADE, TEXEL0, 0, SHADE, 0, 0, 0, 0, SHADE),
	gsDPSetAlphaDither(G_AD_NOISE),
	gsSPTexture(65535, 65535, 0, 0, 1),
	gsDPSetTextureImage(G_IM_FMT_RGBA, G_IM_SIZ_16b_LOAD_BLOCK, 1, castle_grounds_dl_castle_grounds_textures_06800_rgba16_rgba16),
	gsDPSetTile(G_IM_FMT_RGBA, G_IM_SIZ_16b_LOAD_BLOCK, 0, 0, 7, 0, G_TX_WRAP | G_TX_NOMIRROR, 0, 0, G_TX_WRAP | G_TX_NOMIRROR, 0, 0),
	gsDPLoadBlock(7, 0, 0, 2047, 128),
	gsDPSetTile(G_IM_FMT_RGBA, G_IM_SIZ_16b, 16, 0, 0, 0, G_TX_WRAP | G_TX_NOMIRROR, 5, 0, G_TX_WRAP | G_TX_NOMIRROR, 6, 0),
	gsDPSetTileSize(0, 0, 0, 252, 124),
	gsSPEndDisplayList(),
};

Gfx mat_revert_castle_grounds_dl_f3dlite_material_032[] = {
	gsDPPipeSync(),
	gsDPSetAlphaDither(G_AD_DISABLE),
	gsSPEndDisplayList(),
};

Gfx mat_castle_grounds_dl_f3dlite_material_040[] = {
	gsSPClearGeometryMode(G_SHADING_SMOOTH),
	gsSPSetLights1(castle_grounds_dl_f3dlite_material_040_lights),
	gsDPPipeSync(),
	gsDPSetCombineLERP(TEXEL0, 0, SHADE, 0, 0, 0, 0, SHADE, TEXEL0, 0, SHADE, 0, 0, 0, 0, SHADE),
	gsDPSetAlphaDither(G_AD_NOISE),
	gsSPTexture(65535, 65535, 0, 0, 1),
	gsDPSetTextureImage(G_IM_FMT_RGBA, G_IM_SIZ_16b_LOAD_BLOCK, 1, castle_grounds_dl_castle_grounds_textures_04800_rgba16_rgba16),
	gsDPSetTile(G_IM_FMT_RGBA, G_IM_SIZ_16b_LOAD_BLOCK, 0, 0, 7, 0, G_TX_WRAP | G_TX_NOMIRROR, 0, 0, G_TX_WRAP | G_TX_NOMIRROR, 0, 0),
	gsDPLoadBlock(7, 0, 0, 2047, 256),
	gsDPSetTile(G_IM_FMT_RGBA, G_IM_SIZ_16b, 8, 0, 0, 0, G_TX_WRAP | G_TX_NOMIRROR, 6, 0, G_TX_CLAMP | G_TX_NOMIRROR, 5, 0),
	gsDPSetTileSize(0, 0, 0, 124, 252),
	gsSPEndDisplayList(),
};

Gfx mat_revert_castle_grounds_dl_f3dlite_material_040[] = {
	gsSPSetGeometryMode(G_SHADING_SMOOTH),
	gsDPPipeSync(),
	gsDPSetAlphaDither(G_AD_DISABLE),
	gsSPEndDisplayList(),
};

Gfx mat_castle_grounds_dl_f3dlite_material_041[] = {
	gsSPClearGeometryMode(G_SHADING_SMOOTH),
	gsSPSetLights1(castle_grounds_dl_f3dlite_material_041_lights),
	gsDPPipeSync(),
	gsDPSetCombineLERP(TEXEL0, 0, SHADE, 0, 0, 0, 0, SHADE, TEXEL0, 0, SHADE, 0, 0, 0, 0, SHADE),
	gsDPSetAlphaDither(G_AD_NOISE),
	gsSPTexture(65535, 65535, 0, 0, 1),
	gsDPSetTextureImage(G_IM_FMT_RGBA, G_IM_SIZ_16b_LOAD_BLOCK, 1, castle_grounds_dl_castle_grounds_textures_04800_rgba16_rgba16),
	gsDPSetTile(G_IM_FMT_RGBA, G_IM_SIZ_16b_LOAD_BLOCK, 0, 0, 7, 0, G_TX_WRAP | G_TX_NOMIRROR, 0, 0, G_TX_WRAP | G_TX_NOMIRROR, 0, 0),
	gsDPLoadBlock(7, 0, 0, 2047, 256),
	gsDPSetTile(G_IM_FMT_RGBA, G_IM_SIZ_16b, 8, 0, 0, 0, G_TX_WRAP | G_TX_NOMIRROR, 6, 0, G_TX_CLAMP | G_TX_NOMIRROR, 5, 0),
	gsDPSetTileSize(0, 0, 0, 124, 252),
	gsSPEndDisplayList(),
};

Gfx mat_revert_castle_grounds_dl_f3dlite_material_041[] = {
	gsSPSetGeometryMode(G_SHADING_SMOOTH),
	gsDPPipeSync(),
	gsDPSetAlphaDither(G_AD_DISABLE),
	gsSPEndDisplayList(),
};

Gfx mat_castle_grounds_dl_f3dlite_material_042[] = {
	gsSPClearGeometryMode(G_SHADING_SMOOTH),
	gsSPSetLights1(castle_grounds_dl_f3dlite_material_042_lights),
	gsDPPipeSync(),
	gsDPSetCombineLERP(TEXEL0, 0, SHADE, 0, 0, 0, 0, SHADE, TEXEL0, 0, SHADE, 0, 0, 0, 0, SHADE),
	gsDPSetAlphaDither(G_AD_NOISE),
	gsSPTexture(65535, 65535, 0, 0, 1),
	gsDPSetTextureImage(G_IM_FMT_RGBA, G_IM_SIZ_16b_LOAD_BLOCK, 1, castle_grounds_dl_castle_grounds_textures_01000_rgba16_rgba16),
	gsDPSetTile(G_IM_FMT_RGBA, G_IM_SIZ_16b_LOAD_BLOCK, 0, 0, 7, 0, G_TX_WRAP | G_TX_NOMIRROR, 0, 0, G_TX_WRAP | G_TX_NOMIRROR, 0, 0),
	gsDPLoadBlock(7, 0, 0, 2047, 128),
	gsDPSetTile(G_IM_FMT_RGBA, G_IM_SIZ_16b, 16, 0, 0, 0, G_TX_WRAP | G_TX_NOMIRROR, 5, 0, G_TX_WRAP | G_TX_NOMIRROR, 6, 0),
	gsDPSetTileSize(0, 0, 0, 252, 124),
	gsSPEndDisplayList(),
};

Gfx mat_revert_castle_grounds_dl_f3dlite_material_042[] = {
	gsSPSetGeometryMode(G_SHADING_SMOOTH),
	gsDPPipeSync(),
	gsDPSetAlphaDither(G_AD_DISABLE),
	gsSPEndDisplayList(),
};

Gfx mat_castle_grounds_dl_f3dlite_material_043[] = {
	gsSPClearGeometryMode(G_SHADING_SMOOTH),
	gsSPSetLights1(castle_grounds_dl_f3dlite_material_043_lights),
	gsDPPipeSync(),
	gsDPSetCombineLERP(TEXEL0, 0, SHADE, 0, 0, 0, 0, SHADE, TEXEL0, 0, SHADE, 0, 0, 0, 0, SHADE),
	gsDPSetAlphaDither(G_AD_NOISE),
	gsSPTexture(65535, 65535, 0, 0, 1),
	gsDPSetTextureImage(G_IM_FMT_RGBA, G_IM_SIZ_16b_LOAD_BLOCK, 1, castle_grounds_dl_castle_grounds_textures_01000_rgba16_rgba16),
	gsDPSetTile(G_IM_FMT_RGBA, G_IM_SIZ_16b_LOAD_BLOCK, 0, 0, 7, 0, G_TX_WRAP | G_TX_NOMIRROR, 0, 0, G_TX_WRAP | G_TX_NOMIRROR, 0, 0),
	gsDPLoadBlock(7, 0, 0, 2047, 128),
	gsDPSetTile(G_IM_FMT_RGBA, G_IM_SIZ_16b, 16, 0, 0, 0, G_TX_WRAP | G_TX_NOMIRROR, 5, 0, G_TX_WRAP | G_TX_NOMIRROR, 6, 0),
	gsDPSetTileSize(0, 0, 0, 252, 124),
	gsSPEndDisplayList(),
};

Gfx mat_revert_castle_grounds_dl_f3dlite_material_043[] = {
	gsSPSetGeometryMode(G_SHADING_SMOOTH),
	gsDPPipeSync(),
	gsDPSetAlphaDither(G_AD_DISABLE),
	gsSPEndDisplayList(),
};

Gfx mat_castle_grounds_dl_f3dlite_material_044[] = {
	gsSPClearGeometryMode(G_SHADING_SMOOTH),
	gsSPSetLights1(castle_grounds_dl_f3dlite_material_044_lights),
	gsDPPipeSync(),
	gsDPSetCombineLERP(TEXEL0, 0, SHADE, 0, 0, 0, 0, SHADE, TEXEL0, 0, SHADE, 0, 0, 0, 0, SHADE),
	gsDPSetAlphaDither(G_AD_NOISE),
	gsSPTexture(65535, 65535, 0, 0, 1),
	gsDPSetTextureImage(G_IM_FMT_RGBA, G_IM_SIZ_16b_LOAD_BLOCK, 1, castle_grounds_dl_castle_grounds_textures_01000_rgba16_rgba16),
	gsDPSetTile(G_IM_FMT_RGBA, G_IM_SIZ_16b_LOAD_BLOCK, 0, 0, 7, 0, G_TX_WRAP | G_TX_NOMIRROR, 0, 0, G_TX_WRAP | G_TX_NOMIRROR, 0, 0),
	gsDPLoadBlock(7, 0, 0, 2047, 128),
	gsDPSetTile(G_IM_FMT_RGBA, G_IM_SIZ_16b, 16, 0, 0, 0, G_TX_WRAP | G_TX_NOMIRROR, 5, 0, G_TX_WRAP | G_TX_NOMIRROR, 6, 0),
	gsDPSetTileSize(0, 0, 0, 252, 124),
	gsSPEndDisplayList(),
};

Gfx mat_revert_castle_grounds_dl_f3dlite_material_044[] = {
	gsSPSetGeometryMode(G_SHADING_SMOOTH),
	gsDPPipeSync(),
	gsDPSetAlphaDither(G_AD_DISABLE),
	gsSPEndDisplayList(),
};

Gfx mat_castle_grounds_dl_f3dlite_material_045[] = {
	gsSPClearGeometryMode(G_SHADING_SMOOTH),
	gsSPSetLights1(castle_grounds_dl_f3dlite_material_045_lights),
	gsDPPipeSync(),
	gsDPSetCombineLERP(TEXEL0, 0, SHADE, 0, 0, 0, 0, SHADE, TEXEL0, 0, SHADE, 0, 0, 0, 0, SHADE),
	gsDPSetAlphaDither(G_AD_NOISE),
	gsSPTexture(65535, 65535, 0, 0, 1),
	gsDPSetTextureImage(G_IM_FMT_RGBA, G_IM_SIZ_16b_LOAD_BLOCK, 1, castle_grounds_dl_castle_grounds_textures_01000_rgba16_rgba16),
	gsDPSetTile(G_IM_FMT_RGBA, G_IM_SIZ_16b_LOAD_BLOCK, 0, 0, 7, 0, G_TX_WRAP | G_TX_NOMIRROR, 0, 0, G_TX_WRAP | G_TX_NOMIRROR, 0, 0),
	gsDPLoadBlock(7, 0, 0, 2047, 128),
	gsDPSetTile(G_IM_FMT_RGBA, G_IM_SIZ_16b, 16, 0, 0, 0, G_TX_WRAP | G_TX_NOMIRROR, 5, 0, G_TX_WRAP | G_TX_NOMIRROR, 6, 0),
	gsDPSetTileSize(0, 0, 0, 252, 124),
	gsSPEndDisplayList(),
};

Gfx mat_revert_castle_grounds_dl_f3dlite_material_045[] = {
	gsSPSetGeometryMode(G_SHADING_SMOOTH),
	gsDPPipeSync(),
	gsDPSetAlphaDither(G_AD_DISABLE),
	gsSPEndDisplayList(),
};

Gfx mat_castle_grounds_dl_f3dlite_material_038[] = {
	gsSPClearGeometryMode(G_LIGHTING),
	gsDPPipeSync(),
	gsDPSetCombineLERP(TEXEL0, 0, SHADE, 0, 0, 0, 0, SHADE, TEXEL0, 0, SHADE, 0, 0, 0, 0, SHADE),
	gsDPSetAlphaDither(G_AD_NOISE),
	gsSPTexture(65535, 65535, 0, 0, 1),
	gsDPSetTextureImage(G_IM_FMT_RGBA, G_IM_SIZ_16b_LOAD_BLOCK, 1, castle_grounds_dl_castle_grounds_textures_06000_rgba16_rgba16),
	gsDPSetTile(G_IM_FMT_RGBA, G_IM_SIZ_16b_LOAD_BLOCK, 0, 0, 7, 0, G_TX_WRAP | G_TX_NOMIRROR, 0, 0, G_TX_WRAP | G_TX_NOMIRROR, 0, 0),
	gsDPLoadBlock(7, 0, 0, 1023, 256),
	gsDPSetTile(G_IM_FMT_RGBA, G_IM_SIZ_16b, 8, 0, 0, 0, G_TX_CLAMP | G_TX_NOMIRROR, 5, 0, G_TX_CLAMP | G_TX_NOMIRROR, 5, 0),
	gsDPSetTileSize(0, 0, 0, 124, 124),
	gsSPEndDisplayList(),
};

Gfx mat_revert_castle_grounds_dl_f3dlite_material_038[] = {
	gsSPSetGeometryMode(G_LIGHTING),
	gsDPPipeSync(),
	gsDPSetAlphaDither(G_AD_DISABLE),
	gsSPEndDisplayList(),
};

Gfx mat_castle_grounds_dl_f3dlite_material_039[] = {
	gsSPClearGeometryMode(G_LIGHTING),
	gsDPPipeSync(),
	gsDPSetCombineLERP(TEXEL0, 0, SHADE, 0, 0, 0, 0, SHADE, TEXEL0, 0, SHADE, 0, 0, 0, 0, SHADE),
	gsDPSetAlphaDither(G_AD_NOISE),
	gsSPTexture(65535, 65535, 0, 0, 1),
	gsDPSetTextureImage(G_IM_FMT_RGBA, G_IM_SIZ_16b_LOAD_BLOCK, 1, castle_grounds_dl_castle_grounds_textures_03000_rgba16_rgba16),
	gsDPSetTile(G_IM_FMT_RGBA, G_IM_SIZ_16b_LOAD_BLOCK, 0, 0, 7, 0, G_TX_WRAP | G_TX_NOMIRROR, 0, 0, G_TX_WRAP | G_TX_NOMIRROR, 0, 0),
	gsDPLoadBlock(7, 0, 0, 1023, 256),
	gsDPSetTile(G_IM_FMT_RGBA, G_IM_SIZ_16b, 8, 0, 0, 0, G_TX_CLAMP | G_TX_NOMIRROR, 5, 0, G_TX_WRAP | G_TX_NOMIRROR, 5, 0),
	gsDPSetTileSize(0, 0, 0, 124, 124),
	gsSPEndDisplayList(),
};

Gfx mat_revert_castle_grounds_dl_f3dlite_material_039[] = {
	gsSPSetGeometryMode(G_LIGHTING),
	gsDPPipeSync(),
	gsDPSetAlphaDither(G_AD_DISABLE),
	gsSPEndDisplayList(),
};

Gfx mat_castle_grounds_dl_f3dlite_material_084[] = {
	gsSPClearGeometryMode(G_LIGHTING),
	gsDPPipeSync(),
	gsDPSetCombineLERP(TEXEL0, 0, SHADE, 0, TEXEL0, 0, SHADE, 0, TEXEL0, 0, SHADE, 0, TEXEL0, 0, SHADE, 0),
	gsDPSetAlphaDither(G_AD_NOISE),
	gsSPTexture(65535, 65535, 0, 0, 1),
	gsDPSetTextureImage(G_IM_FMT_IA, G_IM_SIZ_16b_LOAD_BLOCK, 1, castle_grounds_dl_castle_grounds_textures_0BC00_ia16_ia16),
	gsDPSetTile(G_IM_FMT_IA, G_IM_SIZ_16b_LOAD_BLOCK, 0, 0, 7, 0, G_TX_WRAP | G_TX_NOMIRROR, 0, 0, G_TX_WRAP | G_TX_NOMIRROR, 0, 0),
	gsDPLoadBlock(7, 0, 0, 1023, 256),
	gsDPSetTile(G_IM_FMT_IA, G_IM_SIZ_16b, 8, 0, 0, 0, G_TX_CLAMP | G_TX_NOMIRROR, 5, 0, G_TX_CLAMP | G_TX_NOMIRROR, 5, 0),
	gsDPSetTileSize(0, 0, 0, 124, 124),
	gsSPEndDisplayList(),
};

Gfx mat_revert_castle_grounds_dl_f3dlite_material_084[] = {
	gsSPSetGeometryMode(G_LIGHTING),
	gsDPPipeSync(),
	gsDPSetAlphaDither(G_AD_DISABLE),
	gsSPEndDisplayList(),
};

Gfx castle_grounds_dl_LAYER_ALPHA_castle_grounds_seg7_dl_0700A860_mesh_001_mesh_layer_4[] = {
	gsSPClearGeometryMode(G_LIGHTING),
	gsSPVertex(castle_grounds_dl_LAYER_ALPHA_castle_grounds_seg7_dl_0700A860_mesh_001_mesh_layer_4_vtx_cull + 0, 8, 0),
	gsSPSetGeometryMode(G_LIGHTING),
	gsSPCullDisplayList(0, 7),
	gsSPDisplayList(mat_castle_grounds_dl_f3dlite_material_083_layer4),
	gsSPDisplayList(castle_grounds_dl_LAYER_ALPHA_castle_grounds_seg7_dl_0700A860_mesh_001_mesh_layer_4_tri_0),
	gsSPDisplayList(mat_revert_castle_grounds_dl_f3dlite_material_083_layer4),
	gsSPEndDisplayList(),
};

Gfx castle_grounds_dl_LAYER_ALPHA_castle_grounds_seg7_dl_0700BA20_mesh_001_mesh_layer_4[] = {
	gsSPClearGeometryMode(G_LIGHTING),
	gsSPVertex(castle_grounds_dl_LAYER_ALPHA_castle_grounds_seg7_dl_0700BA20_mesh_001_mesh_layer_4_vtx_cull + 0, 8, 0),
	gsSPSetGeometryMode(G_LIGHTING),
	gsSPCullDisplayList(0, 7),
	gsSPDisplayList(mat_castle_grounds_dl_f3dlite_material_085_layer4),
	gsSPDisplayList(castle_grounds_dl_LAYER_ALPHA_castle_grounds_seg7_dl_0700BA20_mesh_001_mesh_layer_4_tri_0),
	gsSPDisplayList(mat_revert_castle_grounds_dl_f3dlite_material_085_layer4),
	gsSPDisplayList(mat_castle_grounds_dl_f3dlite_material_086_layer4),
	gsSPDisplayList(castle_grounds_dl_LAYER_ALPHA_castle_grounds_seg7_dl_0700BA20_mesh_001_mesh_layer_4_tri_1),
	gsSPDisplayList(mat_revert_castle_grounds_dl_f3dlite_material_086_layer4),
	gsSPDisplayList(mat_castle_grounds_dl_f3dlite_material_087_layer4),
	gsSPDisplayList(castle_grounds_dl_LAYER_ALPHA_castle_grounds_seg7_dl_0700BA20_mesh_001_mesh_layer_4_tri_2),
	gsSPDisplayList(mat_revert_castle_grounds_dl_f3dlite_material_087_layer4),
	gsSPEndDisplayList(),
};

Gfx castle_grounds_dl_LAYER_ALPHA_castle_grounds_seg7_dl_0700BC68_mesh_mesh_layer_4[] = {
	gsSPClearGeometryMode(G_LIGHTING),
	gsSPVertex(castle_grounds_dl_LAYER_ALPHA_castle_grounds_seg7_dl_0700BC68_mesh_mesh_layer_4_vtx_cull + 0, 8, 0),
	gsSPSetGeometryMode(G_LIGHTING),
	gsSPCullDisplayList(0, 7),
	gsSPDisplayList(mat_castle_grounds_dl_f3dlite_material_050_layer4),
	gsSPDisplayList(castle_grounds_dl_LAYER_ALPHA_castle_grounds_seg7_dl_0700BC68_mesh_mesh_layer_4_tri_0),
	gsSPDisplayList(mat_revert_castle_grounds_dl_f3dlite_material_050_layer4),
	gsSPEndDisplayList(),
};

Gfx castle_grounds_dl_LAYER_OPAQUE_castle_grounds_seg7_dl_07006D70_mesh_mesh_layer_1[] = {
	gsSPClearGeometryMode(G_LIGHTING),
	gsSPVertex(castle_grounds_dl_LAYER_OPAQUE_castle_grounds_seg7_dl_07006D70_mesh_mesh_layer_1_vtx_cull + 0, 8, 0),
	gsSPSetGeometryMode(G_LIGHTING),
	gsSPCullDisplayList(0, 7),
	gsSPDisplayList(mat_castle_grounds_dl_f3dlite_material_001),
	gsSPDisplayList(castle_grounds_dl_LAYER_OPAQUE_castle_grounds_seg7_dl_07006D70_mesh_mesh_layer_1_tri_0),
	gsSPDisplayList(mat_revert_castle_grounds_dl_f3dlite_material_001),
	gsSPDisplayList(mat_castle_grounds_dl_f3dlite_material_002),
	gsSPDisplayList(castle_grounds_dl_LAYER_OPAQUE_castle_grounds_seg7_dl_07006D70_mesh_mesh_layer_1_tri_1),
	gsSPDisplayList(mat_revert_castle_grounds_dl_f3dlite_material_002),
	gsSPDisplayList(mat_castle_grounds_dl_f3dlite_material_003),
	gsSPDisplayList(castle_grounds_dl_LAYER_OPAQUE_castle_grounds_seg7_dl_07006D70_mesh_mesh_layer_1_tri_2),
	gsSPDisplayList(mat_revert_castle_grounds_dl_f3dlite_material_003),
	gsSPDisplayList(mat_castle_grounds_dl_f3dlite_material_004),
	gsSPDisplayList(castle_grounds_dl_LAYER_OPAQUE_castle_grounds_seg7_dl_07006D70_mesh_mesh_layer_1_tri_3),
	gsSPDisplayList(mat_revert_castle_grounds_dl_f3dlite_material_004),
	gsSPDisplayList(mat_castle_grounds_dl_f3dlite_material_005),
	gsSPDisplayList(castle_grounds_dl_LAYER_OPAQUE_castle_grounds_seg7_dl_07006D70_mesh_mesh_layer_1_tri_4),
	gsSPDisplayList(mat_revert_castle_grounds_dl_f3dlite_material_005),
	gsSPDisplayList(mat_castle_grounds_dl_f3dlite_material_006),
	gsSPDisplayList(castle_grounds_dl_LAYER_OPAQUE_castle_grounds_seg7_dl_07006D70_mesh_mesh_layer_1_tri_5),
	gsSPDisplayList(mat_revert_castle_grounds_dl_f3dlite_material_006),
	gsSPDisplayList(mat_castle_grounds_dl_f3dlite_material_007),
	gsSPDisplayList(castle_grounds_dl_LAYER_OPAQUE_castle_grounds_seg7_dl_07006D70_mesh_mesh_layer_1_tri_6),
	gsSPDisplayList(mat_revert_castle_grounds_dl_f3dlite_material_007),
	gsSPDisplayList(mat_castle_grounds_dl_f3dlite_material_008),
	gsSPDisplayList(castle_grounds_dl_LAYER_OPAQUE_castle_grounds_seg7_dl_07006D70_mesh_mesh_layer_1_tri_7),
	gsSPDisplayList(mat_revert_castle_grounds_dl_f3dlite_material_008),
	gsSPDisplayList(mat_castle_grounds_dl_f3dlite_material_009),
	gsSPDisplayList(castle_grounds_dl_LAYER_OPAQUE_castle_grounds_seg7_dl_07006D70_mesh_mesh_layer_1_tri_8),
	gsSPDisplayList(mat_revert_castle_grounds_dl_f3dlite_material_009),
	gsSPDisplayList(mat_castle_grounds_dl_f3dlite_material_010),
	gsSPDisplayList(castle_grounds_dl_LAYER_OPAQUE_castle_grounds_seg7_dl_07006D70_mesh_mesh_layer_1_tri_9),
	gsSPDisplayList(mat_revert_castle_grounds_dl_f3dlite_material_010),
	gsSPDisplayList(mat_castle_grounds_dl_f3dlite_material_011),
	gsSPDisplayList(castle_grounds_dl_LAYER_OPAQUE_castle_grounds_seg7_dl_07006D70_mesh_mesh_layer_1_tri_10),
	gsSPDisplayList(mat_revert_castle_grounds_dl_f3dlite_material_011),
	gsSPEndDisplayList(),
};

Gfx castle_grounds_dl_LAYER_OPAQUE_castle_grounds_seg7_dl_070095F0_mesh_mesh_layer_1[] = {
	gsSPClearGeometryMode(G_LIGHTING),
	gsSPVertex(castle_grounds_dl_LAYER_OPAQUE_castle_grounds_seg7_dl_070095F0_mesh_mesh_layer_1_vtx_cull + 0, 8, 0),
	gsSPSetGeometryMode(G_LIGHTING),
	gsSPCullDisplayList(0, 7),
	gsSPDisplayList(mat_castle_grounds_dl_f3dlite_material_012),
	gsSPDisplayList(castle_grounds_dl_LAYER_OPAQUE_castle_grounds_seg7_dl_070095F0_mesh_mesh_layer_1_tri_0),
	gsSPDisplayList(mat_revert_castle_grounds_dl_f3dlite_material_012),
	gsSPDisplayList(mat_castle_grounds_dl_f3dlite_material_013),
	gsSPDisplayList(castle_grounds_dl_LAYER_OPAQUE_castle_grounds_seg7_dl_070095F0_mesh_mesh_layer_1_tri_1),
	gsSPDisplayList(mat_revert_castle_grounds_dl_f3dlite_material_013),
	gsSPDisplayList(mat_castle_grounds_dl_f3dlite_material_014),
	gsSPDisplayList(castle_grounds_dl_LAYER_OPAQUE_castle_grounds_seg7_dl_070095F0_mesh_mesh_layer_1_tri_2),
	gsSPDisplayList(mat_revert_castle_grounds_dl_f3dlite_material_014),
	gsSPDisplayList(mat_castle_grounds_dl_f3dlite_material_015),
	gsSPDisplayList(castle_grounds_dl_LAYER_OPAQUE_castle_grounds_seg7_dl_070095F0_mesh_mesh_layer_1_tri_3),
	gsSPDisplayList(mat_revert_castle_grounds_dl_f3dlite_material_015),
	gsSPDisplayList(mat_castle_grounds_dl_f3dlite_material_016),
	gsSPDisplayList(castle_grounds_dl_LAYER_OPAQUE_castle_grounds_seg7_dl_070095F0_mesh_mesh_layer_1_tri_4),
	gsSPDisplayList(mat_revert_castle_grounds_dl_f3dlite_material_016),
	gsSPDisplayList(mat_castle_grounds_dl_f3dlite_material_017),
	gsSPDisplayList(castle_grounds_dl_LAYER_OPAQUE_castle_grounds_seg7_dl_070095F0_mesh_mesh_layer_1_tri_5),
	gsSPDisplayList(mat_revert_castle_grounds_dl_f3dlite_material_017),
	gsSPDisplayList(mat_castle_grounds_dl_f3dlite_material_018),
	gsSPDisplayList(castle_grounds_dl_LAYER_OPAQUE_castle_grounds_seg7_dl_070095F0_mesh_mesh_layer_1_tri_6),
	gsSPDisplayList(mat_revert_castle_grounds_dl_f3dlite_material_018),
	gsSPDisplayList(mat_castle_grounds_dl_f3dlite_material_019),
	gsSPDisplayList(castle_grounds_dl_LAYER_OPAQUE_castle_grounds_seg7_dl_070095F0_mesh_mesh_layer_1_tri_7),
	gsSPDisplayList(mat_revert_castle_grounds_dl_f3dlite_material_019),
	gsSPDisplayList(mat_castle_grounds_dl_f3dlite_material_020),
	gsSPDisplayList(castle_grounds_dl_LAYER_OPAQUE_castle_grounds_seg7_dl_070095F0_mesh_mesh_layer_1_tri_8),
	gsSPDisplayList(mat_revert_castle_grounds_dl_f3dlite_material_020),
	gsSPDisplayList(mat_castle_grounds_dl_f3dlite_material_021),
	gsSPDisplayList(castle_grounds_dl_LAYER_OPAQUE_castle_grounds_seg7_dl_070095F0_mesh_mesh_layer_1_tri_9),
	gsSPDisplayList(mat_revert_castle_grounds_dl_f3dlite_material_021),
	gsSPDisplayList(mat_castle_grounds_dl_f3dlite_material_022),
	gsSPDisplayList(castle_grounds_dl_LAYER_OPAQUE_castle_grounds_seg7_dl_070095F0_mesh_mesh_layer_1_tri_10),
	gsSPDisplayList(mat_revert_castle_grounds_dl_f3dlite_material_022),
	gsSPDisplayList(mat_castle_grounds_dl_f3dlite_material_023),
	gsSPDisplayList(castle_grounds_dl_LAYER_OPAQUE_castle_grounds_seg7_dl_070095F0_mesh_mesh_layer_1_tri_11),
	gsSPDisplayList(mat_revert_castle_grounds_dl_f3dlite_material_023),
	gsSPDisplayList(mat_castle_grounds_dl_f3dlite_material_024),
	gsSPDisplayList(castle_grounds_dl_LAYER_OPAQUE_castle_grounds_seg7_dl_070095F0_mesh_mesh_layer_1_tri_12),
	gsSPDisplayList(mat_revert_castle_grounds_dl_f3dlite_material_024),
	gsSPDisplayList(mat_castle_grounds_dl_f3dlite_material_025),
	gsSPDisplayList(castle_grounds_dl_LAYER_OPAQUE_castle_grounds_seg7_dl_070095F0_mesh_mesh_layer_1_tri_13),
	gsSPDisplayList(mat_revert_castle_grounds_dl_f3dlite_material_025),
	gsSPDisplayList(mat_castle_grounds_dl_f3dlite_material_026),
	gsSPDisplayList(castle_grounds_dl_LAYER_OPAQUE_castle_grounds_seg7_dl_070095F0_mesh_mesh_layer_1_tri_14),
	gsSPDisplayList(mat_revert_castle_grounds_dl_f3dlite_material_026),
	gsSPDisplayList(mat_castle_grounds_dl_f3dlite_material_027),
	gsSPDisplayList(castle_grounds_dl_LAYER_OPAQUE_castle_grounds_seg7_dl_070095F0_mesh_mesh_layer_1_tri_15),
	gsSPDisplayList(mat_revert_castle_grounds_dl_f3dlite_material_027),
	gsSPDisplayList(mat_castle_grounds_dl_f3dlite_material_028),
	gsSPDisplayList(castle_grounds_dl_LAYER_OPAQUE_castle_grounds_seg7_dl_070095F0_mesh_mesh_layer_1_tri_16),
	gsSPDisplayList(mat_revert_castle_grounds_dl_f3dlite_material_028),
	gsSPDisplayList(mat_castle_grounds_dl_f3dlite_material_029),
	gsSPDisplayList(castle_grounds_dl_LAYER_OPAQUE_castle_grounds_seg7_dl_070095F0_mesh_mesh_layer_1_tri_17),
	gsSPDisplayList(mat_revert_castle_grounds_dl_f3dlite_material_029),
	gsSPDisplayList(mat_castle_grounds_dl_f3dlite_material_030),
	gsSPDisplayList(castle_grounds_dl_LAYER_OPAQUE_castle_grounds_seg7_dl_070095F0_mesh_mesh_layer_1_tri_18),
	gsSPDisplayList(mat_revert_castle_grounds_dl_f3dlite_material_030),
	gsSPDisplayList(mat_castle_grounds_dl_f3dlite_material_031),
	gsSPDisplayList(castle_grounds_dl_LAYER_OPAQUE_castle_grounds_seg7_dl_070095F0_mesh_mesh_layer_1_tri_19),
	gsSPDisplayList(mat_revert_castle_grounds_dl_f3dlite_material_031),
	gsSPDisplayList(mat_castle_grounds_dl_f3dlite_material_032),
	gsSPDisplayList(castle_grounds_dl_LAYER_OPAQUE_castle_grounds_seg7_dl_070095F0_mesh_mesh_layer_1_tri_20),
	gsSPDisplayList(mat_revert_castle_grounds_dl_f3dlite_material_032),
	gsSPEndDisplayList(),
};

Gfx castle_grounds_dl_LAYER_OPAQUE_castle_grounds_seg7_dl_0700C210_mesh_mesh_layer_1[] = {
	gsSPClearGeometryMode(G_LIGHTING),
	gsSPVertex(castle_grounds_dl_LAYER_OPAQUE_castle_grounds_seg7_dl_0700C210_mesh_mesh_layer_1_vtx_cull + 0, 8, 0),
	gsSPSetGeometryMode(G_LIGHTING),
	gsSPCullDisplayList(0, 7),
	gsSPDisplayList(mat_castle_grounds_dl_f3dlite_material_040),
	gsSPDisplayList(castle_grounds_dl_LAYER_OPAQUE_castle_grounds_seg7_dl_0700C210_mesh_mesh_layer_1_tri_0),
	gsSPDisplayList(mat_revert_castle_grounds_dl_f3dlite_material_040),
	gsSPDisplayList(mat_castle_grounds_dl_f3dlite_material_041),
	gsSPDisplayList(castle_grounds_dl_LAYER_OPAQUE_castle_grounds_seg7_dl_0700C210_mesh_mesh_layer_1_tri_1),
	gsSPDisplayList(mat_revert_castle_grounds_dl_f3dlite_material_041),
	gsSPDisplayList(mat_castle_grounds_dl_f3dlite_material_042),
	gsSPDisplayList(castle_grounds_dl_LAYER_OPAQUE_castle_grounds_seg7_dl_0700C210_mesh_mesh_layer_1_tri_2),
	gsSPDisplayList(mat_revert_castle_grounds_dl_f3dlite_material_042),
	gsSPDisplayList(mat_castle_grounds_dl_f3dlite_material_043),
	gsSPDisplayList(castle_grounds_dl_LAYER_OPAQUE_castle_grounds_seg7_dl_0700C210_mesh_mesh_layer_1_tri_3),
	gsSPDisplayList(mat_revert_castle_grounds_dl_f3dlite_material_043),
	gsSPDisplayList(mat_castle_grounds_dl_f3dlite_material_044),
	gsSPDisplayList(castle_grounds_dl_LAYER_OPAQUE_castle_grounds_seg7_dl_0700C210_mesh_mesh_layer_1_tri_4),
	gsSPDisplayList(mat_revert_castle_grounds_dl_f3dlite_material_044),
	gsSPDisplayList(mat_castle_grounds_dl_f3dlite_material_045),
	gsSPDisplayList(castle_grounds_dl_LAYER_OPAQUE_castle_grounds_seg7_dl_0700C210_mesh_mesh_layer_1_tri_5),
	gsSPDisplayList(mat_revert_castle_grounds_dl_f3dlite_material_045),
	gsSPEndDisplayList(),
};

Gfx castle_grounds_dl_LAYER_OPAQUE_DECAL_castle_grounds_seg7_dl_0700C430_mesh_mesh_layer_2[] = {
	gsSPClearGeometryMode(G_LIGHTING),
	gsSPVertex(castle_grounds_dl_LAYER_OPAQUE_DECAL_castle_grounds_seg7_dl_0700C430_mesh_mesh_layer_2_vtx_cull + 0, 8, 0),
	gsSPSetGeometryMode(G_LIGHTING),
	gsSPCullDisplayList(0, 7),
	gsSPDisplayList(mat_castle_grounds_dl_f3dlite_material_038),
	gsSPDisplayList(castle_grounds_dl_LAYER_OPAQUE_DECAL_castle_grounds_seg7_dl_0700C430_mesh_mesh_layer_2_tri_0),
	gsSPDisplayList(mat_revert_castle_grounds_dl_f3dlite_material_038),
	gsSPDisplayList(mat_castle_grounds_dl_f3dlite_material_039),
	gsSPDisplayList(castle_grounds_dl_LAYER_OPAQUE_DECAL_castle_grounds_seg7_dl_0700C430_mesh_mesh_layer_2_tri_1),
	gsSPDisplayList(mat_revert_castle_grounds_dl_f3dlite_material_039),
	gsSPEndDisplayList(),
};

Gfx castle_grounds_dl_LAYER_TRANSPARENT_DECAL_castle_grounds_seg7_dl_0700B1D0_mes_mesh_layer_6[] = {
	gsSPClearGeometryMode(G_LIGHTING),
	gsSPVertex(castle_grounds_dl_LAYER_TRANSPARENT_DECAL_castle_grounds_seg7_dl_0700B1D0_mes_mesh_layer_6_vtx_cull + 0, 8, 0),
	gsSPSetGeometryMode(G_LIGHTING),
	gsSPCullDisplayList(0, 7),
	gsSPDisplayList(mat_castle_grounds_dl_f3dlite_material_084),
	gsSPDisplayList(castle_grounds_dl_LAYER_TRANSPARENT_DECAL_castle_grounds_seg7_dl_0700B1D0_mes_mesh_layer_6_tri_0),
	gsSPDisplayList(mat_revert_castle_grounds_dl_f3dlite_material_084),
	gsSPEndDisplayList(),
};

Gfx castle_grounds_dl_final_revert_mesh_layer_4[] = {
	gsDPPipeSync(),
	gsSPSetGeometryMode(G_LIGHTING),
	gsSPClearGeometryMode(G_TEXTURE_GEN),
	gsDPSetCombineLERP(0, 0, 0, SHADE, 0, 0, 0, ENVIRONMENT, 0, 0, 0, SHADE, 0, 0, 0, ENVIRONMENT),
	gsSPTexture(65535, 65535, 0, 0, 0),
	gsDPSetEnvColor(255, 255, 255, 255),
	gsDPSetAlphaCompare(G_AC_NONE),
	gsSPEndDisplayList(),
};

Gfx castle_grounds_dl_final_revert_mesh_layer_1[] = {
	gsDPPipeSync(),
	gsSPSetGeometryMode(G_LIGHTING),
	gsSPClearGeometryMode(G_TEXTURE_GEN),
	gsDPSetCombineLERP(0, 0, 0, SHADE, 0, 0, 0, ENVIRONMENT, 0, 0, 0, SHADE, 0, 0, 0, ENVIRONMENT),
	gsSPTexture(65535, 65535, 0, 0, 0),
	gsDPSetEnvColor(255, 255, 255, 255),
	gsDPSetAlphaCompare(G_AC_NONE),
	gsSPEndDisplayList(),
};

Gfx castle_grounds_dl_final_revert_mesh_layer_2[] = {
	gsDPPipeSync(),
	gsSPSetGeometryMode(G_LIGHTING),
	gsSPClearGeometryMode(G_TEXTURE_GEN),
	gsDPSetCombineLERP(0, 0, 0, SHADE, 0, 0, 0, ENVIRONMENT, 0, 0, 0, SHADE, 0, 0, 0, ENVIRONMENT),
	gsSPTexture(65535, 65535, 0, 0, 0),
	gsDPSetEnvColor(255, 255, 255, 255),
	gsDPSetAlphaCompare(G_AC_NONE),
	gsSPEndDisplayList(),
};

Gfx castle_grounds_dl_final_revert_mesh_layer_6[] = {
	gsDPPipeSync(),
	gsSPSetGeometryMode(G_LIGHTING),
	gsSPClearGeometryMode(G_TEXTURE_GEN),
	gsDPSetCombineLERP(0, 0, 0, SHADE, 0, 0, 0, ENVIRONMENT, 0, 0, 0, SHADE, 0, 0, 0, ENVIRONMENT),
	gsSPTexture(65535, 65535, 0, 0, 0),
	gsDPSetEnvColor(255, 255, 255, 255),
	gsDPSetAlphaCompare(G_AC_NONE),
	gsSPEndDisplayList(),
};

