Lights1 bob_dl_f3dlite_material_001_layer1_area1_lights = gdSPDefLights1(
	0x66, 0x66, 0x66,
	0xFF, 0xFF, 0xFF, 0x49, 0x49, 0x49);

Lights1 bob_dl_f3dlite_material_002_layer1_area1_lights = gdSPDefLights1(
	0x66, 0x66, 0x66,
	0xFF, 0xFF, 0xFF, 0x49, 0x49, 0x49);

Lights1 bob_dl_f3dlite_material_003_layer1_area1_lights = gdSPDefLights1(
	0x66, 0x66, 0x66,
	0xFF, 0xFF, 0xFF, 0x49, 0x49, 0x49);

Lights1 bob_dl_f3dlite_material_025_layer1_area1_lights = gdSPDefLights1(
	0x33, 0x33, 0x33,
	0xFF, 0xFF, 0xFF, 0x49, 0x49, 0x49);

Lights1 bob_dl_f3dlite_material_018_layer1_area1_lights = gdSPDefLights1(
	0x33, 0x33, 0x33,
	0xFF, 0xFF, 0xFF, 0x49, 0x49, 0x49);

Lights1 bob_dl_f3dlite_material_019_layer1_area1_lights = gdSPDefLights1(
	0x14, 0x14, 0x14,
	0x64, 0x64, 0x64, 0x49, 0x49, 0x49);

Lights1 bob_dl_f3dlite_material_020_layer1_area1_lights = gdSPDefLights1(
	0x33, 0x33, 0x33,
	0xFF, 0xFF, 0xFF, 0x49, 0x49, 0x49);

Lights1 bob_dl_f3dlite_material_021_layer1_area1_lights = gdSPDefLights1(
	0x33, 0x33, 0x33,
	0xFF, 0xFF, 0xFF, 0x49, 0x49, 0x49);

Lights1 bob_dl_f3dlite_material_022_layer1_area1_lights = gdSPDefLights1(
	0x33, 0x33, 0x33,
	0xFF, 0xFF, 0xFF, 0x49, 0x49, 0x49);

Lights1 bob_dl_f3dlite_material_023_layer1_area1_lights = gdSPDefLights1(
	0x33, 0x33, 0x33,
	0xFF, 0xFF, 0xFF, 0x49, 0x49, 0x49);

Lights1 bob_dl_f3dlite_material_024_layer1_area1_lights = gdSPDefLights1(
	0x33, 0x33, 0x33,
	0xFF, 0xFF, 0xFF, 0x49, 0x49, 0x49);

Lights1 bob_dl_f3dlite_material_004_layer1_area1_lights = gdSPDefLights1(
	0x66, 0x66, 0x66,
	0xFF, 0xFF, 0xFF, 0x49, 0x49, 0x49);

Lights1 bob_dl_f3dlite_material_005_layer1_area1_lights = gdSPDefLights1(
	0x66, 0x66, 0x66,
	0xFF, 0xFF, 0xFF, 0x49, 0x49, 0x49);

Lights1 bob_dl_f3dlite_material_006_layer1_area1_lights = gdSPDefLights1(
	0x66, 0x66, 0x66,
	0xFF, 0xFF, 0xFF, 0x49, 0x49, 0x49);

Lights1 bob_dl_f3dlite_material_007_layer1_area1_lights = gdSPDefLights1(
	0x66, 0x66, 0x66,
	0xFF, 0xFF, 0xFF, 0x49, 0x49, 0x49);

Lights1 bob_dl_f3dlite_material_008_layer1_area1_lights = gdSPDefLights1(
	0x66, 0x66, 0x66,
	0xFF, 0xFF, 0xFF, 0x49, 0x49, 0x49);

Lights1 bob_dl_f3dlite_material_009_layer1_area1_lights = gdSPDefLights1(
	0x66, 0x66, 0x66,
	0xFF, 0xFF, 0xFF, 0x49, 0x49, 0x49);

Lights1 bob_dl_f3dlite_material_010_layer1_area1_lights = gdSPDefLights1(
	0x66, 0x66, 0x66,
	0xFF, 0xFF, 0xFF, 0x49, 0x49, 0x49);

Lights1 bob_dl_f3dlite_material_011_layer1_area1_lights = gdSPDefLights1(
	0x66, 0x66, 0x66,
	0xFF, 0xFF, 0xFF, 0x49, 0x49, 0x49);

Lights1 bob_dl_f3dlite_material_012_layer1_area1_lights = gdSPDefLights1(
	0x66, 0x66, 0x66,
	0xFF, 0xFF, 0xFF, 0x49, 0x49, 0x49);

Lights1 bob_dl_f3dlite_material_013_layer1_area1_lights = gdSPDefLights1(
	0x66, 0x66, 0x66,
	0xFF, 0xFF, 0xFF, 0x49, 0x49, 0x49);

Texture bob_dl_bob_textures_05800_rgba16_ci8[] = {
	0x00, 0x01, 0x02, 0x03, 0x04, 0x05, 0x06, 0x07, 
	0x08, 0x06, 0x09, 0x0a, 0x0b, 0x01, 0x0c, 0x01, 
	0x06, 0x0a, 0x0d, 0x0e, 0x0f, 0x0f, 0x02, 0x0e, 
	0x08, 0x0a, 0x02, 0x10, 0x04, 0x02, 0x0d, 0x11, 
	0x12, 0x0d, 0x06, 0x02, 0x04, 0x13, 0x14, 0x0a, 
	0x0f, 0x15, 0x16, 0x05, 0x0b, 0x13, 0x17, 0x17, 
	0x08, 0x01, 0x01, 0x02, 0x07, 0x0c, 0x18, 0x08, 
	0x13, 0x18, 0x08, 0x0d, 0x06, 0x06, 0x0d, 0x19, 
	0x0d, 0x06, 0x04, 0x0d, 0x01, 0x03, 0x1a, 0x0d, 
	0x1b, 0x16, 0x0d, 0x0a, 0x01, 0x01, 0x03, 0x13, 
	0x13, 0x18, 0x01, 0x03, 0x1c, 0x04, 0x18, 0x06, 
	0x17, 0x07, 0x07, 0x05, 0x02, 0x0a, 0x06, 0x05, 
	0x16, 0x16, 0x06, 0x06, 0x1d, 0x01, 0x0f, 0x06, 
	0x0f, 0x16, 0x0a, 0x06, 0x13, 0x11, 0x1e, 0x1f, 
	0x13, 0x07, 0x20, 0x08, 0x08, 0x21, 0x0c, 0x22, 
	0x13, 0x23, 0x13, 0x24, 0x25, 0x0a, 0x0e, 0x26, 
	0x0a, 0x0a, 0x0a, 0x16, 0x0f, 0x01, 0x0a, 0x0c, 
	0x01, 0x0a, 0x06, 0x18, 0x13, 0x0a, 0x27, 0x13, 
	0x0c, 0x28, 0x04, 0x0d, 0x0a, 0x08, 0x29, 0x0d, 
	0x2a, 0x11, 0x08, 0x04, 0x2b, 0x0e, 0x0f, 0x05, 
	0x0d, 0x0a, 0x0d, 0x16, 0x16, 0x0a, 0x2c, 0x0a, 
	0x01, 0x05, 0x0a, 0x0a, 0x0a, 0x01, 0x03, 0x21, 
	0x2d, 0x0c, 0x0d, 0x05, 0x2e, 0x04, 0x20, 0x18, 
	0x17, 0x20, 0x13, 0x1b, 0x0e, 0x0f, 0x2b, 0x2f, 
	0x0d, 0x02, 0x0a, 0x15, 0x16, 0x0a, 0x01, 0x01, 
	0x01, 0x13, 0x0a, 0x0a, 0x13, 0x01, 0x30, 0x31, 
	0x18, 0x04, 0x0d, 0x32, 0x02, 0x0d, 0x18, 0x06, 
	0x13, 0x08, 0x0c, 0x0d, 0x06, 0x33, 0x0d, 0x0e, 
	0x2f, 0x2f, 0x05, 0x05, 0x0a, 0x0a, 0x07, 0x01, 
	0x01, 0x13, 0x13, 0x13, 0x20, 0x03, 0x05, 0x27, 
	0x20, 0x0a, 0x0d, 0x0a, 0x08, 0x0c, 0x21, 0x07, 
	0x21, 0x04, 0x02, 0x0c, 0x34, 0x0e, 0x06, 0x1b, 
	0x35, 0x0e, 0x0d, 0x05, 0x0a, 0x01, 0x01, 0x0a, 
	0x01, 0x01, 0x01, 0x13, 0x13, 0x13, 0x01, 0x13, 
	0x03, 0x01, 0x02, 0x02, 0x0d, 0x04, 0x21, 0x18, 
	0x1d, 0x2d, 0x02, 0x1b, 0x0e, 0x05, 0x1b, 0x06, 
	0x04, 0x0a, 0x04, 0x36, 0x01, 0x03, 0x01, 0x05, 
	0x0a, 0x03, 0x0a, 0x03, 0x21, 0x03, 0x0a, 0x03, 
	0x18, 0x02, 0x37, 0x16, 0x0d, 0x0c, 0x08, 0x18, 
	0x38, 0x08, 0x0c, 0x2b, 0x05, 0x06, 0x0e, 0x0a, 
	0x01, 0x1a, 0x18, 0x04, 0x01, 0x1f, 0x13, 0x39, 
	0x0a, 0x13, 0x13, 0x0c, 0x0c, 0x13, 0x13, 0x21, 
	0x08, 0x16, 0x0e, 0x0e, 0x0d, 0x06, 0x0c, 0x03, 
	0x20, 0x0e, 0x06, 0x1a, 0x02, 0x06, 0x0d, 0x3a, 
	0x1d, 0x0a, 0x18, 0x02, 0x05, 0x03, 0x03, 0x3b, 
	0x0c, 0x01, 0x0a, 0x0c, 0x03, 0x0a, 0x08, 0x18, 
	0x01, 0x01, 0x02, 0x1a, 0x06, 0x04, 0x02, 0x24, 
	0x01, 0x02, 0x06, 0x0f, 0x06, 0x06, 0x05, 0x0c, 
	0x03, 0x01, 0x07, 0x06, 0x18, 0x02, 0x0c, 0x0a, 
	0x0c, 0x01, 0x01, 0x0c, 0x0c, 0x08, 0x01, 0x18, 
	0x01, 0x14, 0x0d, 0x3c, 0x05, 0x06, 0x02, 0x21, 
	0x01, 0x0a, 0x02, 0x0e, 0x02, 0x02, 0x13, 0x0c, 
	0x05, 0x0a, 0x07, 0x06, 0x2f, 0x01, 0x08, 0x01, 
	0x0c, 0x01, 0x01, 0x06, 0x0d, 0x07, 0x0e, 0x0c, 
	0x0c, 0x16, 0x3d, 0x3e, 0x03, 0x0d, 0x22, 0x3f, 
	0x01, 0x08, 0x06, 0x0a, 0x2f, 0x0a, 0x05, 0x18, 
	0x0a, 0x01, 0x21, 0x2f, 0x07, 0x08, 0x06, 0x01, 
	0x0c, 0x0d, 0x0d, 0x0f, 0x0a, 0x0a, 0x16, 0x0d, 
	0x0d, 0x0d, 0x16, 0x40, 0x0a, 0x16, 0x0a, 0x04, 
	0x02, 0x04, 0x02, 0x06, 0x02, 0x02, 0x05, 0x01, 
	0x0c, 0x18, 0x04, 0x0f, 0x2c, 0x1b, 0x0c, 0x02, 
	0x02, 0x06, 0x06, 0x0f, 0x0d, 0x06, 0x0f, 0x0a, 
	0x0d, 0x06, 0x0d, 0x16, 0x16, 0x02, 0x02, 0x06, 
	0x06, 0x0f, 0x0f, 0x06, 0x02, 0x07, 0x08, 0x13, 
	0x0f, 0x1b, 0x07, 0x07, 0x41, 0x42, 0x1b, 0x1b, 
	0x3a, 0x02, 0x2f, 0x26, 0x43, 0x43, 0x37, 0x26, 
	0x16, 0x0d, 0x16, 0x16, 0x06, 0x02, 0x04, 0x02, 
	0x04, 0x0f, 0x37, 0x0e, 0x0e, 0x0f, 0x02, 0x06, 
	0x19, 0x00, 0x04, 0x04, 0x2f, 0x42, 0x0f, 0x0a, 
	0x1b, 0x06, 0x16, 0x2b, 0x37, 0x37, 0x44, 0x0d, 
	0x16, 0x15, 0x0e, 0x0f, 0x0f, 0x2f, 0x45, 0x06, 
	0x0e, 0x2f, 0x0e, 0x0f, 0x0e, 0x0d, 0x0d, 0x05, 
	0x1b, 0x16, 0x0e, 0x2f, 0x2b, 0x2b, 0x0f, 0x0e, 
	0x01, 0x1b, 0x0f, 0x2b, 0x26, 0x46, 0x47, 0x43, 
	0x16, 0x0f, 0x37, 0x41, 0x16, 0x06, 0x2f, 0x13, 
	0x2f, 0x0e, 0x0f, 0x1b, 0x16, 0x1b, 0x0e, 0x1b, 
	0x0e, 0x2b, 0x0e, 0x45, 0x48, 0x0f, 0x04, 0x0e, 
	0x06, 0x0e, 0x0f, 0x26, 0x16, 0x37, 0x16, 0x0f, 
	0x26, 0x26, 0x43, 0x37, 0x0d, 0x49, 0x01, 0x04, 
	0x4a, 0x2f, 0x16, 0x4b, 0x0e, 0x0f, 0x42, 0x06, 
	0x16, 0x2f, 0x0e, 0x0f, 0x0d, 0x48, 0x07, 0x07, 
	0x02, 0x0e, 0x06, 0x0f, 0x26, 0x4c, 0x32, 0x37, 
	0x37, 0x37, 0x0e, 0x44, 0x0d, 0x4d, 0x06, 0x0e, 
	0x05, 0x0e, 0x1b, 0x16, 0x0f, 0x16, 0x16, 0x0f, 
	0x0f, 0x16, 0x2f, 0x4e, 0x0e, 0x0c, 0x03, 0x23, 
	0x21, 0x08, 0x0d, 0x0d, 0x0f, 0x02, 0x0d, 0x0f, 
	0x26, 0x4f, 0x50, 0x51, 0x26, 0x0e, 0x05, 0x0e, 
	0x41, 0x0d, 0x37, 0x0e, 0x0f, 0x0f, 0x16, 0x2f, 
	0x16, 0x0f, 0x15, 0x43, 0x49, 0x0a, 0x06, 0x03, 
	0x02, 0x07, 0x16, 0x01, 0x16, 0x0d, 0x0f, 0x0f, 
	0x26, 0x52, 0x43, 0x41, 0x16, 0x48, 0x48, 0x16, 
	0x02, 0x0e, 0x0f, 0x2b, 0x16, 0x05, 0x0f, 0x0f, 
	0x0f, 0x0a, 0x53, 0x18, 0x26, 0x54, 0x37, 0x26, 
	0x0e, 0x43, 0x2b, 0x01, 0x01, 0x0a, 0x02, 0x2f, 
	0x1b, 0x24, 0x41, 0x0e, 0x16, 0x01, 0x2f, 0x0f, 
	0x0d, 0x06, 0x06, 0x0f, 0x16, 0x0f, 0x0f, 0x16, 
	0x0f, 0x0d, 0x0a, 0x01, 0x47, 0x16, 0x0f, 0x1a, 
	0x0e, 0x24, 0x0d, 0x02, 0x06, 0x06, 0x06, 0x06, 
	0x01, 0x1b, 0x0e, 0x0f, 0x2f, 0x16, 0x15, 0x48, 
	0x18, 0x04, 0x45, 0x0f, 0x16, 0x16, 0x16, 0x16, 
	0x0e, 0x04, 0x02, 0x0c, 0x0f, 0x16, 0x0f, 0x55, 
	0x56, 0x0d, 0x0d, 0x0d, 0x0d, 0x0a, 0x0a, 0x0f, 
	0x0e, 0x0a, 0x06, 0x0a, 0x0a, 0x42, 0x15, 0x15, 
	0x18, 0x57, 0x06, 0x06, 0x0e, 0x2f, 0x15, 0x0e, 
	0x04, 0x02, 0x24, 0x01, 0x06, 0x1b, 0x0d, 0x08, 
	0x58, 0x01, 0x2d, 0x0f, 0x0a, 0x2f, 0x26, 0x0e, 
	0x0d, 0x0e, 0x2f, 0x59, 0x15, 0x16, 0x5a, 0x15, 
	0x13, 0x00, 0x07, 0x2f, 0x2f, 0x5b, 0x0e, 0x2c, 
	0x1b, 0x05, 0x18, 0x5c, 0x05, 0x5d, 0x2c, 0x0d, 
	0x0c, 0x08, 0x0d, 0x06, 0x06, 0x02, 0x47, 0x37, 
	0x2b, 0x2f, 0x0e, 0x37, 0x5e, 0x48, 0x2b, 0x2b, 
	0x02, 0x04, 0x0c, 0x01, 0x0e, 0x15, 0x0f, 0x3a, 
	0x07, 0x08, 0x01, 0x5f, 0x0d, 0x06, 0x01, 0x04, 
	0x0a, 0x60, 0x18, 0x13, 0x02, 0x2f, 0x06, 0x16, 
	0x0f, 0x0f, 0x0e, 0x05, 0x61, 0x51, 0x0f, 0x04, 
	0x13, 0x53, 0x07, 0x0e, 0x1b, 0x0a, 0x0d, 0x02, 
	0x08, 0x08, 0x0c, 0x60, 0x2f, 0x1b, 0x02, 0x08, 
	0x62, 0x03, 0x07, 0x1c, 0x0d, 0x04, 0x06, 0x08, 
	0x63, 0x64, 0x37, 0x05, 0x0e, 0x43, 0x0e, 0x0e, 
	0x06, 0x18, 0x08, 0x04, 0x08, 0x06, 0x02, 0x04, 
	0x18, 0x08, 0x0c, 0x13, 0x42, 0x3a, 0x18, 0x13, 
	0x08, 0x5c, 0x0c, 0x06, 0x04, 0x45, 0x02, 0x04, 
	0x18, 0x06, 0x06, 0x48, 0x37, 0x0f, 0x0c, 0x2f, 
	0x18, 0x0a, 0x02, 0x0c, 0x02, 0x04, 0x04, 0x02, 
	0x02, 0x07, 0x01, 0x05, 0x0c, 0x0a, 0x04, 0x06, 
	0x08, 0x3a, 0x07, 0x04, 0x0c, 0x06, 0x02, 0x0d, 
	0x02, 0x04, 0x0d, 0x02, 0x06, 0x06, 0x16, 0x0d, 
	0x5c, 0x18, 0x18, 0x06, 0x02, 0x0a, 0x04, 0x06, 
	
};

Texture bob_dl_bob_textures_05800_rgba16_pal_rgba16[] = {
	0x67, 0x81, 0x05, 0x01, 0x05, 0x87, 0x05, 0x83, 
	0x05, 0xc9, 0x04, 0x81, 0x05, 0x45, 0x06, 0x0b, 
	0x05, 0x85, 0x37, 0x59, 0x04, 0xc1, 0x1e, 0x91, 
	0x05, 0x43, 0x05, 0x03, 0x05, 0x89, 0x05, 0x47, 
	0x26, 0xd3, 0x05, 0xc3, 0x5f, 0x41, 0x05, 0x41, 
	0x04, 0x01, 0x04, 0xc3, 0x05, 0x05, 0x05, 0x81, 
	0x05, 0xc7, 0x26, 0x43, 0x04, 0x41, 0x06, 0x0d, 
	0x16, 0x8f, 0x0e, 0x4b, 0x0e, 0x85, 0x05, 0xc1, 
	0x05, 0xc5, 0x06, 0x09, 0x1e, 0xd1, 0x16, 0x4b, 
	0x0e, 0x4d, 0x26, 0xd5, 0x05, 0x49, 0x06, 0x05, 
	0x06, 0x4d, 0x16, 0x8d, 0x06, 0x03, 0x05, 0xcd, 
	0x0e, 0x4f, 0x06, 0x4b, 0x2f, 0x17, 0x05, 0xcb, 
	0x26, 0x81, 0x36, 0xc5, 0x06, 0x0f, 0x37, 0x5b, 
	0x3f, 0x9b, 0x1e, 0xd3, 0x06, 0x4f, 0x05, 0x8b, 
	0x06, 0x49, 0x1e, 0x41, 0x16, 0x91, 0x16, 0x41, 
	0x0d, 0xc1, 0x16, 0x01, 0x4e, 0xc1, 0x3f, 0x59, 
	0x0d, 0x81, 0x16, 0x51, 0x1e, 0x93, 0x05, 0x07, 
	0x05, 0xcf, 0x0e, 0x0d, 0x05, 0x4b, 0x04, 0xc5, 
	0x0e, 0x0f, 0x37, 0x17, 0x0e, 0x51, 0x26, 0x95, 
	0x16, 0x53, 0x3f, 0x19, 0x26, 0x97, 0x05, 0x8f, 
	0x04, 0x43, 0x05, 0x8d, 0x05, 0x09, 0x16, 0x4f, 
	0x0e, 0x11, 0x1e, 0x49, 0x1e, 0x01, 0x2e, 0x85, 
	0x26, 0x41, 0x2e, 0xd7, 0x0d, 0xcf, 0x26, 0xd7, 
	0x06, 0x07, 0x4f, 0xdf, 0x57, 0xe1, 0x16, 0x8b, 
	0x1e, 0xcd, 0x36, 0xd9, 0x16, 0x4d, 0x1e, 0x03, 
	0x47, 0x0b, 
};

Texture bob_dl_bob_textures_09800_rgba16_rgba16[] = {
	0x06, 0x41, 0x5e, 0x4d, 0xb4, 0x9b, 0x9b, 0xd3, 
	0x72, 0x47, 0x6a, 0x09, 0x6a, 0x49, 0x82, 0xcd, 
	0x83, 0x0d, 0x7a, 0xcd, 0x7a, 0xcb, 0x59, 0x81, 
	0x61, 0xc5, 0x6a, 0x49, 0x72, 0x8d, 0x62, 0x0b, 
	0x10, 0x01, 0x18, 0x01, 0x39, 0x03, 0x59, 0x85, 
	0x51, 0x83, 0x72, 0x89, 0x83, 0x0d, 0x9b, 0xd5, 
	0x8b, 0x51, 0x9b, 0x93, 0x7a, 0x8b, 0x3d, 0x45, 
	0x05, 0x01, 0x06, 0x41, 0x1e, 0xc5, 0x05, 0xc1, 
	0x06, 0x41, 0x2e, 0xc5, 0x9b, 0xd5, 0x9b, 0xd3, 
	0x49, 0x01, 0x49, 0x41, 0x59, 0xc5, 0x72, 0x8b, 
	0x6a, 0x8b, 0x72, 0x8b, 0x83, 0x0f, 0x51, 0x41, 
	0x49, 0x01, 0x49, 0x41, 0x72, 0x8b, 0x72, 0xcd, 
	0x30, 0x81, 0x41, 0x01, 0x49, 0x45, 0x59, 0xc5, 
	0x59, 0xc5, 0x83, 0x0d, 0x8b, 0x4f, 0x8b, 0x51, 
	0xa3, 0xd5, 0xac, 0x17, 0x62, 0x05, 0x72, 0x49, 
	0x3d, 0x05, 0x26, 0x45, 0x05, 0x81, 0x3d, 0x4f, 
	0x05, 0x01, 0x56, 0x0d, 0xac, 0x59, 0x83, 0x0d, 
	0x30, 0x41, 0x40, 0xc1, 0x41, 0x01, 0x51, 0x43, 
	0x49, 0x41, 0x49, 0x41, 0x51, 0x83, 0x40, 0xc1, 
	0x59, 0x81, 0x30, 0x81, 0x41, 0x01, 0x38, 0xc1, 
	0x62, 0x05, 0x51, 0x81, 0x59, 0xc7, 0x6a, 0x47, 
	0x62, 0x07, 0x93, 0x4f, 0x9b, 0x93, 0x9b, 0x93, 
	0x8b, 0x4f, 0x7a, 0xcd, 0x41, 0x01, 0x6a, 0x47, 
	0x35, 0x03, 0x35, 0x07, 0x05, 0x81, 0x1e, 0x87, 
	0x07, 0xc1, 0x16, 0xc1, 0x2c, 0xc3, 0x59, 0xc5, 
	0x40, 0xc3, 0x82, 0xcd, 0x72, 0x89, 0xa4, 0x17, 
	0x83, 0x0d, 0x62, 0x07, 0x30, 0x41, 0x30, 0x41, 
	0x59, 0xc3, 0x49, 0x01, 0x51, 0x81, 0x38, 0xc1, 
	0x59, 0xc3, 0x49, 0x01, 0x62, 0x07, 0x72, 0x49, 
	0x83, 0x0d, 0x8b, 0x4f, 0x8b, 0x0f, 0x8b, 0x4f, 
	0x72, 0x89, 0x59, 0x83, 0x42, 0x83, 0x53, 0x87, 
	0x4b, 0xc7, 0x26, 0x07, 0x26, 0x45, 0x0f, 0x81, 
	0x05, 0x01, 0x3c, 0x83, 0x35, 0x03, 0x2c, 0xc3, 
	0x9b, 0x93, 0x7a, 0xcb, 0x8b, 0x51, 0x93, 0x91, 
	0x8b, 0x0d, 0x72, 0x89, 0x51, 0x41, 0x49, 0x01, 
	0x51, 0x83, 0x6a, 0x47, 0x83, 0x0b, 0x83, 0x0d, 
	0x51, 0x41, 0x61, 0xc5, 0x62, 0x09, 0x6a, 0x07, 
	0x83, 0x0f, 0x93, 0x4f, 0x82, 0xcb, 0x7a, 0xcb, 
	0x6a, 0x09, 0x51, 0x85, 0x51, 0x43, 0x72, 0x49, 
	0x9b, 0xd3, 0x2d, 0x45, 0x2d, 0x85, 0x06, 0x01, 
	0x16, 0xc3, 0x4b, 0x85, 0x6a, 0x47, 0x51, 0x85, 
	0xac, 0x57, 0x93, 0x91, 0x9b, 0x91, 0x93, 0x4f, 
	0x72, 0x49, 0x38, 0x81, 0x38, 0x81, 0x72, 0x49, 
	0x6a, 0x49, 0x6a, 0x07, 0x6a, 0x47, 0x93, 0x91, 
	0x62, 0x05, 0x8b, 0x51, 0x7a, 0x8b, 0x62, 0x07, 
	0x59, 0xc5, 0x8b, 0x4f, 0x6a, 0x49, 0x59, 0x83, 
	0x38, 0xc1, 0x20, 0x01, 0x59, 0xc5, 0xc4, 0xdd, 
	0x9b, 0xd5, 0x62, 0x07, 0x3c, 0x85, 0x04, 0x01, 
	0x03, 0x01, 0x5a, 0xc5, 0x51, 0x83, 0x49, 0x03, 
	0xa3, 0xd3, 0x93, 0x4f, 0x72, 0x47, 0x72, 0x47, 
	0x61, 0xc5, 0x51, 0x41, 0x59, 0x85, 0x62, 0x07, 
	0x51, 0x83, 0x6a, 0x07, 0x72, 0x89, 0x7a, 0x8b, 
	0x6a, 0x47, 0x9b, 0xd3, 0x93, 0x91, 0x6a, 0x07, 
	0x51, 0x87, 0x59, 0xc5, 0x49, 0x41, 0x38, 0x81, 
	0x40, 0xc1, 0x51, 0x41, 0x8b, 0x51, 0xb4, 0x9b, 
	0x8b, 0x95, 0x72, 0x8b, 0x0b, 0x41, 0x2d, 0xc5, 
	0x2d, 0xc7, 0x45, 0x11, 0x62, 0x07, 0x40, 0xc1, 
	0x30, 0x41, 0x40, 0xc1, 0x6a, 0x07, 0x61, 0xc5, 
	0x6a, 0x49, 0x72, 0x8b, 0x6a, 0x47, 0x62, 0x07, 
	0x62, 0x07, 0x72, 0x89, 0x83, 0x0d, 0x62, 0x05, 
	0x51, 0x41, 0x9b, 0xd5, 0x6a, 0x09, 0x41, 0x03, 
	0x6a, 0x09, 0x7b, 0x0f, 0x51, 0x41, 0x41, 0x03, 
	0x72, 0x89, 0x93, 0x93, 0xa4, 0x17, 0xa4, 0x59, 
	0x93, 0xd7, 0x6a, 0x8b, 0x4d, 0xcd, 0x26, 0xc5, 
	0x04, 0x01, 0x35, 0xcd, 0x35, 0x03, 0x38, 0x81, 
	0x38, 0x81, 0x72, 0x47, 0x9b, 0x8d, 0x7a, 0x45, 
	0x61, 0xc3, 0x6a, 0x05, 0x72, 0x87, 0x82, 0xcb, 
	0x59, 0xc5, 0x59, 0xc5, 0x49, 0x41, 0x30, 0x81, 
	0x62, 0x07, 0x72, 0x89, 0x7a, 0xcd, 0x40, 0xc3, 
	0x72, 0x8b, 0x7a, 0xcd, 0x59, 0xc5, 0x59, 0x87, 
	0x93, 0x91, 0xac, 0x57, 0xac, 0x5b, 0xb4, 0x9d, 
	0x83, 0x53, 0x59, 0xc7, 0x45, 0x89, 0x2c, 0xc3, 
	0x03, 0xc1, 0x05, 0xc1, 0x06, 0x41, 0x1c, 0x41, 
	0x8b, 0x0d, 0xa3, 0xd1, 0x8b, 0x0b, 0x72, 0x47, 
	0x6a, 0x05, 0x82, 0xc9, 0x9b, 0x8b, 0x61, 0xc3, 
	0x51, 0x83, 0x38, 0xc1, 0x30, 0x41, 0x30, 0x41, 
	0x38, 0xc1, 0x41, 0x03, 0x38, 0xc1, 0x28, 0x41, 
	0x83, 0x0f, 0x72, 0x8b, 0x62, 0x07, 0x62, 0x07, 
	0x6a, 0x49, 0xac, 0x57, 0xa4, 0x15, 0x93, 0xd5, 
	0x6a, 0x4b, 0x59, 0xc7, 0x07, 0xc1, 0x16, 0x41, 
	0x05, 0xc1, 0x05, 0x01, 0x4d, 0x89, 0x7a, 0xcd, 
	0x7a, 0x89, 0x9b, 0x8f, 0x7a, 0x89, 0x6a, 0x45, 
	0x6a, 0x05, 0x61, 0xc1, 0x38, 0x81, 0x59, 0x81, 
	0x49, 0x41, 0x49, 0x01, 0x38, 0xc1, 0x51, 0x41, 
	0x49, 0x05, 0x38, 0x83, 0x28, 0x01, 0x28, 0x41, 
	0x62, 0x07, 0x6a, 0x49, 0x6a, 0x49, 0x59, 0x83, 
	0x59, 0x85, 0xa3, 0xd5, 0x8b, 0x0f, 0x72, 0x8b, 
	0x62, 0x07, 0x41, 0x01, 0x1c, 0xc1, 0x33, 0xc3, 
	0x13, 0x81, 0x54, 0xc9, 0x93, 0x51, 0x72, 0x8b, 
	0x7a, 0xcd, 0x62, 0x05, 0x59, 0x81, 0x51, 0x81, 
	0x30, 0x41, 0x51, 0x81, 0x61, 0xc5, 0x6a, 0x07, 
	0x49, 0x01, 0x30, 0x41, 0x30, 0x41, 0x59, 0xc3, 
	0x6a, 0x09, 0x51, 0x87, 0x28, 0x01, 0x38, 0x81, 
	0x59, 0x83, 0x6a, 0x47, 0x6a, 0x07, 0x61, 0xc5, 
	0x49, 0x03, 0x49, 0x03, 0x51, 0x83, 0x51, 0x83, 
	0x49, 0x41, 0x1d, 0x41, 0x06, 0x41, 0x25, 0x43, 
	0x35, 0xc5, 0x7a, 0x8b, 0x7a, 0x8d, 0x62, 0x07, 
	0x59, 0xc5, 0x59, 0x83, 0x40, 0xc1, 0x40, 0xc1, 
	0x6a, 0x07, 0x8b, 0x4f, 0x83, 0x0d, 0x61, 0xc5, 
	0x49, 0x01, 0x7a, 0x8b, 0x61, 0xc5, 0x51, 0x41, 
	0x6a, 0x4b, 0x62, 0x07, 0x30, 0x81, 0x59, 0x83, 
	0x59, 0x83, 0x51, 0x41, 0x51, 0x83, 0x61, 0xc5, 
	0x30, 0x81, 0x30, 0x41, 0x28, 0x01, 0x22, 0x41, 
	0x22, 0xc1, 0x1d, 0x41, 0x1d, 0x03, 0x0e, 0x81, 
	0x0f, 0x41, 0x3d, 0x45, 0x18, 0x01, 0x38, 0xc1, 
	0x49, 0x41, 0x51, 0x41, 0x49, 0x01, 0x83, 0x0f, 
	0x83, 0x0f, 0x7a, 0x8b, 0x83, 0x0d, 0x8b, 0x0f, 
	0x7a, 0x8b, 0x7a, 0x8b, 0x49, 0x01, 0x62, 0x05, 
	0x83, 0x0f, 0x51, 0x41, 0x40, 0xc1, 0x59, 0x83, 
	0x62, 0x05, 0x51, 0x81, 0x51, 0x41, 0x49, 0x01, 
	0x30, 0x81, 0x49, 0x01, 0x49, 0x01, 0x61, 0xc5, 
	0x51, 0x83, 0x24, 0x81, 0x16, 0x41, 0x07, 0xc1, 
	0x05, 0x01, 0x42, 0xc1, 0x2c, 0x81, 0x24, 0x41, 
	0x62, 0x07, 0x83, 0x0d, 0x83, 0x0f, 0x83, 0x0f, 
	0x6a, 0x49, 0x6a, 0x05, 0x7a, 0xcd, 0x83, 0x0f, 
	0x93, 0x93, 0x59, 0xc5, 0x49, 0x41, 0x7a, 0xcb, 
	0x6a, 0x49, 0x41, 0x01, 0x49, 0x41, 0x59, 0x83, 
	0x59, 0xc5, 0x59, 0x83, 0x51, 0x41, 0x30, 0x81, 
	0x61, 0xc5, 0x82, 0xcd, 0x7a, 0xcb, 0x93, 0x91, 
	0xb4, 0x99, 0xbc, 0x9b, 0x94, 0x1b, 0x4e, 0x0d, 
	0x16, 0x41, 0x25, 0x41, 0x04, 0x81, 0x06, 0x41, 
	0x56, 0x0b, 0xa4, 0x17, 0x49, 0x45, 0x40, 0xc3, 
	0x72, 0x89, 0x6a, 0x47, 0x51, 0x87, 0x6a, 0x4b, 
	0x59, 0xc7, 0x62, 0x07, 0x61, 0xc5, 0x51, 0x81, 
	0x40, 0xc1, 0x49, 0x01, 0x59, 0xc3, 0x59, 0x81, 
	0x51, 0x83, 0x59, 0xc5, 0x49, 0x01, 0x59, 0x81, 
	0x72, 0x89, 0x82, 0xcd, 0xa4, 0x15, 0x9b, 0x91, 
	0xa4, 0x15, 0xa4, 0x19, 0x8b, 0xdb, 0x56, 0x0d, 
	0x04, 0x81, 0x0e, 0xc1, 0x02, 0xc1, 0x24, 0x81, 
	0x49, 0x03, 0x59, 0xc3, 0x20, 0x01, 0x30, 0x41, 
	0x49, 0x01, 0x49, 0x03, 0x28, 0x41, 0x51, 0x45, 
	0x49, 0x45, 0x38, 0xc1, 0x40, 0xc1, 0x6a, 0x47, 
	0x9c, 0x19, 0x51, 0x83, 0x38, 0xc1, 0x51, 0x83, 
	0x40, 0xc1, 0x72, 0x8b, 0x9b, 0xd7, 0x7a, 0xcf, 
	0x83, 0x0f, 0x51, 0x83, 0x83, 0x0f, 0x83, 0x11, 
	0x6a, 0x49, 0xa4, 0x19, 0x75, 0x13, 0x07, 0xc1, 
	0x06, 0x41, 0x24, 0x81, 0x41, 0x03, 0x51, 0x47, 
	0x28, 0x41, 0x28, 0x01, 0x40, 0xc1, 0x49, 0x01, 
	0x40, 0xc1, 0x20, 0x01, 0x59, 0x83, 0x72, 0x89, 
	0x59, 0xc5, 0x72, 0x8b, 0x30, 0x41, 0x38, 0x81, 
	0x51, 0x83, 0x30, 0x81, 0x59, 0x81, 0x49, 0x01, 
	0x38, 0x81, 0x59, 0xc9, 0x83, 0x51, 0x93, 0x93, 
	0x7a, 0xcd, 0x6a, 0x49, 0x83, 0x0f, 0x59, 0xc5, 
	0x51, 0x83, 0x72, 0x8b, 0x64, 0xcf, 0x45, 0xcb, 
	0x45, 0x07, 0x3c, 0x05, 0x72, 0x47, 0x40, 0xc1, 
	0x40, 0xc1, 0x72, 0x45, 0x6a, 0x05, 0x7a, 0x89, 
	0x41, 0x01, 0x38, 0xc1, 0x6a, 0x49, 0x62, 0x07, 
	0x51, 0x85, 0x51, 0x85, 0x18, 0x01, 0x49, 0x01, 
	0x59, 0xc5, 0x30, 0x81, 0x38, 0xc1, 0x40, 0xc1, 
	0x40, 0xc1, 0x8b, 0x53, 0x93, 0x95, 0xa4, 0x19, 
	0x7b, 0x0f, 0x72, 0x8d, 0x51, 0x81, 0x40, 0xc1, 
	0x59, 0xc5, 0x7a, 0xcd, 0x05, 0xc1, 0x45, 0x89, 
	0x04, 0xc1, 0xa3, 0xd3, 0x8b, 0x0d, 0x40, 0xc1, 
	0x38, 0x81, 0x69, 0xc1, 0x69, 0xc1, 0x93, 0x0d, 
	0x61, 0xc5, 0x59, 0xc5, 0x6a, 0x09, 0x59, 0xc5, 
	0x59, 0xc5, 0x49, 0x41, 0x20, 0x01, 0x59, 0x81, 
	0x62, 0x07, 0x51, 0x83, 0x62, 0x4b, 0x6a, 0x49, 
	0x59, 0xc5, 0x6a, 0x49, 0x83, 0x51, 0x59, 0xc5, 
	0x51, 0x83, 0x51, 0x41, 0x62, 0x07, 0x62, 0x05, 
	0x5b, 0x07, 0x16, 0x41, 0x0b, 0xc1, 0x3e, 0x09, 
	0x1f, 0x03, 0x7c, 0xcf, 0x51, 0x41, 0x20, 0x01, 
	0x30, 0x81, 0x72, 0x03, 0xab, 0x8d, 0x8b, 0x0b, 
	0x59, 0x83, 0x49, 0x41, 0x59, 0x83, 0x62, 0x07, 
	0x40, 0xc1, 0x20, 0x01, 0x6a, 0x47, 0x72, 0x47, 
	0x59, 0x83, 0x61, 0xc5, 0x72, 0x8b, 0x59, 0xc3, 
	0x49, 0x41, 0x49, 0x41, 0x38, 0xc1, 0x20, 0x01, 
	0x28, 0x01, 0x6a, 0x49, 0x7a, 0x8b, 0x5c, 0x09, 
	0x4c, 0x07, 0x3d, 0x45, 0x04, 0xc1, 0x06, 0x41, 
	0x46, 0x49, 0x45, 0x4f, 0x38, 0xc1, 0x59, 0x83, 
	0x49, 0x01, 0x38, 0x81, 0x7a, 0x45, 0x93, 0x0b, 
	0x49, 0x01, 0x20, 0x01, 0x28, 0x01, 0x18, 0x01, 
	0x28, 0x01, 0x62, 0x05, 0x6a, 0x07, 0x51, 0x41, 
	0x62, 0x05, 0x40, 0xc1, 0x51, 0x81, 0x51, 0x81, 
	0x51, 0x81, 0x38, 0xc1, 0x59, 0x81, 0x82, 0xc9, 
	0x6a, 0x47, 0x7a, 0xcd, 0x72, 0x89, 0x6a, 0x47, 
	0x3d, 0x03, 0x2d, 0xc3, 0x2c, 0xc5, 0x06, 0x41, 
	0x2d, 0x45, 0x52, 0x05, 0x51, 0x85, 0xa4, 0x17, 
	0x6a, 0x49, 0x38, 0x81, 0x28, 0x01, 0x28, 0x01, 
	0x20, 0x01, 0x28, 0x01, 0x30, 0x41, 0x61, 0xc5, 
	0x82, 0xcb, 0x82, 0xcb, 0x51, 0x83, 0x10, 0x01, 
	0x59, 0xc3, 0x49, 0x01, 0x41, 0x01, 0x51, 0x81, 
	0x40, 0xc1, 0x83, 0x0b, 0xa3, 0xcf, 0x82, 0xc9, 
	0x82, 0xcd, 0x93, 0x93, 0x72, 0x49, 0x59, 0x81, 
	0x59, 0xc5, 0x1c, 0x01, 0x26, 0x47, 0x06, 0x41, 
	0x43, 0x45, 0x3d, 0xc9, 0x5c, 0xcd, 0x4d, 0x09, 
	0x59, 0xc5, 0x61, 0xc5, 0x38, 0x81, 0x30, 0x81, 
	0x49, 0x01, 0x41, 0x01, 0x72, 0x8b, 0x7a, 0xcb, 
	0x7a, 0xcb, 0x82, 0xcb, 0x72, 0x89, 0x20, 0x01, 
	0x72, 0x47, 0x59, 0x81, 0x20, 0x01, 0x28, 0x01, 
	0x20, 0x01, 0x7a, 0x87, 0x82, 0xcb, 0x61, 0xc3, 
	0x61, 0xc5, 0x8b, 0x51, 0x49, 0x01, 0x30, 0x41, 
	0x30, 0x41, 0x20, 0x01, 0x14, 0x01, 0x04, 0x41, 
	0x2e, 0x47, 0x05, 0xc1, 0x1e, 0x43, 0x25, 0x43, 
	0x25, 0x43, 0x33, 0x01, 0x6a, 0x07, 0x82, 0xcb, 
	0x51, 0x41, 0x40, 0xc1, 0x7a, 0xcd, 0x72, 0x89, 
	0x72, 0x89, 0x82, 0xcb, 0x72, 0x89, 0x62, 0x05, 
	0x8b, 0x0d, 0x40, 0xc1, 0x51, 0x81, 0x62, 0x07, 
	0x20, 0x01, 0x40, 0xc1, 0x51, 0x41, 0x38, 0x81, 
	0x51, 0x81, 0x72, 0x89, 0x28, 0x01, 0x82, 0xcd, 
	0x93, 0x93, 0x61, 0xc5, 0x3c, 0x85, 0x06, 0x41, 
	0x36, 0x05, 0x04, 0x01, 0x16, 0x01, 0x1d, 0x43, 
	0x33, 0x43, 0x59, 0x83, 0x8b, 0x0d, 0x83, 0x0d, 
	0x6a, 0x49, 0x30, 0x81, 0x59, 0xc3, 0x62, 0x05, 
	0x7a, 0xcb, 0x7a, 0xcb, 0x8b, 0x0d, 0x41, 0x01, 
	0x49, 0x41, 0x28, 0x41, 0x59, 0xc3, 0x41, 0x01, 
	0x49, 0x01, 0x20, 0x01, 0x20, 0x01, 0x51, 0x81, 
	0x51, 0x81, 0x83, 0x0d, 0x72, 0x49, 0xa3, 0xd5, 
	0x72, 0x8b, 0x72, 0x8b, 0x16, 0x41, 0x06, 0x41, 
	0x36, 0x07, 0x64, 0xcb, 0x74, 0x8f, 0x4b, 0x45, 
	0x4a, 0x45, 0x7a, 0x8b, 0x51, 0x41, 0x6a, 0x07, 
	0x62, 0x05, 0x30, 0x41, 0x59, 0xc3, 0x38, 0x81, 
	0x49, 0x41, 0x83, 0x0d, 0x93, 0x91, 0x49, 0x01, 
	0x20, 0x01, 0x62, 0x07, 0x59, 0xc5, 0x72, 0x8b, 
	0x83, 0x0f, 0x6a, 0x47, 0x59, 0xc3, 0x83, 0x0f, 
	0x7a, 0xcb, 0x8b, 0x4f, 0x72, 0x89, 0x51, 0x83, 
	0x38, 0xc1, 0x6a, 0x07, 0x44, 0x05, 0x04, 0x81, 
	0x26, 0xc5, 0x1c, 0x01, 0xb4, 0x59, 0x7a, 0xcb, 
	0x62, 0x05, 0x6a, 0x07, 0x6a, 0x07, 0x51, 0x81, 
	0x38, 0xc1, 0x40, 0xc1, 0x38, 0x81, 0x30, 0x41, 
	0x28, 0x41, 0x49, 0x41, 0x6a, 0x47, 0x41, 0x01, 
	0x49, 0x01, 0x83, 0x0f, 0x72, 0xcd, 0x7b, 0x11, 
	0x72, 0xcd, 0x51, 0x83, 0x82, 0xcd, 0x83, 0x0f, 
	0x8b, 0x51, 0x83, 0x0f, 0x8b, 0x51, 0x38, 0x81, 
	0x30, 0x81, 0x32, 0xc1, 0x25, 0xc3, 0x05, 0x01, 
	0x6b, 0x5b, 0x9b, 0x91, 0x8b, 0x0f, 0x8b, 0x4f, 
	0x72, 0x89, 0x49, 0x41, 0x38, 0xc1, 0x40, 0xc1, 
	0x72, 0x8b, 0x8b, 0x4f, 0x20, 0x01, 0x20, 0x01, 
	0x7a, 0xcd, 0x72, 0x89, 0x20, 0x01, 0x18, 0x01, 
	0x83, 0x0f, 0x62, 0x07, 0x49, 0x41, 0x62, 0x07, 
	0x38, 0xc1, 0x30, 0x81, 0x62, 0x07, 0x59, 0xc5, 
	0x6a, 0x4b, 0x72, 0xcd, 0x7a, 0xcd, 0x40, 0xc1, 
	0x30, 0xc1, 0x23, 0xc1, 0x1d, 0x01, 0x06, 0x01, 
	0x45, 0x85, 0x82, 0xcb, 0x7a, 0xcb, 0x82, 0xcb, 
	0x49, 0x41, 0x83, 0x0d, 0x59, 0x83, 0x72, 0x8b, 
	0x83, 0x0f, 0x8b, 0x51, 0x51, 0x41, 0x61, 0xc5, 
	0xbc, 0x9b, 0x61, 0xc5, 0x28, 0x01, 0x30, 0x41, 
	0x62, 0x07, 0x59, 0xc3, 0x51, 0x41, 0x38, 0xc1, 
	0x40, 0xc1, 0x38, 0x81, 0x38, 0xc1, 0x49, 0x01, 
	0x51, 0x41, 0x62, 0x07, 0x59, 0x83, 0x33, 0x01, 
	0x3a, 0x01, 0x22, 0x81, 0x1d, 0x83, 0x0e, 0x81, 
	0x36, 0x05, 0x45, 0x45, 0x7a, 0xcb, 0x7a, 0x8b, 
	0x49, 0x01, 0x82, 0xcd, 0x7a, 0xcd, 0x6a, 0x49, 
	0x83, 0x0f, 0x8b, 0x4f, 0x83, 0x0f, 0x8b, 0x0f, 
	0x6a, 0x49, 0x62, 0x05, 0x6a, 0x07, 0x6a, 0x49, 
	0x49, 0x43, 0x38, 0x81, 0x51, 0x85, 0x49, 0x03, 
	0x28, 0x41, 0x20, 0x01, 0x28, 0x01, 0x40, 0xc1, 
	0x49, 0x01, 0x51, 0x41, 0x2b, 0x01, 0x03, 0xc1, 
	0x1d, 0x81, 0x24, 0x41, 0x02, 0x41, 0x1d, 0x83, 
	0x35, 0xc9, 0x4c, 0xcf, 0x4c, 0x91, 0x45, 0x0b, 
	0x7a, 0x8b, 0x72, 0x8b, 0x62, 0x07, 0x82, 0xcd, 
	0x8b, 0x4f, 0x83, 0x0f, 0x7a, 0xcb, 0x59, 0xc5, 
	0x62, 0x49, 0x59, 0xc5, 0x59, 0xc7, 0x62, 0x07, 
	0x41, 0x01, 0x62, 0x05, 0x83, 0x0f, 0x62, 0x09, 
	0x28, 0x41, 0x51, 0x83, 0x7a, 0xcd, 0x72, 0x8b, 
	0x49, 0x41, 0x40, 0xc1, 0x2b, 0x41, 0x24, 0x01, 
	0x03, 0x81, 0x16, 0x01, 0x15, 0xc1, 0x16, 0x01, 
	
};

Texture bob_dl_bob_textures_06000_rgba16_ci8[] = {
	0x00, 0x01, 0x02, 0x03, 0x04, 0x05, 0x06, 0x07, 
	0x08, 0x09, 0x06, 0x0a, 0x0b, 0x0c, 0x0c, 0x0d, 
	0x0d, 0x08, 0x0e, 0x0f, 0x10, 0x11, 0x12, 0x10, 
	0x13, 0x14, 0x15, 0x0b, 0x0b, 0x16, 0x17, 0x03, 
	0x00, 0x18, 0x02, 0x03, 0x04, 0x05, 0x0d, 0x08, 
	0x19, 0x06, 0x1a, 0x16, 0x1b, 0x1c, 0x0c, 0x0d, 
	0x0d, 0x1d, 0x0e, 0x1e, 0x0c, 0x1f, 0x12, 0x10, 
	0x13, 0x14, 0x15, 0x20, 0x21, 0x16, 0x17, 0x22, 
	0x23, 0x24, 0x25, 0x03, 0x04, 0x05, 0x06, 0x19, 
	0x26, 0x27, 0x06, 0x28, 0x1b, 0x0c, 0x0f, 0x0d, 
	0x0d, 0x19, 0x29, 0x1e, 0x0c, 0x11, 0x2a, 0x2b, 
	0x2c, 0x14, 0x15, 0x2d, 0x2d, 0x16, 0x21, 0x05, 
	0x2e, 0x24, 0x02, 0x02, 0x02, 0x22, 0x09, 0x2f, 
	0x08, 0x30, 0x30, 0x16, 0x16, 0x0c, 0x1c, 0x0f, 
	0x0d, 0x0e, 0x29, 0x1e, 0x31, 0x11, 0x32, 0x13, 
	0x2c, 0x14, 0x1b, 0x0b, 0x0b, 0x16, 0x21, 0x06, 
	0x01, 0x24, 0x02, 0x33, 0x03, 0x05, 0x09, 0x07, 
	0x1d, 0x30, 0x30, 0x1c, 0x10, 0x0c, 0x0c, 0x0d, 
	0x0d, 0x1d, 0x34, 0x1c, 0x0c, 0x11, 0x32, 0x35, 
	0x2c, 0x10, 0x1b, 0x1b, 0x16, 0x0c, 0x21, 0x0d, 
	0x01, 0x24, 0x02, 0x33, 0x1f, 0x05, 0x05, 0x08, 
	0x19, 0x36, 0x37, 0x1c, 0x10, 0x0c, 0x38, 0x38, 
	0x0d, 0x1d, 0x1d, 0x1c, 0x38, 0x11, 0x32, 0x39, 
	0x39, 0x10, 0x1b, 0x3a, 0x10, 0x0c, 0x16, 0x0d, 
	0x01, 0x24, 0x3b, 0x03, 0x3c, 0x05, 0x06, 0x07, 
	0x0e, 0x30, 0x3d, 0x0c, 0x10, 0x0f, 0x38, 0x3e, 
	0x0d, 0x1d, 0x1d, 0x1c, 0x35, 0x11, 0x3f, 0x39, 
	0x39, 0x10, 0x14, 0x14, 0x10, 0x0c, 0x16, 0x40, 
	0x01, 0x24, 0x03, 0x03, 0x05, 0x05, 0x0d, 0x07, 
	0x0e, 0x30, 0x3e, 0x31, 0x0c, 0x38, 0x38, 0x3e, 
	0x0d, 0x41, 0x34, 0x1c, 0x2c, 0x1f, 0x3f, 0x39, 
	0x39, 0x10, 0x14, 0x14, 0x0c, 0x0c, 0x16, 0x05, 
	0x01, 0x42, 0x03, 0x1f, 0x22, 0x05, 0x0d, 0x07, 
	0x0e, 0x30, 0x30, 0x0c, 0x0c, 0x35, 0x38, 0x3e, 
	0x0d, 0x43, 0x0e, 0x1e, 0x39, 0x44, 0x44, 0x45, 
	0x39, 0x46, 0x3a, 0x10, 0x31, 0x0f, 0x10, 0x05, 
	0x47, 0x42, 0x3b, 0x1f, 0x05, 0x06, 0x0d, 0x48, 
	0x1d, 0x30, 0x27, 0x0c, 0x0c, 0x38, 0x38, 0x3e, 
	0x0d, 0x1d, 0x29, 0x1c, 0x39, 0x17, 0x49, 0x45, 
	0x4a, 0x10, 0x3a, 0x10, 0x31, 0x38, 0x0c, 0x05, 
	0x47, 0x42, 0x03, 0x22, 0x05, 0x0d, 0x0d, 0x4b, 
	0x1d, 0x36, 0x30, 0x31, 0x10, 0x0c, 0x38, 0x3e, 
	0x0d, 0x34, 0x29, 0x1c, 0x45, 0x11, 0x21, 0x45, 
	0x39, 0x10, 0x3a, 0x0c, 0x35, 0x0c, 0x0c, 0x05, 
	0x47, 0x42, 0x3b, 0x04, 0x1c, 0x0d, 0x0d, 0x4b, 
	0x1d, 0x3e, 0x36, 0x31, 0x10, 0x38, 0x38, 0x39, 
	0x0f, 0x34, 0x3e, 0x1c, 0x45, 0x21, 0x11, 0x45, 
	0x39, 0x10, 0x14, 0x31, 0x35, 0x0c, 0x0c, 0x06, 
	0x01, 0x42, 0x4c, 0x04, 0x0d, 0x0d, 0x0d, 0x07, 
	0x1d, 0x3e, 0x36, 0x31, 0x0c, 0x31, 0x38, 0x4d, 
	0x0f, 0x4d, 0x3e, 0x0c, 0x45, 0x3f, 0x28, 0x45, 
	0x4a, 0x31, 0x14, 0x38, 0x39, 0x0c, 0x31, 0x0d, 
	0x01, 0x42, 0x22, 0x05, 0x40, 0x0d, 0x0d, 0x07, 
	0x0e, 0x3e, 0x3e, 0x31, 0x31, 0x38, 0x38, 0x4d, 
	0x0f, 0x4d, 0x0f, 0x0c, 0x45, 0x2d, 0x16, 0x4a, 
	0x39, 0x10, 0x14, 0x35, 0x39, 0x31, 0x35, 0x06, 
	0x01, 0x33, 0x22, 0x05, 0x05, 0x0d, 0x0d, 0x48, 
	0x1d, 0x3e, 0x3d, 0x0c, 0x13, 0x35, 0x38, 0x4d, 
	0x38, 0x38, 0x1c, 0x0f, 0x45, 0x2d, 0x1e, 0x39, 
	0x2c, 0x10, 0x10, 0x13, 0x2c, 0x0c, 0x39, 0x0d, 
	0x01, 0x1f, 0x1a, 0x1c, 0x1c, 0x0d, 0x36, 0x48, 
	0x48, 0x3e, 0x4e, 0x10, 0x4f, 0x13, 0x38, 0x4d, 
	0x0f, 0x1c, 0x16, 0x38, 0x39, 0x21, 0x1c, 0x4a, 
	0x39, 0x10, 0x46, 0x31, 0x2c, 0x0c, 0x39, 0x30, 
	0x01, 0x1f, 0x09, 0x0d, 0x1c, 0x0d, 0x3e, 0x4b, 
	0x48, 0x3e, 0x3e, 0x50, 0x51, 0x13, 0x39, 0x45, 
	0x38, 0x1e, 0x16, 0x38, 0x45, 0x21, 0x0f, 0x4a, 
	0x45, 0x13, 0x10, 0x13, 0x35, 0x10, 0x39, 0x06, 
	0x47, 0x1f, 0x09, 0x06, 0x0d, 0x38, 0x3e, 0x48, 
	0x48, 0x52, 0x4e, 0x10, 0x13, 0x13, 0x35, 0x4d, 
	0x38, 0x1c, 0x16, 0x39, 0x45, 0x21, 0x0c, 0x4a, 
	0x45, 0x13, 0x10, 0x13, 0x35, 0x10, 0x39, 0x06, 
	0x53, 0x1f, 0x06, 0x05, 0x36, 0x0d, 0x3e, 0x48, 
	0x1d, 0x52, 0x39, 0x10, 0x51, 0x35, 0x2c, 0x45, 
	0x38, 0x0c, 0x1b, 0x39, 0x45, 0x21, 0x0c, 0x4a, 
	0x45, 0x4f, 0x4f, 0x35, 0x31, 0x10, 0x4d, 0x30, 
	0x53, 0x1f, 0x09, 0x05, 0x36, 0x0d, 0x3e, 0x48, 
	0x43, 0x38, 0x4e, 0x0c, 0x4f, 0x2c, 0x2c, 0x4d, 
	0x38, 0x10, 0x14, 0x39, 0x45, 0x21, 0x0c, 0x45, 
	0x4a, 0x10, 0x13, 0x2c, 0x35, 0x31, 0x45, 0x27, 
	0x53, 0x03, 0x09, 0x1c, 0x0d, 0x0d, 0x3e, 0x48, 
	0x1d, 0x52, 0x3e, 0x10, 0x13, 0x2c, 0x35, 0x4d, 
	0x52, 0x10, 0x3a, 0x39, 0x45, 0x21, 0x0c, 0x54, 
	0x2c, 0x46, 0x13, 0x2c, 0x35, 0x13, 0x45, 0x06, 
	0x53, 0x03, 0x05, 0x1c, 0x0d, 0x40, 0x3e, 0x55, 
	0x1d, 0x38, 0x3e, 0x10, 0x13, 0x2c, 0x35, 0x45, 
	0x39, 0x0c, 0x10, 0x39, 0x45, 0x20, 0x10, 0x4a, 
	0x2c, 0x46, 0x51, 0x35, 0x35, 0x13, 0x45, 0x06, 
	0x53, 0x03, 0x40, 0x05, 0x0d, 0x38, 0x3e, 0x55, 
	0x1d, 0x38, 0x3e, 0x10, 0x4f, 0x13, 0x2c, 0x4d, 
	0x2c, 0x0c, 0x10, 0x39, 0x39, 0x20, 0x10, 0x4a, 
	0x2c, 0x46, 0x4f, 0x13, 0x13, 0x13, 0x45, 0x06, 
	0x53, 0x4c, 0x05, 0x0d, 0x38, 0x38, 0x38, 0x55, 
	0x1d, 0x38, 0x3e, 0x10, 0x4f, 0x56, 0x2c, 0x45, 
	0x39, 0x10, 0x10, 0x45, 0x39, 0x2d, 0x14, 0x4a, 
	0x56, 0x46, 0x4f, 0x13, 0x13, 0x13, 0x57, 0x27, 
	0x53, 0x4c, 0x09, 0x1c, 0x0d, 0x38, 0x38, 0x58, 
	0x43, 0x38, 0x38, 0x10, 0x4f, 0x13, 0x2c, 0x43, 
	0x39, 0x0c, 0x10, 0x39, 0x39, 0x59, 0x46, 0x4a, 
	0x56, 0x46, 0x4f, 0x4f, 0x35, 0x51, 0x45, 0x27, 
	0x53, 0x03, 0x05, 0x1c, 0x0d, 0x38, 0x38, 0x58, 
	0x5a, 0x38, 0x38, 0x50, 0x4f, 0x56, 0x39, 0x43, 
	0x39, 0x10, 0x10, 0x39, 0x2c, 0x59, 0x46, 0x5b, 
	0x5c, 0x46, 0x51, 0x4f, 0x2c, 0x4f, 0x39, 0x27, 
	0x53, 0x33, 0x05, 0x1c, 0x1c, 0x38, 0x38, 0x5a, 
	0x1d, 0x38, 0x38, 0x1b, 0x4f, 0x13, 0x39, 0x43, 
	0x35, 0x10, 0x10, 0x39, 0x2c, 0x59, 0x46, 0x5b, 
	0x5c, 0x5d, 0x51, 0x4f, 0x56, 0x4f, 0x4a, 0x5e, 
	0x53, 0x02, 0x22, 0x1c, 0x0d, 0x0d, 0x38, 0x5a, 
	0x1d, 0x52, 0x38, 0x1b, 0x4f, 0x13, 0x2c, 0x45, 
	0x35, 0x10, 0x10, 0x39, 0x35, 0x5f, 0x46, 0x60, 
	0x5c, 0x5d, 0x4f, 0x4f, 0x13, 0x4f, 0x4a, 0x1a, 
	0x53, 0x03, 0x22, 0x1c, 0x0d, 0x1c, 0x38, 0x1d, 
	0x43, 0x38, 0x38, 0x61, 0x4f, 0x13, 0x2c, 0x45, 
	0x0c, 0x3a, 0x10, 0x39, 0x2c, 0x5f, 0x1b, 0x60, 
	0x5c, 0x5d, 0x4f, 0x51, 0x13, 0x4f, 0x2c, 0x05, 
	0x53, 0x02, 0x05, 0x05, 0x1c, 0x1c, 0x3e, 0x1d, 
	0x43, 0x38, 0x0c, 0x61, 0x62, 0x13, 0x35, 0x39, 
	0x10, 0x10, 0x10, 0x2c, 0x31, 0x5f, 0x1b, 0x60, 
	0x5c, 0x46, 0x4f, 0x51, 0x13, 0x4f, 0x2c, 0x22, 
	0x63, 0x02, 0x1f, 0x28, 0x1c, 0x1c, 0x3e, 0x1d, 
	0x45, 0x38, 0x0c, 0x1b, 0x62, 0x13, 0x35, 0x39, 
	0x31, 0x0c, 0x10, 0x2c, 0x51, 0x5f, 0x61, 0x60, 
	0x5c, 0x46, 0x4f, 0x51, 0x13, 0x51, 0x2c, 0x3c, 
	0x64, 0x03, 0x28, 0x05, 0x1c, 0x1c, 0x38, 0x43, 
	0x45, 0x38, 0x0c, 0x1b, 0x62, 0x13, 0x35, 0x39, 
	0x0c, 0x0c, 0x10, 0x2c, 0x51, 0x5f, 0x65, 0x5c, 
	0x5c, 0x46, 0x51, 0x13, 0x56, 0x4f, 0x13, 0x1f, 
	0x66, 0x03, 0x1f, 0x28, 0x0d, 0x1c, 0x1c, 0x4e, 
	0x43, 0x0f, 0x16, 0x1b, 0x4f, 0x51, 0x2c, 0x4a, 
	0x31, 0x35, 0x10, 0x2c, 0x4f, 0x5f, 0x65, 0x5c, 
	0x67, 0x46, 0x4f, 0x13, 0x13, 0x13, 0x46, 0x42, 
	0x66, 0x02, 0x03, 0x28, 0x1c, 0x16, 0x16, 0x3e, 
	0x43, 0x0f, 0x50, 0x65, 0x4f, 0x13, 0x2c, 0x39, 
	0x31, 0x39, 0x10, 0x2c, 0x51, 0x68, 0x65, 0x67, 
	0x62, 0x46, 0x51, 0x4f, 0x4f, 0x4f, 0x69, 0x6a, 
	0x66, 0x33, 0x03, 0x3c, 0x1c, 0x28, 0x16, 0x4e, 
	0x45, 0x38, 0x1c, 0x1b, 0x4f, 0x56, 0x2c, 0x39, 
	0x0c, 0x39, 0x10, 0x2c, 0x51, 0x68, 0x65, 0x62, 
	0x62, 0x46, 0x10, 0x51, 0x4f, 0x51, 0x59, 0x6a, 
	0x6b, 0x03, 0x03, 0x28, 0x28, 0x28, 0x1c, 0x39, 
	0x45, 0x38, 0x1c, 0x21, 0x4f, 0x4f, 0x2c, 0x2c, 
	0x38, 0x4d, 0x10, 0x2c, 0x46, 0x68, 0x65, 0x6c, 
	0x6d, 0x6d, 0x46, 0x10, 0x4f, 0x46, 0x59, 0x42, 
	0x6e, 0x02, 0x1f, 0x28, 0x1e, 0x11, 0x1c, 0x39, 
	0x45, 0x31, 0x16, 0x20, 0x62, 0x4f, 0x13, 0x13, 
	0x13, 0x39, 0x10, 0x2c, 0x46, 0x68, 0x69, 0x6f, 
	0x5d, 0x70, 0x46, 0x46, 0x4f, 0x46, 0x69, 0x42, 
	0x6e, 0x02, 0x1f, 0x17, 0x28, 0x1f, 0x1c, 0x4d, 
	0x45, 0x0c, 0x16, 0x20, 0x62, 0x4f, 0x13, 0x13, 
	0x31, 0x39, 0x10, 0x13, 0x6d, 0x68, 0x69, 0x6d, 
	0x62, 0x70, 0x46, 0x46, 0x51, 0x14, 0x15, 0x03, 
	0x71, 0x02, 0x03, 0x17, 0x28, 0x17, 0x0d, 0x45, 
	0x45, 0x1c, 0x21, 0x20, 0x4f, 0x10, 0x13, 0x0c, 
	0x35, 0x39, 0x10, 0x13, 0x70, 0x68, 0x69, 0x6d, 
	0x62, 0x70, 0x46, 0x46, 0x10, 0x1b, 0x15, 0x03, 
	0x71, 0x02, 0x03, 0x17, 0x28, 0x21, 0x0d, 0x4d, 
	0x4d, 0x1e, 0x44, 0x20, 0x72, 0x10, 0x31, 0x10, 
	0x35, 0x39, 0x10, 0x4f, 0x70, 0x68, 0x69, 0x6d, 
	0x5d, 0x70, 0x46, 0x46, 0x4f, 0x1b, 0x69, 0x73, 
	0x74, 0x02, 0x03, 0x17, 0x3c, 0x17, 0x1e, 0x39, 
	0x4d, 0x1c, 0x17, 0x2d, 0x46, 0x10, 0x31, 0x46, 
	0x39, 0x39, 0x0c, 0x51, 0x75, 0x76, 0x69, 0x77, 
	0x6d, 0x70, 0x46, 0x46, 0x10, 0x65, 0x15, 0x73, 
	0x78, 0x02, 0x42, 0x79, 0x1f, 0x17, 0x05, 0x39, 
	0x39, 0x0c, 0x17, 0x3f, 0x46, 0x46, 0x51, 0x10, 
	0x4d, 0x39, 0x0c, 0x51, 0x75, 0x7a, 0x69, 0x77, 
	0x6d, 0x69, 0x70, 0x6d, 0x46, 0x15, 0x15, 0x73, 
	0x78, 0x25, 0x42, 0x79, 0x1f, 0x42, 0x05, 0x4e, 
	0x39, 0x1c, 0x3f, 0x3f, 0x46, 0x1b, 0x10, 0x50, 
	0x4d, 0x39, 0x31, 0x4f, 0x75, 0x7b, 0x69, 0x77, 
	0x6d, 0x69, 0x70, 0x65, 0x14, 0x15, 0x15, 0x73, 
	0x78, 0x7c, 0x73, 0x42, 0x1f, 0x42, 0x16, 0x38, 
	0x38, 0x1c, 0x3f, 0x7d, 0x6d, 0x14, 0x10, 0x16, 
	0x3e, 0x4e, 0x0c, 0x10, 0x69, 0x7b, 0x7e, 0x75, 
	0x75, 0x69, 0x70, 0x65, 0x70, 0x20, 0x7f, 0x80, 
	0x78, 0x7c, 0x73, 0x42, 0x17, 0x17, 0x28, 0x38, 
	0x38, 0x1c, 0x3f, 0x7d, 0x6d, 0x46, 0x10, 0x10, 
	0x31, 0x1c, 0x0c, 0x46, 0x7e, 0x7b, 0x81, 0x82, 
	0x75, 0x69, 0x70, 0x69, 0x1b, 0x20, 0x59, 0x7c, 
	0x78, 0x7c, 0x73, 0x42, 0x79, 0x44, 0x28, 0x83, 
	0x38, 0x16, 0x3f, 0x7d, 0x70, 0x46, 0x10, 0x10, 
	0x38, 0x50, 0x1c, 0x14, 0x7e, 0x84, 0x85, 0x82, 
	0x75, 0x81, 0x65, 0x20, 0x1b, 0x59, 0x59, 0x7c, 
	0x78, 0x7c, 0x73, 0x24, 0x42, 0x86, 0x3c, 0x1c, 
	0x87, 0x28, 0x3f, 0x88, 0x70, 0x1b, 0x1b, 0x10, 
	0x1c, 0x50, 0x50, 0x1b, 0x89, 0x8a, 0x8b, 0x82, 
	0x69, 0x81, 0x20, 0x15, 0x1b, 0x7d, 0x7d, 0x8c, 
	0x8d, 0x8c, 0x7c, 0x7c, 0x73, 0x8e, 0x1f, 0x1c, 
	0x87, 0x28, 0x42, 0x2a, 0x15, 0x65, 0x1b, 0x10, 
	0x50, 0x1b, 0x16, 0x15, 0x81, 0x8f, 0x90, 0x7e, 
	0x69, 0x91, 0x20, 0x20, 0x65, 0x7d, 0x7d, 0x92, 
	0x8d, 0x93, 0x94, 0x24, 0x73, 0x6a, 0x17, 0x1c, 
	0x1c, 0x28, 0x42, 0x95, 0x69, 0x65, 0x1b, 0x50, 
	0x10, 0x1b, 0x0a, 0x20, 0x8b, 0x96, 0x97, 0x89, 
	0x89, 0x5f, 0x20, 0x20, 0x1b, 0x7d, 0x5f, 0x98, 
	0x99, 0x93, 0x2e, 0x7c, 0x73, 0x6a, 0x17, 0x9a, 
	0x40, 0x1f, 0x24, 0x47, 0x7f, 0x20, 0x1b, 0x16, 
	0x10, 0x16, 0x28, 0x59, 0x8b, 0x96, 0x97, 0x9b, 
	0x81, 0x5f, 0x9c, 0x20, 0x0a, 0x2a, 0x9d, 0x9e, 
	0x99, 0x9f, 0x92, 0x18, 0x73, 0x6a, 0x42, 0x3c, 
	0x28, 0x1f, 0x6a, 0xa0, 0x59, 0x20, 0x1b, 0x16, 
	0x10, 0x1b, 0x28, 0x59, 0x90, 0x96, 0xa1, 0x9b, 
	0x81, 0x5f, 0x20, 0x7d, 0x20, 0x2a, 0x2a, 0x9e, 
	0x99, 0x9f, 0x92, 0x94, 0x18, 0x18, 0x42, 0x3c, 
	0x3c, 0x79, 0x01, 0xa0, 0x59, 0x9c, 0x20, 0x28, 
	0x50, 0x1b, 0x21, 0x7d, 0x76, 0xa2, 0xa3, 0x81, 
	0x81, 0x5f, 0x20, 0x7d, 0x3f, 0x9d, 0xa4, 0xa5, 
	0x99, 0x9f, 0x00, 0x92, 0x94, 0x18, 0x79, 0x17, 
	0x3c, 0x42, 0x23, 0xa6, 0x7d, 0x3f, 0x3f, 0x21, 
	0x50, 0x1b, 0x17, 0xa7, 0xa8, 0xa9, 0xa3, 0x8b, 
	0x5f, 0x68, 0x3f, 0x88, 0x88, 0xaa, 0xaa, 0xab, 
	0xac, 0xad, 0x92, 0x2e, 0x94, 0x2e, 0x73, 0x79, 
	0x79, 0x42, 0x53, 0xa6, 0xa7, 0x3f, 0x3f, 0x0a, 
	0x1c, 0x0a, 0x42, 0x2a, 0x7b, 0xa9, 0xae, 0x76, 
	0x76, 0x68, 0x3f, 0x2a, 0x2a, 0xaa, 0xaf, 0xb0, 
	0xb1, 0xb2, 0x9e, 0x92, 0x2e, 0x23, 0x73, 0x73, 
	0x73, 0x18, 0xb3, 0x64, 0x9d, 0x86, 0x86, 0x21, 
	0x40, 0x28, 0x42, 0x2a, 0x7b, 0xb4, 0xae, 0x76, 
	0x76, 0x7a, 0x88, 0x95, 0x95, 0xb5, 0xb5, 0xb0, 
	0xb1, 0xa5, 0x9e, 0x00, 0x92, 0x00, 0x73, 0x73, 
	0x80, 0x2e, 0xb6, 0x64, 0x2a, 0xb7, 0x8e, 0x17, 
	0x22, 0x3c, 0x42, 0x2a, 0x7b, 0xb8, 0xb9, 0x76, 
	0x7b, 0x84, 0x88, 0x95, 0x47, 0xb5, 0xb5, 0xba, 
	0xbb, 0xbc, 0xa5, 0xb3, 0xb3, 0x00, 0x7c, 0x18, 
	0x7c, 0x94, 0xb3, 0x66, 0x2a, 0x6a, 0x6a, 0x17, 
	0x03, 0x03, 0x42, 0x2a, 0x84, 0xb8, 0xbd, 0x7b, 
	0x7b, 0x84, 0x95, 0x47, 0x47, 0xb5, 0xa6, 0xba, 
	0xbe, 0xbc, 0xbf, 0xb3, 0xb3, 0xb3, 0x94, 0x2e, 
	0x18, 0x18, 0xc0, 0x66, 0x95, 0x95, 0x95, 0x79, 
	0x7c, 0x73, 0x42, 0x95, 0x84, 0xc1, 0xbd, 0x84, 
	0x8a, 0x84, 0x95, 0x47, 0x23, 0xa6, 0xa6, 0xba, 
	0xbe, 0xbc, 0xc0, 0xbf, 0xb3, 0xb6, 0x92, 0x92, 
	0x94, 0x94, 0xc0, 0xc2, 0x95, 0x47, 0x47, 0xb7, 
	0x53, 0x01, 0x42, 0x95, 0xc3, 0xc1, 0xbd, 0x84, 
	0xc4, 0xc3, 0x47, 0x23, 0x23, 0xa6, 0x63, 0xc5, 
	0xbe, 0xbc, 0xb0, 0xc0, 0xbf, 0xb6, 0x92, 0x00, 
	0x94, 0x2e, 0xc6, 0xc2, 0x47, 0x47, 0x23, 0x18, 
	0x23, 0x01, 0x73, 0x95, 0xc3, 0xc7, 0xc8, 0x8f, 
	0xc9, 0x96, 0x53, 0xca, 0x23, 0x63, 0x63, 0xc5, 
	0xcb, 0xcc, 0xb0, 0xb0, 0xc0, 0xc0, 0x92, 0xb6, 
	0x92, 0x92, 0xba, 0x71, 0x47, 0x23, 0x00, 0x2e, 
	0x63, 0x23, 0x7c, 0x47, 0xa6, 0xc7, 0xcd, 0x8f, 
	0xbd, 0x96, 0xa6, 0x63, 0x63, 0x63, 0x63, 0xce, 
	0xcf, 0xba, 0xb0, 0xb0, 0xb0, 0xc0, 0x92, 0xc2, 
	0x9e, 0xb3, 0x8d, 0xd0, 0x23, 0x00, 0x53, 0x2e, 
	0x64, 0x53, 0x18, 0x23, 0x63, 0xd1, 0xd2, 0x96, 
	0xc8, 0x96, 0x53, 0x63, 0x63, 0x66, 0xd3, 0xd4, 
	0xd5, 0xac, 0xd0, 0xd6, 0xd0, 0xd7, 0xb3, 0x71, 
	0xb3, 0xb3, 0xd8, 0xd9, 0x63, 0x63, 0x63, 0x23, 
	0x96, 0x64, 0x2e, 0x53, 0x64, 0xda, 0xd2, 0xc8, 
	0xc8, 0xa9, 0x63, 0x63, 0xdb, 0xdc, 0x66, 0xdd, 
	0xde, 0xdf, 0xe0, 0xe0, 0xe1, 0xe2, 0xe3, 0xe4, 
	0xe5, 0xe3, 0xdf, 0xe6, 0xe7, 0xe8, 0xe7, 0xe9, 
	0x25, 0x25, 0xea, 0xe9, 0xe8, 0xeb, 0xec, 0xed, 
	0x93, 0x8c, 0xe7, 0xe7, 0xee, 0xef, 0xef, 0xf0, 
	
};

Texture bob_dl_bob_textures_06000_rgba16_pal_rgba16[] = {
	0xab, 0x0b, 0xbb, 0x4d, 0xc3, 0xd1, 0xcc, 0x11, 
	0xd4, 0x13, 0xdc, 0x53, 0xdc, 0x95, 0xf5, 0x5f, 
	0xed, 0x5d, 0xdc, 0x55, 0xdc, 0x4f, 0xe4, 0x0f, 
	0xec, 0x93, 0xe4, 0x95, 0xed, 0x1b, 0xec, 0x95, 
	0xec, 0x91, 0xdc, 0x11, 0xcb, 0x4b, 0xf4, 0xd3, 
	0xec, 0x4f, 0xe4, 0x0d, 0xe4, 0x51, 0xd4, 0x0f, 
	0xbb, 0x8d, 0xed, 0x1d, 0xd4, 0x55, 0xe4, 0x4f, 
	0xe4, 0x93, 0xf5, 0x5d, 0xe4, 0x53, 0xd4, 0x11, 
	0xdc, 0x0d, 0xdc, 0x0f, 0xd4, 0x53, 0xb3, 0x4b, 
	0xc3, 0x8f, 0xbb, 0xd1, 0xe5, 0x1b, 0xdc, 0x97, 
	0xdc, 0x51, 0xed, 0x19, 0xcb, 0x8b, 0xf4, 0x93, 
	0xf5, 0x15, 0xdb, 0xcd, 0xb3, 0x4d, 0xed, 0x5f, 
	0xe4, 0x97, 0xec, 0xd3, 0xd3, 0x8d, 0xcb, 0xd1, 
	0xf5, 0x1b, 0xf4, 0xd5, 0xe4, 0xd7, 0xe4, 0xd9, 
	0xec, 0xd5, 0xf5, 0x17, 0xec, 0x51, 0xc4, 0x11, 
	0xd4, 0x51, 0xec, 0xd9, 0xec, 0xd7, 0xd3, 0xcd, 
	0xdc, 0x93, 0xf5, 0x1d, 0xcb, 0xcf, 0xf5, 0x5b, 
	0xd3, 0xcf, 0xf5, 0x59, 0xec, 0x8f, 0xbb, 0x4b, 
	0xf5, 0x9f, 0xdb, 0xcf, 0xf5, 0x57, 0xf5, 0xa1, 
	0xcc, 0x13, 0xf5, 0x19, 0xed, 0x17, 0xf4, 0xd1, 
	0xe4, 0x91, 0xec, 0xd1, 0xf4, 0xd7, 0xb3, 0x0b, 
	0xf5, 0x99, 0xfd, 0xe1, 0xf5, 0x13, 0xfd, 0x59, 
	0xfd, 0x9f, 0xdb, 0xcb, 0xf5, 0x9d, 0xf5, 0x55, 
	0xf5, 0x11, 0xec, 0xcf, 0xd4, 0x95, 0xd3, 0x89, 
	0xf5, 0x53, 0xe4, 0x8f, 0xf4, 0xcf, 0xab, 0x09, 
	0xaa, 0xc9, 0xe4, 0x4d, 0xa2, 0xc9, 0xf5, 0x0f, 
	0xcb, 0x49, 0xe4, 0x0b, 0xc3, 0x8d, 0xa2, 0x89, 
	0xf4, 0xcd, 0xec, 0x8d, 0x9a, 0x89, 0xf4, 0x8d, 
	0xec, 0x4d, 0x92, 0x89, 0xf4, 0x8f, 0xc3, 0xcf, 
	0x92, 0x49, 0xec, 0x4b, 0xcb, 0x47, 0xec, 0x8b, 
	0x8a, 0x49, 0xcc, 0x0f, 0xc3, 0x47, 0xc3, 0x07, 
	0xbb, 0x8f, 0xd3, 0xcb, 0xe4, 0x09, 0xdc, 0x0b, 
	0xbb, 0xcf, 0xdb, 0xc9, 0xec, 0x09, 0xe4, 0xd3, 
	0xbb, 0x07, 0xdb, 0x89, 0xcb, 0xcd, 0xe4, 0xd5, 
	0xcb, 0xcb, 0xe3, 0xc9, 0xba, 0xc7, 0xd3, 0x87, 
	0xb3, 0x8f, 0x82, 0x49, 0xcb, 0x8d, 0xb2, 0xc7, 
	0xd3, 0x47, 0xd3, 0xc9, 0xab, 0x4d, 0xab, 0x4f, 
	0xb3, 0x8d, 0xc3, 0x8b, 0xaa, 0xc7, 0xcb, 0x05, 
	0xab, 0x0d, 0x7a, 0x09, 0xdc, 0x91, 0xdb, 0xc7, 
	0xd4, 0x0d, 0xcb, 0x89, 0xa3, 0x0d, 0xa3, 0x4d, 
	0xbb, 0x09, 0xc3, 0x05, 0xaa, 0x87, 0xc2, 0xc5, 
	0xc3, 0x89, 0x9b, 0x0d, 0xb3, 0x09, 0xd3, 0x8b, 
	0xcb, 0x07, 0xa2, 0x87, 0xc3, 0x49, 0x9a, 0xcd, 
	0x7a, 0x49, 0xa3, 0x4f, 0xba, 0xc5, 0xc3, 0x4b, 
	0x92, 0xcb, 0x72, 0x09, 0x9b, 0x4f, 0xa3, 0x0b, 
	0x9a, 0x47, 0xbb, 0x49, 0xa2, 0xcb, 0xc3, 0xcd, 
	0x92, 0x47, 0xb2, 0x85, 0x8a, 0x8b, 0x69, 0xc9, 
	0x93, 0x0d, 0xaa, 0x85, 0x61, 0xc9, 0x9b, 0x0b, 
	0x9a, 0xcb, 0x8a, 0x07, 0x9a, 0xc9, 0xb3, 0x07, 
	0xb2, 0xc5, 0x82, 0x8b, 0x92, 0x8b, 0x82, 0x07, 
	0xa2, 0x85, 0xaa, 0xc5, 0xb3, 0x49, 0x51, 0x89, 
	0x8a, 0xcd, 0xa2, 0x45, 0x7a, 0x4b, 0x49, 0x47, 
	0x8a, 0x89, 0x79, 0xc7, 0x9a, 0x45, 0xa3, 0x09, 
	0x72, 0x4b, 0x39, 0x05, 0x82, 0x89, 0x92, 0xc9, 
	0x7a, 0x07, 0x8a, 0x47, 0x71, 0xc5, 0xa2, 0xc7, 
	0x9a, 0xc7, 0x6a, 0x09, 0x52, 0x0f, 0x8b, 0x11, 
	0x93, 0x51, 0x9b, 0x51, 0xa3, 0x93, 0xab, 0xd3, 
	0xa3, 0x51, 0xab, 0x93, 0x93, 0x11, 0xb3, 0xd1, 
	0xb3, 0x91, 0xbb, 0xd3, 0xbc, 0x13, 0x82, 0x8f, 
	0xa3, 0x0f, 0xb3, 0x4f, 0xab, 0x8f, 0xab, 0x91, 
	0x83, 0x11, 
};

Texture bob_dl_bob_textures_09000_rgba16_ci8[] = {
	0x00, 0x01, 0x00, 0x02, 0x03, 0x04, 0x05, 0x06, 
	0x07, 0x08, 0x01, 0x09, 0x00, 0x0a, 0x0b, 0x0c, 
	0x00, 0x02, 0x03, 0x0d, 0x02, 0x0e, 0x01, 0x00, 
	0x0f, 0x10, 0x11, 0x08, 0x12, 0x13, 0x10, 0x0a, 
	0x06, 0x12, 0x01, 0x14, 0x04, 0x04, 0x04, 0x15, 
	0x16, 0x17, 0x01, 0x18, 0x00, 0x17, 0x19, 0x17, 
	0x1a, 0x00, 0x0a, 0x05, 0x11, 0x1b, 0x09, 0x06, 
	0x17, 0x1c, 0x1d, 0x13, 0x00, 0x0a, 0x0c, 0x00, 
	0x0b, 0x0d, 0x11, 0x08, 0x0b, 0x1e, 0x04, 0x0b, 
	0x18, 0x1f, 0x09, 0x1f, 0x09, 0x12, 0x17, 0x17, 
	0x20, 0x21, 0x20, 0x19, 0x00, 0x0a, 0x22, 0x09, 
	0x00, 0x14, 0x1c, 0x23, 0x01, 0x02, 0x24, 0x19, 
	0x04, 0x0b, 0x25, 0x0d, 0x0d, 0x0d, 0x08, 0x04, 
	0x00, 0x1f, 0x19, 0x26, 0x27, 0x28, 0x01, 0x01, 
	0x12, 0x17, 0x09, 0x11, 0x02, 0x29, 0x08, 0x2a, 
	0x12, 0x12, 0x05, 0x2b, 0x19, 0x13, 0x2c, 0x2d, 
	0x08, 0x0b, 0x0b, 0x0b, 0x0d, 0x04, 0x0b, 0x0d, 
	0x0b, 0x02, 0x18, 0x01, 0x00, 0x05, 0x15, 0x15, 
	0x00, 0x11, 0x09, 0x17, 0x09, 0x01, 0x02, 0x2e, 
	0x17, 0x06, 0x2a, 0x05, 0x09, 0x2f, 0x30, 0x12, 
	0x08, 0x0b, 0x0b, 0x0b, 0x04, 0x1e, 0x1e, 0x0b, 
	0x0b, 0x08, 0x08, 0x0c, 0x0d, 0x04, 0x0c, 0x0b, 
	0x15, 0x08, 0x0d, 0x14, 0x01, 0x31, 0x2b, 0x06, 
	0x30, 0x21, 0x26, 0x32, 0x13, 0x33, 0x34, 0x08, 
	0x0b, 0x0b, 0x04, 0x35, 0x35, 0x04, 0x0c, 0x0c, 
	0x0b, 0x08, 0x25, 0x0b, 0x0b, 0x04, 0x04, 0x04, 
	0x0d, 0x08, 0x04, 0x0b, 0x0c, 0x0c, 0x0b, 0x0b, 
	0x09, 0x13, 0x13, 0x36, 0x13, 0x02, 0x0d, 0x25, 
	0x0b, 0x08, 0x25, 0x15, 0x08, 0x04, 0x04, 0x0b, 
	0x0b, 0x0b, 0x35, 0x0b, 0x0b, 0x04, 0x04, 0x04, 
	0x0b, 0x0a, 0x04, 0x0b, 0x0b, 0x0b, 0x0b, 0x0b, 
	0x0a, 0x09, 0x28, 0x06, 0x15, 0x0d, 0x0b, 0x15, 
	0x0a, 0x00, 0x11, 0x08, 0x07, 0x0a, 0x04, 0x0d, 
	0x0b, 0x0a, 0x0a, 0x0b, 0x35, 0x04, 0x04, 0x0a, 
	0x03, 0x12, 0x11, 0x0b, 0x0a, 0x0b, 0x0b, 0x0b, 
	0x08, 0x01, 0x19, 0x14, 0x0a, 0x08, 0x0b, 0x14, 
	0x00, 0x15, 0x15, 0x0c, 0x0b, 0x12, 0x08, 0x04, 
	0x0b, 0x0b, 0x08, 0x0b, 0x0b, 0x0b, 0x04, 0x00, 
	0x12, 0x09, 0x09, 0x15, 0x03, 0x0a, 0x0b, 0x0b, 
	0x08, 0x08, 0x11, 0x15, 0x15, 0x00, 0x11, 0x00, 
	0x12, 0x05, 0x11, 0x0a, 0x04, 0x0a, 0x14, 0x04, 
	0x0c, 0x0b, 0x03, 0x15, 0x11, 0x08, 0x0c, 0x12, 
	0x01, 0x09, 0x06, 0x00, 0x08, 0x08, 0x03, 0x0a, 
	0x14, 0x02, 0x0a, 0x11, 0x05, 0x2b, 0x37, 0x17, 
	0x00, 0x15, 0x10, 0x0a, 0x04, 0x1e, 0x11, 0x29, 
	0x0b, 0x0a, 0x38, 0x0a, 0x0a, 0x08, 0x08, 0x15, 
	0x39, 0x00, 0x00, 0x00, 0x0a, 0x0a, 0x34, 0x00, 
	0x08, 0x08, 0x15, 0x11, 0x15, 0x04, 0x14, 0x12, 
	0x0a, 0x34, 0x15, 0x08, 0x04, 0x04, 0x0b, 0x0f, 
	0x03, 0x0b, 0x11, 0x08, 0x08, 0x0b, 0x0b, 0x04, 
	0x11, 0x18, 0x12, 0x09, 0x3a, 0x38, 0x11, 0x08, 
	0x0b, 0x0b, 0x08, 0x01, 0x09, 0x0a, 0x0b, 0x04, 
	0x08, 0x15, 0x0a, 0x0b, 0x35, 0x04, 0x04, 0x15, 
	0x12, 0x0a, 0x0a, 0x3b, 0x3c, 0x0a, 0x0b, 0x25, 
	0x3d, 0x12, 0x2d, 0x19, 0x13, 0x3e, 0x00, 0x08, 
	0x08, 0x0f, 0x08, 0x05, 0x09, 0x3b, 0x0b, 0x0b, 
	0x1e, 0x15, 0x0a, 0x08, 0x0b, 0x3d, 0x3b, 0x03, 
	0x0a, 0x0a, 0x11, 0x12, 0x3b, 0x2d, 0x3b, 0x0a, 
	0x08, 0x08, 0x00, 0x06, 0x3f, 0x17, 0x0f, 0x03, 
	0x15, 0x00, 0x15, 0x04, 0x0a, 0x11, 0x08, 0x0d, 
	0x11, 0x1c, 0x11, 0x0b, 0x15, 0x3b, 0x40, 0x41, 
	0x0b, 0x08, 0x15, 0x3b, 0x19, 0x42, 0x43, 0x41, 
	0x34, 0x15, 0x0b, 0x00, 0x07, 0x10, 0x0a, 0x0b, 
	0x15, 0x00, 0x08, 0x11, 0x15, 0x11, 0x0a, 0x1e, 
	0x09, 0x28, 0x17, 0x00, 0x12, 0x44, 0x45, 0x43, 
	0x06, 0x11, 0x34, 0x40, 0x1a, 0x21, 0x30, 0x33, 
	0x28, 0x34, 0x15, 0x08, 0x0a, 0x11, 0x0b, 0x04, 
	0x0a, 0x09, 0x12, 0x00, 0x39, 0x2b, 0x12, 0x1c, 
	0x19, 0x00, 0x22, 0x02, 0x12, 0x06, 0x18, 0x17, 
	0x39, 0x01, 0x0f, 0x06, 0x21, 0x2f, 0x21, 0x30, 
	0x2d, 0x0a, 0x02, 0x08, 0x0b, 0x0a, 0x08, 0x0b, 
	0x15, 0x12, 0x24, 0x01, 0x00, 0x1b, 0x12, 0x06, 
	0x09, 0x01, 0x02, 0x08, 0x0c, 0x01, 0x01, 0x2b, 
	0x09, 0x17, 0x3b, 0x38, 0x06, 0x13, 0x23, 0x2d, 
	0x08, 0x03, 0x0a, 0x11, 0x14, 0x15, 0x15, 0x0a, 
	0x15, 0x15, 0x13, 0x17, 0x12, 0x1c, 0x28, 0x01, 
	0x00, 0x01, 0x2a, 0x0a, 0x46, 0x05, 0x09, 0x15, 
	0x3b, 0x20, 0x3a, 0x3b, 0x44, 0x09, 0x1f, 0x06, 
	0x15, 0x15, 0x08, 0x05, 0x05, 0x0a, 0x03, 0x08, 
	0x0d, 0x1e, 0x02, 0x2e, 0x17, 0x2e, 0x47, 0x01, 
	0x1c, 0x01, 0x2e, 0x2b, 0x1e, 0x1e, 0x11, 0x06, 
	0x01, 0x01, 0x09, 0x0c, 0x37, 0x12, 0x02, 0x1b, 
	0x09, 0x0b, 0x48, 0x0b, 0x04, 0x0d, 0x00, 0x11, 
	0x0b, 0x1e, 0x0c, 0x11, 0x11, 0x01, 0x17, 0x09, 
	0x49, 0x4a, 0x1f, 0x16, 0x08, 0x48, 0x46, 0x05, 
	0x12, 0x01, 0x00, 0x02, 0x4b, 0x09, 0x00, 0x0e, 
	0x09, 0x17, 0x0a, 0x0d, 0x0d, 0x0b, 0x15, 0x0a, 
	0x0d, 0x04, 0x15, 0x0e, 0x11, 0x01, 0x09, 0x09, 
	0x09, 0x28, 0x1d, 0x24, 0x14, 0x48, 0x46, 0x03, 
	0x06, 0x13, 0x07, 0x09, 0x3b, 0x01, 0x33, 0x2f, 
	0x00, 0x01, 0x06, 0x0a, 0x11, 0x09, 0x15, 0x0b, 
	0x1e, 0x04, 0x04, 0x01, 0x20, 0x26, 0x19, 0x09, 
	0x1b, 0x24, 0x33, 0x49, 0x05, 0x04, 0x00, 0x17, 
	0x18, 0x4c, 0x09, 0x2d, 0x17, 0x01, 0x14, 0x11, 
	0x00, 0x05, 0x15, 0x01, 0x12, 0x11, 0x03, 0x0b, 
	0x04, 0x04, 0x04, 0x0a, 0x12, 0x01, 0x06, 0x3a, 
	0x28, 0x22, 0x12, 0x22, 0x02, 0x12, 0x15, 0x0a, 
	0x1f, 0x09, 0x12, 0x02, 0x01, 0x38, 0x0a, 0x1e, 
	0x00, 0x05, 0x08, 0x0a, 0x08, 0x0b, 0x08, 0x0b, 
	0x04, 0x04, 0x04, 0x0d, 0x0d, 0x08, 0x11, 0x17, 
	0x0b, 0x0c, 0x05, 0x02, 0x17, 0x00, 0x1e, 0x1e, 
	0x11, 0x05, 0x03, 0x00, 0x11, 0x0f, 0x0a, 0x08, 
	0x0d, 0x0a, 0x12, 0x0b, 0x0d, 0x08, 0x0d, 0x1e, 
	0x04, 0x0b, 0x04, 0x04, 0x04, 0x0c, 0x08, 0x08, 
	0x03, 0x01, 0x03, 0x00, 0x4d, 0x03, 0x4e, 0x1e, 
	0x46, 0x0b, 0x0a, 0x08, 0x0a, 0x0f, 0x0a, 0x0a, 
	0x0b, 0x0b, 0x0a, 0x08, 0x1e, 0x0b, 0x04, 0x1e, 
	0x0a, 0x00, 0x15, 0x0b, 0x0b, 0x0b, 0x04, 0x1e, 
	0x0b, 0x10, 0x01, 0x17, 0x09, 0x00, 0x0b, 0x04, 
	0x04, 0x0d, 0x0b, 0x04, 0x04, 0x0c, 0x11, 0x12, 
	0x09, 0x00, 0x0a, 0x12, 0x0b, 0x35, 0x08, 0x4f, 
	0x1f, 0x09, 0x11, 0x0a, 0x0b, 0x04, 0x04, 0x04, 
	0x1e, 0x0b, 0x09, 0x05, 0x50, 0x2c, 0x16, 0x25, 
	0x0b, 0x0b, 0x25, 0x04, 0x04, 0x04, 0x0a, 0x15, 
	0x2b, 0x31, 0x2b, 0x00, 0x09, 0x4c, 0x19, 0x24, 
	0x12, 0x03, 0x0b, 0x04, 0x03, 0x08, 0x0d, 0x0d, 
	0x46, 0x15, 0x00, 0x09, 0x2f, 0x51, 0x36, 0x15, 
	0x0b, 0x0b, 0x0b, 0x04, 0x04, 0x04, 0x08, 0x15, 
	0x15, 0x3a, 0x17, 0x01, 0x52, 0x49, 0x00, 0x04, 
	0x0b, 0x04, 0x0c, 0x03, 0x08, 0x0b, 0x04, 0x0b, 
	0x46, 0x06, 0x30, 0x23, 0x4c, 0x18, 0x12, 0x12, 
	0x03, 0x11, 0x0b, 0x04, 0x1e, 0x1e, 0x04, 0x0b, 
	0x09, 0x13, 0x26, 0x26, 0x1f, 0x53, 0x19, 0x3b, 
	0x09, 0x2d, 0x12, 0x05, 0x08, 0x04, 0x1e, 0x1e, 
	0x0d, 0x28, 0x28, 0x02, 0x03, 0x0c, 0x11, 0x01, 
	0x08, 0x0a, 0x12, 0x08, 0x35, 0x04, 0x1e, 0x0b, 
	0x19, 0x01, 0x22, 0x12, 0x2e, 0x19, 0x4a, 0x2a, 
	0x11, 0x12, 0x15, 0x0c, 0x15, 0x14, 0x0a, 0x0c, 
	
};

Texture bob_dl_bob_textures_09000_rgba16_pal_rgba16[] = {
	0xba, 0x83, 0xcb, 0x07, 0xb2, 0x01, 0xa1, 0x81, 
	0x89, 0x01, 0xa9, 0xc1, 0xdb, 0xcd, 0xc2, 0xc7, 
	0x99, 0x81, 0xd3, 0x49, 0xa1, 0xc1, 0x91, 0x41, 
	0x99, 0x41, 0x91, 0x01, 0xd3, 0x47, 0xb2, 0x83, 
	0xc2, 0x83, 0xb2, 0x41, 0xc2, 0xc5, 0xf4, 0x93, 
	0xb2, 0x43, 0xaa, 0x01, 0xf4, 0xd5, 0xdb, 0x8b, 
	0xd3, 0x8b, 0xe4, 0x0f, 0xfd, 0x15, 0xca, 0xc5, 
	0xd3, 0x89, 0xf4, 0x91, 0x88, 0xc1, 0xec, 0x51, 
	0xfd, 0x17, 0xfd, 0x59, 0xcb, 0x05, 0xec, 0x93, 
	0xec, 0x0f, 0x91, 0x81, 0xf4, 0xd3, 0xfd, 0x57, 
	0xe3, 0xcd, 0x99, 0xc1, 0xc2, 0xc3, 0xba, 0x41, 
	0xfe, 0x61, 0xcb, 0x49, 0xdb, 0xcb, 0xfd, 0xdd, 
	0xfd, 0x9b, 0xba, 0x81, 0xe3, 0xcf, 0xfc, 0xd5, 
	0xba, 0x85, 0x89, 0x41, 0xfd, 0x99, 0xc2, 0x85, 
	0xcb, 0x09, 0xc3, 0x07, 0xcb, 0x47, 0xba, 0xc5, 
	0xaa, 0x41, 0xa2, 0x01, 0xdc, 0x0f, 0xec, 0x95, 
	0xdb, 0xcf, 0xd3, 0x8d, 0xfc, 0xd7, 0xe4, 0x51, 
	0xdb, 0x8d, 0xec, 0x53, 0x80, 0xc1, 0xca, 0xc7, 
	0x80, 0x81, 0xf4, 0x51, 0xec, 0x4f, 0xba, 0x43, 
	0xd3, 0x4b, 0xfd, 0xdb, 0x78, 0x81, 0xb2, 0x85, 
	0xec, 0x0d, 0xfe, 0x1f, 0xe3, 0xcb, 0xe4, 0x0d, 
	
};

Texture bob_dl__4_rgba16_ci8[] = {
	0x00, 0x01, 0x02, 0x03, 0x04, 0x05, 0x06, 0x07, 
	0x08, 0x06, 0x09, 0x0a, 0x0b, 0x0c, 0x0c, 0x0c, 
	0x0d, 0x0e, 0x0d, 0x0f, 0x10, 0x11, 0x12, 0x13, 
	0x14, 0x15, 0x16, 0x17, 0x18, 0x0a, 0x19, 0x1a, 
	0x1b, 0x1c, 0x02, 0x02, 0x03, 0x1d, 0x1e, 0x07, 
	0x08, 0x1f, 0x06, 0x0c, 0x0c, 0x20, 0x21, 0x22, 
	0x23, 0x24, 0x25, 0x26, 0x0c, 0x0c, 0x27, 0x14, 
	0x28, 0x15, 0x16, 0x16, 0x17, 0x0a, 0x18, 0x05, 
	0x01, 0x1c, 0x02, 0x29, 0x1a, 0x05, 0x1e, 0x2a, 
	0x2a, 0x0c, 0x0c, 0x20, 0x20, 0x24, 0x2b, 0x2b, 
	0x2b, 0x2c, 0x2d, 0x2d, 0x2d, 0x25, 0x0d, 0x0c, 
	0x2e, 0x13, 0x2f, 0x2f, 0x0a, 0x10, 0x30, 0x31, 
	0x01, 0x1c, 0x32, 0x03, 0x30, 0x05, 0x06, 0x0c, 
	0x0c, 0x33, 0x33, 0x23, 0x2b, 0x25, 0x34, 0x0c, 
	0x0c, 0x35, 0x36, 0x2d, 0x2d, 0x37, 0x2d, 0x36, 
	0x38, 0x0c, 0x15, 0x15, 0x10, 0x10, 0x0a, 0x05, 
	0x01, 0x39, 0x03, 0x1a, 0x05, 0x06, 0x0c, 0x33, 
	0x33, 0x23, 0x3a, 0x3b, 0x0c, 0x0c, 0x3c, 0x3c, 
	0x3c, 0x3c, 0x0d, 0x38, 0x25, 0x3d, 0x24, 0x3e, 
	0x3d, 0x36, 0x0c, 0x13, 0x3f, 0x40, 0x10, 0x05, 
	0x41, 0x39, 0x32, 0x04, 0x42, 0x0c, 0x43, 0x44, 
	0x0e, 0x0d, 0x0c, 0x3c, 0x3c, 0x3c, 0x45, 0x46, 
	0x47, 0x21, 0x48, 0x49, 0x3c, 0x34, 0x4a, 0x2b, 
	0x3d, 0x3d, 0x3d, 0x0c, 0x4b, 0x10, 0x10, 0x1e, 
	0x01, 0x39, 0x4c, 0x1d, 0x0c, 0x43, 0x44, 0x0e, 
	0x0c, 0x4d, 0x4e, 0x45, 0x4f, 0x47, 0x50, 0x51, 
	0x51, 0x51, 0x51, 0x51, 0x47, 0x52, 0x4e, 0x53, 
	0x53, 0x2b, 0x2d, 0x2d, 0x0c, 0x10, 0x4b, 0x31, 
	0x01, 0x1a, 0x09, 0x0c, 0x33, 0x44, 0x0e, 0x0c, 
	0x3c, 0x45, 0x54, 0x50, 0x21, 0x48, 0x55, 0x45, 
	0x55, 0x56, 0x52, 0x47, 0x51, 0x51, 0x21, 0x57, 
	0x0c, 0x2d, 0x43, 0x43, 0x53, 0x10, 0x2e, 0x1f, 
	0x41, 0x1a, 0x1e, 0x0c, 0x33, 0x0e, 0x0c, 0x3c, 
	0x4d, 0x47, 0x47, 0x58, 0x3c, 0x0c, 0x0c, 0x38, 
	0x59, 0x38, 0x34, 0x3c, 0x52, 0x21, 0x5a, 0x21, 
	0x3c, 0x2d, 0x5b, 0x43, 0x2b, 0x0c, 0x2e, 0x06, 
	0x5c, 0x1a, 0x0c, 0x33, 0x23, 0x0d, 0x3c, 0x45, 
	0x48, 0x47, 0x56, 0x0c, 0x0c, 0x0e, 0x59, 0x0d, 
	0x0d, 0x53, 0x5d, 0x36, 0x38, 0x57, 0x47, 0x5e, 
	0x5f, 0x60, 0x43, 0x43, 0x44, 0x34, 0x61, 0x62, 
	0x5c, 0x03, 0x0c, 0x33, 0x3a, 0x0c, 0x3c, 0x4f, 
	0x48, 0x56, 0x0c, 0x0e, 0x38, 0x0c, 0x3c, 0x3c, 
	0x3c, 0x3c, 0x0c, 0x25, 0x0d, 0x25, 0x55, 0x48, 
	0x52, 0x3c, 0x43, 0x57, 0x23, 0x5d, 0x61, 0x06, 
	0x5c, 0x0c, 0x33, 0x23, 0x3b, 0x3c, 0x45, 0x48, 
	0x58, 0x0c, 0x0e, 0x0d, 0x3c, 0x3c, 0x45, 0x58, 
	0x48, 0x58, 0x3c, 0x22, 0x0e, 0x3d, 0x0e, 0x52, 
	0x21, 0x55, 0x25, 0x23, 0x23, 0x2d, 0x0c, 0x06, 
	0x5c, 0x0c, 0x21, 0x2b, 0x0c, 0x3c, 0x47, 0x63, 
	0x4e, 0x0c, 0x38, 0x3c, 0x52, 0x52, 0x21, 0x20, 
	0x64, 0x51, 0x52, 0x45, 0x3c, 0x3d, 0x65, 0x4e, 
	0x48, 0x52, 0x3c, 0x24, 0x23, 0x23, 0x38, 0x62, 
	0x5c, 0x0c, 0x20, 0x25, 0x0c, 0x3c, 0x66, 0x48, 
	0x0c, 0x0e, 0x0c, 0x3c, 0x52, 0x67, 0x2d, 0x68, 
	0x2b, 0x2b, 0x2d, 0x56, 0x55, 0x25, 0x2d, 0x25, 
	0x52, 0x21, 0x4e, 0x2b, 0x57, 0x23, 0x36, 0x69, 
	0x0c, 0x20, 0x24, 0x34, 0x3c, 0x45, 0x63, 0x55, 
	0x0c, 0x0e, 0x3c, 0x45, 0x6a, 0x6b, 0x0c, 0x6c, 
	0x2d, 0x2d, 0x24, 0x22, 0x3c, 0x33, 0x24, 0x3d, 
	0x55, 0x6d, 0x3c, 0x0c, 0x6e, 0x23, 0x37, 0x3d, 
	0x0c, 0x21, 0x2b, 0x0c, 0x3c, 0x6f, 0x70, 0x56, 
	0x0c, 0x0d, 0x3c, 0x52, 0x2b, 0x3a, 0x71, 0x2b, 
	0x24, 0x43, 0x43, 0x43, 0x3c, 0x3d, 0x23, 0x3d, 
	0x55, 0x21, 0x3c, 0x0c, 0x33, 0x72, 0x57, 0x57, 
	0x25, 0x73, 0x2b, 0x0c, 0x3c, 0x48, 0x21, 0x55, 
	0x74, 0x0d, 0x3c, 0x52, 0x24, 0x36, 0x37, 0x24, 
	0x75, 0x43, 0x43, 0x23, 0x3c, 0x0c, 0x22, 0x3d, 
	0x55, 0x21, 0x3c, 0x0c, 0x51, 0x57, 0x57, 0x57, 
	0x0c, 0x3d, 0x2c, 0x35, 0x3c, 0x6f, 0x63, 0x56, 
	0x38, 0x53, 0x3c, 0x58, 0x20, 0x3d, 0x24, 0x43, 
	0x43, 0x43, 0x37, 0x33, 0x3c, 0x0c, 0x22, 0x3d, 
	0x55, 0x76, 0x3c, 0x0c, 0x33, 0x57, 0x24, 0x2b, 
	0x77, 0x0d, 0x2d, 0x36, 0x0d, 0x48, 0x21, 0x52, 
	0x34, 0x5d, 0x0e, 0x3c, 0x51, 0x43, 0x24, 0x43, 
	0x43, 0x37, 0x22, 0x3c, 0x65, 0x22, 0x23, 0x36, 
	0x45, 0x4e, 0x0c, 0x33, 0x20, 0x57, 0x2b, 0x78, 
	0x79, 0x0c, 0x2d, 0x2d, 0x38, 0x56, 0x48, 0x7a, 
	0x3c, 0x36, 0x0e, 0x7b, 0x45, 0x51, 0x7c, 0x22, 
	0x22, 0x33, 0x3c, 0x3c, 0x0c, 0x22, 0x2d, 0x3c, 
	0x48, 0x3c, 0x0c, 0x51, 0x57, 0x57, 0x25, 0x03, 
	0x7d, 0x0c, 0x3d, 0x2d, 0x25, 0x3c, 0x4f, 0x66, 
	0x52, 0x25, 0x74, 0x0e, 0x3c, 0x55, 0x3c, 0x3c, 
	0x3c, 0x3c, 0x65, 0x0c, 0x20, 0x23, 0x36, 0x76, 
	0x45, 0x3c, 0x0c, 0x33, 0x57, 0x43, 0x38, 0x7e, 
	0x7d, 0x7f, 0x0d, 0x37, 0x3d, 0x60, 0x52, 0x47, 
	0x47, 0x6d, 0x0e, 0x3d, 0x3d, 0x25, 0x33, 0x44, 
	0x0c, 0x0c, 0x22, 0x22, 0x23, 0x80, 0x55, 0x48, 
	0x4e, 0x0c, 0x33, 0x22, 0x81, 0x2b, 0x82, 0x7e, 
	0x7d, 0x83, 0x0c, 0x25, 0x24, 0x36, 0x4e, 0x6f, 
	0x47, 0x7a, 0x55, 0x0e, 0x65, 0x2d, 0x24, 0x23, 
	0x22, 0x22, 0x23, 0x2d, 0x36, 0x55, 0x48, 0x52, 
	0x3c, 0x0c, 0x33, 0x81, 0x43, 0x38, 0x84, 0x83, 
	0x7d, 0x85, 0x7e, 0x34, 0x86, 0x2d, 0x3d, 0x48, 
	0x66, 0x51, 0x48, 0x52, 0x4e, 0x25, 0x3d, 0x3d, 
	0x3d, 0x3d, 0x36, 0x3c, 0x76, 0x48, 0x52, 0x3c, 
	0x0c, 0x22, 0x22, 0x20, 0x2d, 0x87, 0x87, 0x1b, 
	0x88, 0x89, 0x1b, 0x0c, 0x36, 0x2b, 0x8a, 0x36, 
	0x6d, 0x58, 0x47, 0x21, 0x48, 0x52, 0x55, 0x55, 
	0x55, 0x55, 0x45, 0x48, 0x45, 0x4e, 0x3c, 0x0c, 
	0x22, 0x22, 0x20, 0x43, 0x35, 0x8b, 0x8c, 0x8d, 
	0x8e, 0x8f, 0x90, 0x91, 0x0c, 0x0e, 0x92, 0x2d, 
	0x4a, 0x20, 0x55, 0x58, 0x47, 0x21, 0x6d, 0x21, 
	0x21, 0x48, 0x45, 0x3c, 0x3c, 0x0e, 0x0c, 0x22, 
	0x22, 0x20, 0x43, 0x36, 0x93, 0x8c, 0x8c, 0x94, 
	0x95, 0x96, 0x00, 0x1b, 0x91, 0x0c, 0x65, 0x43, 
	0x24, 0x2d, 0x36, 0x97, 0x4e, 0x4e, 0x3c, 0x3c, 
	0x3c, 0x3c, 0x20, 0x0d, 0x0c, 0x33, 0x33, 0x22, 
	0x20, 0x43, 0x36, 0x98, 0x98, 0x99, 0x99, 0x9a, 
	0x9b, 0x9c, 0x8d, 0x90, 0x1b, 0x9d, 0x0c, 0x65, 
	0x43, 0x43, 0x75, 0x2d, 0x2b, 0x2b, 0x0e, 0x36, 
	0x26, 0x0c, 0x3d, 0x51, 0x33, 0x22, 0x81, 0x20, 
	0x43, 0x36, 0x9e, 0x9f, 0xa0, 0xa1, 0xa1, 0xa2, 
	0xa3, 0xa4, 0xa5, 0xa6, 0xa6, 0x00, 0x91, 0x0c, 
	0x25, 0x2b, 0x23, 0x23, 0x23, 0x57, 0xa7, 0x33, 
	0x51, 0x33, 0x20, 0x57, 0x57, 0x81, 0x43, 0x2d, 
	0x35, 0xa8, 0x9f, 0x41, 0x41, 0xa9, 0xa9, 0xaa, 
	0xa3, 0xa4, 0xab, 0xab, 0xa6, 0xac, 0x90, 0x90, 
	0x91, 0x0c, 0x5d, 0x2d, 0x23, 0x23, 0x23, 0xad, 
	0x57, 0x57, 0x57, 0x57, 0x43, 0x2b, 0x38, 0xae, 
	0xaf, 0xae, 0x9d, 0xb0, 0x9d, 0xa9, 0xb1, 0xb2, 
	0xb3, 0xaa, 0x9a, 0x9a, 0x9a, 0xb4, 0x90, 0xb4, 
	0x90, 0x00, 0x7d, 0x0c, 0x4a, 0x2d, 0x72, 0xad, 
	0x57, 0x24, 0x2b, 0x25, 0x38, 0xb5, 0xb6, 0xb7, 
	0xb8, 0xb9, 0xb1, 0xb1, 0xb1, 0xba, 0xbb, 0x95, 
	0xbc, 0xbd, 0xa4, 0xbe, 0xa4, 0x94, 0xbf, 0xc0, 
	0x96, 0x89, 0xc1, 0xc2, 0x1b, 0x3d, 0x57, 0x57, 
	0x57, 0x2b, 0x85, 0x85, 0x90, 0xc3, 0x77, 0xb1, 
	0xc4, 0x00, 0x90, 0x90, 0x00, 0xa6, 0x8f, 0xc5, 
	
};

Texture bob_dl__4_rgba16_pal_rgba16[] = {
	0xab, 0x0b, 0xbb, 0x4d, 0xc3, 0xd1, 0xcc, 0x11, 
	0xd4, 0x13, 0xdc, 0x53, 0xdc, 0x95, 0xed, 0x5d, 
	0xed, 0x1d, 0xd4, 0x55, 0xe4, 0x51, 0xe4, 0x0f, 
	0xbd, 0xef, 0xbd, 0xad, 0xac, 0xe7, 0xe4, 0x93, 
	0xec, 0x93, 0xdc, 0x11, 0xcb, 0x4b, 0xec, 0x91, 
	0xf4, 0xd3, 0xec, 0x4f, 0xe4, 0x0d, 0xdc, 0x0d, 
	0xdc, 0x0f, 0xd4, 0x0f, 0xd4, 0x11, 0xb3, 0x4d, 
	0xc3, 0x8f, 0xd4, 0x53, 0xdc, 0x55, 0xe4, 0x97, 
	0x5a, 0x53, 0x39, 0x4b, 0x52, 0x11, 0x6a, 0xd7, 
	0x7b, 0x5b, 0xa4, 0xa5, 0xbd, 0xed, 0xcb, 0x8d, 
	0xf5, 0x15, 0xcb, 0xd1, 0xf5, 0x5d, 0x8b, 0xdf, 
	0x8b, 0xdd, 0x83, 0x9d, 0xf5, 0x17, 0xe4, 0x4f, 
	0xdc, 0x51, 0xe4, 0x95, 0xc4, 0x11, 0x49, 0xcf, 
	0xbd, 0x6b, 0xb5, 0x27, 0x9c, 0x63, 0x83, 0x9b, 
	0xb5, 0x29, 0xcb, 0xcf, 0xa4, 0xe5, 0xbd, 0xab, 
	0x00, 0x01, 0x94, 0x21, 0x7b, 0x9b, 0xec, 0xd3, 
	0xec, 0xd5, 0xbb, 0x4b, 0xdc, 0x93, 0x73, 0x19, 
	0x73, 0x17, 0x18, 0x43, 0x20, 0xc5, 0x31, 0x09, 
	0x28, 0xc7, 0x18, 0x01, 0x9c, 0x61, 0xf4, 0xd5, 
	0xcc, 0x13, 0x10, 0x43, 0x08, 0x01, 0x18, 0x85, 
	0x39, 0x8b, 0x41, 0x8d, 0x20, 0x85, 0xac, 0xe5, 
	0x29, 0x07, 0x10, 0x01, 0x18, 0x41, 0x62, 0x95, 
	0x28, 0xc5, 0xb4, 0xe7, 0x49, 0xcd, 0x6a, 0xd5, 
	0xb3, 0x0b, 0xa4, 0xa3, 0x41, 0x4b, 0x10, 0x41, 
	0xbd, 0x69, 0xf5, 0x59, 0xdc, 0x97, 0x31, 0x49, 
	0x52, 0x51, 0x94, 0x1f, 0x29, 0x09, 0x73, 0x5b, 
	0x83, 0xdf, 0xd4, 0x95, 0x6b, 0x19, 0xb5, 0x6b, 
	0x9c, 0xa5, 0x39, 0x49, 0x5a, 0x11, 0x20, 0xc7, 
	0x31, 0x4b, 0x9c, 0xa3, 0x62, 0xd5, 0x52, 0x0f, 
	0xad, 0x29, 0x73, 0x59, 0x20, 0x83, 0x9a, 0x89, 
	0xcc, 0x0f, 0x92, 0x89, 0x31, 0x07, 0xa4, 0xe7, 
	0x4a, 0x11, 0x8a, 0x49, 0xc3, 0xcf, 0xbb, 0xcf, 
	0x93, 0xdf, 0x62, 0x93, 0xe4, 0x0b, 0xbb, 0x8f, 
	0xdb, 0xcb, 0xb3, 0x8f, 0x83, 0x5b, 0xd3, 0xcb, 
	0x82, 0x49, 0xab, 0x4f, 0x9c, 0x23, 0xd3, 0x8b, 
	0xcb, 0x89, 0xa3, 0x0d, 0x7a, 0x09, 0xa3, 0x4d, 
	0xab, 0x4d, 0xb3, 0x8d, 0x94, 0x61, 0xd4, 0x0d, 
	0x9b, 0x0d, 0x7a, 0x49, 0xa3, 0x4f, 0x5a, 0x51, 
	0xcb, 0x8b, 0xc3, 0x49, 0x92, 0xcb, 0x72, 0x09, 
	0x9b, 0x0f, 0xb3, 0x4b, 0xcb, 0xcb, 0xc3, 0x8b, 
	0xc3, 0x4b, 0xbb, 0x49, 0x8a, 0xcb, 0x61, 0xc9, 
	0x93, 0x0d, 0x9b, 0x0b, 0xa3, 0x0b, 0x52, 0x13, 
	0xbb, 0x07, 0xb3, 0x09, 0x8a, 0x8b, 0x9a, 0xcb, 
	0xa2, 0xcb, 0x6a, 0x95, 0xb2, 0xc7, 0xb2, 0xc5, 
	0xb3, 0x49, 0xab, 0x09, 0x82, 0x8b, 0x49, 0x47, 
	0x9a, 0xc9, 0x79, 0xc7, 0x9a, 0x45, 0xaa, 0xc5, 
	0xa2, 0x85, 0xaa, 0xc7, 0xa2, 0xc9, 0xa3, 0x09, 
	0x49, 0x89, 0x82, 0xcd, 0x92, 0xcd, 0xab, 0x8f, 
	0x9a, 0xcd, 0x82, 0x8d, 0x8a, 0xcd, 0x7a, 0x0b, 
	0xaa, 0xc9, 0x7a, 0x8d, 
};

Texture bob_dl_bob_textures_0A000_rgba16_ci8[] = {
	0x00, 0x01, 0x02, 0x03, 0x04, 0x05, 0x01, 0x03, 
	0x06, 0x07, 0x08, 0x04, 0x09, 0x0a, 0x0b, 0x0c, 
	0x0d, 0x0e, 0x05, 0x0f, 0x06, 0x10, 0x00, 0x11, 
	0x12, 0x13, 0x10, 0x01, 0x14, 0x15, 0x16, 0x13, 
	0x17, 0x04, 0x18, 0x04, 0x00, 0x19, 0x1a, 0x1b, 
	0x1c, 0x1d, 0x16, 0x1d, 0x1e, 0x1f, 0x20, 0x0f, 
	0x0f, 0x00, 0x21, 0x22, 0x01, 0x07, 0x23, 0x11, 
	0x11, 0x10, 0x04, 0x24, 0x25, 0x26, 0x27, 0x0c, 
	0x04, 0x23, 0x03, 0x01, 0x21, 0x28, 0x29, 0x2a, 
	0x2b, 0x2c, 0x16, 0x2d, 0x04, 0x01, 0x00, 0x2e, 
	0x15, 0x05, 0x2f, 0x04, 0x22, 0x30, 0x31, 0x21, 
	0x11, 0x0c, 0x32, 0x12, 0x33, 0x0f, 0x34, 0x21, 
	0x05, 0x23, 0x18, 0x00, 0x00, 0x35, 0x36, 0x37, 
	0x2a, 0x16, 0x38, 0x32, 0x39, 0x3a, 0x20, 0x18, 
	0x3b, 0x05, 0x3c, 0x0f, 0x3d, 0x3e, 0x31, 0x3d, 
	0x07, 0x3f, 0x3f, 0x12, 0x07, 0x1c, 0x0c, 0x01, 
	0x07, 0x04, 0x40, 0x3f, 0x05, 0x3f, 0x29, 0x05, 
	0x04, 0x10, 0x41, 0x42, 0x42, 0x43, 0x24, 0x05, 
	0x29, 0x26, 0x44, 0x00, 0x23, 0x1f, 0x18, 0x3d, 
	0x1c, 0x19, 0x07, 0x07, 0x3f, 0x45, 0x46, 0x03, 
	0x11, 0x24, 0x19, 0x02, 0x47, 0x47, 0x18, 0x2e, 
	0x31, 0x3f, 0x15, 0x02, 0x48, 0x49, 0x11, 0x47, 
	0x0e, 0x19, 0x24, 0x18, 0x0f, 0x06, 0x0e, 0x4a, 
	0x19, 0x0e, 0x05, 0x4b, 0x4c, 0x0b, 0x44, 0x4d, 
	0x12, 0x00, 0x13, 0x13, 0x13, 0x18, 0x03, 0x4e, 
	0x0c, 0x16, 0x07, 0x05, 0x24, 0x3c, 0x01, 0x2e, 
	0x05, 0x4f, 0x4f, 0x21, 0x22, 0x50, 0x45, 0x1f, 
	0x45, 0x2a, 0x10, 0x1f, 0x06, 0x51, 0x52, 0x10, 
	0x02, 0x01, 0x20, 0x13, 0x00, 0x53, 0x54, 0x4e, 
	0x19, 0x19, 0x55, 0x05, 0x31, 0x44, 0x2e, 0x31, 
	0x05, 0x56, 0x0f, 0x1f, 0x31, 0x57, 0x4c, 0x32, 
	0x30, 0x05, 0x47, 0x33, 0x3c, 0x10, 0x58, 0x59, 
	0x4d, 0x03, 0x2e, 0x31, 0x2e, 0x5a, 0x46, 0x5b, 
	0x24, 0x5c, 0x5d, 0x3f, 0x05, 0x3c, 0x01, 0x20, 
	0x5e, 0x5f, 0x29, 0x04, 0x04, 0x0b, 0x60, 0x07, 
	0x05, 0x61, 0x3f, 0x33, 0x0f, 0x1e, 0x62, 0x2e, 
	0x63, 0x00, 0x13, 0x07, 0x2e, 0x00, 0x10, 0x21, 
	0x13, 0x06, 0x3f, 0x27, 0x16, 0x1c, 0x10, 0x00, 
	0x64, 0x65, 0x51, 0x27, 0x4f, 0x24, 0x2d, 0x32, 
	0x1c, 0x66, 0x46, 0x19, 0x33, 0x07, 0x67, 0x12, 
	0x47, 0x3d, 0x02, 0x20, 0x01, 0x2e, 0x2e, 0x13, 
	0x13, 0x68, 0x08, 0x3f, 0x50, 0x69, 0x1c, 0x23, 
	0x6a, 0x6b, 0x6b, 0x5c, 0x44, 0x01, 0x07, 0x43, 
	0x6c, 0x61, 0x6d, 0x61, 0x60, 0x11, 0x32, 0x20, 
	0x2e, 0x07, 0x05, 0x19, 0x1c, 0x0c, 0x02, 0x2b, 
	0x19, 0x68, 0x16, 0x27, 0x07, 0x6c, 0x12, 0x22, 
	0x27, 0x6e, 0x6f, 0x07, 0x12, 0x13, 0x41, 0x0c, 
	0x07, 0x66, 0x67, 0x67, 0x70, 0x43, 0x22, 0x01, 
	0x01, 0x1c, 0x71, 0x72, 0x71, 0x04, 0x70, 0x0e, 
	0x1c, 0x73, 0x5c, 0x16, 0x07, 0x24, 0x18, 0x00, 
	0x12, 0x07, 0x07, 0x13, 0x15, 0x20, 0x1e, 0x05, 
	0x05, 0x6c, 0x61, 0x0b, 0x70, 0x74, 0x07, 0x20, 
	0x1c, 0x07, 0x47, 0x07, 0x18, 0x23, 0x07, 0x05, 
	0x19, 0x75, 0x5c, 0x76, 0x18, 0x00, 0x19, 0x61, 
	0x06, 0x07, 0x05, 0x15, 0x33, 0x77, 0x25, 0x44, 
	0x04, 0x06, 0x6c, 0x50, 0x0b, 0x6d, 0x70, 0x77, 
	0x07, 0x02, 0x10, 0x18, 0x00, 0x21, 0x18, 0x01, 
	0x10, 0x3f, 0x32, 0x32, 0x12, 0x0c, 0x78, 0x0b, 
	0x47, 0x3f, 0x02, 0x26, 0x3f, 0x12, 0x1c, 0x2d, 
	0x3d, 0x04, 0x0e, 0x19, 0x47, 0x00, 0x60, 0x22, 
	0x15, 0x21, 0x33, 0x0f, 0x3d, 0x2e, 0x31, 0x00, 
	0x01, 0x10, 0x01, 0x70, 0x19, 0x3f, 0x0b, 0x61, 
	0x01, 0x3f, 0x0e, 0x3f, 0x1c, 0x21, 0x33, 0x0f, 
	0x3d, 0x2e, 0x31, 0x00, 0x01, 0x10, 0x01, 0x3f, 
	0x20, 0x12, 0x1c, 0x2d, 0x3d, 0x04, 0x0e, 0x19, 
	0x47, 0x00, 0x60, 0x19, 0x07, 0x70, 0x61, 0x1c, 
	0x60, 0x19, 0x07, 0x70, 0x61, 0x02, 0x10, 0x18, 
	0x00, 0x21, 0x18, 0x01, 0x10, 0x3f, 0x32, 0x07, 
	0x59, 0x77, 0x25, 0x44, 0x04, 0x06, 0x6c, 0x50, 
	0x0b, 0x6d, 0x70, 0x07, 0x3f, 0x70, 0x6c, 0x0e, 
	0x4d, 0x45, 0x3f, 0x70, 0x6c, 0x07, 0x47, 0x07, 
	0x18, 0x23, 0x07, 0x05, 0x19, 0x75, 0x5c, 0x79, 
	0x23, 0x20, 0x1e, 0x05, 0x05, 0x6c, 0x61, 0x0b, 
	0x70, 0x74, 0x07, 0x44, 0x05, 0x19, 0x75, 0x19, 
	0x01, 0x47, 0x05, 0x19, 0x75, 0x1c, 0x71, 0x72, 
	0x71, 0x04, 0x70, 0x0e, 0x1c, 0x73, 0x5c, 0x71, 
	0x12, 0x13, 0x41, 0x0c, 0x07, 0x66, 0x67, 0x67, 
	0x70, 0x43, 0x22, 0x33, 0x33, 0x4f, 0x47, 0x47, 
	0x22, 0x00, 0x20, 0x4f, 0x47, 0x07, 0x05, 0x19, 
	0x1c, 0x0c, 0x02, 0x2b, 0x19, 0x68, 0x16, 0x18, 
	0x02, 0x01, 0x07, 0x43, 0x6c, 0x61, 0x6d, 0x61, 
	0x60, 0x11, 0x32, 0x3c, 0x07, 0x7a, 0x6c, 0x07, 
	0x4a, 0x70, 0x06, 0x7a, 0x6c, 0x3d, 0x02, 0x20, 
	0x01, 0x2e, 0x2e, 0x13, 0x13, 0x68, 0x08, 0x18, 
	0x10, 0x24, 0x2d, 0x32, 0x1c, 0x66, 0x46, 0x19, 
	0x33, 0x07, 0x67, 0x52, 0x70, 0x4c, 0x63, 0x06, 
	0x67, 0x7b, 0x0b, 0x4c, 0x63, 0x00, 0x13, 0x07, 
	0x2e, 0x00, 0x10, 0x21, 0x13, 0x06, 0x3f, 0x6c, 
	0x12, 0x0b, 0x60, 0x07, 0x05, 0x61, 0x3f, 0x33, 
	0x0f, 0x1e, 0x62, 0x43, 0x70, 0x6c, 0x43, 0x21, 
	0x62, 0x4c, 0x7c, 0x66, 0x43, 0x03, 0x2e, 0x31, 
	0x2e, 0x5a, 0x46, 0x5b, 0x24, 0x5c, 0x5d, 0x4c, 
	0x0c, 0x57, 0x4c, 0x32, 0x30, 0x05, 0x47, 0x33, 
	0x3c, 0x10, 0x58, 0x70, 0x19, 0x3a, 0x24, 0x10, 
	0x58, 0x66, 0x4d, 0x4d, 0x24, 0x01, 0x20, 0x13, 
	0x00, 0x53, 0x54, 0x4e, 0x19, 0x19, 0x55, 0x60, 
	0x10, 0x50, 0x45, 0x1f, 0x45, 0x2a, 0x10, 0x1f, 
	0x06, 0x51, 0x52, 0x00, 0x19, 0x24, 0x3f, 0x19, 
	0x22, 0x00, 0x32, 0x24, 0x3f, 0x00, 0x13, 0x13, 
	0x13, 0x18, 0x03, 0x4e, 0x0c, 0x16, 0x07, 0x12, 
	0x07, 0x06, 0x0e, 0x4a, 0x19, 0x0e, 0x05, 0x4b, 
	0x4c, 0x0b, 0x44, 0x4d, 0x7d, 0x4d, 0x4d, 0x39, 
	0x21, 0x4d, 0x7d, 0x7e, 0x5b, 0x24, 0x19, 0x02, 
	0x47, 0x47, 0x18, 0x2e, 0x31, 0x3f, 0x15, 0x23, 
	0x18, 0x1f, 0x18, 0x3d, 0x1c, 0x19, 0x07, 0x07, 
	0x3f, 0x45, 0x46, 0x46, 0x46, 0x4d, 0x39, 0x4e, 
	0x63, 0x7f, 0x49, 0x4d, 0x39, 0x04, 0x40, 0x3f, 
	0x05, 0x3f, 0x29, 0x05, 0x04, 0x10, 0x41, 0x22, 
	0x80, 0x3e, 0x31, 0x3d, 0x07, 0x3f, 0x3f, 0x12, 
	0x07, 0x1c, 0x0c, 0x81, 0x3a, 0x82, 0x39, 0x83, 
	0x33, 0x84, 0x3a, 0x82, 0x39, 0x23, 0x18, 0x00, 
	0x00, 0x35, 0x36, 0x37, 0x2a, 0x16, 0x38, 0x10, 
	0x45, 0x30, 0x31, 0x21, 0x11, 0x0c, 0x32, 0x12, 
	0x33, 0x0f, 0x34, 0x12, 0x02, 0x05, 0x22, 0x13, 
	0x55, 0x12, 0x03, 0x13, 0x22, 0x23, 0x03, 0x01, 
	0x21, 0x28, 0x29, 0x2a, 0x2b, 0x2c, 0x16, 0x02, 
	0x26, 0x07, 0x23, 0x11, 0x11, 0x10, 0x04, 0x24, 
	0x25, 0x26, 0x27, 0x0c, 0x02, 0x05, 0x32, 0x61, 
	0x55, 0x0c, 0x00, 0x00, 0x32, 0x04, 0x18, 0x04, 
	0x00, 0x19, 0x1a, 0x1b, 0x1c, 0x1d, 0x16, 0x10, 
	0x1c, 0x10, 0x00, 0x11, 0x12, 0x13, 0x10, 0x01, 
	0x14, 0x15, 0x16, 0x16, 0x12, 0x05, 0x3f, 0x60, 
	0x04, 0x0c, 0x4f, 0x1c, 0x1c, 0x01, 0x02, 0x03, 
	0x04, 0x05, 0x01, 0x03, 0x06, 0x07, 0x08, 0x12, 
	0x3f, 0x20, 0x47, 0x11, 0x05, 0x11, 0x10, 0x23, 
	0x05, 0x85, 0x16, 0x86, 0x2d, 0x35, 0x51, 0x39, 
	0x87, 0x6c, 0x05, 0x1c, 0x3f, 0x39, 0x1c, 0x1c, 
	0x3f, 0x39, 0x0e, 0x1c, 0x51, 0x05, 0x47, 0x7b, 
	
};

Texture bob_dl_bob_textures_0A000_rgba16_pal_rgba16[] = {
	0x40, 0xc1, 0x49, 0x01, 0x59, 0xc3, 0x59, 0x81, 
	0x51, 0x83, 0x59, 0xc5, 0x72, 0x89, 0x62, 0x07, 
	0x5a, 0xc7, 0x51, 0xc7, 0x83, 0x11, 0x8b, 0x51, 
	0x6a, 0x47, 0x5a, 0xc9, 0x7a, 0xcd, 0x49, 0x03, 
	0x51, 0x41, 0x59, 0x83, 0x62, 0x05, 0x51, 0x81, 
	0x49, 0x85, 0x49, 0x43, 0x62, 0x47, 0x9c, 0x19, 
	0x38, 0xc1, 0x72, 0x8b, 0x9b, 0xd7, 0x7a, 0xcf, 
	0x83, 0x0f, 0x62, 0x49, 0x49, 0x45, 0x41, 0x03, 
	0x41, 0x01, 0x38, 0x81, 0x30, 0x41, 0x30, 0x81, 
	0x61, 0xc5, 0x39, 0x03, 0x6a, 0x4b, 0x5a, 0x05, 
	0x59, 0xc9, 0x83, 0x51, 0x7b, 0x0f, 0x72, 0xcb, 
	0x5a, 0x47, 0x62, 0x09, 0x20, 0x01, 0x72, 0x07, 
	0x51, 0x87, 0x28, 0x01, 0x6a, 0x07, 0x51, 0x85, 
	0x73, 0x0b, 0x8b, 0x53, 0x93, 0x95, 0xa4, 0x19, 
	0x5a, 0x07, 0x6a, 0x05, 0x7a, 0x89, 0x51, 0xc3, 
	0x61, 0xc7, 0x28, 0x41, 0x38, 0x83, 0x6a, 0x49, 
	0x62, 0x4b, 0x59, 0xc7, 0x69, 0xc1, 0x72, 0x49, 
	0x59, 0x85, 0x6a, 0x09, 0x82, 0xcb, 0x49, 0x41, 
	0xab, 0x8d, 0x8b, 0x0b, 0x40, 0xc3, 0x59, 0x87, 
	0x93, 0x91, 0x72, 0x47, 0x82, 0xc9, 0x51, 0x43, 
	0x9b, 0xd5, 0x93, 0x93, 0x72, 0x4b, 0x83, 0x0b, 
	0xa3, 0xcf, 0x62, 0x87, 0x51, 0xc5, 0x9b, 0xd3, 
	0xa3, 0xd3, 0x10, 0x01, 0x7a, 0x87, 0x61, 0xc3, 
	0x6a, 0x89, 0x6a, 0xcb, 0x5a, 0x45, 0x8b, 0xd3, 
	0x7a, 0x8b, 0x8b, 0x4f, 0xac, 0x57, 0x8b, 0x0d, 
	0x8c, 0x53, 0x84, 0x51, 0x93, 0x4f, 0x9b, 0x93, 
	0x6a, 0xc9, 0x93, 0x53, 0x9c, 0x55, 0x94, 0x13, 
	0x83, 0x0d, 0x8b, 0x0f, 0x94, 0x15, 0x93, 0xd3, 
	0x82, 0xcd, 0x72, 0xcd, 0x7b, 0x11, 0x7b, 0x0d, 
	0x93, 0x51, 0x6a, 0x8b, 0x5a, 0x03, 0x18, 0x01, 
	0xa4, 0x59, 0x62, 0x0b, 0xa4, 0x17, 0x7a, 0xcb, 
	0x9b, 0x91, 0x9b, 0x8d, 0x7a, 0x45, 0xa3, 0xd1, 
	0x49, 0x05, 0x72, 0x87, 0x6a, 0x45, 0x61, 0xc1, 
	0x7a, 0xc9, 0x6a, 0x87, 0x62, 0x89, 0x73, 0x4d, 
	
};

Texture bob_dl_bob_textures_08800_rgba16_ci4[] = {
	0x00, 0x00, 0x00, 0x00, 0x12, 0x34, 0x56, 0x73, 
	0x00, 0x00, 0x00, 0x00, 0x12, 0x34, 0x56, 0x73, 
	0x00, 0x00, 0x00, 0x00, 0x12, 0x34, 0x56, 0x73, 
	0x00, 0x00, 0x00, 0x00, 0x12, 0x34, 0x56, 0x73, 
	0x00, 0x00, 0x00, 0x00, 0x12, 0x34, 0x56, 0x73, 
	0x00, 0x00, 0x00, 0x00, 0x12, 0x34, 0x56, 0x73, 
	0x00, 0x00, 0x00, 0x00, 0x12, 0x34, 0x56, 0x73, 
	0x00, 0x00, 0x00, 0x00, 0x12, 0x34, 0x56, 0x73, 
	0x00, 0x00, 0x00, 0x00, 0x12, 0x34, 0x56, 0x73, 
	0x00, 0x00, 0x00, 0x00, 0x12, 0x34, 0x56, 0x73, 
	0x00, 0x00, 0x00, 0x00, 0x12, 0x34, 0x56, 0x73, 
	0x00, 0x00, 0x00, 0x00, 0x12, 0x34, 0x56, 0x73, 
	0x00, 0x00, 0x00, 0x00, 0x12, 0x34, 0x56, 0x73, 
	0x00, 0x00, 0x00, 0x00, 0x12, 0x34, 0x56, 0x73, 
	0x00, 0x00, 0x00, 0x00, 0x12, 0x34, 0x56, 0x73, 
	0x00, 0x00, 0x00, 0x00, 0x12, 0x34, 0x56, 0x73, 
	0x00, 0x00, 0x00, 0x00, 0x12, 0x34, 0x56, 0x73, 
	0x00, 0x00, 0x00, 0x00, 0x12, 0x34, 0x56, 0x73, 
	0x00, 0x00, 0x00, 0x00, 0x12, 0x34, 0x56, 0x73, 
	0x00, 0x00, 0x00, 0x00, 0x12, 0x34, 0x56, 0x73, 
	0x00, 0x00, 0x00, 0x00, 0x12, 0x34, 0x56, 0x73, 
	0x00, 0x00, 0x00, 0x00, 0x12, 0x34, 0x56, 0x73, 
	0x00, 0x00, 0x00, 0x00, 0x12, 0x34, 0x56, 0x73, 
	0x00, 0x00, 0x00, 0x00, 0x12, 0x34, 0x56, 0x73, 
	0x00, 0x00, 0x00, 0x00, 0x12, 0x34, 0x56, 0x73, 
	0x00, 0x00, 0x00, 0x00, 0x12, 0x34, 0x56, 0x73, 
	0x00, 0x00, 0x00, 0x00, 0x12, 0x34, 0x56, 0x73, 
	0x00, 0x00, 0x00, 0x00, 0x12, 0x34, 0x56, 0x73, 
	0x00, 0x00, 0x00, 0x00, 0x12, 0x34, 0x56, 0x73, 
	0x00, 0x00, 0x00, 0x00, 0x12, 0x34, 0x56, 0x73, 
	0x00, 0x00, 0x00, 0x00, 0x12, 0x34, 0x56, 0x73, 
	0x00, 0x00, 0x00, 0x00, 0x12, 0x34, 0x56, 0x73, 
	0x00, 0x00, 0x00, 0x00, 0x12, 0x34, 0x56, 0x73, 
	0x00, 0x00, 0x00, 0x00, 0x12, 0x34, 0x56, 0x73, 
	0x00, 0x00, 0x00, 0x00, 0x12, 0x34, 0x56, 0x73, 
	0x00, 0x00, 0x00, 0x00, 0x12, 0x34, 0x56, 0x73, 
	0x00, 0x00, 0x00, 0x00, 0x12, 0x34, 0x56, 0x73, 
	0x00, 0x00, 0x00, 0x00, 0x12, 0x34, 0x56, 0x73, 
	0x00, 0x00, 0x00, 0x00, 0x12, 0x34, 0x56, 0x73, 
	0x00, 0x00, 0x00, 0x00, 0x12, 0x34, 0x56, 0x73, 
	0x00, 0x00, 0x00, 0x00, 0x12, 0x34, 0x56, 0x73, 
	0x00, 0x00, 0x00, 0x00, 0x12, 0x34, 0x56, 0x73, 
	0x00, 0x00, 0x00, 0x00, 0x12, 0x34, 0x56, 0x73, 
	0x00, 0x00, 0x00, 0x00, 0x12, 0x34, 0x56, 0x73, 
	0x00, 0x00, 0x00, 0x00, 0x12, 0x34, 0x56, 0x73, 
	0x00, 0x00, 0x00, 0x00, 0x12, 0x34, 0x56, 0x73, 
	0x00, 0x00, 0x00, 0x00, 0x12, 0x34, 0x56, 0x73, 
	0x00, 0x00, 0x00, 0x00, 0x12, 0x34, 0x56, 0x73, 
	0x00, 0x00, 0x00, 0x00, 0x12, 0x34, 0x56, 0x73, 
	0x00, 0x00, 0x00, 0x00, 0x12, 0x34, 0x56, 0x73, 
	0x00, 0x00, 0x00, 0x00, 0x12, 0x34, 0x56, 0x73, 
	0x00, 0x00, 0x00, 0x00, 0x12, 0x34, 0x56, 0x73, 
	0x00, 0x00, 0x00, 0x00, 0x12, 0x34, 0x56, 0x73, 
	0x00, 0x00, 0x00, 0x00, 0x12, 0x34, 0x56, 0x73, 
	0x00, 0x00, 0x00, 0x00, 0x12, 0x34, 0x56, 0x73, 
	0x00, 0x00, 0x00, 0x00, 0x12, 0x34, 0x56, 0x73, 
	0x00, 0x00, 0x00, 0x00, 0x12, 0x34, 0x56, 0x73, 
	0x00, 0x00, 0x00, 0x00, 0x12, 0x34, 0x56, 0x73, 
	0x00, 0x00, 0x00, 0x00, 0x12, 0x34, 0x56, 0x73, 
	0x00, 0x00, 0x00, 0x00, 0x12, 0x34, 0x56, 0x73, 
	0x00, 0x00, 0x00, 0x00, 0x12, 0x34, 0x56, 0x73, 
	0x00, 0x00, 0x00, 0x00, 0x12, 0x34, 0x56, 0x73, 
	0x00, 0x00, 0x00, 0x00, 0x12, 0x34, 0x56, 0x73, 
	0x00, 0x00, 0x00, 0x00, 0x12, 0x34, 0x56, 0x73, 
	
};

Texture bob_dl_bob_textures_08800_rgba16_pal_rgba16[] = {
	0x00, 0x00, 0x18, 0x85, 0x41, 0xcf, 0x7b, 0x9d, 
	0xad, 0x69, 0xce, 0x73, 0xbd, 0xad, 0x9c, 0xa5, 
	
};

Texture bob_dl__0_rgba16_ci8[] = {
	0x00, 0x00, 0x00, 0x00, 0x00, 0x00, 0x00, 0x00, 
	0x00, 0x00, 0x00, 0x01, 0x02, 0x03, 0x04, 0x05, 
	0x06, 0x07, 0x08, 0x09, 0x0a, 0x00, 0x00, 0x00, 
	0x00, 0x00, 0x00, 0x00, 0x00, 0x00, 0x00, 0x00, 
	0x00, 0x00, 0x00, 0x00, 0x00, 0x00, 0x00, 0x00, 
	0x00, 0x00, 0x00, 0x00, 0x02, 0x04, 0x0b, 0x0c, 
	0x0d, 0x0e, 0x0f, 0x09, 0x0a, 0x00, 0x00, 0x00, 
	0x00, 0x00, 0x00, 0x00, 0x00, 0x00, 0x00, 0x00, 
	0x00, 0x00, 0x00, 0x00, 0x00, 0x00, 0x00, 0x00, 
	0x00, 0x00, 0x00, 0x00, 0x10, 0x0b, 0x11, 0x12, 
	0x13, 0x14, 0x15, 0x16, 0x17, 0x00, 0x00, 0x00, 
	0x00, 0x00, 0x00, 0x00, 0x00, 0x00, 0x00, 0x00, 
	0x00, 0x00, 0x00, 0x00, 0x00, 0x18, 0x00, 0x00, 
	0x00, 0x00, 0x00, 0x00, 0x10, 0x19, 0x1a, 0x1b, 
	0x1c, 0x1d, 0x15, 0x16, 0x17, 0x00, 0x00, 0x00, 
	0x00, 0x00, 0x00, 0x00, 0x00, 0x1e, 0x00, 0x00, 
	0x00, 0x00, 0x00, 0x00, 0x00, 0x1f, 0x00, 0x00, 
	0x00, 0x00, 0x00, 0x20, 0x21, 0x22, 0x23, 0x1c, 
	0x24, 0x25, 0x1c, 0x26, 0x17, 0x27, 0x00, 0x00, 
	0x00, 0x00, 0x00, 0x00, 0x00, 0x28, 0x00, 0x00, 
	0x00, 0x00, 0x00, 0x00, 0x00, 0x28, 0x29, 0x00, 
	0x00, 0x00, 0x00, 0x02, 0x02, 0x2a, 0x2b, 0x2c, 
	0x2d, 0x2e, 0x2f, 0x30, 0x31, 0x32, 0x00, 0x00, 
	0x00, 0x00, 0x00, 0x00, 0x00, 0x33, 0x33, 0x00, 
	0x34, 0x35, 0x35, 0x35, 0x33, 0x36, 0x37, 0x38, 
	0x39, 0x1f, 0x2a, 0x3a, 0x3b, 0x3c, 0x3d, 0x3e, 
	0x3f, 0x2a, 0x40, 0x41, 0x42, 0x39, 0x1f, 0x1f, 
	0x1f, 0x42, 0x42, 0x42, 0x18, 0x43, 0x33, 0x42, 
	0x1f, 0x1e, 0x1e, 0x1f, 0x1f, 0x1f, 0x1f, 0x33, 
	0x44, 0x45, 0x32, 0x46, 0x47, 0x48, 0x35, 0x3f, 
	0x49, 0x28, 0x32, 0x36, 0x32, 0x35, 0x35, 0x35, 
	0x34, 0x33, 0x33, 0x33, 0x28, 0x33, 0x33, 0x28, 
	0x4a, 0x4b, 0x4c, 0x45, 0x4a, 0x4a, 0x4a, 0x4a, 
	0x4d, 0x4e, 0x4f, 0x32, 0x38, 0x38, 0x32, 0x44, 
	0x4c, 0x3b, 0x3f, 0x49, 0x4c, 0x50, 0x51, 0x51, 
	0x51, 0x51, 0x4c, 0x4a, 0x4a, 0x4a, 0x4a, 0x4a, 
	0x00, 0x00, 0x4c, 0x52, 0x00, 0x00, 0x00, 0x00, 
	0x3b, 0x34, 0x39, 0x28, 0x44, 0x49, 0x51, 0x4b, 
	0x51, 0x3f, 0x4a, 0x4b, 0x4b, 0x53, 0x4b, 0x4b, 
	0x4a, 0x4c, 0x4c, 0x00, 0x00, 0x00, 0x00, 0x00, 
	0x00, 0x00, 0x51, 0x00, 0x00, 0x00, 0x54, 0x4f, 
	0x33, 0x3b, 0x49, 0x4a, 0x55, 0x56, 0x57, 0x58, 
	0x4a, 0x49, 0x02, 0x59, 0x4a, 0x4c, 0x45, 0x32, 
	0x45, 0x51, 0x1e, 0x51, 0x00, 0x00, 0x00, 0x00, 
	0x00, 0x00, 0x4c, 0x00, 0x00, 0x49, 0x5a, 0x31, 
	0x45, 0x5b, 0x00, 0x00, 0x56, 0x5c, 0x5d, 0x04, 
	0x5e, 0x4b, 0x03, 0x5f, 0x60, 0x51, 0x4a, 0x49, 
	0x2a, 0x28, 0x2a, 0x61, 0x00, 0x00, 0x00, 0x00, 
	0x00, 0x00, 0x00, 0x00, 0x00, 0x3f, 0x4f, 0x44, 
	0x31, 0x00, 0x00, 0x00, 0x56, 0x56, 0x62, 0x63, 
	0x64, 0x5d, 0x04, 0x65, 0x49, 0x66, 0x00, 0x4b, 
	0x4c, 0x35, 0x67, 0x00, 0x00, 0x00, 0x00, 0x00, 
	0x00, 0x00, 0x00, 0x00, 0x4c, 0x68, 0x54, 0x50, 
	0x44, 0x00, 0x00, 0x00, 0x5c, 0x56, 0x69, 0x6a, 
	0x11, 0x6b, 0x6c, 0x6d, 0x5d, 0x05, 0x00, 0x00, 
	0x6e, 0x49, 0x33, 0x31, 0x00, 0x00, 0x00, 0x00, 
	0x00, 0x00, 0x00, 0x00, 0x6f, 0x5a, 0x45, 0x00, 
	0x4a, 0x70, 0x00, 0x00, 0x59, 0x56, 0x56, 0x63, 
	0x71, 0x72, 0x1a, 0x73, 0x74, 0x5f, 0x00, 0x00, 
	0x75, 0x45, 0x44, 0x1f, 0x00, 0x00, 0x00, 0x00, 
	0x00, 0x00, 0x00, 0x4a, 0x3f, 0x44, 0x00, 0x00, 
	0x00, 0x00, 0x00, 0x00, 0x00, 0x76, 0x76, 0x77, 
	0x78, 0x79, 0x7a, 0x7b, 0x7c, 0x05, 0x00, 0x00, 
	0x3f, 0x7d, 0x49, 0x1e, 0x44, 0x00, 0x00, 0x00, 
	0x00, 0x00, 0x68, 0x51, 0x3f, 0x44, 0x00, 0x00, 
	0x00, 0x00, 0x00, 0x00, 0x00, 0x76, 0x56, 0x1a, 
	0x7e, 0x2c, 0x7f, 0x1c, 0x80, 0x81, 0x82, 0x49, 
	0x4a, 0x4b, 0x4c, 0x3b, 0x44, 0x00, 0x00, 0x00, 
	0x00, 0x45, 0x45, 0x51, 0x83, 0x44, 0x00, 0x00, 
	0x00, 0x00, 0x00, 0x00, 0x00, 0x84, 0x02, 0x85, 
	0x1b, 0x86, 0x87, 0x87, 0x15, 0x87, 0x88, 0x00, 
	0x00, 0x00, 0x4c, 0x44, 0x35, 0x48, 0x00, 0x00, 
	0x00, 0x00, 0x4b, 0x4a, 0x83, 0x68, 0x00, 0x00, 
	0x00, 0x00, 0x00, 0x00, 0x00, 0x69, 0x89, 0x85, 
	0x13, 0x8a, 0x8a, 0x8b, 0x15, 0x8c, 0x57, 0x00, 
	0x00, 0x00, 0x4c, 0x44, 0x83, 0x4c, 0x00, 0x00, 
	0x00, 0x00, 0x00, 0x4b, 0x3f, 0x3b, 0x00, 0x00, 
	0x00, 0x00, 0x00, 0x00, 0x00, 0x8d, 0x5f, 0x8e, 
	0x8f, 0x87, 0x8a, 0x90, 0x91, 0x92, 0x00, 0x00, 
	0x00, 0x00, 0x4c, 0x44, 0x52, 0x00, 0x00, 0x00, 
	0x00, 0x00, 0x00, 0x4b, 0x45, 0x35, 0x93, 0x36, 
	0x00, 0x00, 0x00, 0x00, 0x00, 0x02, 0x63, 0x94, 
	0x95, 0x96, 0x7e, 0x90, 0x97, 0x91, 0x00, 0x00, 
	0x00, 0x00, 0x4c, 0x5a, 0x3f, 0x00, 0x00, 0x00, 
	0x00, 0x00, 0x00, 0x98, 0x49, 0x1f, 0x44, 0x00, 
	0x00, 0x00, 0x00, 0x00, 0x00, 0x6d, 0x23, 0x99, 
	0x9a, 0x7f, 0x9b, 0x25, 0x97, 0x7f, 0x00, 0x9c, 
	0x44, 0x42, 0x9d, 0x3b, 0x3f, 0x00, 0x00, 0x00, 
	0x00, 0x00, 0x00, 0x00, 0x4a, 0x44, 0x1e, 0x00, 
	0x00, 0x00, 0x00, 0x00, 0x00, 0x89, 0x9e, 0x9f, 
	0x72, 0x7f, 0x7e, 0x25, 0x97, 0xa0, 0x00, 0x00, 
	0x4a, 0x45, 0x54, 0x3b, 0x7d, 0x00, 0x00, 0x00, 
	0x00, 0x00, 0x00, 0x00, 0xa1, 0x49, 0x33, 0x00, 
	0x00, 0x00, 0x00, 0x00, 0xa2, 0xa3, 0x8e, 0x8f, 
	0x1b, 0x87, 0xa4, 0xa5, 0xa6, 0x00, 0x00, 0x00, 
	0x00, 0x4c, 0x5a, 0x5a, 0x00, 0x00, 0x00, 0x00, 
	0x00, 0x00, 0x00, 0x00, 0x00, 0x4b, 0x3f, 0x39, 
	0x39, 0x00, 0x00, 0x00, 0x36, 0x1a, 0x1b, 0xa7, 
	0xa8, 0x7e, 0x7f, 0xa9, 0xaa, 0x00, 0x00, 0x00, 
	0x00, 0x5a, 0x4f, 0x45, 0x00, 0x00, 0x00, 0x00, 
	0x00, 0x00, 0x00, 0x00, 0x00, 0xa1, 0x51, 0x9d, 
	0x29, 0x2a, 0x28, 0x33, 0xab, 0x1a, 0xac, 0x3f, 
	0x32, 0xad, 0xae, 0x3f, 0xaf, 0x00, 0x00, 0xb0, 
	0x1e, 0x1e, 0x45, 0x4e, 0x00, 0x00, 0x00, 0x00, 
	0x00, 0x00, 0x00, 0x00, 0x00, 0x51, 0x4b, 0x4b, 
	0x4c, 0x33, 0xb1, 0x93, 0x3c, 0x3d, 0xb2, 0x7d, 
	0x36, 0xb3, 0xb4, 0x3b, 0x93, 0x43, 0x28, 0x42, 
	0x3b, 0x49, 0x4c, 0x00, 0x00, 0x00, 0x00, 0x00, 
	0x00, 0x00, 0x00, 0x00, 0x00, 0x00, 0x00, 0x00, 
	0xb5, 0x4b, 0x4c, 0x5a, 0x2a, 0xab, 0x4a, 0x4c, 
	0x1e, 0xb6, 0x2a, 0x38, 0x35, 0x1f, 0x68, 0x49, 
	0x4a, 0x54, 0x18, 0x00, 0x00, 0x00, 0x00, 0x00, 
	0x00, 0x00, 0x00, 0x00, 0x00, 0x00, 0x00, 0x00, 
	0x00, 0x00, 0xb5, 0xa1, 0x4b, 0x4b, 0xa1, 0x4e, 
	0x3f, 0x3f, 0x6f, 0x49, 0x51, 0x4a, 0x4b, 0xb7, 
	0x00, 0x4a, 0x3f, 0x00, 0x00, 0x00, 0x00, 0x00, 
	0x00, 0x00, 0x00, 0x00, 0x00, 0x00, 0x00, 0x00, 
	0x00, 0x00, 0x00, 0x00, 0x02, 0xb8, 0xb9, 0x4a, 
	0x49, 0x59, 0x55, 0x55, 0x5e, 0x00, 0x00, 0x00, 
	0x00, 0x00, 0x00, 0x00, 0x00, 0x00, 0x00, 0x00, 
	0x00, 0x00, 0x00, 0x00, 0x00, 0x00, 0x00, 0x00, 
	0x00, 0x00, 0x00, 0x00, 0x02, 0x21, 0x21, 0x02, 
	0x89, 0x89, 0x21, 0xba, 0x66, 0x00, 0x00, 0x00, 
	0x00, 0x00, 0x00, 0x00, 0x00, 0x00, 0x00, 0x00, 
	0x00, 0x00, 0x00, 0x00, 0x00, 0x00, 0x00, 0x00, 
	0x00, 0x00, 0x00, 0x00, 0x02, 0x21, 0x03, 0x03, 
	0xbb, 0x06, 0xbb, 0xbc, 0xbd, 0x00, 0x00, 0x00, 
	0x00, 0x00, 0x00, 0x00, 0x00, 0x00, 0x00, 0x00, 
	
};

Texture bob_dl__0_rgba16_pal_rgba16[] = {
	0x31, 0x8c, 0x41, 0xcb, 0x39, 0x89, 0x52, 0x0b, 
	0x5a, 0x4b, 0x5a, 0x4d, 0x83, 0x51, 0xac, 0x55, 
	0x9b, 0xd3, 0xa4, 0x15, 0xbd, 0x1b, 0x62, 0x8d, 
	0x73, 0x0f, 0xa4, 0x13, 0xb4, 0x55, 0xc4, 0xd9, 
	0x83, 0x0f, 0x6a, 0xcf, 0xb4, 0x97, 0xbc, 0x95, 
	0xee, 0x63, 0xed, 0xdd, 0xbc, 0x0f, 0x8c, 0x1d, 
	0x63, 0x1b, 0x72, 0xcd, 0xbc, 0xdb, 0xcd, 0x19, 
	0xdd, 0x59, 0xff, 0xab, 0x63, 0x19, 0x6b, 0x5b, 
	0x41, 0xc9, 0x39, 0x47, 0x4a, 0x51, 0xa4, 0x57, 
	0xf6, 0x1d, 0xff, 0x27, 0xcc, 0xd3, 0x73, 0x9e, 
	0x6b, 0x9d, 0x84, 0x63, 0x94, 0xa5, 0xb4, 0xdb, 
	0xcc, 0xd5, 0x52, 0x93, 0x7b, 0x9b, 0xc4, 0x93, 
	0xd5, 0x59, 0x63, 0x5b, 0x84, 0x21, 0x73, 0x9d, 
	0x73, 0xdf, 0x7b, 0xdf, 0x8c, 0x63, 0x94, 0xa7, 
	0x84, 0x23, 0x7b, 0xe1, 0x6b, 0x59, 0x5a, 0xd7, 
	0xb5, 0xad, 0xac, 0xe1, 0x72, 0xcf, 0x4a, 0x53, 
	0x93, 0x93, 0xac, 0x9d, 0x6b, 0x5d, 0x73, 0x9f, 
	0x52, 0x95, 0x42, 0x11, 0xad, 0xad, 0x9c, 0xe9, 
	0x9c, 0xe7, 0x39, 0xcf, 0x21, 0x09, 0x18, 0xc7, 
	0x31, 0x8d, 0x19, 0x09, 0x21, 0x0b, 0x5b, 0x19, 
	0x29, 0x4d, 0x29, 0x4b, 0x4a, 0x55, 0x18, 0xc9, 
	0x42, 0x13, 0x29, 0x07, 0x31, 0x47, 0x49, 0xc9, 
	0x31, 0x45, 0x31, 0x49, 0x52, 0x97, 0x21, 0x4b, 
	0x39, 0x49, 0x41, 0x87, 0x21, 0x07, 0x52, 0x4d, 
	0x31, 0x8f, 0x39, 0xd0, 0x39, 0x45, 0x62, 0x8f, 
	0x52, 0x0d, 0x4a, 0x0d, 0x41, 0xca, 0x7c, 0x21, 
	0x52, 0xd7, 0x31, 0x05, 0x62, 0xcf, 0x8b, 0x4d, 
	0x8b, 0xd5, 0x49, 0xcb, 0x21, 0x08, 0x39, 0xd1, 
	0x4a, 0x52, 0xbc, 0xd9, 0xbc, 0x53, 0x51, 0xc9, 
	0x5a, 0x09, 0x39, 0xce, 0x29, 0x05, 0x94, 0x17, 
	0xed, 0xdf, 0xc4, 0x95, 0xf6, 0x63, 0xbc, 0x51, 
	0xab, 0xd1, 0x3a, 0x11, 0xdd, 0x9b, 0xfe, 0xa3, 
	0xe5, 0x9b, 0xac, 0x57, 0x39, 0x46, 0x4a, 0x95, 
	0x20, 0xc5, 0x93, 0xd5, 0xcc, 0xd7, 0xee, 0x1f, 
	0x52, 0x09, 0x4a, 0x0b, 0xdd, 0x5b, 0xfe, 0xe7, 
	0xe5, 0xdf, 0x39, 0x87, 0xd5, 0x5d, 0xb4, 0x53, 
	0xff, 0x69, 0xf6, 0x1f, 0x9b, 0xd5, 0xbd, 0xef, 
	0xd5, 0x9d, 0xac, 0x0f, 0xfe, 0x63, 0xfe, 0x61, 
	0x08, 0x85, 0xcd, 0x5b, 0xb4, 0x11, 0xe5, 0xdd, 
	0x29, 0x4a, 0x42, 0x53, 0xdd, 0xdf, 0xc4, 0xd7, 
	0xee, 0x22, 0x10, 0x85, 0x7b, 0xdd, 0x7b, 0x53, 
	0xf6, 0x61, 0xee, 0x65, 0xdd, 0x9f, 0xa3, 0xd1, 
	0xd5, 0x9f, 0xa4, 0x9d, 0xb5, 0x23, 0xad, 0x6d, 
	0xac, 0x13, 0xbc, 0x97, 0xac, 0x99, 0xb5, 0xaf, 
	0x5a, 0xd9, 0xa5, 0x29, 0x5a, 0x4f, 0xac, 0x59, 
	0x83, 0x95, 0x08, 0x43, 0x8c, 0xa5, 0x10, 0x84, 
	0x31, 0x07, 0x20, 0xc3, 0x41, 0x89, 0x7b, 0x0f, 
	0x62, 0x4d, 0x83, 0x53, 
};

Texture bob_dl_bob_textures_0B000_ia16_ia8[] = {
	0x00, 0x00, 0x00, 0x00, 0x00, 0x00, 0x00, 0x00, 
	0x00, 0x00, 0x00, 0x00, 0x00, 0x01, 0x01, 0x01, 
	0x01, 0x00, 0x01, 0x01, 0x00, 0x00, 0x00, 0x00, 
	0x00, 0x00, 0x00, 0x00, 0x00, 0x00, 0x00, 0x00, 
	0x00, 0x00, 0x00, 0x00, 0x00, 0x00, 0x00, 0x00, 
	0x00, 0x00, 0x00, 0x00, 0x02, 0x03, 0x04, 0x04, 
	0x04, 0x03, 0x03, 0x03, 0x02, 0x02, 0x01, 0x00, 
	0x00, 0x00, 0x00, 0x00, 0x00, 0x00, 0x00, 0x00, 
	0x00, 0x00, 0x00, 0x00, 0x00, 0x00, 0x00, 0x00, 
	0x01, 0x02, 0x04, 0x07, 0x08, 0x09, 0x09, 0x09, 
	0x09, 0x09, 0x08, 0x07, 0x06, 0x05, 0x03, 0x02, 
	0x00, 0x00, 0x00, 0x00, 0x00, 0x00, 0x00, 0x00, 
	0x00, 0x00, 0x00, 0x00, 0x00, 0x00, 0x01, 0x03, 
	0x05, 0x07, 0x08, 0x09, 0x0a, 0x0a, 0x0a, 0x0a, 
	0x0a, 0x0a, 0x09, 0x09, 0x09, 0x08, 0x07, 0x05, 
	0x03, 0x01, 0x00, 0x00, 0x00, 0x00, 0x00, 0x00, 
	0x00, 0x00, 0x00, 0x00, 0x00, 0x02, 0x06, 0x08, 
	0x08, 0x09, 0x0a, 0x0a, 0x0a, 0x0a, 0x0a, 0x0a, 
	0x0a, 0x0a, 0x0a, 0x0a, 0x0a, 0x0a, 0x09, 0x09, 
	0x07, 0x05, 0x02, 0x00, 0x00, 0x00, 0x00, 0x00, 
	0x00, 0x00, 0x00, 0x00, 0x01, 0x05, 0x09, 0x09, 
	0x09, 0x09, 0x0a, 0x0a, 0x0a, 0x0a, 0x0a, 0x0a, 
	0x0a, 0x0a, 0x0a, 0x0a, 0x0a, 0x0a, 0x09, 0x09, 
	0x09, 0x07, 0x04, 0x01, 0x00, 0x00, 0x00, 0x00, 
	0x00, 0x00, 0x00, 0x01, 0x04, 0x08, 0x09, 0x08, 
	0x09, 0x09, 0x0a, 0x0a, 0x0a, 0x0a, 0x0a, 0x0a, 
	0x0a, 0x0a, 0x0a, 0x0a, 0x0a, 0x0a, 0x09, 0x09, 
	0x09, 0x09, 0x06, 0x02, 0x01, 0x00, 0x00, 0x00, 
	0x00, 0x00, 0x00, 0x02, 0x06, 0x09, 0x09, 0x08, 
	0x09, 0x09, 0x0a, 0x0a, 0x0a, 0x0a, 0x0a, 0x0a, 
	0x0a, 0x0a, 0x0a, 0x0a, 0x0a, 0x0a, 0x09, 0x09, 
	0x09, 0x09, 0x08, 0x05, 0x01, 0x00, 0x00, 0x01, 
	0x00, 0x00, 0x00, 0x05, 0x08, 0x09, 0x09, 0x09, 
	0x09, 0x0a, 0x0a, 0x0a, 0x0a, 0x0a, 0x0a, 0x0a, 
	0x0a, 0x0a, 0x0a, 0x0a, 0x0a, 0x09, 0x0a, 0x09, 
	0x09, 0x09, 0x09, 0x06, 0x03, 0x01, 0x00, 0x00, 
	0x00, 0x00, 0x01, 0x08, 0x09, 0x09, 0x09, 0x09, 
	0x09, 0x0a, 0x0a, 0x0a, 0x0a, 0x0a, 0x0a, 0x0a, 
	0x0a, 0x0a, 0x0a, 0x0a, 0x0a, 0x0a, 0x0a, 0x09, 
	0x09, 0x09, 0x09, 0x08, 0x04, 0x01, 0x00, 0x00, 
	0x00, 0x00, 0x04, 0x09, 0x09, 0x09, 0x09, 0x09, 
	0x0a, 0x0a, 0x0a, 0x0a, 0x0a, 0x0a, 0x0a, 0x0a, 
	0x0a, 0x0a, 0x0a, 0x0a, 0x0a, 0x0a, 0x0a, 0x0a, 
	0x09, 0x09, 0x09, 0x08, 0x05, 0x02, 0x00, 0x00, 
	0x00, 0x00, 0x06, 0x09, 0x08, 0x09, 0x0a, 0x0a, 
	0x0a, 0x0a, 0x0a, 0x0a, 0x0a, 0x0a, 0x0a, 0x0a, 
	0x0a, 0x0a, 0x0a, 0x0a, 0x0a, 0x0a, 0x0a, 0x0a, 
	0x0a, 0x09, 0x09, 0x08, 0x06, 0x03, 0x00, 0x00, 
	0x00, 0x00, 0x07, 0x09, 0x08, 0x09, 0x0a, 0x0a, 
	0x0a, 0x0a, 0x0a, 0x0a, 0x0a, 0x0a, 0x0a, 0x0a, 
	0x0a, 0x0a, 0x0a, 0x0a, 0x0a, 0x0a, 0x0a, 0x0a, 
	0x09, 0x09, 0x09, 0x09, 0x07, 0x04, 0x01, 0x00, 
	0x00, 0x01, 0x08, 0x09, 0x09, 0x09, 0x0a, 0x0a, 
	0x0a, 0x0a, 0x0a, 0x0a, 0x0a, 0x0a, 0x0a, 0x0a, 
	0x0a, 0x0a, 0x0a, 0x0a, 0x0a, 0x0a, 0x0a, 0x0a, 
	0x09, 0x09, 0x09, 0x09, 0x08, 0x04, 0x01, 0x00, 
	0x00, 0x01, 0x08, 0x0a, 0x0a, 0x0a, 0x0a, 0x0a, 
	0x0a, 0x0a, 0x0a, 0x0a, 0x0a, 0x0a, 0x0a, 0x0a, 
	0x0a, 0x0a, 0x0a, 0x0a, 0x0a, 0x0a, 0x0a, 0x0a, 
	0x0a, 0x09, 0x09, 0x09, 0x08, 0x05, 0x01, 0x00, 
	0x00, 0x01, 0x07, 0x0a, 0x0a, 0x0a, 0x0a, 0x0a, 
	0x0a, 0x0a, 0x0a, 0x0a, 0x0a, 0x0a, 0x0a, 0x0a, 
	0x0a, 0x0a, 0x0a, 0x0a, 0x0a, 0x0a, 0x0a, 0x0a, 
	0x0a, 0x09, 0x09, 0x09, 0x08, 0x05, 0x01, 0x00, 
	0x00, 0x01, 0x06, 0x0a, 0x0a, 0x0a, 0x0a, 0x0a, 
	0x0a, 0x0a, 0x0a, 0x0a, 0x0a, 0x0a, 0x0a, 0x0a, 
	0x0a, 0x0a, 0x0a, 0x0a, 0x0a, 0x0a, 0x0a, 0x0a, 
	0x0a, 0x09, 0x09, 0x09, 0x07, 0x04, 0x01, 0x00, 
	0x00, 0x01, 0x06, 0x09, 0x0a, 0x0a, 0x0a, 0x0a, 
	0x0a, 0x0a, 0x0a, 0x0a, 0x0a, 0x0a, 0x0a, 0x0a, 
	0x0a, 0x0a, 0x0a, 0x0a, 0x0a, 0x0a, 0x0a, 0x0a, 
	0x09, 0x09, 0x09, 0x09, 0x07, 0x04, 0x01, 0x00, 
	0x00, 0x01, 0x06, 0x09, 0x0a, 0x0a, 0x0a, 0x0a, 
	0x0a, 0x0a, 0x0a, 0x0a, 0x0a, 0x0a, 0x0a, 0x0a, 
	0x0a, 0x0a, 0x0a, 0x0a, 0x0a, 0x0a, 0x0a, 0x0a, 
	0x09, 0x09, 0x09, 0x09, 0x07, 0x03, 0x01, 0x00, 
	0x00, 0x01, 0x05, 0x09, 0x0a, 0x0a, 0x0a, 0x0a, 
	0x0a, 0x0a, 0x0a, 0x0a, 0x0a, 0x0a, 0x0a, 0x0a, 
	0x0a, 0x0a, 0x0a, 0x0a, 0x0a, 0x0a, 0x0a, 0x0a, 
	0x09, 0x09, 0x09, 0x09, 0x06, 0x03, 0x00, 0x00, 
	0x00, 0x01, 0x04, 0x08, 0x09, 0x09, 0x0a, 0x0a, 
	0x0a, 0x0a, 0x0a, 0x0a, 0x0a, 0x0a, 0x0a, 0x0a, 
	0x0a, 0x0a, 0x0a, 0x0a, 0x0a, 0x0a, 0x0a, 0x0a, 
	0x0a, 0x09, 0x09, 0x09, 0x06, 0x02, 0x00, 0x00, 
	0x00, 0x01, 0x03, 0x07, 0x09, 0x09, 0x0a, 0x0a, 
	0x0a, 0x0a, 0x0a, 0x0a, 0x0a, 0x0a, 0x0a, 0x0a, 
	0x0a, 0x0a, 0x0a, 0x0a, 0x0a, 0x0a, 0x0a, 0x0a, 
	0x0a, 0x09, 0x09, 0x08, 0x04, 0x01, 0x00, 0x00, 
	0x00, 0x00, 0x02, 0x05, 0x09, 0x09, 0x09, 0x0a, 
	0x0a, 0x0a, 0x0a, 0x0a, 0x0a, 0x0a, 0x0a, 0x0a, 
	0x0a, 0x0a, 0x0a, 0x0a, 0x0a, 0x0a, 0x0a, 0x0a, 
	0x0a, 0x0a, 0x09, 0x07, 0x03, 0x00, 0x00, 0x00, 
	0x00, 0x00, 0x01, 0x03, 0x08, 0x09, 0x09, 0x09, 
	0x0a, 0x0a, 0x0a, 0x0a, 0x0a, 0x0a, 0x0a, 0x0a, 
	0x0a, 0x0a, 0x0a, 0x0a, 0x0a, 0x0a, 0x0a, 0x0a, 
	0x0a, 0x09, 0x08, 0x05, 0x02, 0x00, 0x00, 0x00, 
	0x00, 0x00, 0x00, 0x01, 0x06, 0x09, 0x09, 0x09, 
	0x0a, 0x0a, 0x0a, 0x0a, 0x0a, 0x0a, 0x0a, 0x0a, 
	0x0a, 0x0a, 0x0a, 0x0a, 0x0a, 0x0a, 0x0a, 0x0a, 
	0x09, 0x09, 0x07, 0x04, 0x01, 0x00, 0x00, 0x00, 
	0x00, 0x00, 0x00, 0x00, 0x03, 0x06, 0x08, 0x09, 
	0x09, 0x0a, 0x0a, 0x0a, 0x0a, 0x0a, 0x0a, 0x0a, 
	0x0a, 0x0a, 0x0a, 0x0a, 0x0a, 0x0a, 0x0a, 0x0a, 
	0x09, 0x08, 0x05, 0x02, 0x00, 0x00, 0x00, 0x00, 
	0x00, 0x00, 0x00, 0x00, 0x01, 0x03, 0x06, 0x08, 
	0x09, 0x0a, 0x0a, 0x0a, 0x0a, 0x0a, 0x0a, 0x0a, 
	0x0a, 0x0a, 0x0a, 0x0a, 0x0a, 0x0a, 0x0a, 0x09, 
	0x08, 0x05, 0x03, 0x01, 0x00, 0x00, 0x00, 0x00, 
	0x00, 0x00, 0x00, 0x00, 0x00, 0x01, 0x03, 0x05, 
	0x08, 0x09, 0x09, 0x0a, 0x0a, 0x0a, 0x0a, 0x0a, 
	0x0a, 0x0a, 0x0a, 0x0a, 0x0a, 0x09, 0x09, 0x08, 
	0x05, 0x03, 0x01, 0x00, 0x00, 0x00, 0x00, 0x00, 
	0x00, 0x00, 0x00, 0x00, 0x00, 0x00, 0x01, 0x02, 
	0x04, 0x06, 0x08, 0x09, 0x0a, 0x0a, 0x0a, 0x0a, 
	0x0a, 0x0a, 0x0a, 0x09, 0x09, 0x08, 0x07, 0x05, 
	0x03, 0x01, 0x00, 0x00, 0x00, 0x00, 0x00, 0x00, 
	0x00, 0x00, 0x00, 0x00, 0x00, 0x00, 0x00, 0x01, 
	0x01, 0x03, 0x06, 0x07, 0x08, 0x08, 0x09, 0x09, 
	0x09, 0x09, 0x08, 0x07, 0x05, 0x04, 0x03, 0x02, 
	0x01, 0x00, 0x00, 0x00, 0x00, 0x00, 0x00, 0x00, 
	0x00, 0x00, 0x00, 0x00, 0x00, 0x00, 0x00, 0x00, 
	0x00, 0x01, 0x02, 0x03, 0x03, 0x04, 0x05, 0x06, 
	0x06, 0x05, 0x04, 0x03, 0x02, 0x01, 0x01, 0x00, 
	0x00, 0x00, 0x00, 0x00, 0x00, 0x00, 0x00, 0x00, 
	0x00, 0x00, 0x00, 0x00, 0x00, 0x00, 0x00, 0x00, 
	0x00, 0x00, 0x00, 0x00, 0x00, 0x01, 0x01, 0x02, 
	0x02, 0x02, 0x01, 0x01, 0x00, 0x00, 0x00, 0x00, 
	0x00, 0x00, 0x00, 0x00, 0x00, 0x00, 0x00, 0x00, 
	
};

Texture bob_dl_bob_textures_03800_rgba16_ci8[] = {
	0x00, 0x01, 0x02, 0x03, 0x04, 0x05, 0x06, 0x07, 
	0x07, 0x07, 0x08, 0x08, 0x09, 0x0a, 0x0b, 0x0c, 
	0x0d, 0x0e, 0x0f, 0x05, 0x10, 0x10, 0x11, 0x12, 
	0x04, 0x13, 0x14, 0x15, 0x16, 0x17, 0x07, 0x05, 
	0x18, 0x19, 0x1a, 0x1b, 0x1c, 0x1d, 0x07, 0x07, 
	0x1e, 0x1e, 0x1e, 0x07, 0x1f, 0x20, 0x21, 0x13, 
	0x0f, 0x22, 0x1e, 0x23, 0x24, 0x24, 0x01, 0x25, 
	0x26, 0x27, 0x28, 0x29, 0x2a, 0x2b, 0x2c, 0x2d, 
	0x2e, 0x03, 0x2f, 0x30, 0x14, 0x1e, 0x05, 0x31, 
	0x1e, 0x06, 0x1f, 0x1e, 0x24, 0x32, 0x33, 0x08, 
	0x34, 0x35, 0x36, 0x37, 0x38, 0x38, 0x39, 0x3a, 
	0x3b, 0x13, 0x3c, 0x36, 0x01, 0x01, 0x23, 0x1a, 
	0x3d, 0x13, 0x3e, 0x36, 0x15, 0x3f, 0x1a, 0x01, 
	0x02, 0x05, 0x40, 0x24, 0x41, 0x33, 0x1e, 0x1f, 
	0x42, 0x43, 0x03, 0x15, 0x44, 0x3f, 0x14, 0x39, 
	0x2f, 0x0d, 0x45, 0x14, 0x10, 0x46, 0x27, 0x47, 
	0x48, 0x49, 0x03, 0x08, 0x4a, 0x3b, 0x3a, 0x3b, 
	0x02, 0x19, 0x24, 0x4b, 0x4c, 0x10, 0x2d, 0x4d, 
	0x4e, 0x4f, 0x16, 0x3a, 0x4e, 0x0f, 0x50, 0x0e, 
	0x24, 0x04, 0x01, 0x34, 0x51, 0x33, 0x52, 0x53, 
	0x54, 0x55, 0x1e, 0x08, 0x08, 0x2b, 0x08, 0x27, 
	0x56, 0x57, 0x58, 0x59, 0x16, 0x5a, 0x04, 0x40, 
	0x5b, 0x5c, 0x5d, 0x34, 0x5e, 0x5e, 0x0f, 0x5f, 
	0x1c, 0x19, 0x0f, 0x10, 0x40, 0x04, 0x56, 0x60, 
	0x54, 0x45, 0x10, 0x04, 0x05, 0x06, 0x31, 0x08, 
	0x5e, 0x2b, 0x61, 0x62, 0x5e, 0x01, 0x63, 0x0f, 
	0x42, 0x4f, 0x03, 0x34, 0x08, 0x5e, 0x08, 0x31, 
	0x25, 0x64, 0x65, 0x0f, 0x40, 0x0a, 0x66, 0x4d, 
	0x0f, 0x67, 0x01, 0x11, 0x10, 0x40, 0x05, 0x04, 
	0x1e, 0x68, 0x64, 0x69, 0x6a, 0x01, 0x5a, 0x02, 
	0x6b, 0x6c, 0x6d, 0x34, 0x1c, 0x2b, 0x07, 0x07, 
	0x1e, 0x1b, 0x46, 0x65, 0x64, 0x64, 0x6e, 0x6f, 
	0x70, 0x71, 0x68, 0x46, 0x01, 0x19, 0x10, 0x05, 
	0x04, 0x4a, 0x65, 0x37, 0x72, 0x73, 0x50, 0x5e, 
	0x64, 0x27, 0x1b, 0x2f, 0x0f, 0x08, 0x08, 0x1e, 
	0x01, 0x62, 0x52, 0x66, 0x74, 0x64, 0x6e, 0x74, 
	0x0a, 0x4d, 0x4a, 0x1c, 0x65, 0x74, 0x65, 0x10, 
	0x40, 0x04, 0x05, 0x75, 0x76, 0x1f, 0x27, 0x50, 
	0x3f, 0x39, 0x1a, 0x16, 0x1e, 0x25, 0x25, 0x68, 
	0x10, 0x1e, 0x77, 0x1b, 0x19, 0x65, 0x65, 0x74, 
	0x0a, 0x78, 0x0f, 0x1f, 0x0f, 0x46, 0x40, 0x4a, 
	0x04, 0x1e, 0x79, 0x14, 0x62, 0x7a, 0x05, 0x05, 
	0x5e, 0x56, 0x5f, 0x30, 0x08, 0x7b, 0x7c, 0x7c, 
	0x06, 0x68, 0x0d, 0x2b, 0x71, 0x17, 0x0a, 0x74, 
	0x70, 0x6c, 0x78, 0x25, 0x1f, 0x1b, 0x3b, 0x56, 
	0x3b, 0x39, 0x7d, 0x7e, 0x64, 0x65, 0x01, 0x10, 
	0x31, 0x08, 0x13, 0x3e, 0x0d, 0x5e, 0x7b, 0x08, 
	0x05, 0x71, 0x68, 0x07, 0x08, 0x45, 0x2f, 0x46, 
	0x34, 0x50, 0x45, 0x39, 0x3a, 0x6a, 0x25, 0x1e, 
	0x10, 0x0d, 0x0d, 0x05, 0x02, 0x19, 0x0a, 0x01, 
	0x10, 0x08, 0x16, 0x45, 0x5e, 0x6e, 0x04, 0x10, 
	0x1e, 0x71, 0x08, 0x1a, 0x7f, 0x09, 0x33, 0x03, 
	0x17, 0x26, 0x80, 0x29, 0x48, 0x05, 0x04, 0x1e, 
	0x06, 0x2f, 0x5e, 0x31, 0x81, 0x02, 0x19, 0x74, 
	0x1e, 0x5f, 0x82, 0x30, 0x68, 0x83, 0x78, 0x74, 
	0x84, 0x5e, 0x5e, 0x5f, 0x25, 0x5e, 0x68, 0x71, 
	0x40, 0x1a, 0x0e, 0x64, 0x06, 0x1e, 0x1e, 0x1e, 
	0x85, 0x5f, 0x82, 0x38, 0x5e, 0x08, 0x31, 0x1e, 
	0x09, 0x08, 0x1e, 0x3e, 0x0d, 0x86, 0x6c, 0x17, 
	0x68, 0x2b, 0x2f, 0x5e, 0x08, 0x08, 0x08, 0x1f, 
	0x40, 0x68, 0x03, 0x1f, 0x06, 0x06, 0x1e, 0x81, 
	0x20, 0x79, 0x39, 0x56, 0x4b, 0x38, 0x5e, 0x08, 
	0x08, 0x04, 0x10, 0x08, 0x50, 0x17, 0x0f, 0x40, 
	0x04, 0x1f, 0x1f, 0x02, 0x10, 0x40, 0x1f, 0x4d, 
	0x87, 0x1f, 0x88, 0x13, 0x5e, 0x17, 0x03, 0x89, 
	0x3f, 0x2b, 0x20, 0x05, 0x8a, 0x34, 0x1f, 0x5e, 
	0x5e, 0x2b, 0x0f, 0x19, 0x1c, 0x5e, 0x81, 0x8b, 
	0x8c, 0x08, 0x05, 0x05, 0x2d, 0x2d, 0x03, 0x5f, 
	0x8d, 0x1b, 0x50, 0x8e, 0x13, 0x39, 0x7d, 0x8f, 
	0x1b, 0x13, 0x01, 0x4e, 0x42, 0x4e, 0x90, 0x4d, 
	0x16, 0x03, 0x04, 0x74, 0x6f, 0x02, 0x01, 0x88, 
	0x1a, 0x5a, 0x05, 0x10, 0x5a, 0x10, 0x10, 0x27, 
	0x91, 0x92, 0x93, 0x6b, 0x94, 0x95, 0x39, 0x96, 
	0x1b, 0x39, 0x4f, 0x97, 0x4e, 0x4f, 0x0a, 0x0a, 
	0x5f, 0x30, 0x33, 0x44, 0x98, 0x0d, 0x2a, 0x0d, 
	0x12, 0x01, 0x5a, 0x0f, 0x06, 0x06, 0x8b, 0x25, 
	0x56, 0x99, 0x25, 0x9a, 0x4e, 0x17, 0x2f, 0x88, 
	0x88, 0x33, 0x9b, 0x9c, 0x01, 0x01, 0x01, 0x46, 
	0x27, 0x1b, 0x5e, 0x6f, 0x45, 0x8c, 0x45, 0x23, 
	0x70, 0x01, 0x05, 0x5f, 0x7b, 0x27, 0x1b, 0x1b, 
	0x9d, 0x2f, 0x18, 0x9e, 0x42, 0x5b, 0x0f, 0x2b, 
	0x5f, 0x9f, 0xa0, 0xa1, 0xa2, 0x66, 0x70, 0x1e, 
	0x5e, 0x5a, 0x40, 0x01, 0xa3, 0x25, 0xa4, 0x14, 
	0x74, 0x40, 0x03, 0x13, 0x99, 0x39, 0x27, 0x06, 
	0x85, 0x09, 0x35, 0x97, 0x42, 0x42, 0x4d, 0x1f, 
	0x35, 0xa5, 0x2f, 0x39, 0x08, 0x40, 0x81, 0x1e, 
	0x10, 0x10, 0x40, 0x40, 0x87, 0x12, 0x07, 0x80, 
	0xa6, 0x0e, 0x0d, 0x0d, 0x27, 0x16, 0x7b, 0x09, 
	0x81, 0x27, 0xa7, 0x4f, 0x4d, 0x0f, 0x04, 0x00, 
	0xa8, 0x34, 0xa9, 0x7c, 0x39, 0xaa, 0x7c, 0x41, 
	0x1e, 0x19, 0x05, 0x4d, 0x04, 0x2c, 0x06, 0x44, 
	0x3f, 0x17, 0x18, 0x2f, 0x1e, 0x0d, 0x88, 0x13, 
	0x1b, 0x13, 0xab, 0xac, 0x74, 0x04, 0x81, 0x35, 
	0x35, 0x8a, 0x4f, 0x2d, 0xad, 0xae, 0xaf, 0xb0, 
	0x7b, 0x40, 0x2f, 0xb1, 0x84, 0x1f, 0x89, 0xad, 
	0x34, 0x84, 0x84, 0x17, 0x0f, 0x04, 0x1f, 0x45, 
	0xb2, 0xb3, 0x2c, 0x5e, 0x03, 0x65, 0x17, 0xb4, 
	0x00, 0x34, 0x1e, 0x3b, 0x3f, 0x1b, 0x06, 0x2d, 
	0x7c, 0x18, 0x5f, 0x25, 0x88, 0x88, 0x60, 0xb5, 
	0x2f, 0x9b, 0x34, 0x64, 0x64, 0x42, 0x5b, 0x1c, 
	0xb6, 0x0d, 0x1f, 0xb7, 0x8d, 0xb8, 0xb9, 0xba, 
	0xbb, 0xa0, 0x0e, 0x62, 0x8f, 0xbc, 0x1e, 0x85, 
	0xbc, 0x8f, 0x27, 0x38, 0x7f, 0x38, 0x8d, 0x45, 
	0x2f, 0x4d, 0x6e, 0x65, 0x4f, 0x4e, 0x4f, 0x46, 
	0xbd, 0x2b, 0x09, 0x07, 0x08, 0x82, 0xb8, 0x30, 
	0x6d, 0x82, 0x1a, 0x7f, 0xbe, 0x37, 0xbf, 0x08, 
	0xc0, 0xc1, 0x04, 0x7f, 0x7f, 0x5e, 0x07, 0x1b, 
	0x71, 0x4e, 0x74, 0x65, 0x9a, 0x90, 0x46, 0x4f, 
	0x27, 0x10, 0x40, 0x40, 0x01, 0x10, 0x7d, 0xc2, 
	0xb0, 0x07, 0x25, 0x7f, 0x41, 0x62, 0xc3, 0xc4, 
	0xc5, 0x09, 0x1e, 0x5e, 0x68, 0x08, 0x63, 0xb0, 
	0x88, 0x00, 0x65, 0x65, 0x4e, 0x4e, 0x9c, 0x88, 
	0x64, 0x01, 0x19, 0x10, 0x01, 0x62, 0xad, 0xc6, 
	0x1a, 0x38, 0xc6, 0xb0, 0x1e, 0x38, 0xc7, 0xc8, 
	0x14, 0x08, 0x04, 0x07, 0x08, 0x2b, 0x1e, 0x06, 
	0x5f, 0x35, 0x65, 0x19, 0x65, 0xc9, 0x18, 0xc1, 
	0x65, 0x01, 0x65, 0x01, 0x5e, 0x39, 0x5e, 0x5e, 
	0xc6, 0xb0, 0xb0, 0x09, 0xb0, 0x31, 0x10, 0xca, 
	0x3f, 0x08, 0x1e, 0x08, 0x2b, 0x1e, 0x06, 0x05, 
	0x31, 0x0f, 0x46, 0x6c, 0xcb, 0x9f, 0x9f, 0x27, 
	0x65, 0x01, 0x01, 0x40, 0x71, 0x08, 0x7f, 0x09, 
	0xb0, 0xb0, 0xb0, 0x1a, 0x1a, 0x31, 0x46, 0xc8, 
	0x75, 0x27, 0x1f, 0x2b, 0x81, 0x05, 0x05, 0x04, 
	0x06, 0x74, 0xcc, 0xcd, 0xce, 0xcf, 0x1f, 0x2b, 
	0x65, 0x6f, 0x01, 0x1f, 0x2f, 0x06, 0x08, 0x08, 
	0x08, 0xb0, 0x07, 0x07, 0x08, 0x1c, 0x01, 0x58, 
	0x1b, 0x3f, 0x0f, 0x1f, 0x05, 0x05, 0x04, 0x02, 
	0x87, 0x16, 0xc4, 0xd0, 0x47, 0x00, 0x2b, 0x5e, 
	
};

Texture bob_dl_bob_textures_03800_rgba16_pal_rgba16[] = {
	0xa6, 0x6f, 0xae, 0xf9, 0xa6, 0x75, 0x85, 0x69, 
	0x9e, 0x73, 0x9e, 0x75, 0x96, 0x33, 0x8d, 0xf1, 
	0x8d, 0xef, 0x8d, 0xaf, 0xb6, 0xf9, 0x6d, 0x2b, 
	0x09, 0xcd, 0x95, 0xed, 0x6c, 0xa1, 0xa6, 0x73, 
	0xa6, 0xb7, 0xae, 0xb9, 0xbf, 0x7f, 0x74, 0xe5, 
	0x3b, 0x17, 0x01, 0x09, 0x7d, 0x27, 0x9e, 0x2f, 
	0x95, 0xeb, 0xae, 0xb7, 0x85, 0xad, 0x6c, 0xa3, 
	0x9e, 0x71, 0x9e, 0xb5, 0x96, 0x31, 0x9e, 0x31, 
	0xa6, 0xf9, 0x1a, 0x11, 0x7c, 0xe5, 0xcf, 0xff, 
	0xbf, 0x7d, 0x85, 0x6b, 0x64, 0xa3, 0x7d, 0x29, 
	0x4b, 0x99, 0x11, 0xcf, 0x9e, 0x6f, 0x95, 0xef, 
	0xb7, 0x3d, 0x96, 0x75, 0x53, 0x99, 0x8d, 0xab, 
	0x64, 0x5f, 0x95, 0xf1, 0x3b, 0x5d, 0x53, 0xdb, 
	0xa6, 0x71, 0x9e, 0x2d, 0x33, 0x17, 0x54, 0x21, 
	0x7d, 0x6b, 0x64, 0x61, 0x53, 0xdd, 0x6c, 0xe5, 
	0x32, 0x91, 0x22, 0x51, 0x75, 0x25, 0x4b, 0x9b, 
	0xa6, 0xb5, 0x7d, 0x2b, 0xae, 0xb1, 0xa6, 0xb1, 
	0x32, 0xd3, 0x74, 0xe3, 0xb7, 0x39, 0x2a, 0x51, 
	0x3b, 0x19, 0x64, 0xa1, 0x96, 0x2f, 0x74, 0xe9, 
	0x5b, 0xdd, 0xa6, 0xb3, 0xae, 0xb3, 0xb6, 0xf5, 
	0x5c, 0x1f, 0x8d, 0x67, 0x22, 0x4f, 0x32, 0xd7, 
	0x5b, 0xd9, 0x85, 0x27, 0x74, 0xe7, 0x64, 0x65, 
	0x2a, 0xd7, 0x43, 0x5b, 0xa6, 0xb9, 0xae, 0xf3, 
	0xb7, 0x35, 0x5c, 0x5f, 0x8d, 0xad, 0x85, 0xab, 
	0x2a, 0x91, 0x54, 0x23, 0x6c, 0xa5, 0x8e, 0x31, 
	0xae, 0xb5, 0xae, 0xf7, 0xbf, 0x3b, 0x85, 0x25, 
	0x8d, 0xed, 0x33, 0x19, 0x5c, 0x61, 0xbf, 0x37, 
	0xc7, 0x7b, 0x5b, 0xdb, 0xae, 0xf5, 0xb7, 0x3b, 
	0xbf, 0x7b, 0x85, 0x67, 0x09, 0x49, 0x32, 0x93, 
	0xb6, 0xf7, 0x32, 0xd5, 0x1a, 0x0f, 0x43, 0x13, 
	0xbf, 0x39, 0x5c, 0x21, 0xa6, 0x77, 0x7d, 0x69, 
	0x75, 0x29, 0x4b, 0x9d, 0x7c, 0xe7, 0x85, 0x6d, 
	0x01, 0x49, 0x9e, 0x33, 0x75, 0x27, 0xbf, 0x79, 
	0x8d, 0xa9, 0x9e, 0x77, 0xd7, 0xff, 0xae, 0xfb, 
	0x7d, 0x25, 0x43, 0x59, 0xae, 0x71, 0x96, 0x73, 
	0x5c, 0x1b, 0x53, 0x9b, 0x5b, 0xdf, 0x64, 0x63, 
	0xb6, 0xb3, 0x11, 0xcd, 0x09, 0x4b, 0x53, 0xdf, 
	0x95, 0xa7, 0x85, 0x65, 0x6c, 0x61, 0xb6, 0xf1, 
	0x4b, 0x55, 0x6c, 0xe3, 0xb6, 0xb1, 0x95, 0xab, 
	0xc7, 0xbd, 0x9e, 0x35, 0xae, 0xad, 0x6c, 0x5f, 
	0x64, 0x1d, 0xc7, 0x7d, 0xc7, 0xbf, 0xb7, 0x7f, 
	0x22, 0x11, 0x95, 0xa9, 0x11, 0xcb, 0x6c, 0x9f, 
	0xa5, 0xeb, 0xae, 0xaf, 0x6c, 0xe7, 0x22, 0x0d, 
	0x64, 0x5d, 0x43, 0x17, 0x7d, 0xad, 0x85, 0xf1, 
	0x85, 0xaf, 0x8d, 0x6b, 0x43, 0x15, 0x96, 0x2d, 
	0xa6, 0x2b, 0x7d, 0x67, 0x53, 0xd9, 0x8d, 0xa7, 
	0x74, 0xa3, 0xa6, 0x6b, 0x95, 0xe7, 0x7c, 0xe3, 
	0x5c, 0x63, 0x4b, 0x57, 0x6c, 0xa7, 0x43, 0x9d, 
	0x01, 0x4b, 0x54, 0x1f, 0x2a, 0x93, 0x2a, 0x95, 
	0x43, 0x9b, 0x12, 0x0f, 0x7d, 0x6d, 0x64, 0xa7, 
	0x09, 0xcf, 0xcf, 0xb9, 0x09, 0x8d, 0xc7, 0x79, 
	0xd7, 0xfd, 0xb7, 0x37, 0x3b, 0x15, 0x3b, 0x13, 
	0x09, 0x8b, 
};

Texture bob_dl_bob_textures_02000_rgba16_ci8[] = {
	0x00, 0x01, 0x02, 0x03, 0x04, 0x05, 0x06, 0x00, 
	0x07, 0x07, 0x08, 0x09, 0x08, 0x0a, 0x0b, 0x0c, 
	0x00, 0x0d, 0x0e, 0x00, 0x00, 0x00, 0x0f, 0x10, 
	0x11, 0x00, 0x00, 0x00, 0x00, 0x12, 0x00, 0x13, 
	0x00, 0x14, 0x15, 0x16, 0x17, 0x18, 0x19, 0x1a, 
	0x1b, 0x1c, 0x1d, 0x1e, 0x1f, 0x20, 0x21, 0x07, 
	0x22, 0x23, 0x24, 0x25, 0x26, 0x27, 0x28, 0x29, 
	0x15, 0x2a, 0x19, 0x2b, 0x2c, 0x2d, 0x2e, 0x2f, 
	0x00, 0x00, 0x30, 0x31, 0x2b, 0x32, 0x33, 0x34, 
	0x35, 0x36, 0x37, 0x1e, 0x38, 0x39, 0x29, 0x2b, 
	0x3a, 0x3b, 0x24, 0x2b, 0x38, 0x3c, 0x29, 0x3d, 
	0x1d, 0x3e, 0x2b, 0x3f, 0x1c, 0x40, 0x41, 0x2f, 
	0x00, 0x42, 0x13, 0x43, 0x44, 0x45, 0x46, 0x47, 
	0x22, 0x48, 0x49, 0x4a, 0x1d, 0x4b, 0x4c, 0x4d, 
	0x24, 0x07, 0x3f, 0x4e, 0x4f, 0x50, 0x15, 0x29, 
	0x51, 0x2d, 0x52, 0x53, 0x28, 0x1d, 0x41, 0x54, 
	0x55, 0x56, 0x2a, 0x2c, 0x45, 0x3c, 0x57, 0x41, 
	0x07, 0x58, 0x22, 0x26, 0x35, 0x59, 0x5a, 0x5b, 
	0x24, 0x19, 0x5c, 0x39, 0x20, 0x51, 0x28, 0x5d, 
	0x2e, 0x39, 0x31, 0x5e, 0x2d, 0x29, 0x5f, 0x53, 
	0x0f, 0x2a, 0x37, 0x13, 0x3f, 0x60, 0x20, 0x37, 
	0x19, 0x61, 0x62, 0x33, 0x48, 0x48, 0x24, 0x24, 
	0x24, 0x54, 0x20, 0x07, 0x63, 0x64, 0x65, 0x66, 
	0x1c, 0x5c, 0x50, 0x2a, 0x26, 0x36, 0x52, 0x28, 
	0x67, 0x56, 0x68, 0x4c, 0x69, 0x6a, 0x4b, 0x4c, 
	0x6b, 0x36, 0x4d, 0x14, 0x41, 0x36, 0x6c, 0x24, 
	0x3b, 0x1d, 0x38, 0x6d, 0x2e, 0x21, 0x53, 0x26, 
	0x38, 0x6e, 0x6f, 0x40, 0x70, 0x58, 0x13, 0x71, 
	0x00, 0x37, 0x69, 0x5e, 0x72, 0x73, 0x74, 0x35, 
	0x33, 0x75, 0x48, 0x76, 0x24, 0x70, 0x40, 0x03, 
	0x77, 0x28, 0x38, 0x1d, 0x78, 0x79, 0x39, 0x78, 
	0x3a, 0x6f, 0x2d, 0x26, 0x2b, 0x2c, 0x57, 0x7a, 
	0x00, 0x20, 0x7b, 0x6f, 0x7c, 0x49, 0x70, 0x37, 
	0x24, 0x0a, 0x2c, 0x7d, 0x7e, 0x75, 0x7f, 0x3c, 
	0x80, 0x37, 0x39, 0x81, 0x72, 0x4f, 0x82, 0x35, 
	0x2b, 0x15, 0x26, 0x83, 0x84, 0x3a, 0x85, 0x86, 
	0x87, 0x88, 0x07, 0x2c, 0x49, 0x49, 0x58, 0x89, 
	0x56, 0x2c, 0x65, 0x8a, 0x63, 0x61, 0x8b, 0x3c, 
	0x3a, 0x3d, 0x40, 0x3c, 0x36, 0x49, 0x70, 0x37, 
	0x58, 0x69, 0x26, 0x13, 0x26, 0x19, 0x69, 0x7a, 
	0x75, 0x70, 0x42, 0x49, 0x8c, 0x8d, 0x8e, 0x07, 
	0x67, 0x54, 0x8e, 0x20, 0x2e, 0x67, 0x39, 0x85, 
	0x37, 0x54, 0x38, 0x4f, 0x49, 0x49, 0x58, 0x89, 
	0x56, 0x40, 0x85, 0x15, 0x54, 0x2a, 0x3a, 0x50, 
	0x8f, 0x66, 0x22, 0x4c, 0x53, 0x15, 0x41, 0x26, 
	0x3a, 0x63, 0x13, 0x50, 0x6f, 0x36, 0x83, 0x90, 
	0x29, 0x20, 0x78, 0x2d, 0x7f, 0x8d, 0x8e, 0x07, 
	0x67, 0x54, 0x2a, 0x91, 0x2c, 0x28, 0x2e, 0x92, 
	0x0f, 0x21, 0x83, 0x53, 0x8c, 0x4c, 0x57, 0x25, 
	0x24, 0x24, 0x5b, 0x38, 0x2d, 0x67, 0x75, 0x0a, 
	0x68, 0x93, 0x94, 0x28, 0x2a, 0x15, 0x41, 0x26, 
	0x3a, 0x4f, 0x20, 0x95, 0x95, 0x26, 0x5c, 0x96, 
	0x97, 0x2d, 0x56, 0x70, 0x36, 0x2d, 0x36, 0x54, 
	0x24, 0x8b, 0x70, 0x70, 0x67, 0x98, 0x85, 0x99, 
	0x1c, 0x2c, 0x3e, 0x20, 0x13, 0x41, 0x57, 0x25, 
	0x83, 0x31, 0x3a, 0x4d, 0x3a, 0x53, 0x28, 0x9a, 
	0x75, 0x13, 0x95, 0x84, 0x21, 0x9b, 0x24, 0x22, 
	0x3f, 0x4f, 0x2d, 0x5f, 0x4f, 0x19, 0x28, 0x9c, 
	0x3e, 0x69, 0x9d, 0x78, 0x53, 0x20, 0x40, 0x57, 
	0x29, 0x83, 0x26, 0x15, 0x53, 0x6f, 0x2a, 0x9a, 
	0x00, 0x48, 0x14, 0x3b, 0x98, 0x9e, 0x9f, 0x58, 
	0x13, 0x0a, 0x13, 0x18, 0x3e, 0x37, 0xa0, 0x2e, 
	0x1d, 0x33, 0x3f, 0x6f, 0x6f, 0x6f, 0x2e, 0x2e, 
	0x6f, 0x6e, 0x54, 0x3a, 0xa1, 0x5e, 0x38, 0x9a, 
	0x62, 0x2c, 0x84, 0x57, 0xa2, 0xa3, 0xa4, 0xa5, 
	0x21, 0x36, 0x66, 0x4c, 0x1c, 0x6f, 0x6e, 0x28, 
	0x41, 0x37, 0x28, 0x51, 0x57, 0x2e, 0x71, 0x6e, 
	0x6e, 0x5e, 0x20, 0x25, 0x1d, 0x96, 0x2e, 0x9a, 
	0x19, 0x79, 0x2a, 0x82, 0x38, 0xa6, 0x88, 0xa7, 
	0x41, 0xa8, 0xa9, 0xaa, 0x37, 0x7b, 0x6e, 0x53, 
	0x53, 0xab, 0x71, 0x3e, 0x94, 0x5c, 0x71, 0x5e, 
	0x2e, 0x7b, 0x71, 0xac, 0xad, 0x15, 0x6f, 0x9a, 
	0x0f, 0x1c, 0x43, 0x39, 0x5e, 0xae, 0xaf, 0xa6, 
	0x91, 0x4e, 0x8c, 0x3a, 0x71, 0x79, 0x38, 0x3a, 
	0x21, 0x26, 0x20, 0x1c, 0x7b, 0xb0, 0x5e, 0x51, 
	0x2e, 0x7b, 0xb0, 0x71, 0x2e, 0x4d, 0x3a, 0x96, 
	0xb1, 0x81, 0x71, 0x16, 0x41, 0x52, 0x0a, 0xb2, 
	0x15, 0x39, 0x3f, 0x6f, 0xa0, 0x3a, 0x4c, 0x41, 
	0x3d, 0x51, 0x3e, 0x3e, 0x2e, 0x71, 0x2e, 0x5e, 
	0x2e, 0x5e, 0xad, 0x5c, 0x63, 0xb3, 0x20, 0x7a, 
	0x00, 0x89, 0x24, 0x07, 0xb4, 0x67, 0x2d, 0x2e, 
	0xab, 0x62, 0x25, 0x6e, 0x39, 0x5e, 0x5e, 0x38, 
	0x53, 0x2e, 0xab, 0xb5, 0x94, 0x6f, 0x1d, 0x6f, 
	0x1d, 0x28, 0x7b, 0x91, 0x91, 0xb6, 0xb6, 0x71, 
	0x00, 0x3d, 0x3a, 0x3e, 0x52, 0x25, 0x0a, 0x75, 
	0x2e, 0x6b, 0x19, 0x74, 0x80, 0x25, 0x54, 0x3a, 
	0x0a, 0x54, 0x2e, 0x5c, 0x7b, 0xb7, 0x1d, 0x6f, 
	0x28, 0x2a, 0x5e, 0x6e, 0x86, 0x43, 0x71, 0x5e, 
	0x10, 0x4c, 0x57, 0x4f, 0x67, 0x2a, 0x52, 0x7f, 
	0x2c, 0x83, 0x28, 0x70, 0x4c, 0xb8, 0x52, 0x0a, 
	0x0a, 0x0a, 0x94, 0x80, 0xa1, 0x5c, 0x2e, 0x5c, 
	0xb9, 0x1d, 0x5e, 0x2a, 0x86, 0xba, 0x5e, 0x5e, 
	0x00, 0x6e, 0x20, 0x54, 0x25, 0x39, 0x3c, 0x2a, 
	0x43, 0xbb, 0x94, 0xb5, 0xbc, 0x19, 0x95, 0x4f, 
	0x62, 0x7f, 0x39, 0x2a, 0xbd, 0x2a, 0x7b, 0x5c, 
	0x5e, 0x1d, 0x5e, 0x79, 0x71, 0x71, 0x64, 0x28, 
	0x02, 0x94, 0x51, 0xbe, 0xbf, 0x79, 0x85, 0x1d, 
	0x5c, 0x3a, 0x22, 0x41, 0x91, 0x85, 0x53, 0x26, 
	0x26, 0x1d, 0x51, 0x94, 0x3e, 0x46, 0xc0, 0xc1, 
	0x25, 0x1d, 0x1d, 0x25, 0x71, 0x94, 0x7b, 0x2e, 
	0xc2, 0x1d, 0x3e, 0x2e, 0x1d, 0x3e, 0x5c, 0x38, 
	0x1c, 0x19, 0x8c, 0x61, 0x4f, 0x5c, 0xb9, 0x52, 
	0x3e, 0xab, 0x7b, 0x39, 0x3b, 0x53, 0x63, 0xc3, 
	0x28, 0x71, 0xab, 0x28, 0xbb, 0x94, 0x6e, 0x71, 
	0xc4, 0x5c, 0x7b, 0x5e, 0xc5, 0x35, 0x22, 0x39, 
	0x94, 0x63, 0x2a, 0x22, 0x28, 0x94, 0x38, 0x40, 
	0x4f, 0x5c, 0x80, 0x36, 0x26, 0x40, 0x15, 0x6f, 
	0x1d, 0xbb, 0x71, 0x5e, 0x5c, 0x28, 0x71, 0xbb, 
	0xc2, 0x88, 0xa9, 0x15, 0x4d, 0x52, 0x6e, 0x6f, 
	0x5c, 0xc6, 0x2b, 0x2a, 0x2e, 0x22, 0x3a, 0x28, 
	0x3a, 0x3a, 0x4f, 0x41, 0x4f, 0x26, 0x28, 0x7b, 
	0x43, 0x38, 0xad, 0x5e, 0x7b, 0x53, 0x3a, 0x71, 
	0x3d, 0x56, 0x98, 0x13, 0xc7, 0x71, 0x5e, 0x79, 
	0x28, 0x25, 0x15, 0x2e, 0x2a, 0x3f, 0x28, 0xc8, 
	0x5e, 0x6f, 0x3c, 0x39, 0xc9, 0x63, 0xca, 0x94, 
	0x5e, 0x2a, 0x63, 0x15, 0x15, 0x2f, 0x4f, 0xbb, 
	0x48, 0x28, 0x40, 0x22, 0xcb, 0x50, 0x79, 0x39, 
	0x28, 0x39, 0xb5, 0xcc, 0xcc, 0xb6, 0xa7, 0x6f, 
	0x94, 0x85, 0x52, 0x50, 0x20, 0x57, 0xcd, 0x21, 
	0x53, 0x5e, 0x57, 0x26, 0x2a, 0x84, 0x2a, 0x71, 
	0x00, 0x36, 0x20, 0x4f, 0x36, 0x4f, 0x90, 0x1c, 
	0x39, 0x79, 0x43, 0x5e, 0x5e, 0x50, 0x5e, 0x7b, 
	0xb7, 0x53, 0x4d, 0x6e, 0x51, 0x51, 0x71, 0x13, 
	0x2e, 0x19, 0x2f, 0x84, 0x6f, 0x26, 0x28, 0xb6, 
	0x41, 0x2e, 0x3a, 0x25, 0x2e, 0x5e, 0x7a, 0xce, 
	0xcf, 0xd0, 0xce, 0xd1, 0x9a, 0x9a, 0x9a, 0x96, 
	0x5e, 0x71, 0x5e, 0x5e, 0x6f, 0x6e, 0x71, 0x6e, 
	0x2e, 0x3e, 0x25, 0x28, 0x54, 0x28, 0xab, 0x71, 
	
};

Texture bob_dl_bob_textures_02000_rgba16_pal_rgba16[] = {
	0xff, 0xff, 0xb6, 0x2f, 0xe7, 0x79, 0xad, 0xab, 
	0x8c, 0xe5, 0x9d, 0xad, 0xbe, 0x73, 0xbd, 0xef, 
	0xc6, 0x73, 0xc6, 0x75, 0xad, 0x6b, 0xce, 0xb5, 
	0xef, 0x79, 0xce, 0xb7, 0xad, 0xed, 0xb5, 0xef, 
	0xd6, 0xf7, 0xe7, 0x7b, 0xf7, 0xff, 0x8c, 0x63, 
	0xd6, 0x73, 0x5a, 0xd7, 0x5b, 0x1b, 0xe7, 0x3b, 
	0x8c, 0x65, 0x84, 0x1f, 0xce, 0x71, 0x42, 0x57, 
	0x3a, 0x13, 0x3a, 0x11, 0x5b, 0x5b, 0x4a, 0x55, 
	0x42, 0x51, 0x6b, 0x9d, 0xa5, 0x29, 0x42, 0x95, 
	0xd6, 0xb5, 0x52, 0x93, 0x63, 0x19, 0x73, 0x59, 
	0x42, 0x11, 0x63, 0x59, 0x4a, 0x53, 0x94, 0xa3, 
	0x9c, 0xe5, 0x52, 0xd7, 0x31, 0x8d, 0x7b, 0x9d, 
	0xf7, 0x7b, 0x84, 0x61, 0xe6, 0xf9, 0xad, 0x69, 
	0x8c, 0x5f, 0x63, 0x5d, 0x9c, 0xe7, 0x5b, 0x19, 
	0x42, 0x53, 0x4a, 0x95, 0x6b, 0x5b, 0x84, 0x63, 
	0x63, 0x5b, 0x7c, 0x21, 0x31, 0xcd, 0x7b, 0xdd, 
	0x73, 0x9d, 0x84, 0x21, 0xef, 0x7b, 0x29, 0x49, 
	0xad, 0x67, 0xf7, 0xbd, 0x7b, 0x9b, 0x8c, 0xa3, 
	0xde, 0xf7, 0xe7, 0x39, 0x94, 0xa7, 0x42, 0x97, 
	0x73, 0xdf, 0x94, 0x63, 0x4a, 0x51, 0x7b, 0xdf, 
	0x21, 0x49, 0x31, 0x8b, 0x8c, 0x61, 0x52, 0x95, 
	0x63, 0x17, 0xf7, 0xbf, 0x94, 0xe7, 0x42, 0x0f, 
	0xb5, 0xad, 0x73, 0xe1, 0xcd, 0xed, 0xd6, 0xb3, 
	0x31, 0xcf, 0x29, 0x89, 0x29, 0x4b, 0xa4, 0xe7, 
	0x31, 0xcb, 0xad, 0x29, 0xa5, 0x27, 0x5a, 0xd5, 
	0x19, 0x0b, 0x8c, 0xa5, 0x63, 0x1b, 0xce, 0x73, 
	0xa5, 0x2b, 0x73, 0xdd, 0x32, 0x11, 0xbd, 0xad, 
	0xc5, 0xef, 0x4a, 0x91, 0x29, 0x8b, 0x39, 0xcf, 
	0x94, 0xa5, 0x21, 0x09, 0x39, 0xcb, 0xa5, 0x6b, 
	0x29, 0xd1, 0xc6, 0x31, 0xde, 0xb3, 0x19, 0x4b, 
	0x4a, 0x93, 0x3a, 0x0f, 0x10, 0x85, 0x21, 0x4b, 
	0xce, 0x31, 0xd6, 0x2d, 0xad, 0x25, 0x7c, 0x1f, 
	0x29, 0x8f, 0x5a, 0xd9, 0x52, 0xd9, 0x6b, 0x9b, 
	0x6b, 0x59, 0x52, 0xd5, 0x18, 0xc5, 0xe7, 0x35, 
	0x53, 0x1b, 0xc6, 0x2f, 0x6b, 0x99, 0xb5, 0x6b, 
	0xb5, 0xab, 0x3a, 0x51, 0x94, 0xe5, 0x9d, 0x69, 
	0x6b, 0x57, 0x5b, 0x17, 0x10, 0xc5, 0x6b, 0xe1, 
	0x29, 0x8d, 0x73, 0x9b, 0x08, 0x43, 0xb5, 0xed, 
	0xbd, 0xed, 0x84, 0xa7, 0x00, 0x01, 0xac, 0xe5, 
	0x3a, 0x53, 0x94, 0x61, 0xac, 0x9d, 0xb4, 0xe1, 
	0x42, 0x13, 0x52, 0x97, 0x9d, 0x27, 0x7b, 0x99, 
	0x83, 0xdb, 0x7b, 0xe1, 0x4a, 0x97, 0x31, 0xd1, 
	0x84, 0x23, 0x6b, 0x5d, 0xb5, 0xf1, 0x39, 0xcd, 
	0x10, 0x87, 0x21, 0x0b, 0x31, 0x4b, 0x5b, 0x5d, 
	0x19, 0x09, 0xb6, 0x35, 0x29, 0xcd, 0x94, 0x1b, 
	0xb5, 0x69, 0x21, 0x07, 0x19, 0x07, 0x39, 0xd1, 
	0x83, 0xdd, 0x31, 0x8f, 0x18, 0x83, 0x18, 0xc7, 
	0x5a, 0x93, 0x8c, 0x21, 0x31, 0x89, 0x52, 0xd3, 
	0x42, 0x55, 0x29, 0x4d, 0xad, 0xad, 0x18, 0xc9, 
	0xbe, 0x2f, 0x29, 0xcf, 0x7b, 0xdb, 0x9c, 0xa5, 
	0x41, 0xcf, 0x83, 0xdf, 0x29, 0x09, 0xbd, 0xeb, 
	0x29, 0x47, 0x31, 0x49, 0x08, 0x83, 0x08, 0x41, 
	0x00, 0x41, 0x00, 0x43, 
};

Texture bob_dl_bob_textures_01800_rgba16_ci8[] = {
	0x00, 0x01, 0x02, 0x03, 0x04, 0x05, 0x06, 0x06, 
	0x07, 0x08, 0x09, 0x0a, 0x0b, 0x0c, 0x0d, 0x0e, 
	0x0f, 0x10, 0x11, 0x12, 0x13, 0x14, 0x0e, 0x15, 
	0x16, 0x03, 0x17, 0x18, 0x19, 0x1a, 0x1b, 0x08, 
	0x1c, 0x09, 0x1d, 0x1d, 0x1b, 0x1e, 0x1f, 0x08, 
	0x20, 0x15, 0x0a, 0x21, 0x22, 0x06, 0x23, 0x24, 
	0x25, 0x26, 0x27, 0x28, 0x29, 0x0e, 0x05, 0x2a, 
	0x04, 0x2b, 0x05, 0x1d, 0x2c, 0x2d, 0x24, 0x14, 
	0x2e, 0x2f, 0x30, 0x31, 0x32, 0x1a, 0x18, 0x33, 
	0x34, 0x35, 0x03, 0x36, 0x19, 0x0f, 0x37, 0x0e, 
	0x38, 0x39, 0x3a, 0x3b, 0x3c, 0x3d, 0x1f, 0x3c, 
	0x3e, 0x16, 0x3f, 0x0a, 0x40, 0x41, 0x04, 0x03, 
	0x06, 0x30, 0x31, 0x13, 0x1a, 0x21, 0x40, 0x35, 
	0x00, 0x05, 0x2a, 0x1a, 0x35, 0x07, 0x42, 0x0c, 
	0x43, 0x44, 0x09, 0x45, 0x46, 0x03, 0x47, 0x48, 
	0x3f, 0x37, 0x24, 0x40, 0x31, 0x12, 0x49, 0x1c, 
	0x23, 0x4a, 0x4b, 0x2a, 0x0e, 0x48, 0x2a, 0x04, 
	0x4c, 0x1f, 0x01, 0x05, 0x4d, 0x4d, 0x4e, 0x4f, 
	0x50, 0x4d, 0x44, 0x46, 0x04, 0x44, 0x51, 0x1b, 
	0x35, 0x52, 0x53, 0x54, 0x11, 0x55, 0x44, 0x04, 
	0x39, 0x56, 0x57, 0x38, 0x1d, 0x13, 0x04, 0x14, 
	0x1d, 0x30, 0x55, 0x17, 0x2b, 0x55, 0x04, 0x1e, 
	0x05, 0x11, 0x04, 0x30, 0x58, 0x4c, 0x59, 0x59, 
	0x5a, 0x5b, 0x5c, 0x18, 0x04, 0x19, 0x31, 0x2f, 
	0x5d, 0x5d, 0x41, 0x5e, 0x41, 0x5f, 0x50, 0x2f, 
	0x60, 0x12, 0x2b, 0x05, 0x05, 0x2b, 0x04, 0x2b, 
	0x3e, 0x41, 0x44, 0x1a, 0x61, 0x62, 0x63, 0x39, 
	0x64, 0x65, 0x1d, 0x0e, 0x0f, 0x31, 0x2f, 0x11, 
	0x19, 0x2f, 0x2a, 0x4b, 0x01, 0x66, 0x3d, 0x41, 
	0x03, 0x55, 0x19, 0x19, 0x4d, 0x09, 0x04, 0x2f, 
	0x17, 0x56, 0x08, 0x59, 0x3f, 0x5a, 0x67, 0x24, 
	0x59, 0x68, 0x1a, 0x04, 0x36, 0x17, 0x0f, 0x16, 
	0x4d, 0x12, 0x30, 0x46, 0x2f, 0x2b, 0x55, 0x2f, 
	0x00, 0x3e, 0x69, 0x41, 0x05, 0x46, 0x04, 0x6a, 
	0x04, 0x1d, 0x1a, 0x06, 0x46, 0x16, 0x6b, 0x6c, 
	0x67, 0x6d, 0x24, 0x18, 0x44, 0x55, 0x44, 0x6a, 
	0x04, 0x18, 0x44, 0x44, 0x19, 0x2b, 0x3d, 0x60, 
	0x50, 0x50, 0x19, 0x19, 0x04, 0x03, 0x06, 0x31, 
	0x46, 0x1f, 0x0e, 0x04, 0x30, 0x40, 0x6e, 0x4e, 
	0x0e, 0x30, 0x44, 0x56, 0x19, 0x2b, 0x36, 0x05, 
	0x2b, 0x04, 0x05, 0x44, 0x11, 0x4d, 0x19, 0x17, 
	0x2e, 0x41, 0x50, 0x19, 0x2b, 0x05, 0x39, 0x0c, 
	0x6f, 0x1b, 0x2a, 0x1a, 0x26, 0x70, 0x38, 0x71, 
	0x12, 0x06, 0x31, 0x54, 0x03, 0x55, 0x05, 0x46, 
	0x30, 0x30, 0x2f, 0x72, 0x19, 0x12, 0x12, 0x4d, 
	0x13, 0x56, 0x73, 0x1b, 0x41, 0x04, 0x46, 0x74, 
	0x37, 0x0c, 0x05, 0x36, 0x15, 0x6c, 0x66, 0x50, 
	0x5d, 0x2b, 0x2a, 0x75, 0x2a, 0x2a, 0x41, 0x1c, 
	0x2b, 0x2b, 0x31, 0x04, 0x44, 0x18, 0x44, 0x19, 
	0x30, 0x50, 0x44, 0x17, 0x46, 0x13, 0x35, 0x17, 
	0x1d, 0x6e, 0x76, 0x60, 0x04, 0x17, 0x27, 0x69, 
	0x19, 0x2f, 0x36, 0x4d, 0x44, 0x15, 0x2a, 0x2a, 
	0x31, 0x30, 0x30, 0x12, 0x12, 0x13, 0x01, 0x13, 
	0x1d, 0x2a, 0x2f, 0x41, 0x2f, 0x00, 0x04, 0x2b, 
	0x36, 0x50, 0x07, 0x77, 0x78, 0x19, 0x6a, 0x79, 
	0x28, 0x44, 0x04, 0x44, 0x2f, 0x07, 0x6a, 0x6a, 
	0x2b, 0x44, 0x04, 0x13, 0x05, 0x30, 0x19, 0x30, 
	0x11, 0x46, 0x1f, 0x51, 0x3e, 0x1e, 0x30, 0x60, 
	0x17, 0x16, 0x4d, 0x50, 0x2a, 0x3e, 0x00, 0x42, 
	0x06, 0x18, 0x04, 0x17, 0x12, 0x2b, 0x79, 0x1a, 
	0x04, 0x30, 0x30, 0x30, 0x12, 0x4d, 0x44, 0x1d, 
	0x12, 0x31, 0x19, 0x46, 0x4d, 0x54, 0x06, 0x2a, 
	0x50, 0x15, 0x2b, 0x04, 0x6a, 0x1e, 0x05, 0x3c, 
	0x30, 0x6a, 0x31, 0x6a, 0x40, 0x4d, 0x03, 0x4c, 
	0x2b, 0x04, 0x19, 0x31, 0x31, 0x4d, 0x5d, 0x2f, 
	0x3e, 0x2f, 0x50, 0x2b, 0x46, 0x12, 0x6a, 0x2b, 
	0x0c, 0x04, 0x2f, 0x44, 0x04, 0x00, 0x2a, 0x03, 
	0x2f, 0x44, 0x2f, 0x2f, 0x74, 0x55, 0x50, 0x1b, 
	0x12, 0x44, 0x4d, 0x11, 0x44, 0x1c, 0x30, 0x7a, 
	0x14, 0x5d, 0x1c, 0x46, 0x4c, 0x19, 0x4d, 0x31, 
	0x0c, 0x46, 0x12, 0x30, 0x19, 0x1c, 0x2f, 0x2f, 
	0x56, 0x1c, 0x2f, 0x04, 0x2b, 0x46, 0x1f, 0x03, 
	0x05, 0x11, 0x12, 0x19, 0x44, 0x44, 0x30, 0x0c, 
	0x2b, 0x12, 0x5d, 0x63, 0x6a, 0x04, 0x7b, 0x69, 
	0x4c, 0x68, 0x17, 0x31, 0x36, 0x31, 0x44, 0x2b, 
	0x03, 0x7c, 0x2a, 0x18, 0x1b, 0x3d, 0x04, 0x05, 
	0x00, 0x2b, 0x4d, 0x30, 0x04, 0x2f, 0x31, 0x2b, 
	0x19, 0x30, 0x6a, 0x15, 0x4d, 0x19, 0x2f, 0x03, 
	0x36, 0x05, 0x36, 0x6a, 0x4d, 0x04, 0x04, 0x31, 
	0x5d, 0x15, 0x1a, 0x3d, 0x3d, 0x12, 0x0f, 0x2f, 
	0x17, 0x1c, 0x44, 0x11, 0x2b, 0x31, 0x30, 0x12, 
	0x2f, 0x05, 0x12, 0x36, 0x60, 0x7d, 0x44, 0x1d, 
	0x60, 0x19, 0x44, 0x56, 0x76, 0x11, 0x31, 0x2f, 
	0x30, 0x30, 0x2a, 0x4e, 0x05, 0x2f, 0x05, 0x2b, 
	0x30, 0x03, 0x41, 0x2f, 0x04, 0x17, 0x15, 0x05, 
	0x6a, 0x04, 0x1c, 0x45, 0x1f, 0x0e, 0x1f, 0x3d, 
	0x43, 0x57, 0x6e, 0x7e, 0x7f, 0x30, 0x50, 0x50, 
	0x50, 0x46, 0x0c, 0x4d, 0x5d, 0x80, 0x81, 0x44, 
	0x12, 0x4d, 0x12, 0x04, 0x2b, 0x4d, 0x5d, 0x6a, 
	0x6a, 0x41, 0x2f, 0x0d, 0x2f, 0x19, 0x11, 0x31, 
	0x55, 0x44, 0x50, 0x4d, 0x1d, 0x56, 0x0f, 0x12, 
	0x2c, 0x1c, 0x4d, 0x19, 0x2f, 0x4d, 0x44, 0x46, 
	0x05, 0x6a, 0x05, 0x5d, 0x30, 0x31, 0x3d, 0x15, 
	0x56, 0x30, 0x03, 0x18, 0x50, 0x50, 0x19, 0x44, 
	0x55, 0x4d, 0x4d, 0x4d, 0x44, 0x6a, 0x03, 0x67, 
	0x82, 0x83, 0x30, 0x50, 0x55, 0x4d, 0x4d, 0x5d, 
	0x03, 0x5b, 0x84, 0x08, 0x6e, 0x1e, 0x54, 0x19, 
	0x55, 0x50, 0x03, 0x30, 0x31, 0x2b, 0x55, 0x04, 
	0x2b, 0x4d, 0x4d, 0x30, 0x19, 0x11, 0x4d, 0x2a, 
	0x19, 0x85, 0x86, 0x55, 0x04, 0x18, 0x19, 0x12, 
	0x4d, 0x7a, 0x1e, 0x04, 0x4d, 0x50, 0x50, 0x50, 
	0x4d, 0x2b, 0x4d, 0x50, 0x00, 0x46, 0x2f, 0x30, 
	0x4d, 0x4d, 0x4d, 0x30, 0x19, 0x1a, 0x1c, 0x44, 
	0x11, 0x12, 0x30, 0x13, 0x13, 0x43, 0x87, 0x73, 
	0x55, 0x4d, 0x12, 0x50, 0x50, 0x4d, 0x50, 0x44, 
	0x04, 0x19, 0x50, 0x19, 0x19, 0x19, 0x19, 0x4d, 
	0x4d, 0x19, 0x11, 0x50, 0x00, 0x0c, 0x1d, 0x2a, 
	0x1c, 0x4d, 0x04, 0x4d, 0x4d, 0x4d, 0x08, 0x3d, 
	0x50, 0x50, 0x50, 0x19, 0x12, 0x30, 0x4d, 0x31, 
	0x31, 0x30, 0x4d, 0x19, 0x12, 0x4d, 0x2b, 0x2b, 
	0x30, 0x50, 0x4d, 0x2f, 0x2a, 0x30, 0x55, 0x57, 
	0x44, 0x4d, 0x44, 0x2b, 0x50, 0x19, 0x87, 0x2b, 
	0x12, 0x50, 0x50, 0x12, 0x12, 0x11, 0x31, 0x4d, 
	0x1c, 0x2f, 0x4d, 0x19, 0x12, 0x4d, 0x2b, 0x12, 
	0x19, 0x19, 0x55, 0x24, 0x50, 0x19, 0x05, 0x19, 
	0x55, 0x2b, 0x19, 0x2b, 0x44, 0x55, 0x44, 0x2f, 
	0x12, 0x12, 0x4d, 0x12, 0x12, 0x31, 0x44, 0x2b, 
	0x44, 0x12, 0x19, 0x4d, 0x4d, 0x11, 0x11, 0x19, 
	0x4d, 0x4d, 0x41, 0x2a, 0x50, 0x11, 0x44, 0x30, 
	0x04, 0x04, 0x50, 0x04, 0x04, 0x2f, 0x4d, 0x2f, 
	0x50, 0x12, 0x50, 0x50, 0x2b, 0x2b, 0x1c, 0x04, 
	0x12, 0x12, 0x30, 0x44, 0x19, 0x4d, 0x11, 0x44, 
	0x50, 0x19, 0x44, 0x19, 0x19, 0x36, 0x31, 0x19, 
	0x00, 0x44, 0x44, 0x2f, 0x04, 0x2b, 0x04, 0x36, 
	0x4d, 0x4d, 0x50, 0x2b, 0x04, 0x03, 0x4d, 0x4d, 
	0x4d, 0x4d, 0x50, 0x44, 0x30, 0x19, 0x19, 0x31, 
	0x19, 0x44, 0x30, 0x04, 0x05, 0x04, 0x12, 0x19, 
	0x44, 0x2b, 0x44, 0x04, 0x44, 0x2f, 0x55, 0x2b, 
	
};

Texture bob_dl_bob_textures_01800_rgba16_pal_rgba16[] = {
	0x01, 0xc5, 0x0b, 0x0f, 0x3c, 0x9b, 0x0a, 0xcf, 
	0x01, 0xc7, 0x02, 0x4b, 0x44, 0x9d, 0x3c, 0x19, 
	0x0a, 0xcd, 0x02, 0xcd, 0x44, 0xdd, 0x65, 0xa5, 
	0x34, 0x19, 0x0b, 0x0d, 0x3c, 0x5b, 0x0a, 0x8f, 
	0x01, 0x81, 0x01, 0x03, 0x00, 0x41, 0x01, 0x41, 
	0x34, 0x59, 0x23, 0x93, 0x13, 0x51, 0x13, 0x11, 
	0x02, 0x4d, 0x00, 0xc1, 0x2b, 0xd7, 0x13, 0x0f, 
	0x01, 0xc9, 0x02, 0x49, 0x44, 0x5d, 0x2b, 0xd5, 
	0x1b, 0x0f, 0x13, 0x4f, 0x65, 0x25, 0x34, 0x5b, 
	0x55, 0x21, 0x9e, 0xf3, 0x86, 0x6d, 0x75, 0xe9, 
	0x54, 0xe1, 0x7e, 0x2d, 0x1b, 0x53, 0x01, 0x43, 
	0x34, 0x17, 0x6d, 0xe7, 0x1b, 0x55, 0x02, 0x09, 
	0x01, 0x01, 0x01, 0x45, 0x13, 0x53, 0x24, 0x15, 
	0x13, 0x91, 0x1b, 0x93, 0x02, 0x8b, 0x5d, 0x63, 
	0x7e, 0x6b, 0x5d, 0x61, 0x6d, 0xa7, 0x65, 0x65, 
	0x4c, 0xdd, 0x23, 0x95, 0x12, 0xd1, 0x44, 0x9b, 
	0x4c, 0xdf, 0x02, 0x0b, 0x4c, 0x9d, 0x12, 0xcf, 
	0x01, 0x85, 0x02, 0xcb, 0x02, 0x8d, 0x23, 0xd5, 
	0x2c, 0x15, 0x0a, 0x4d, 0x5d, 0xa3, 0x2c, 0x17, 
	0x3c, 0x59, 0x00, 0x81, 0x65, 0x63, 0x44, 0x9f, 
	0x00, 0x01, 0x1b, 0x51, 0x7d, 0xe7, 0xa7, 0x35, 
	0x0a, 0x8d, 0x01, 0x87, 0x1b, 0x13, 0x33, 0xd7, 
	0x00, 0xc3, 0x6d, 0xa5, 0x34, 0x15, 0x7e, 0x29, 
	0x76, 0x27, 0x01, 0x83, 0x5d, 0x1f, 0x01, 0xcb, 
	0x13, 0x13, 0x5d, 0xa1, 0x6d, 0xe5, 0x65, 0x61, 
	0x55, 0x1d, 0x75, 0xe7, 0x6d, 0xa9, 0x55, 0x1f, 
	0x76, 0x29, 0x23, 0x55, 0x02, 0x07, 0x44, 0xdb, 
	0x3c, 0x57, 0x44, 0x5b, 0x54, 0xdf, 0x55, 0x23, 
	0x4c, 0xdb, 0x0a, 0xd1, 0x0b, 0x11, 0x33, 0xd9, 
	0x2b, 0xd3, 0x34, 0x1b, 0x23, 0x53, 0x65, 0x67, 
	0x23, 0x57, 0xa7, 0x75, 0x2b, 0x95, 0x4c, 0xe1, 
	0x2c, 0x19, 0x01, 0x47, 0x3c, 0x1b, 0x3b, 0xd9, 
	0x44, 0x19, 0x5d, 0x23, 0xaf, 0x75, 0x54, 0xa3, 
	0x0b, 0x0b, 0x5d, 0x21, 0x2b, 0x55, 0x1b, 0x11, 
	
};

Texture bob_dl_bob_textures_05000_rgba16_ci8[] = {
	0x00, 0x01, 0x02, 0x03, 0x04, 0x05, 0x06, 0x07, 
	0x02, 0x08, 0x09, 0x0a, 0x0b, 0x0c, 0x0a, 0x0d, 
	0x0e, 0x0f, 0x07, 0x10, 0x0f, 0x11, 0x0f, 0x06, 
	0x12, 0x13, 0x14, 0x15, 0x02, 0x14, 0x16, 0x17, 
	0x02, 0x18, 0x03, 0x19, 0x1a, 0x1b, 0x06, 0x03, 
	0x1c, 0x1d, 0x03, 0x06, 0x06, 0x1e, 0x1f, 0x20, 
	0x0b, 0x07, 0x07, 0x21, 0x10, 0x22, 0x23, 0x24, 
	0x12, 0x14, 0x13, 0x25, 0x03, 0x03, 0x07, 0x11, 
	0x26, 0x27, 0x05, 0x28, 0x29, 0x2a, 0x2b, 0x2c, 
	0x0c, 0x2d, 0x14, 0x03, 0x2e, 0x2f, 0x30, 0x0d, 
	0x0d, 0x20, 0x0a, 0x07, 0x31, 0x25, 0x32, 0x26, 
	0x33, 0x14, 0x25, 0x34, 0x03, 0x03, 0x07, 0x35, 
	0x27, 0x36, 0x05, 0x1a, 0x37, 0x09, 0x15, 0x0c, 
	0x38, 0x13, 0x20, 0x2a, 0x1b, 0x04, 0x39, 0x03, 
	0x04, 0x1f, 0x0d, 0x3a, 0x14, 0x19, 0x3b, 0x1f, 
	0x02, 0x13, 0x14, 0x25, 0x03, 0x03, 0x09, 0x3c, 
	0x06, 0x2e, 0x05, 0x3d, 0x3e, 0x14, 0x20, 0x33, 
	0x3f, 0x03, 0x1a, 0x15, 0x09, 0x40, 0x41, 0x09, 
	0x02, 0x0d, 0x08, 0x03, 0x14, 0x3d, 0x17, 0x0b, 
	0x03, 0x1d, 0x1d, 0x03, 0x1d, 0x09, 0x42, 0x43, 
	0x44, 0x05, 0x14, 0x45, 0x46, 0x03, 0x20, 0x47, 
	0x1b, 0x03, 0x03, 0x48, 0x1d, 0x49, 0x0a, 0x14, 
	0x0c, 0x41, 0x4a, 0x0d, 0x09, 0x4b, 0x13, 0x17, 
	0x0d, 0x09, 0x48, 0x48, 0x20, 0x12, 0x4c, 0x31, 
	0x4d, 0x4e, 0x0d, 0x14, 0x4f, 0x25, 0x1f, 0x1b, 
	0x1b, 0x50, 0x1d, 0x20, 0x06, 0x51, 0x52, 0x47, 
	0x03, 0x00, 0x0d, 0x53, 0x1d, 0x19, 0x28, 0x0b, 
	0x20, 0x03, 0x25, 0x31, 0x54, 0x55, 0x21, 0x53, 
	0x14, 0x16, 0x05, 0x56, 0x1d, 0x2a, 0x02, 0x09, 
	0x13, 0x57, 0x3d, 0x1a, 0x1b, 0x07, 0x26, 0x10, 
	0x12, 0x20, 0x09, 0x58, 0x4f, 0x3f, 0x1d, 0x0b, 
	0x09, 0x13, 0x59, 0x5a, 0x5b, 0x0a, 0x00, 0x5c, 
	0x50, 0x4e, 0x41, 0x06, 0x03, 0x5d, 0x06, 0x03, 
	0x1b, 0x34, 0x19, 0x13, 0x4d, 0x06, 0x39, 0x26, 
	0x20, 0x5e, 0x14, 0x53, 0x39, 0x3d, 0x4a, 0x5d, 
	0x17, 0x5a, 0x5f, 0x60, 0x07, 0x61, 0x61, 0x47, 
	0x62, 0x39, 0x1f, 0x52, 0x1f, 0x08, 0x06, 0x3a, 
	0x63, 0x13, 0x64, 0x4f, 0x1d, 0x61, 0x0c, 0x04, 
	0x2f, 0x03, 0x1d, 0x1d, 0x2b, 0x54, 0x03, 0x02, 
	0x65, 0x66, 0x21, 0x05, 0x67, 0x28, 0x04, 0x40, 
	0x14, 0x37, 0x41, 0x39, 0x00, 0x07, 0x05, 0x1c, 
	0x68, 0x64, 0x40, 0x1b, 0x2d, 0x04, 0x00, 0x39, 
	0x49, 0x62, 0x14, 0x03, 0x28, 0x69, 0x03, 0x47, 
	0x04, 0x6a, 0x02, 0x2e, 0x6b, 0x03, 0x1b, 0x61, 
	0x07, 0x24, 0x0c, 0x2e, 0x28, 0x28, 0x0a, 0x1b, 
	0x2d, 0x45, 0x6c, 0x61, 0x47, 0x0a, 0x05, 0x1b, 
	0x00, 0x39, 0x1d, 0x34, 0x63, 0x1b, 0x04, 0x1e, 
	0x1b, 0x6b, 0x6b, 0x40, 0x6d, 0x1d, 0x04, 0x13, 
	0x20, 0x6e, 0x05, 0x2f, 0x19, 0x1b, 0x20, 0x6f, 
	0x46, 0x50, 0x1c, 0x45, 0x14, 0x09, 0x09, 0x61, 
	0x14, 0x44, 0x70, 0x1c, 0x34, 0x14, 0x1e, 0x71, 
	0x47, 0x06, 0x47, 0x72, 0x73, 0x1d, 0x19, 0x04, 
	0x14, 0x1e, 0x14, 0x14, 0x1a, 0x46, 0x52, 0x28, 
	0x4f, 0x15, 0x03, 0x5a, 0x21, 0x0a, 0x12, 0x03, 
	0x1d, 0x1d, 0x14, 0x4d, 0x34, 0x74, 0x0c, 0x75, 
	0x0c, 0x09, 0x0d, 0x2c, 0x07, 0x05, 0x33, 0x39, 
	0x14, 0x1e, 0x2f, 0x69, 0x76, 0x25, 0x1f, 0x03, 
	0x0d, 0x77, 0x0f, 0x04, 0x78, 0x2d, 0x0c, 0x5a, 
	0x12, 0x03, 0x04, 0x13, 0x09, 0x40, 0x67, 0x75, 
	0x2c, 0x00, 0x1b, 0x56, 0x5e, 0x79, 0x5a, 0x1b, 
	0x63, 0x03, 0x05, 0x19, 0x1b, 0x7a, 0x7b, 0x27, 
	0x7c, 0x1b, 0x7d, 0x7e, 0x7f, 0x64, 0x80, 0x81, 
	0x79, 0x26, 0x0a, 0x82, 0x76, 0x14, 0x2c, 0x2f, 
	0x14, 0x1b, 0x33, 0x1a, 0x49, 0x1e, 0x4a, 0x76, 
	0x6a, 0x14, 0x2f, 0x63, 0x1c, 0x7e, 0x83, 0x84, 
	0x04, 0x2d, 0x13, 0x68, 0x50, 0x13, 0x85, 0x6b, 
	0x81, 0x86, 0x39, 0x20, 0x1d, 0x0d, 0x09, 0x2c, 
	0x14, 0x02, 0x1d, 0x75, 0x40, 0x75, 0x2c, 0x44, 
	0x39, 0x0d, 0x03, 0x69, 0x28, 0x45, 0x87, 0x00, 
	0x47, 0x28, 0x88, 0x28, 0x89, 0x8a, 0x2d, 0x63, 
	0x7f, 0x7d, 0x14, 0x08, 0x62, 0x06, 0x2a, 0x1a, 
	0x03, 0x62, 0x48, 0x09, 0x49, 0x40, 0x39, 0x0d, 
	0x52, 0x1d, 0x00, 0x61, 0x1d, 0x12, 0x37, 0x39, 
	0x13, 0x3a, 0x8b, 0x3f, 0x28, 0x3d, 0x3f, 0x1d, 
	0x7a, 0x1b, 0x1d, 0x12, 0x2c, 0x8c, 0x2c, 0x14, 
	0x43, 0x2f, 0x00, 0x1b, 0x8d, 0x1b, 0x2e, 0x0b, 
	0x10, 0x63, 0x61, 0x69, 0x0d, 0x7b, 0x62, 0x61, 
	0x34, 0x1b, 0x3d, 0x19, 0x3a, 0x28, 0x34, 0x1d, 
	0x2f, 0x1c, 0x1b, 0x00, 0x4a, 0x8e, 0x8e, 0x2e, 
	0x03, 0x8f, 0x03, 0x75, 0x03, 0x09, 0x2a, 0x90, 
	0x0b, 0x20, 0x04, 0x12, 0x4c, 0x39, 0x1b, 0x1d, 
	0x1d, 0x69, 0x64, 0x28, 0x39, 0x2d, 0x7a, 0x75, 
	0x1d, 0x7a, 0x7a, 0x2f, 0x2a, 0x0c, 0x2e, 0x2f, 
	0x1d, 0x48, 0x03, 0x09, 0x76, 0x15, 0x03, 0x0d, 
	0x1f, 0x1d, 0x00, 0x12, 0x87, 0x20, 0x1d, 0x69, 
	0x20, 0x61, 0x91, 0x50, 0x45, 0x19, 0x61, 0x1e, 
	0x2c, 0x1b, 0x04, 0x20, 0x4f, 0x75, 0x92, 0x86, 
	0x2c, 0x1d, 0x93, 0x03, 0x1b, 0x0d, 0x09, 0x62, 
	0x10, 0x43, 0x37, 0x94, 0x7b, 0x12, 0x00, 0x2f, 
	0x2f, 0x6b, 0x75, 0x28, 0x64, 0x19, 0x63, 0x1b, 
	0x2f, 0x03, 0x0d, 0x95, 0x75, 0x8e, 0x05, 0x03, 
	0x03, 0x2e, 0x2a, 0x62, 0x76, 0x25, 0x03, 0x04, 
	0x10, 0x24, 0x16, 0x20, 0x75, 0x21, 0x1f, 0x6a, 
	0x0c, 0x96, 0x8a, 0x28, 0x0c, 0x2e, 0x1e, 0x03, 
	0x14, 0x1c, 0x84, 0x84, 0x41, 0x1d, 0x2c, 0x14, 
	0x63, 0x56, 0x2e, 0x0c, 0x1a, 0x1b, 0x14, 0x52, 
	0x6a, 0x97, 0x6e, 0x98, 0x2c, 0x41, 0x08, 0x05, 
	0x04, 0x63, 0x13, 0x14, 0x39, 0x02, 0x20, 0x41, 
	0x05, 0x84, 0x83, 0x34, 0x2c, 0x05, 0x62, 0x0c, 
	0x28, 0x20, 0x6b, 0x99, 0x43, 0x15, 0x03, 0x21, 
	0x09, 0x9a, 0x9b, 0x1d, 0x86, 0x1d, 0x29, 0x20, 
	0x07, 0x52, 0x07, 0x0b, 0x21, 0x7b, 0x84, 0x37, 
	0x43, 0x07, 0x1b, 0x02, 0x07, 0x8f, 0x75, 0x05, 
	0x9c, 0x34, 0x2a, 0x4a, 0x47, 0x8f, 0x21, 0x20, 
	0x2e, 0x9d, 0x6d, 0x14, 0x2c, 0x62, 0x1b, 0x1b, 
	0x61, 0x28, 0x09, 0x19, 0x19, 0x03, 0x03, 0x2f, 
	0x6a, 0x75, 0x1b, 0x02, 0x1d, 0x63, 0x9e, 0x35, 
	0x83, 0x83, 0x43, 0x83, 0x12, 0x5a, 0x21, 0x03, 
	0x75, 0x0c, 0x05, 0x76, 0x9f, 0x75, 0x51, 0x2f, 
	0x8a, 0x4d, 0x63, 0x45, 0x2c, 0x41, 0x39, 0x1d, 
	0x41, 0x2f, 0x00, 0x04, 0x14, 0x0d, 0xa0, 0xa1, 
	0x6c, 0x6c, 0x0c, 0x52, 0x65, 0x83, 0x4a, 0x20, 
	0x0c, 0x75, 0x2e, 0x05, 0x1d, 0xa2, 0x2f, 0x00, 
	0x3f, 0x68, 0x04, 0xa3, 0x03, 0x08, 0x20, 0x04, 
	0x75, 0x2c, 0x39, 0x03, 0x6b, 0x54, 0xa4, 0x34, 
	0x14, 0x69, 0x1c, 0xa5, 0x4a, 0x4a, 0x92, 0x20, 
	0x05, 0x41, 0x07, 0x39, 0x12, 0x1d, 0x75, 0x0b, 
	0x76, 0x68, 0x07, 0x40, 0x10, 0x20, 0x05, 0x20, 
	0x28, 0x75, 0x2f, 0x04, 0x47, 0x1f, 0x0a, 0x2d, 
	0xa6, 0x69, 0x69, 0x61, 0xa7, 0x2c, 0x09, 0x93, 
	0x41, 0x2c, 0x05, 0x75, 0x1d, 0x14, 0x62, 0x02, 
	0x09, 0x1b, 0x07, 0x00, 0x07, 0x63, 0x08, 0x20, 
	0x09, 0x2c, 0x27, 0x14, 0x0d, 0x37, 0x16, 0x1d, 
	0x03, 0x1b, 0x69, 0xa8, 0x28, 0xa9, 0x2c, 0x0b, 
	0x27, 0x8e, 0x03, 0x76, 0xaa, 0x63, 0x03, 0x41, 
	0x20, 0x1f, 0x51, 0x16, 0x24, 0x08, 0x15, 0x63, 
	0x12, 0x0a, 0x07, 0x08, 0x12, 0xab, 0x16, 0x51, 
	0x03, 0x14, 0x28, 0x1b, 0x1d, 0x1b, 0x51, 0x84, 
	
};

Texture bob_dl_bob_textures_05000_rgba16_pal_rgba16[] = {
	0x9c, 0x5d, 0x83, 0x59, 0x94, 0x1b, 0xa4, 0x5d, 
	0xb5, 0x23, 0xa4, 0x5f, 0x93, 0xdb, 0x8b, 0x99, 
	0x83, 0x57, 0x9c, 0x1b, 0x83, 0x97, 0x7b, 0x15, 
	0xc5, 0xa9, 0x8b, 0x97, 0x6a, 0xd5, 0x6a, 0xd3, 
	0x73, 0x15, 0x39, 0x49, 0x83, 0x55, 0xb4, 0xdf, 
	0xac, 0x9f, 0xa4, 0x1b, 0x94, 0x1d, 0x5a, 0x4f, 
	0x73, 0x17, 0xc5, 0x63, 0xac, 0x5d, 0xbd, 0x23, 
	0xcd, 0xe9, 0xb4, 0xe1, 0xac, 0xe3, 0x7b, 0x55, 
	0x93, 0xd9, 0x72, 0xd3, 0x52, 0x0f, 0x41, 0xcd, 
	0x83, 0x99, 0xac, 0x9d, 0x7b, 0x57, 0x8b, 0xdb, 
	0xbd, 0x21, 0xac, 0x5f, 0x93, 0x97, 0x8b, 0x95, 
	0xb4, 0xe3, 0xcd, 0xa7, 0xac, 0xa1, 0xac, 0xe1, 
	0xad, 0x23, 0xac, 0x5b, 0x31, 0x09, 0x9c, 0x19, 
	0xa4, 0x5b, 0x49, 0x8b, 0x8b, 0x9b, 0x62, 0x91, 
	0xe6, 0xb3, 0xa4, 0x9f, 0xb5, 0x21, 0x39, 0x4b, 
	0x51, 0xcd, 0xb4, 0x9d, 0xbc, 0xdd, 0xcd, 0xa5, 
	0xbd, 0x67, 0x9c, 0x1d, 0x83, 0x53, 0x62, 0x4f, 
	0x9b, 0xd9, 0xd5, 0xe9, 0xc5, 0x23, 0xbd, 0x65, 
	0xa4, 0x19, 0xcd, 0xeb, 0x7b, 0x13, 0xc5, 0x1f, 
	0x49, 0xcb, 0xbc, 0xdf, 0xb5, 0x25, 0xbc, 0xe1, 
	0xc5, 0x21, 0xa4, 0xa1, 0x8b, 0xd9, 0x8b, 0x55, 
	0x72, 0xd1, 0x39, 0x47, 0x93, 0xd7, 0xbd, 0x1f, 
	0x9c, 0x5b, 0xac, 0x9b, 0x6a, 0x8f, 0x41, 0x49, 
	0xbd, 0xa5, 0x73, 0x13, 0xc5, 0xe9, 0x51, 0x89, 
	0x49, 0x89, 0xc5, 0xa7, 0xc5, 0x67, 0xc5, 0x65, 
	0xcd, 0x63, 0x41, 0x89, 0x28, 0xc5, 0xd5, 0xeb, 
	0xd5, 0xe7, 0xbd, 0x63, 0x9c, 0x5f, 0xd6, 0x2d, 
	0xde, 0x6f, 0xcd, 0x67, 0xbd, 0x69, 0xcd, 0x65, 
	0xac, 0xdf, 0xc5, 0x69, 0xc5, 0xeb, 0xce, 0x2d, 
	0xbd, 0xa9, 0xbd, 0x25, 0xb4, 0x9f, 0x62, 0x8f, 
	0xd6, 0x6d, 0xc5, 0xab, 0xd6, 0x2b, 0x6a, 0xd1, 
	0x49, 0xcd, 0xde, 0x2b, 0xe6, 0xaf, 0xde, 0x29, 
	0xe6, 0x6d, 0xde, 0xb1, 0xa4, 0x9d, 0x5a, 0x0d, 
	0x6a, 0x91, 0xee, 0xf1, 0xcd, 0xa9, 0x51, 0xcb, 
	0xdd, 0xe9, 0xdd, 0xe7, 0xe6, 0x6b, 0xd5, 0xa5, 
	0xa4, 0x1f, 0xc5, 0xed, 0xb4, 0xa1, 0x9b, 0xd7, 
	0x7a, 0xd3, 0xc5, 0x61, 0x8b, 0x57, 0x93, 0x99, 
	0x52, 0x0d, 0x62, 0x51, 0xde, 0x6d, 0xb5, 0x27, 
	0xde, 0x71, 0xcd, 0xed, 0xbd, 0xeb, 0xd5, 0xed, 
	0x7a, 0xd1, 0xc6, 0x2f, 0x8b, 0x59, 0x9b, 0xdb, 
	0x39, 0x07, 0x72, 0x91, 0xbc, 0xe3, 0xd6, 0x6f, 
	0x59, 0xcb, 0xde, 0xb3, 0xc5, 0xa5, 0xe6, 0xf5, 
	0xb4, 0xdd, 0xd6, 0x71, 0xa4, 0x1d, 0x5a, 0x51, 
	
};

Texture bob_dl_bob_textures_04800_rgba16_ci8[] = {
	0x00, 0x01, 0x02, 0x03, 0x01, 0x04, 0x05, 0x06, 
	0x07, 0x08, 0x03, 0x09, 0x0a, 0x08, 0x0b, 0x0c, 
	0x0c, 0x0c, 0x0d, 0x0d, 0x0e, 0x0f, 0x02, 0x0c, 
	0x10, 0x11, 0x12, 0x13, 0x13, 0x14, 0x15, 0x02, 
	0x13, 0x15, 0x03, 0x01, 0x03, 0x04, 0x16, 0x02, 
	0x08, 0x08, 0x17, 0x18, 0x0a, 0x0b, 0x0b, 0x19, 
	0x0d, 0x10, 0x10, 0x1a, 0x1b, 0x1c, 0x02, 0x0c, 
	0x0d, 0x1d, 0x1a, 0x13, 0x13, 0x0c, 0x15, 0x02, 
	0x0c, 0x0c, 0x08, 0x08, 0x08, 0x0c, 0x0c, 0x08, 
	0x08, 0x08, 0x0c, 0x1e, 0x03, 0x03, 0x1f, 0x19, 
	0x0d, 0x20, 0x21, 0x0c, 0x22, 0x23, 0x02, 0x24, 
	0x0c, 0x11, 0x12, 0x00, 0x25, 0x0c, 0x0c, 0x02, 
	0x26, 0x19, 0x07, 0x08, 0x06, 0x05, 0x15, 0x08, 
	0x08, 0x27, 0x1d, 0x1f, 0x28, 0x05, 0x29, 0x0c, 
	0x0d, 0x1a, 0x16, 0x13, 0x10, 0x23, 0x13, 0x02, 
	0x13, 0x1a, 0x1a, 0x00, 0x25, 0x2a, 0x2b, 0x0c, 
	0x27, 0x2b, 0x2c, 0x2d, 0x2e, 0x2f, 0x03, 0x08, 
	0x08, 0x13, 0x30, 0x2e, 0x05, 0x07, 0x08, 0x31, 
	0x0d, 0x1a, 0x26, 0x0d, 0x0c, 0x32, 0x10, 0x15, 
	0x00, 0x33, 0x1d, 0x13, 0x02, 0x13, 0x1a, 0x19, 
	0x17, 0x27, 0x2d, 0x12, 0x27, 0x2f, 0x08, 0x01, 
	0x07, 0x10, 0x34, 0x35, 0x16, 0x36, 0x15, 0x37, 
	0x38, 0x1a, 0x10, 0x14, 0x26, 0x05, 0x0c, 0x13, 
	0x10, 0x33, 0x1d, 0x2c, 0x02, 0x39, 0x3a, 0x1f, 
	0x27, 0x02, 0x0c, 0x26, 0x07, 0x00, 0x39, 0x27, 
	0x39, 0x21, 0x1a, 0x10, 0x26, 0x06, 0x3b, 0x16, 
	0x12, 0x0c, 0x10, 0x0c, 0x19, 0x1f, 0x0c, 0x13, 
	0x0d, 0x11, 0x1a, 0x1a, 0x13, 0x13, 0x3c, 0x19, 
	0x3d, 0x13, 0x26, 0x15, 0x08, 0x19, 0x1a, 0x3e, 
	0x3f, 0x30, 0x40, 0x41, 0x07, 0x05, 0x15, 0x16, 
	0x02, 0x0c, 0x10, 0x0d, 0x30, 0x42, 0x02, 0x10, 
	0x43, 0x44, 0x45, 0x33, 0x0c, 0x13, 0x13, 0x2b, 
	0x10, 0x26, 0x0c, 0x15, 0x08, 0x16, 0x46, 0x1a, 
	0x47, 0x2f, 0x0b, 0x08, 0x08, 0x02, 0x03, 0x15, 
	0x15, 0x2b, 0x3c, 0x3f, 0x48, 0x06, 0x27, 0x37, 
	0x49, 0x3f, 0x4a, 0x21, 0x2c, 0x13, 0x13, 0x2c, 
	0x1a, 0x05, 0x0c, 0x0a, 0x4b, 0x46, 0x4c, 0x4d, 
	0x16, 0x04, 0x4e, 0x08, 0x08, 0x08, 0x04, 0x0c, 
	0x2c, 0x1d, 0x20, 0x32, 0x26, 0x25, 0x13, 0x3b, 
	0x2c, 0x3f, 0x24, 0x20, 0x2b, 0x2b, 0x4f, 0x2c, 
	0x2c, 0x05, 0x20, 0x3b, 0x05, 0x34, 0x2c, 0x2c, 
	0x14, 0x15, 0x50, 0x08, 0x08, 0x03, 0x04, 0x05, 
	0x2c, 0x51, 0x1d, 0x19, 0x13, 0x13, 0x06, 0x26, 
	0x13, 0x10, 0x13, 0x14, 0x0c, 0x3f, 0x46, 0x2c, 
	0x1a, 0x0c, 0x46, 0x26, 0x1e, 0x0c, 0x52, 0x0d, 
	0x21, 0x3b, 0x07, 0x08, 0x08, 0x03, 0x15, 0x46, 
	0x2c, 0x22, 0x53, 0x2c, 0x39, 0x13, 0x05, 0x0c, 
	0x13, 0x0c, 0x0c, 0x26, 0x0c, 0x20, 0x54, 0x0d, 
	0x1d, 0x32, 0x19, 0x34, 0x26, 0x13, 0x13, 0x2c, 
	0x2d, 0x26, 0x4e, 0x08, 0x08, 0x08, 0x05, 0x42, 
	0x1b, 0x43, 0x22, 0x2b, 0x26, 0x32, 0x2c, 0x13, 
	0x0c, 0x14, 0x0c, 0x26, 0x0c, 0x13, 0x47, 0x0d, 
	0x13, 0x55, 0x1d, 0x2b, 0x02, 0x26, 0x26, 0x06, 
	0x19, 0x1f, 0x08, 0x08, 0x08, 0x08, 0x1a, 0x56, 
	0x1d, 0x53, 0x3a, 0x14, 0x10, 0x2c, 0x0d, 0x13, 
	0x13, 0x0c, 0x26, 0x26, 0x14, 0x24, 0x21, 0x1d, 
	0x2c, 0x39, 0x2d, 0x0c, 0x02, 0x19, 0x1f, 0x2f, 
	0x2b, 0x19, 0x08, 0x08, 0x08, 0x13, 0x47, 0x0b, 
	0x2c, 0x1a, 0x4f, 0x14, 0x0c, 0x0d, 0x26, 0x00, 
	0x00, 0x19, 0x16, 0x0c, 0x26, 0x13, 0x2c, 0x1d, 
	0x2b, 0x27, 0x3f, 0x14, 0x39, 0x05, 0x26, 0x15, 
	0x10, 0x2d, 0x04, 0x08, 0x17, 0x47, 0x26, 0x03, 
	0x0c, 0x2c, 0x20, 0x0d, 0x0c, 0x10, 0x2b, 0x15, 
	0x0c, 0x3f, 0x19, 0x0c, 0x10, 0x00, 0x10, 0x57, 
	0x0c, 0x02, 0x0c, 0x00, 0x02, 0x1e, 0x48, 0x00, 
	0x15, 0x05, 0x03, 0x03, 0x03, 0x1a, 0x19, 0x15, 
	0x13, 0x1d, 0x2b, 0x26, 0x06, 0x0c, 0x26, 0x0c, 
	0x0c, 0x0c, 0x13, 0x26, 0x10, 0x20, 0x0c, 0x2b, 
	0x02, 0x02, 0x26, 0x04, 0x02, 0x29, 0x48, 0x09, 
	0x00, 0x3b, 0x03, 0x03, 0x03, 0x2b, 0x16, 0x03, 
	0x0c, 0x2c, 0x10, 0x0c, 0x0c, 0x0c, 0x0c, 0x0c, 
	0x0c, 0x26, 0x14, 0x2c, 0x10, 0x33, 0x02, 0x15, 
	0x15, 0x15, 0x00, 0x15, 0x04, 0x30, 0x2d, 0x58, 
	0x15, 0x2f, 0x03, 0x03, 0x03, 0x15, 0x06, 0x03, 
	0x3b, 0x3b, 0x26, 0x0c, 0x0c, 0x0c, 0x0c, 0x0c, 
	0x0c, 0x0c, 0x13, 0x3f, 0x3f, 0x33, 0x01, 0x0c, 
	0x15, 0x02, 0x15, 0x02, 0x01, 0x1e, 0x2c, 0x15, 
	0x2f, 0x15, 0x04, 0x03, 0x03, 0x03, 0x05, 0x03, 
	0x15, 0x10, 0x26, 0x0c, 0x0c, 0x0c, 0x0c, 0x0c, 
	0x0c, 0x0c, 0x13, 0x51, 0x1d, 0x10, 0x02, 0x15, 
	0x15, 0x15, 0x15, 0x02, 0x01, 0x16, 0x1e, 0x15, 
	0x06, 0x2f, 0x04, 0x03, 0x03, 0x04, 0x15, 0x59, 
	0x15, 0x26, 0x10, 0x06, 0x0c, 0x0c, 0x0c, 0x0c, 
	0x0c, 0x24, 0x20, 0x22, 0x21, 0x13, 0x02, 0x15, 
	0x15, 0x02, 0x15, 0x02, 0x03, 0x19, 0x1e, 0x06, 
	0x3b, 0x4b, 0x08, 0x08, 0x03, 0x3b, 0x3b, 0x02, 
	0x3b, 0x15, 0x3b, 0x3b, 0x0c, 0x0c, 0x0c, 0x0c, 
	0x13, 0x20, 0x47, 0x33, 0x30, 0x2b, 0x02, 0x15, 
	0x15, 0x02, 0x15, 0x02, 0x08, 0x19, 0x32, 0x02, 
	0x3b, 0x2f, 0x03, 0x08, 0x03, 0x08, 0x59, 0x03, 
	0x15, 0x15, 0x0c, 0x3b, 0x0c, 0x0c, 0x0c, 0x0c, 
	0x0d, 0x55, 0x21, 0x2b, 0x24, 0x2b, 0x15, 0x15, 
	0x25, 0x13, 0x15, 0x02, 0x08, 0x2b, 0x4d, 0x0c, 
	0x15, 0x2f, 0x03, 0x03, 0x03, 0x03, 0x3b, 0x03, 
	0x15, 0x26, 0x0c, 0x0c, 0x0c, 0x0c, 0x0c, 0x0d, 
	0x46, 0x19, 0x3f, 0x46, 0x39, 0x33, 0x15, 0x02, 
	0x13, 0x00, 0x04, 0x00, 0x15, 0x1e, 0x2d, 0x06, 
	0x02, 0x3b, 0x04, 0x08, 0x03, 0x59, 0x03, 0x02, 
	0x15, 0x15, 0x0c, 0x0c, 0x0c, 0x0c, 0x57, 0x3f, 
	0x32, 0x13, 0x0d, 0x2b, 0x12, 0x2d, 0x26, 0x01, 
	0x00, 0x15, 0x03, 0x15, 0x02, 0x16, 0x33, 0x06, 
	0x02, 0x15, 0x04, 0x08, 0x50, 0x03, 0x2f, 0x15, 
	0x15, 0x15, 0x0c, 0x0c, 0x0c, 0x0c, 0x4a, 0x1a, 
	0x13, 0x13, 0x10, 0x13, 0x19, 0x1a, 0x2c, 0x15, 
	0x02, 0x15, 0x04, 0x04, 0x08, 0x16, 0x19, 0x1f, 
	0x15, 0x02, 0x15, 0x08, 0x03, 0x03, 0x03, 0x03, 
	0x15, 0x0c, 0x0c, 0x14, 0x0c, 0x13, 0x10, 0x11, 
	0x00, 0x0c, 0x2b, 0x0c, 0x2c, 0x2b, 0x32, 0x0c, 
	0x02, 0x02, 0x15, 0x03, 0x08, 0x16, 0x16, 0x26, 
	0x3b, 0x3b, 0x15, 0x03, 0x50, 0x03, 0x08, 0x04, 
	0x00, 0x0c, 0x0c, 0x0c, 0x0c, 0x13, 0x20, 0x1a, 
	0x25, 0x0c, 0x10, 0x13, 0x26, 0x26, 0x19, 0x05, 
	0x02, 0x02, 0x04, 0x03, 0x08, 0x16, 0x1e, 0x06, 
	0x15, 0x5a, 0x15, 0x08, 0x28, 0x03, 0x15, 0x02, 
	0x0c, 0x0c, 0x0c, 0x0c, 0x0c, 0x57, 0x1d, 0x2b, 
	0x0c, 0x00, 0x10, 0x13, 0x0c, 0x2c, 0x2b, 0x0c, 
	0x15, 0x15, 0x04, 0x08, 0x08, 0x06, 0x42, 0x0c, 
	0x3b, 0x0a, 0x3b, 0x03, 0x50, 0x08, 0x15, 0x15, 
	0x15, 0x0c, 0x00, 0x0c, 0x0c, 0x3c, 0x1d, 0x0c, 
	0x14, 0x26, 0x16, 0x02, 0x0c, 0x16, 0x13, 0x01, 
	0x15, 0x02, 0x03, 0x03, 0x08, 0x02, 0x0c, 0x00, 
	0x0c, 0x08, 0x31, 0x4b, 0x50, 0x50, 0x03, 0x00, 
	0x15, 0x0c, 0x14, 0x0c, 0x0c, 0x53, 0x0c, 0x24, 
	0x2b, 0x12, 0x19, 0x24, 0x13, 0x06, 0x15, 0x02, 
	0x15, 0x02, 0x04, 0x03, 0x03, 0x04, 0x3b, 0x26, 
	0x02, 0x08, 0x2f, 0x4b, 0x28, 0x08, 0x03, 0x02, 
	0x0c, 0x0c, 0x0c, 0x0c, 0x10, 0x47, 0x3b, 0x00, 
	0x10, 0x21, 0x19, 0x15, 0x13, 0x0c, 0x2f, 0x02, 
	
};

Texture bob_dl_bob_textures_04800_rgba16_pal_rgba16[] = {
	0xd6, 0x73, 0xd6, 0xf5, 0xd6, 0xb5, 0xde, 0xf5, 
	0xde, 0xb5, 0xce, 0x2d, 0xce, 0x6f, 0xde, 0xf9, 
	0xde, 0xf7, 0xce, 0x29, 0xd6, 0x6f, 0xe7, 0x39, 
	0xce, 0x71, 0xc6, 0x31, 0xb5, 0xef, 0xad, 0x21, 
	0xc6, 0x2f, 0xb5, 0xa7, 0xbd, 0xe9, 0xce, 0x73, 
	0xce, 0x31, 0xd6, 0xb3, 0xc5, 0xe9, 0xd6, 0xf7, 
	0xcd, 0xe7, 0xc5, 0xeb, 0xbd, 0xa9, 0x94, 0x5b, 
	0xa4, 0xe1, 0xb5, 0x67, 0xc5, 0xa7, 0xce, 0x2b, 
	0xbd, 0xed, 0xb5, 0x65, 0xa4, 0x9d, 0xac, 0xdf, 
	0xce, 0xb5, 0xce, 0xb3, 0xce, 0x2f, 0xd6, 0xb7, 
	0xe6, 0xf7, 0xc5, 0xa5, 0xc6, 0x33, 0xc6, 0x2d, 
	0xc5, 0xed, 0xbd, 0xa7, 0xcd, 0xeb, 0xd6, 0xb1, 
	0xbd, 0xa5, 0xd6, 0x6d, 0xc5, 0xa9, 0xbd, 0xeb, 
	0xb5, 0x21, 0xbd, 0x21, 0xe7, 0x3b, 0xc5, 0xe7, 
	0xb5, 0xab, 0xce, 0x75, 0xb5, 0xa9, 0xd6, 0x71, 
	0xbd, 0xef, 0xd6, 0x75, 0xce, 0xb7, 0xbd, 0xab, 
	0xdf, 0x3b, 0xdf, 0x39, 0xcd, 0xe9, 0xa4, 0xe3, 
	0xb5, 0x25, 0xc5, 0xab, 0xbd, 0x65, 0xb5, 0x23, 
	0xc5, 0xa3, 0xa4, 0x9f, 0xc6, 0x71, 0xde, 0xb1, 
	0xb5, 0x63, 0xbd, 0x63, 0xe6, 0xf9, 0xc5, 0xef, 
	0xe7, 0x37, 0xad, 0x25, 0xd6, 0xf9, 0xad, 0x23, 
	0xb4, 0xdf, 0xbd, 0x67, 0xde, 0xb7, 0xc6, 0x73, 
	0xcd, 0xe3, 0xde, 0xb3, 0xce, 0x6d, 
};

Texture bob_dl_bob_textures_03000_rgba16_i8[] = {
	0x7b, 0x5a, 0x31, 0x29, 0x20, 0x31, 0x41, 0x39, 
	0x39, 0x39, 0x20, 0x4a, 0x6a, 0x62, 0x52, 0x29, 
	0x4a, 0x6a, 0x62, 0x41, 0x41, 0x6a, 0xc5, 0xd5, 
	0xa4, 0x94, 0x6a, 0x83, 0x52, 0x83, 0x73, 0x62, 
	0x41, 0x20, 0x41, 0x8b, 0xa4, 0x4a, 0x08, 0x20, 
	0x20, 0x31, 0x62, 0x52, 0x31, 0x31, 0x31, 0x20, 
	0x39, 0x31, 0x20, 0x52, 0xa4, 0xac, 0x9c, 0xbd, 
	0xa4, 0x94, 0x94, 0x9c, 0x41, 0x39, 0x73, 0x6a, 
	0x39, 0x73, 0x8b, 0x83, 0x94, 0x6a, 0x10, 0x18, 
	0x39, 0xa4, 0xd5, 0xb4, 0x4a, 0x41, 0x5a, 0x7b, 
	0x8b, 0x7b, 0x4a, 0x9c, 0x8b, 0x9c, 0x94, 0x83, 
	0x73, 0x83, 0x8b, 0x8b, 0x52, 0x7b, 0x20, 0x18, 
	0x73, 0x83, 0x8b, 0x7b, 0xa4, 0x7b, 0x39, 0x20, 
	0x83, 0xbd, 0xbd, 0x52, 0x52, 0x62, 0x7b, 0x83, 
	0x8b, 0x8b, 0x6a, 0xac, 0xa4, 0x8b, 0x83, 0x6a, 
	0x73, 0x9c, 0x6a, 0x31, 0x6a, 0x9c, 0x6a, 0x6a, 
	0x6a, 0x73, 0x83, 0x94, 0x94, 0x83, 0x83, 0x29, 
	0x62, 0x7b, 0x7b, 0x62, 0x6a, 0x6a, 0x7b, 0x6a, 
	0x83, 0x83, 0x5a, 0x73, 0x9c, 0xac, 0x94, 0x7b, 
	0x9c, 0x83, 0x39, 0x39, 0x62, 0x94, 0x9c, 0x7b, 
	0x83, 0x7b, 0x83, 0x8b, 0x8b, 0x8b, 0x83, 0x41, 
	0x73, 0x7b, 0x73, 0x62, 0x5a, 0x52, 0x6a, 0x7b, 
	0x7b, 0x62, 0x5a, 0x7b, 0x39, 0x5a, 0x62, 0x4a, 
	0x7b, 0xa4, 0xb4, 0x62, 0x41, 0x94, 0x8b, 0x6a, 
	0x73, 0x9c, 0x8b, 0x94, 0x8b, 0x83, 0x8b, 0x4a, 
	0x4a, 0x73, 0x62, 0x62, 0x6a, 0x5a, 0x6a, 0x6a, 
	0x4a, 0x41, 0x73, 0x7b, 0x52, 0x20, 0x5a, 0xbd, 
	0xc5, 0xc5, 0xcd, 0x83, 0x5a, 0x94, 0x73, 0x5a, 
	0x7b, 0x94, 0x8b, 0x94, 0x8b, 0x7b, 0x8b, 0x62, 
	0x41, 0x6a, 0x5a, 0x6a, 0x73, 0x73, 0x73, 0x62, 
	0x5a, 0x83, 0xac, 0xac, 0xc5, 0xc5, 0xde, 0xc5, 
	0xc5, 0xac, 0xac, 0x8b, 0x52, 0x7b, 0x6a, 0x62, 
	0x94, 0x7b, 0x83, 0x7b, 0x73, 0x83, 0x94, 0x52, 
	0x39, 0x62, 0x62, 0x73, 0x73, 0x83, 0x83, 0x7b, 
	0x5a, 0xde, 0xcd, 0xc5, 0xcd, 0xcd, 0xa4, 0xb4, 
	0xac, 0x8b, 0xa4, 0x6a, 0x4a, 0x7b, 0x6a, 0x83, 
	0x6a, 0x8b, 0x83, 0x73, 0x7b, 0x8b, 0x8b, 0x73, 
	0x31, 0x41, 0x52, 0x62, 0x7b, 0x83, 0x7b, 0x7b, 
	0x6a, 0xde, 0xe6, 0xbd, 0xc5, 0xa4, 0x94, 0xb4, 
	0x9c, 0xa4, 0xac, 0x31, 0x5a, 0x4a, 0x41, 0x62, 
	0x41, 0x5a, 0x39, 0x39, 0x4a, 0x6a, 0x7b, 0x41, 
	0x20, 0x31, 0x39, 0x31, 0x41, 0x5a, 0x5a, 0x52, 
	0x7b, 0xa4, 0xde, 0xd5, 0xd5, 0xcd, 0xbd, 0xac, 
	0xa4, 0xd5, 0x5a, 0x18, 0x41, 0x52, 0x62, 0x41, 
	0x7b, 0xac, 0x73, 0x62, 0x52, 0x20, 0x18, 0x18, 
	0x18, 0x18, 0x29, 0x39, 0x39, 0x29, 0x18, 0x08, 
	0x62, 0x94, 0xbd, 0xc5, 0xcd, 0xc5, 0xa4, 0x9c, 
	0xbd, 0xc5, 0x31, 0x41, 0x83, 0x8b, 0x6a, 0x5a, 
	0xbd, 0xb4, 0x7b, 0x94, 0x83, 0x4a, 0x52, 0x10, 
	0x18, 0x31, 0x31, 0x52, 0x6a, 0x6a, 0x73, 0x4a, 
	0x29, 0x5a, 0x83, 0xa4, 0x9c, 0x8b, 0x9c, 0xc5, 
	0xcd, 0x9c, 0x4a, 0x8b, 0x8b, 0x83, 0x6a, 0x83, 
	0x9c, 0x94, 0x83, 0x8b, 0x7b, 0x6a, 0x52, 0x31, 
	0x52, 0x41, 0x5a, 0x73, 0x73, 0x8b, 0x8b, 0x7b, 
	0x39, 0x18, 0x39, 0x73, 0x52, 0x31, 0x5a, 0x6a, 
	0x52, 0x5a, 0x9c, 0x9c, 0x94, 0x7b, 0x7b, 0xa4, 
	0x9c, 0x83, 0x8b, 0x83, 0x4a, 0x4a, 0x20, 0x7b, 
	0x83, 0x73, 0x83, 0x6a, 0x73, 0x7b, 0x83, 0x9c, 
	0x8b, 0x62, 0x4a, 0x5a, 0x62, 0x5a, 0x7b, 0x7b, 
	0x8b, 0x7b, 0xa4, 0xb4, 0x94, 0x7b, 0x94, 0x94, 
	0x9c, 0x83, 0x83, 0x5a, 0x29, 0x18, 0x39, 0x83, 
	0x62, 0x62, 0x6a, 0x6a, 0x62, 0x6a, 0x83, 0xa4, 
	0x94, 0x7b, 0x94, 0xac, 0x4a, 0x73, 0x6a, 0x83, 
	0x39, 0x62, 0x9c, 0xb4, 0xb4, 0x9c, 0x94, 0x94, 
	0x29, 0x41, 0x41, 0x4a, 0x20, 0x18, 0x20, 0x29, 
	0x29, 0x39, 0x4a, 0x52, 0x5a, 0x5a, 0x6a, 0x8b, 
	0x83, 0x83, 0x94, 0x6a, 0x29, 0x41, 0x5a, 0x7b, 
	0x73, 0x6a, 0x73, 0x7b, 0x8b, 0x8b, 0x41, 0x10, 
	0x20, 0x18, 0x5a, 0x39, 0x20, 0x10, 0x62, 0x4a, 
	0x29, 0x10, 0x29, 0x4a, 0x52, 0x52, 0x5a, 0x83, 
	0x7b, 0x7b, 0x73, 0x20, 0x52, 0x83, 0x6a, 0x5a, 
	0x20, 0x18, 0x20, 0x20, 0x20, 0x18, 0x10, 0x20, 
	0x73, 0x52, 0x41, 0x29, 0x18, 0x31, 0x73, 0x83, 
	0x73, 0x39, 0x29, 0x29, 0x20, 0x20, 0x20, 0x31, 
	0x41, 0x41, 0x4a, 0x4a, 0x94, 0x83, 0x94, 0x6a, 
	0x41, 0x20, 0x39, 0x41, 0x29, 0x41, 0x41, 0x52, 
	0x6a, 0x6a, 0x5a, 0x18, 0x31, 0x73, 0x73, 0x6a, 
	0x62, 0x52, 0x62, 0x6a, 0x39, 0x29, 0x29, 0x31, 
	0x41, 0x52, 0x5a, 0x73, 0x83, 0x8b, 0x9c, 0x8b, 
	0x6a, 0x5a, 0x31, 0x31, 0x5a, 0x7b, 0x7b, 0x62, 
	0x6a, 0xa4, 0x83, 0x39, 0x5a, 0x62, 0x62, 0x62, 
	0x52, 0x4a, 0x6a, 0x5a, 0x39, 0x08, 0x18, 0x20, 
	0x52, 0x5a, 0x9c, 0xa4, 0x9c, 0x9c, 0x9c, 0x9c, 
	0x73, 0x52, 0x31, 0x20, 0x52, 0x7b, 0x52, 0x5a, 
	0x94, 0x94, 0x5a, 0x52, 0x73, 0x73, 0x7b, 0x73, 
	0x62, 0x62, 0x62, 0x4a, 0x31, 0x20, 0x29, 0x4a, 
	0x5a, 0x83, 0x83, 0x9c, 0x9c, 0x9c, 0xa4, 0x9c, 
	0x8b, 0x4a, 0x31, 0x4a, 0x39, 0x62, 0x62, 0x73, 
	0x83, 0x7b, 0x62, 0x4a, 0x5a, 0x41, 0x5a, 0x6a, 
	0x6a, 0x52, 0x29, 0x10, 0x20, 0x5a, 0x5a, 0x4a, 
	0x41, 0x39, 0x6a, 0x8b, 0x7b, 0x7b, 0x7b, 0x5a, 
	0x52, 0x20, 0x29, 0x4a, 0x20, 0x73, 0xac, 0x94, 
	0x8b, 0xa4, 0x73, 0x18, 0x29, 0x20, 0x41, 0x39, 
	0x20, 0x08, 0x10, 0x4a, 0x73, 0x8b, 0x7b, 0x6a, 
	0x39, 0x29, 0x39, 0x31, 0x20, 0x39, 0x20, 0x18, 
	0x18, 0x18, 0x39, 0x39, 0x29, 0x4a, 0x8b, 0x9c, 
	0x6a, 0x5a, 0x31, 0x29, 0x20, 0x20, 0x10, 0x00, 
	0x10, 0x4a, 0x6a, 0x83, 0x7b, 0x83, 0x7b, 0x52, 
	0x31, 0x20, 0x20, 0x31, 0x73, 0x5a, 0x5a, 0x6a, 
	0x7b, 0x83, 0xa4, 0x8b, 0x29, 0x20, 0x29, 0x41, 
	0x20, 0x18, 0x10, 0x4a, 0x31, 0x10, 0x39, 0x6a, 
	0x8b, 0x94, 0x7b, 0x7b, 0x83, 0x73, 0x6a, 0x41, 
	0x41, 0x29, 0x29, 0x39, 0x62, 0x73, 0x8b, 0x8b, 
	0xa4, 0x9c, 0xa4, 0x9c, 0x83, 0x73, 0x20, 0x18, 
	0x18, 0x29, 0x39, 0x29, 0x20, 0x62, 0x8b, 0x94, 
	0x83, 0x83, 0x7b, 0x7b, 0x7b, 0x7b, 0x73, 0x62, 
	0x52, 0x29, 0x20, 0x20, 0x41, 0x6a, 0x7b, 0x7b, 
	0x7b, 0x94, 0x94, 0x83, 0x7b, 0x83, 0x73, 0x18, 
	0x6a, 0x62, 0x6a, 0x6a, 0x41, 0x83, 0x73, 0x73, 
	0x62, 0x73, 0x7b, 0x83, 0x83, 0x7b, 0x5a, 0x52, 
	0x41, 0x18, 0x31, 0x5a, 0x29, 0x5a, 0x83, 0x6a, 
	0x6a, 0x8b, 0x83, 0x73, 0x6a, 0x41, 0x31, 0x31, 
	0x8b, 0x83, 0x5a, 0x20, 0x18, 0x7b, 0x8b, 0x83, 
	0x7b, 0x7b, 0x83, 0x94, 0x6a, 0x83, 0x73, 0x4a, 
	0x39, 0x83, 0x83, 0x9c, 0x8b, 0x52, 0x5a, 0x6a, 
	0x73, 0x8b, 0x5a, 0x20, 0x18, 0x31, 0x62, 0x8b, 
	0x94, 0x7b, 0x83, 0x62, 0x31, 0x41, 0x6a, 0x62, 
	0x73, 0x83, 0x7b, 0x7b, 0x73, 0x94, 0x6a, 0x41, 
	0xac, 0xbd, 0xa4, 0xac, 0xc5, 0x94, 0x41, 0x41, 
	0x20, 0x4a, 0x52, 0x29, 0x18, 0x6a, 0x9c, 0x94, 
	0x62, 0x83, 0x8b, 0x52, 0x39, 0x41, 0x5a, 0x4a, 
	0x4a, 0x62, 0x8b, 0x8b, 0x8b, 0x94, 0x62, 0x6a, 
	0xbd, 0xc5, 0xac, 0xbd, 0xb4, 0x6a, 0x29, 0x29, 
	0x73, 0x8b, 0x83, 0x62, 0x52, 0x6a, 0x5a, 0x62, 
	0x62, 0x6a, 0x6a, 0x4a, 0x29, 0x4a, 0x73, 0x41, 
	0x31, 0x29, 0x52, 0x73, 0x83, 0x7b, 0x73, 0x8b, 
	0xac, 0xa4, 0x94, 0x8b, 0x8b, 0x31, 0x41, 0x94, 
	0x8b, 0x73, 0x4a, 0x5a, 0x73, 0x94, 0x62, 0x52, 
	
};

Texture bob_dl__2_rgba16_rgba16[] = {
	0xff, 0xc1, 0xff, 0xc1, 0xff, 0xc1, 0xff, 0xc1, 
	0xf7, 0x81, 0xc6, 0x41, 0xc6, 0x01, 0xe7, 0x01, 
	0xce, 0x81, 0xa5, 0xc1, 0xdf, 0x41, 0xff, 0xc1, 
	0xff, 0xc1, 0xff, 0xc1, 0xa6, 0x01, 0x95, 0x81, 
	0x8d, 0x41, 0xb6, 0x41, 0xe7, 0x81, 0xd7, 0x41, 
	0xbe, 0x81, 0x9d, 0xc1, 0xa6, 0x01, 0xe7, 0x81, 
	0xff, 0xc1, 0xff, 0xc1, 0xf7, 0x81, 0xc6, 0x41, 
	0xad, 0x81, 0xd6, 0x81, 0xf7, 0x81, 0xcf, 0x01, 
	0xff, 0xc1, 0xff, 0xc1, 0xff, 0xc1, 0xff, 0xc1, 
	0xdf, 0x01, 0x95, 0x01, 0xb5, 0x81, 0xbd, 0xc1, 
	0xb4, 0x87, 0xfb, 0x31, 0xfb, 0x35, 0xfd, 0xdd, 
	0xff, 0xc1, 0xc6, 0xc1, 0x7d, 0x41, 0x5c, 0x41, 
	0x5c, 0x01, 0x9d, 0x81, 0xe7, 0x41, 0xf7, 0xc1, 
	0xef, 0x81, 0xb6, 0x81, 0xbe, 0xc1, 0xf7, 0xc1, 
	0xff, 0xc1, 0xff, 0xc1, 0xf7, 0x81, 0xd6, 0x81, 
	0xd6, 0x81, 0xf7, 0x81, 0xff, 0xc1, 0xef, 0xc1, 
	0xb5, 0xc1, 0xef, 0x41, 0xe7, 0x41, 0x8d, 0x81, 
	0x7d, 0x01, 0x8d, 0x41, 0xef, 0x41, 0xe7, 0x01, 
	0xcc, 0x8f, 0xfc, 0x3f, 0xfb, 0xfd, 0xfd, 0x2b, 
	0xae, 0x41, 0x8d, 0x41, 0x6c, 0xc1, 0x5c, 0x01, 
	0x6c, 0x41, 0xb5, 0xc1, 0xef, 0x81, 0xe7, 0x81, 
	0xef, 0x81, 0xd7, 0x01, 0xf7, 0xc1, 0xff, 0xc1, 
	0xef, 0x81, 0x95, 0x41, 0x9d, 0x41, 0xb5, 0xc1, 
	0xce, 0x81, 0xe7, 0x41, 0xd7, 0x41, 0xc6, 0xc1, 
	0xb6, 0x01, 0xf7, 0x81, 0xf7, 0x81, 0xa6, 0x01, 
	0x7d, 0x41, 0x7d, 0x01, 0xee, 0x87, 0xfd, 0x63, 
	0xbc, 0xd7, 0xfd, 0xfb, 0xfe, 0x7f, 0xd5, 0x5d, 
	0xec, 0xe7, 0xec, 0x1f, 0xb6, 0x01, 0x8d, 0x01, 
	0x7c, 0x81, 0x7c, 0x81, 0xbe, 0x41, 0xef, 0x81, 
	0xde, 0xc1, 0xa5, 0x81, 0xbe, 0x01, 0xde, 0xc1, 
	0xbe, 0x01, 0x74, 0x01, 0x6c, 0x01, 0x84, 0xc1, 
	0x8d, 0x41, 0xa6, 0x01, 0xcf, 0x01, 0xe7, 0x81, 
	0xf7, 0xc1, 0xff, 0xc1, 0xff, 0xc1, 0xff, 0xc1, 
	0xbe, 0x81, 0x74, 0xc1, 0xeb, 0x5b, 0xfb, 0x37, 
	0xfd, 0xff, 0xff, 0xdf, 0xff, 0xc7, 0xfe, 0xfd, 
	0xfc, 0x3b, 0xfa, 0xf5, 0xde, 0x03, 0xce, 0x81, 
	0xc6, 0x81, 0x5b, 0x81, 0x5b, 0xc1, 0xc6, 0x41, 
	0x94, 0x81, 0x8c, 0x81, 0x7c, 0x01, 0x6b, 0x81, 
	0x73, 0xc1, 0x7c, 0x41, 0x6c, 0x01, 0x53, 0xc1, 
	0x43, 0x81, 0x64, 0x41, 0xf7, 0xc1, 0xff, 0xc1, 
	0xef, 0x81, 0xff, 0xc1, 0xff, 0xc1, 0xff, 0xc1, 
	0xe7, 0x81, 0xa6, 0x01, 0xdb, 0x5b, 0xfb, 0xbb, 
	0xfe, 0x7f, 0xff, 0x21, 0xff, 0xcf, 0xfe, 0xbb, 
	0xfc, 0xff, 0xfb, 0x37, 0x8c, 0x81, 0xa5, 0x41, 
	0xed, 0x4f, 0xab, 0x91, 0x73, 0xc3, 0xa5, 0x01, 
	0xa5, 0x01, 0xbd, 0xc1, 0xc6, 0x01, 0x94, 0xc1, 
	0x74, 0x01, 0x5b, 0x81, 0x53, 0x41, 0x4b, 0x41, 
	0x64, 0x01, 0x85, 0x01, 0xc6, 0x81, 0xff, 0xc1, 
	0xdf, 0x41, 0xd7, 0x41, 0xae, 0x41, 0x85, 0x41, 
	0xcf, 0x01, 0xcf, 0x01, 0x7b, 0x85, 0xba, 0xd9, 
	0x7b, 0x0d, 0xfe, 0x7f, 0xfe, 0xbf, 0xe5, 0xa3, 
	0xcc, 0x51, 0xbc, 0x0f, 0x5b, 0x81, 0x83, 0x0d, 
	0xfb, 0x7b, 0xfb, 0x7b, 0xfb, 0xeb, 0xc6, 0x01, 
	0xd6, 0x81, 0xef, 0x41, 0xde, 0xc1, 0xa5, 0x41, 
	0x7c, 0x81, 0x53, 0x81, 0x53, 0xc1, 0x5c, 0x01, 
	0x8d, 0x01, 0xbe, 0x41, 0xae, 0x01, 0xd7, 0x01, 
	0xff, 0xc1, 0xe7, 0x81, 0xae, 0x41, 0x6c, 0xc1, 
	0x64, 0x41, 0x74, 0x81, 0x53, 0x81, 0x42, 0xc1, 
	0x8b, 0x4b, 0xfb, 0xfb, 0xfb, 0x79, 0xfb, 0xf3, 
	0x94, 0x81, 0x9b, 0xc9, 0xab, 0x19, 0x73, 0x09, 
	0xfc, 0xff, 0xfc, 0xff, 0xec, 0x27, 0xb5, 0x81, 
	0xde, 0xc1, 0xef, 0x41, 0xef, 0x41, 0xce, 0x81, 
	0xbe, 0x41, 0xa5, 0xc1, 0x9d, 0x81, 0x8d, 0x41, 
	0x85, 0x01, 0xb6, 0x41, 0xdf, 0x41, 0xf7, 0xc1, 
	0xff, 0xc1, 0xdf, 0x01, 0x9d, 0x81, 0x64, 0x41, 
	0x43, 0x41, 0x43, 0x01, 0x5b, 0x81, 0x5b, 0x81, 
	0x7b, 0xc1, 0xe2, 0x9f, 0xf2, 0xa5, 0xaa, 0x91, 
	0x4a, 0x41, 0xfa, 0xa9, 0xfb, 0xfb, 0xfd, 0xfb, 
	0xff, 0x2d, 0xff, 0x33, 0xd5, 0x25, 0xfc, 0xad, 
	0xdc, 0x91, 0xa5, 0x01, 0xc6, 0x41, 0xef, 0x81, 
	0xff, 0xc1, 0xce, 0xc1, 0x9d, 0xc1, 0x85, 0x41, 
	0x95, 0x81, 0xc6, 0x81, 0xff, 0xc1, 0xff, 0xc1, 
	0xd6, 0xc1, 0x95, 0x01, 0x7c, 0x81, 0x74, 0x41, 
	0x7c, 0x81, 0x64, 0x01, 0x84, 0xc1, 0x63, 0xc1, 
	0x42, 0xc1, 0x5b, 0x01, 0x5b, 0x01, 0x4a, 0x81, 
	0x42, 0x81, 0xfb, 0x33, 0xfc, 0xbf, 0xff, 0x3f, 
	0xff, 0xc5, 0xff, 0xd1, 0xfe, 0x3f, 0xfb, 0x79, 
	0xfa, 0xe5, 0x63, 0x81, 0x7c, 0x41, 0x9d, 0x41, 
	0xa5, 0x81, 0xa5, 0xc1, 0xad, 0xc1, 0x8d, 0x41, 
	0xdf, 0x41, 0xff, 0xc1, 0xff, 0xc1, 0xff, 0xc1, 
	0xb6, 0x81, 0xa6, 0x01, 0xae, 0x41, 0xbe, 0x41, 
	0xb6, 0x41, 0x9d, 0x81, 0xad, 0xc1, 0x74, 0x41, 
	0x74, 0x01, 0x7b, 0xc1, 0x84, 0x01, 0xbe, 0x01, 
	0x6c, 0x81, 0xd4, 0x15, 0xf4, 0x63, 0xed, 0xa3, 
	0xff, 0x71, 0xff, 0x29, 0xfe, 0x3d, 0xfb, 0xfd, 
	0xeb, 0x21, 0x63, 0x81, 0x6b, 0x81, 0x5b, 0x41, 
	0x5b, 0x41, 0x63, 0xc1, 0x95, 0x01, 0x95, 0x01, 
	0xd6, 0xc1, 0xf7, 0xc1, 0xef, 0x81, 0xbe, 0x81, 
	0xc6, 0x81, 0xe7, 0x81, 0xdf, 0x41, 0xff, 0xc1, 
	0xff, 0xc1, 0xff, 0xc1, 0xb6, 0x01, 0x6c, 0x41, 
	0x5b, 0x81, 0x5b, 0x41, 0x94, 0xc1, 0xff, 0xc1, 
	0xc6, 0x81, 0x6b, 0xc1, 0x74, 0x01, 0xfc, 0xf5, 
	0xfd, 0x3f, 0xfd, 0xff, 0xa5, 0x45, 0xd4, 0x93, 
	0xc6, 0x03, 0xae, 0x01, 0xad, 0x81, 0x9d, 0x01, 
	0x73, 0xc1, 0x74, 0x01, 0xad, 0x81, 0x95, 0x01, 
	0x6c, 0x01, 0x8d, 0x01, 0xe7, 0x81, 0xef, 0xc1, 
	0xe7, 0x41, 0xff, 0xc1, 0xff, 0xc1, 0xff, 0xc1, 
	0xff, 0xc1, 0xf7, 0x81, 0xce, 0x81, 0xae, 0x01, 
	0x85, 0x01, 0x6c, 0x41, 0xa5, 0xc1, 0xe7, 0x41, 
	0x84, 0x41, 0x4a, 0x81, 0x52, 0xc1, 0xfa, 0xad, 
	0xfa, 0xf5, 0xfb, 0x33, 0x5b, 0x03, 0x63, 0xc1, 
	0xbe, 0x81, 0xef, 0xc1, 0xff, 0xc1, 0xef, 0x41, 
	0xb5, 0xc1, 0x8c, 0x81, 0x95, 0x01, 0x8c, 0xc1, 
	0x7c, 0xc1, 0x95, 0x41, 0xd6, 0xc1, 0xb5, 0xc1, 
	0xb5, 0x81, 0x84, 0xc1, 0xb6, 0x41, 0xff, 0xc1, 
	0xf7, 0x81, 0xbe, 0x01, 0xe7, 0x41, 0xf7, 0x81, 
	0xa5, 0x81, 0x64, 0x41, 0xb5, 0x81, 0xa5, 0x01, 
	0x63, 0x81, 0x4b, 0x01, 0x74, 0x01, 0x94, 0x43, 
	0xbb, 0x8f, 0x93, 0x89, 0x63, 0x81, 0x5b, 0x81, 
	0xae, 0x41, 0xff, 0xc1, 0xff, 0xc1, 0xf7, 0xc1, 
	0xbe, 0x41, 0xcd, 0x49, 0x7c, 0x01, 0x94, 0xc1, 
	0xed, 0xcb, 0xc6, 0x01, 0x9c, 0xc1, 0x73, 0xc1, 
	0xad, 0x81, 0x7c, 0x41, 0x8d, 0x01, 0xd6, 0xc1, 
	0xe7, 0x01, 0x9d, 0x41, 0xad, 0x41, 0xad, 0x01, 
	0xb5, 0xc1, 0xb5, 0xc1, 0xe7, 0x01, 0xe7, 0x01, 
	0xa5, 0xc1, 0x9d, 0x41, 0xd6, 0xc1, 0x9d, 0x01, 
	0x8c, 0x81, 0x8c, 0xc1, 0x8c, 0x81, 0xad, 0xc1, 
	0xdf, 0x41, 0xff, 0xc1, 0xff, 0xc1, 0xff, 0xc1, 
	0xfc, 0x5f, 0xfb, 0x39, 0xd4, 0x1d, 0xdc, 0xdf, 
	0xfb, 0x37, 0xfb, 0xe7, 0xde, 0x81, 0xce, 0x41, 
	0xad, 0x81, 0x8c, 0xc1, 0x84, 0x81, 0x95, 0x01, 
	0x9d, 0x01, 0x8c, 0xc1, 0xce, 0x41, 0xef, 0x81, 
	0xff, 0xc1, 0xff, 0xc1, 0xff, 0xc1, 0xe7, 0x81, 
	0xae, 0x41, 0xe7, 0x81, 0xd6, 0x81, 0xa5, 0x41, 
	0x74, 0x41, 0xce, 0xc1, 0xff, 0xc1, 0xff, 0xc1, 
	0xff, 0xc1, 0xc6, 0xc1, 0xef, 0xc1, 0xff, 0xc3, 
	0xfb, 0x79, 0xfc, 0x3d, 0xfd, 0xb7, 0xfe, 0x35, 
	0xfc, 0x7d, 0xfb, 0x79, 0xde, 0x07, 0xff, 0xc1, 
	0xe7, 0x81, 0xb6, 0x81, 0x9e, 0x01, 0xa6, 0x01, 
	0x8d, 0x81, 0x8d, 0x41, 0xe7, 0x01, 0xef, 0x81, 
	0xef, 0x81, 0xe7, 0x81, 0xff, 0xc1, 0xff, 0xc1, 
	0xd7, 0x01, 0xef, 0x81, 0xc6, 0x41, 0x94, 0xc1, 
	0x6b, 0xc1, 0xa5, 0xc1, 0xdf, 0x01, 0xff, 0xc1, 
	0xff, 0xc1, 0xdf, 0x41, 0xe7, 0x41, 0xff, 0xc1, 
	0xe4, 0xd5, 0xfd, 0x33, 0xff, 0xdb, 0xff, 0xd7, 
	0xfd, 0xf3, 0xab, 0xcf, 0xae, 0x41, 0xd7, 0x41, 
	0xff, 0xc1, 0xae, 0x41, 0x8d, 0x81, 0x8d, 0x03, 
	0xb3, 0xd5, 0xbb, 0xd5, 0xce, 0x03, 0xce, 0x41, 
	0xce, 0x81, 0xbe, 0x41, 0xf7, 0x81, 0xd6, 0x81, 
	0xad, 0x81, 0x9d, 0x41, 0xd6, 0xc1, 0xc6, 0x81, 
	0xa5, 0xc1, 0x8d, 0x41, 0x9d, 0x81, 0xff, 0xc1, 
	0xff, 0xc1, 0xff, 0xc1, 0xef, 0x81, 0xef, 0x81, 
	0xd5, 0x17, 0xfd, 0xf7, 0xff, 0x1f, 0xff, 0x5b, 
	0xfe, 0xbf, 0xfd, 0x29, 0xef, 0x41, 0xf7, 0xc1, 
	0xc6, 0x81, 0x8d, 0x81, 0x7d, 0x41, 0xd3, 0x9b, 
	0xfb, 0xbd, 0xfb, 0x79, 0xfc, 0x9d, 0xb5, 0x81, 
	0xf7, 0x81, 0xff, 0xc1, 0xff, 0xc1, 0xdf, 0x01, 
	0xad, 0xc1, 0xbe, 0x41, 0xef, 0x81, 0xff, 0xc1, 
	0xff, 0xc1, 0xff, 0xc1, 0xff, 0xc1, 0xff, 0xc1, 
	0xff, 0xc1, 0xd7, 0x01, 0xdf, 0x01, 0xef, 0x01, 
	0xfa, 0xf1, 0xfb, 0xf9, 0xfe, 0x3f, 0xfd, 0xf1, 
	0xfc, 0xbf, 0xfa, 0xb1, 0xdd, 0xc9, 0xef, 0x81, 
	0x5b, 0xc1, 0x64, 0x01, 0x7c, 0x43, 0x93, 0x53, 
	0xfc, 0xff, 0xfc, 0x79, 0xd5, 0x15, 0xdd, 0xc9, 
	0xff, 0x83, 0xff, 0xc1, 0xff, 0xc1, 0xce, 0xc1, 
	0xae, 0x01, 0xff, 0xc1, 0xff, 0xc1, 0xff, 0xc1, 
	0xff, 0xc1, 0xff, 0xc1, 0xff, 0xc1, 0xff, 0xc1, 
	0xff, 0xc1, 0xc6, 0xc1, 0xc6, 0x41, 0x73, 0xc1, 
	0xe4, 0x53, 0xfa, 0xb1, 0xe3, 0xdd, 0xc4, 0x8f, 
	0xfa, 0xaf, 0xd2, 0x9b, 0x95, 0x01, 0xad, 0xc1, 
	0xbe, 0x41, 0xfb, 0xdf, 0xfc, 0x3b, 0xf5, 0xef, 
	0xff, 0x2b, 0xfe, 0xe9, 0xfd, 0xb1, 0xfb, 0xfb, 
	0xfc, 0x27, 0xf7, 0xc1, 0xff, 0xc1, 0xd7, 0x01, 
	0xdf, 0x41, 0xff, 0xc1, 0xff, 0xc1, 0xff, 0xc1, 
	0xf7, 0xc1, 0xf7, 0xc1, 0xff, 0xc1, 0xff, 0xc1, 
	0xff, 0xc1, 0xf7, 0xc1, 0x8c, 0xc1, 0x8c, 0xc1, 
	0xa5, 0x41, 0xbd, 0x03, 0xde, 0xc1, 0xbd, 0xc1, 
	0xa5, 0x01, 0xbe, 0x41, 0xff, 0xc1, 0xff, 0xc1, 
	0xf7, 0x81, 0xfa, 0xe9, 0xfb, 0x79, 0xfe, 0x7f, 
	0xff, 0x8b, 0xff, 0xc7, 0xfe, 0x3f, 0xfb, 0xfb, 
	0xfb, 0x31, 0xb6, 0x41, 0xff, 0xc1, 0xff, 0xc1, 
	0xff, 0xc1, 0xff, 0xc1, 0xff, 0xc1, 0xff, 0xc1, 
	0xe7, 0x81, 0xff, 0xc1, 0xff, 0xc1, 0xe7, 0x81, 
	0xd7, 0x01, 0xbe, 0x41, 0x74, 0x41, 0x7c, 0x01, 
	0x7c, 0x01, 0x94, 0x81, 0xc6, 0x01, 0xb5, 0xc1, 
	0xd6, 0x81, 0xdf, 0x41, 0xff, 0xc1, 0xff, 0xc1, 
	0xef, 0x41, 0xd2, 0xd9, 0xfb, 0x75, 0xe4, 0xe7, 
	0xfe, 0xf1, 0xff, 0x33, 0xcc, 0x63, 0xfb, 0xaf, 
	0xfc, 0x5d, 0xd7, 0x41, 0xff, 0xc1, 0xff, 0xc1, 
	0xef, 0x41, 0xdf, 0x01, 0xfe, 0x13, 0xfd, 0x21, 
	0xff, 0xc9, 0xff, 0xc1, 0xce, 0x81, 0x9d, 0xc1, 
	0xa6, 0x01, 0x85, 0x01, 0x95, 0x81, 0xa5, 0xc1, 
	0x8c, 0xc1, 0x94, 0xc1, 0x74, 0x01, 0x5b, 0x01, 
	0x63, 0x41, 0x5b, 0x41, 0x63, 0x81, 0x95, 0x41, 
	0xff, 0xc1, 0xad, 0x41, 0x83, 0xc1, 0xab, 0x93, 
	0xfd, 0x7f, 0xfc, 0xff, 0xd4, 0x9f, 0xb5, 0x81, 
	0xff, 0xc1, 0xff, 0xc1, 0xff, 0xc1, 0xff, 0xc1, 
	0xf7, 0xc1, 0xf4, 0xd7, 0xfb, 0x7b, 0xfb, 0x79, 
	0xfd, 0xa3, 0xb5, 0x43, 0xcc, 0x93, 0xb6, 0x03, 
	0x9d, 0xc1, 0xa6, 0x01, 0xae, 0x01, 0x8d, 0x81, 
	0xa6, 0x41, 0xb6, 0x41, 0x7c, 0xc1, 0x74, 0x81, 
	0x94, 0xc1, 0x6b, 0x81, 0x3a, 0x41, 0x4a, 0xc1, 
	0xe7, 0x01, 0xde, 0xc1, 0xad, 0x41, 0xb3, 0x11, 
	0xfa, 0xb1, 0xfa, 0x6f, 0xf3, 0xdb, 0xc6, 0x01, 
	0xff, 0xc1, 0xff, 0xc1, 0xff, 0xc1, 0xff, 0xc1, 
	0xf7, 0xc1, 0xdd, 0xcb, 0xfc, 0x79, 0xfc, 0xfb, 
	0xed, 0xa7, 0xfd, 0x37, 0xfa, 0xf5, 0xfd, 0x19, 
	0xdf, 0x41, 0xae, 0x41, 0x85, 0x41, 0x64, 0x81, 
	0x8d, 0x81, 0xbe, 0x81, 0xa6, 0x41, 0xbe, 0x81, 
	0xef, 0xc1, 0xef, 0x81, 0xbe, 0x01, 0xa5, 0x01, 
	0xb5, 0x81, 0xd6, 0x81, 0xbe, 0x01, 0x53, 0x01, 
	0x8b, 0x09, 0xcc, 0x8b, 0xf7, 0x41, 0xe7, 0x01, 
	0xff, 0xc1, 0xff, 0xc1, 0xff, 0xc1, 0xf7, 0xc1, 
	0xc6, 0x43, 0xd5, 0x57, 0xd5, 0x23, 0xff, 0xa3, 
	0xff, 0xdd, 0xfd, 0x7d, 0xfc, 0x3f, 0xfb, 0xed, 
	0xe7, 0x81, 0xc6, 0xc1, 0xb6, 0x81, 0xc6, 0x81, 
	0xce, 0xc1, 0xd7, 0x01, 0xf7, 0xc1, 0xff, 0xc1, 
	0xff, 0xc1, 0xff, 0xc1, 0xff, 0xc1, 0xff, 0xc1, 
	0x9d, 0x01, 0xd6, 0xc1, 0xae, 0x01, 0x3b, 0x01, 
	0x43, 0x01, 0x74, 0x01, 0xff, 0xc1, 0xff, 0xc1, 
	0xc6, 0xc1, 0x85, 0x41, 0x7d, 0x01, 0x7d, 0x01, 
	0xf3, 0x61, 0xfb, 0xb7, 0xfd, 0xff, 0xff, 0x4f, 
	0xff, 0x49, 0xfe, 0x31, 0xec, 0x25, 0xd4, 0x51, 
	0xb6, 0x81, 0xbe, 0x81, 0xff, 0xc1, 0xff, 0xc1, 
	0xff, 0xc1, 0xd6, 0xc1, 0xff, 0xc1, 0xff, 0xc1, 
	0xff, 0xc1, 0xd7, 0x41, 0xff, 0xc1, 0xff, 0xc1, 
	0x8d, 0x01, 0x95, 0x81, 0xb6, 0x41, 0xb6, 0x81, 
	0xb6, 0x41, 0xe7, 0x81, 0xff, 0xc1, 0xff, 0xc1, 
	0xae, 0x41, 0x95, 0x81, 0xb6, 0x41, 0x95, 0x81, 
	0xd3, 0x19, 0xfb, 0x39, 0xfd, 0xbf, 0xfe, 0x6f, 
	0xfe, 0xbf, 0xfe, 0x3d, 0xcd, 0x89, 0x95, 0x01, 
	0xa5, 0xc1, 0xff, 0xc1, 0xff, 0xc1, 0xff, 0xc1, 
	0xff, 0xc1, 0xd7, 0x01, 0xf7, 0xc1, 0xff, 0xc1, 
	0xb6, 0x81, 0x8d, 0x81, 0xd7, 0x41, 0xff, 0xc1, 
	0x5b, 0xc1, 0x53, 0xc1, 0xae, 0x01, 0xff, 0xc1, 
	0xff, 0xc1, 0xf7, 0xc1, 0xf7, 0xc1, 0xf7, 0xc1, 
	0xcf, 0x01, 0xdf, 0x41, 0xff, 0xc1, 0xef, 0xc1, 
	0x5b, 0x03, 0xda, 0x5f, 0xd4, 0x91, 0xfd, 0xdd, 
	0xfc, 0x7f, 0xfb, 0x33, 0xfd, 0x1d, 0xbe, 0x81, 
	0xb6, 0x01, 0xff, 0xc1, 0xff, 0xc1, 0xff, 0xc1, 
	0xf7, 0xc1, 0xd7, 0x01, 0xe7, 0x81, 0xc6, 0xc1, 
	0x75, 0x01, 0x4c, 0x01, 0x64, 0x81, 0x9d, 0xc1, 
	0x8c, 0xc1, 0x8c, 0xc1, 0xb5, 0xc1, 0xef, 0x81, 
	0xe7, 0x81, 0xce, 0xc1, 0xe7, 0x81, 0xef, 0x81, 
	0x9d, 0xc1, 0x7d, 0x01, 0xae, 0x41, 0xae, 0x41, 
	0x8d, 0x41, 0xa5, 0x41, 0xff, 0xc1, 0xd5, 0x0b, 
	0xfa, 0x29, 0xea, 0xa1, 0xd5, 0xc5, 0xa6, 0x01, 
	0xbe, 0x81, 0xff, 0xc1, 0xff, 0xc1, 0xff, 0xc1, 
	0xcf, 0x01, 0x9d, 0xc1, 0xb6, 0x81, 0xa6, 0x01, 
	0x64, 0xc1, 0x54, 0x41, 0x85, 0x01, 0xad, 0xc1, 
	0xdf, 0x01, 0xce, 0x81, 0xd6, 0x81, 0xf7, 0x81, 
	0xef, 0x81, 0xdf, 0x41, 0xef, 0x81, 0xd7, 0x01, 
	0x85, 0x41, 0x54, 0x01, 0x5c, 0x41, 0x7d, 0x01, 
	0xbe, 0x81, 0xf7, 0xc1, 0xff, 0xc1, 0xad, 0xc1, 
	0x63, 0xc1, 0x8d, 0x01, 0xae, 0x01, 0x85, 0x41, 
	0xbe, 0x81, 0xff, 0xc1, 0xff, 0xc1, 0xff, 0xc1, 
	0xf7, 0xc1, 0xa6, 0x41, 0xae, 0x41, 0x8d, 0x81, 
	0x6c, 0xc1, 0x74, 0xc1, 0xa5, 0xc1, 0xa5, 0x41, 
	0xff, 0xc1, 0xa5, 0xc1, 0xb6, 0x41, 0xff, 0xc1, 
	0xff, 0xc1, 0xff, 0xc1, 0xd7, 0x01, 0xbe, 0x81, 
	0x85, 0x01, 0x6c, 0x81, 0xa6, 0x01, 0xb6, 0x41, 
	0xce, 0xc1, 0xe7, 0x41, 0xe7, 0x41, 0xad, 0xc1, 
	0x7c, 0xc1, 0xd6, 0xc1, 0xf7, 0xc1, 0x85, 0x01, 
	0x74, 0xc1, 0xae, 0x01, 0xdf, 0x41, 0xff, 0xc1, 
	0xef, 0x81, 0xae, 0x01, 0xad, 0xc1, 0xa5, 0x81, 
	0x7c, 0xc1, 0x95, 0x01, 0xa5, 0x41, 0x94, 0xc1, 
	
};

Texture bob_dl__3_rgba16_rgba16[] = {
	0xee, 0xc1, 0x7c, 0x81, 0xae, 0x01, 0xff, 0xc1, 
	0xff, 0xc1, 0xff, 0xc1, 0xff, 0xc1, 0xae, 0x01, 
	0xce, 0xc1, 0xff, 0xc1, 0xff, 0xc1, 0xff, 0xc1, 
	0xff, 0xc1, 0xff, 0xc1, 0xc6, 0xc1, 0xb6, 0x01, 
	0xff, 0xc1, 0xff, 0xc1, 0xff, 0xc1, 0xff, 0xc1, 
	0xff, 0xc1, 0xde, 0xc1, 0xb5, 0xc1, 0xc6, 0x01, 
	0xce, 0x81, 0xd7, 0x01, 0xd7, 0x01, 0x95, 0x81, 
	0x7c, 0xc1, 0x95, 0x01, 0xff, 0xc1, 0xff, 0xc1, 
	0xff, 0x01, 0xe7, 0x01, 0xe7, 0x01, 0xef, 0x41, 
	0xbe, 0x41, 0xde, 0xc1, 0xff, 0xc1, 0xdf, 0x01, 
	0xbe, 0x41, 0xf7, 0x41, 0xdf, 0x01, 0xc6, 0x81, 
	0xce, 0x81, 0xf7, 0x81, 0xff, 0xc1, 0xb6, 0x41, 
	0xff, 0xc1, 0xff, 0xc1, 0xff, 0xc1, 0xff, 0xc1, 
	0xe7, 0x41, 0xae, 0x01, 0x8d, 0x41, 0x8c, 0xc1, 
	0x8d, 0x01, 0xad, 0xc1, 0xb6, 0x01, 0x95, 0x81, 
	0xa5, 0xc1, 0xad, 0xc1, 0xff, 0xc1, 0xff, 0xc1, 
	0xde, 0x41, 0xde, 0x81, 0xff, 0xc1, 0xcf, 0x01, 
	0x75, 0x41, 0x95, 0xc1, 0xf7, 0x81, 0xff, 0x41, 
	0xce, 0x81, 0xc6, 0x41, 0xbe, 0x81, 0x8d, 0x81, 
	0x85, 0x41, 0xd6, 0xc1, 0xff, 0xc1, 0xd6, 0xc1, 
	0xff, 0xc1, 0xff, 0xc1, 0xff, 0xc1, 0xff, 0xc1, 
	0xff, 0xc1, 0xf7, 0x81, 0xe7, 0x01, 0xd6, 0x81, 
	0x9d, 0x81, 0x6c, 0x81, 0x54, 0x41, 0xae, 0x01, 
	0xc6, 0x41, 0xce, 0x81, 0xff, 0xc1, 0xff, 0x41, 
	0xce, 0x81, 0xde, 0xc1, 0xf7, 0x81, 0xff, 0xc1, 
	0xff, 0xc1, 0xdf, 0x01, 0xb6, 0x01, 0xde, 0xc1, 
	0xee, 0xc1, 0xde, 0xc1, 0xef, 0x41, 0xdf, 0x01, 
	0xae, 0x01, 0xad, 0xc1, 0xb6, 0x01, 0xde, 0xc1, 
	0xce, 0x81, 0xbe, 0x01, 0xce, 0x01, 0xc6, 0x01, 
	0xce, 0x41, 0xc6, 0x41, 0xe7, 0x01, 0xf7, 0x41, 
	0xe7, 0x01, 0x9d, 0xc1, 0x64, 0x41, 0x8d, 0x01, 
	0xb6, 0x01, 0xde, 0xc1, 0xff, 0xc1, 0xff, 0x41, 
	0xf7, 0x41, 0xff, 0xc1, 0xff, 0xc1, 0xff, 0xc1, 
	0xff, 0xc1, 0xce, 0x81, 0xa5, 0xc1, 0xb5, 0xc1, 
	0xc6, 0x01, 0xd6, 0x81, 0xff, 0x81, 0xde, 0xc1, 
	0x95, 0x41, 0x8d, 0x41, 0x95, 0x41, 0xad, 0xc1, 
	0xff, 0xc1, 0xdf, 0x01, 0xb6, 0x01, 0x9d, 0xc1, 
	0x85, 0x41, 0x95, 0xc1, 0xc6, 0x81, 0xe6, 0xc1, 
	0xd6, 0x41, 0xb6, 0x01, 0x9d, 0x81, 0xb6, 0x01, 
	0xce, 0x41, 0xd6, 0x81, 0xff, 0xc1, 0xff, 0xc1, 
	0xc6, 0x41, 0xff, 0x81, 0xff, 0xc1, 0xff, 0xc1, 
	0xef, 0x81, 0xb6, 0x41, 0xa5, 0xc1, 0x9d, 0x41, 
	0xa5, 0x81, 0xd6, 0x81, 0xf7, 0x01, 0xad, 0xc1, 
	0x6c, 0x81, 0x74, 0xc1, 0xa5, 0xc1, 0xce, 0xc1, 
	0xff, 0xc1, 0xff, 0xc1, 0xe6, 0xc1, 0xbe, 0x41, 
	0xce, 0xc1, 0xe7, 0x41, 0xff, 0xc1, 0xff, 0x81, 
	0x84, 0xc1, 0x8c, 0xc1, 0xce, 0x01, 0xef, 0x01, 
	0xde, 0xc1, 0xce, 0x81, 0xe6, 0xc1, 0xd6, 0x81, 
	0x85, 0x01, 0xef, 0x01, 0xff, 0x81, 0xff, 0xc1, 
	0xff, 0xc1, 0xff, 0x81, 0xb6, 0x01, 0x95, 0x41, 
	0xce, 0x41, 0xee, 0xc1, 0xcd, 0xc1, 0x8d, 0x01, 
	0x5c, 0x41, 0x7c, 0xc1, 0xe6, 0xc1, 0xff, 0xc1, 
	0xe6, 0xc1, 0xff, 0xc1, 0xff, 0x81, 0xce, 0x81, 
	0xae, 0x01, 0xce, 0xc1, 0xff, 0xc1, 0xff, 0xc1, 
	0xc6, 0x81, 0x8c, 0x81, 0x84, 0x41, 0xee, 0x81, 
	0xee, 0xc1, 0xd6, 0x81, 0xb6, 0x01, 0x95, 0x81, 
	0xb6, 0x01, 0xe7, 0x01, 0xff, 0x81, 0xce, 0xc1, 
	0xe7, 0x01, 0xf7, 0x41, 0xce, 0x41, 0x94, 0xc1, 
	0x94, 0x81, 0xad, 0x01, 0xbd, 0x81, 0x9d, 0x01, 
	0x7c, 0x81, 0x6c, 0x41, 0xb5, 0x81, 0xf6, 0xc1, 
	0xde, 0xc1, 0xff, 0x81, 0xff, 0x41, 0xde, 0xc1, 
	0xae, 0x01, 0xb6, 0x41, 0xf7, 0x41, 0xff, 0xc1, 
	0xff, 0x41, 0xad, 0x81, 0x6b, 0xc1, 0xad, 0x01, 
	0xad, 0x81, 0xde, 0xc1, 0xff, 0xc1, 0xe7, 0x41, 
	0xd6, 0x81, 0xe6, 0xc1, 0xef, 0x01, 0xc6, 0x81, 
	0xb6, 0x41, 0xde, 0xc1, 0xde, 0x41, 0x7c, 0x01, 
	0x4b, 0x01, 0x7c, 0x01, 0xbd, 0x81, 0x94, 0xc1, 
	0x7c, 0x41, 0x74, 0x81, 0x84, 0x81, 0xd6, 0x01, 
	0xde, 0x81, 0xff, 0x41, 0xe6, 0xc1, 0xbe, 0x01, 
	0xb6, 0x41, 0xb6, 0x01, 0xbe, 0x41, 0xde, 0xc1, 
	0xe6, 0xc1, 0xce, 0x01, 0x84, 0x41, 0x63, 0xc1, 
	0x84, 0x81, 0xce, 0x41, 0xff, 0x41, 0xff, 0x41, 
	0xbe, 0x41, 0xce, 0x41, 0xce, 0x81, 0xef, 0x41, 
	0xff, 0xc1, 0xff, 0x41, 0xd6, 0x01, 0x84, 0x41, 
	0x63, 0xc1, 0x84, 0x41, 0x84, 0x01, 0x8c, 0x41, 
	0x94, 0xc1, 0x9d, 0x01, 0x7c, 0x81, 0xa5, 0x41, 
	0xad, 0x01, 0xbd, 0xc1, 0xde, 0x81, 0xbe, 0x01, 
	0xbe, 0x01, 0x95, 0x41, 0x8c, 0xc1, 0x9d, 0x41, 
	0xce, 0x01, 0xcd, 0xc1, 0x9c, 0x81, 0x3a, 0xc1, 
	0x7c, 0x41, 0xbd, 0xc1, 0xc6, 0x01, 0xbe, 0x01, 
	0xb5, 0xc1, 0xe7, 0x01, 0xf7, 0x81, 0xff, 0x81, 
	0xde, 0x41, 0xad, 0x01, 0x8c, 0x01, 0x6b, 0x81, 
	0x6b, 0x81, 0x7b, 0xc1, 0x6b, 0xc1, 0x84, 0x01, 
	0xa4, 0xc1, 0x9c, 0x81, 0x7c, 0x01, 0x74, 0x01, 
	0x8c, 0x81, 0xb5, 0x81, 0xce, 0x01, 0xa5, 0x01, 
	0xad, 0x41, 0x8c, 0xc1, 0x7c, 0x81, 0x95, 0x41, 
	0xce, 0x01, 0xc5, 0x81, 0x94, 0x41, 0x43, 0x41, 
	0x7c, 0x81, 0x94, 0xc1, 0x95, 0x01, 0x9d, 0x41, 
	0x9d, 0x41, 0xce, 0x01, 0xf7, 0x01, 0xf6, 0xc1, 
	0x9c, 0xc1, 0x5b, 0x41, 0x4a, 0xc1, 0x63, 0x41, 
	0x52, 0xc1, 0x52, 0xc1, 0x63, 0x41, 0x7b, 0x81, 
	0x8c, 0x01, 0x73, 0x81, 0x63, 0xc1, 0x53, 0x81, 
	0x7c, 0x41, 0xb5, 0x41, 0xac, 0xc1, 0x63, 0x41, 
	0x52, 0xc1, 0x53, 0x01, 0x74, 0x01, 0xc5, 0xc1, 
	0xbd, 0x41, 0xac, 0xc1, 0x84, 0x01, 0x63, 0x81, 
	0x94, 0x81, 0x7c, 0x41, 0x74, 0x41, 0x8c, 0xc1, 
	0xad, 0x81, 0x6b, 0xc1, 0xa5, 0x01, 0xd6, 0x01, 
	0x94, 0x81, 0x73, 0xc1, 0x63, 0x01, 0x52, 0x81, 
	0x5b, 0x01, 0x42, 0x41, 0x4a, 0x81, 0x52, 0xc1, 
	0x4a, 0x81, 0x63, 0x41, 0x6b, 0x81, 0x53, 0x41, 
	0x6b, 0x41, 0x84, 0x01, 0x63, 0x01, 0x32, 0x01, 
	0x21, 0xc1, 0x29, 0xc1, 0x3a, 0x01, 0x62, 0xc1, 
	0x73, 0x41, 0x62, 0xc1, 0x62, 0xc1, 0x6b, 0x81, 
	0x63, 0x01, 0x7c, 0x01, 0x8c, 0x81, 0xb5, 0xc1, 
	0x84, 0x01, 0x5b, 0x81, 0x73, 0xc1, 0x94, 0x41, 
	0x84, 0x01, 0x52, 0x81, 0x4a, 0x01, 0x39, 0xc1, 
	0x31, 0xc1, 0x21, 0x81, 0x3a, 0x01, 0x4a, 0x81, 
	0x3a, 0x41, 0x52, 0x81, 0x6b, 0x81, 0x53, 0x41, 
	0x73, 0x81, 0x73, 0x81, 0x52, 0x81, 0x31, 0xc1, 
	0x29, 0xc1, 0x31, 0xc1, 0x39, 0xc1, 0x4a, 0x01, 
	0x52, 0x41, 0x52, 0x41, 0x41, 0xc1, 0x42, 0x01, 
	0x52, 0xc1, 0x63, 0x41, 0x63, 0x41, 0x7b, 0x81, 
	0x4a, 0xc1, 0x4a, 0x81, 0x42, 0x41, 0x52, 0x81, 
	0x52, 0x81, 0x31, 0x81, 0x41, 0xc1, 0x42, 0x01, 
	0x21, 0x41, 0x32, 0x01, 0x4a, 0x41, 0x5a, 0x81, 
	0x42, 0x41, 0x52, 0xc1, 0x7b, 0xc1, 0x5b, 0x41, 
	0x5a, 0xc1, 0x63, 0x01, 0x52, 0x81, 0x42, 0x01, 
	0x3a, 0x01, 0x4a, 0x01, 0x29, 0x81, 0x3a, 0x01, 
	0x4a, 0x01, 0x4a, 0x01, 0x39, 0xc1, 0x29, 0x81, 
	0x4a, 0x41, 0x6b, 0x01, 0x5a, 0xc1, 0x52, 0xc1, 
	0x39, 0xc1, 0x29, 0x81, 0x42, 0x41, 0x4a, 0x41, 
	0x29, 0x41, 0x29, 0x81, 0x19, 0x01, 0x08, 0x41, 
	0x02, 0xc1, 0x09, 0x41, 0x19, 0x41, 0x3a, 0x01, 
	0x42, 0x01, 0x42, 0x41, 0x73, 0x41, 0x73, 0x81, 
	0x6b, 0x01, 0x5a, 0x81, 0x4a, 0x41, 0x42, 0x01, 
	0x29, 0x81, 0x31, 0xc1, 0x31, 0xc1, 0x39, 0xc1, 
	0x39, 0xc1, 0x31, 0x81, 0x31, 0x81, 0x29, 0x41, 
	0x29, 0x81, 0x39, 0xc1, 0x52, 0x41, 0x52, 0x41, 
	0x29, 0x81, 0x31, 0xc1, 0x39, 0xc1, 0x29, 0xc1, 
	0x08, 0xc1, 0x02, 0xc1, 0x01, 0x01, 0x00, 0x01, 
	0x02, 0xc1, 0x01, 0x01, 0x00, 0xc1, 0x03, 0x01, 
	0x32, 0x81, 0x3a, 0x01, 0x4a, 0x41, 0x5a, 0x81, 
	0x62, 0xc1, 0x52, 0x81, 0x52, 0x81, 0x4a, 0x41, 
	0x19, 0x01, 0x00, 0x81, 0x02, 0xc1, 0x01, 0xc1, 
	0x0a, 0x01, 0x12, 0x41, 0x19, 0x01, 0x19, 0x41, 
	0x21, 0x41, 0x21, 0x41, 0x29, 0x81, 0x31, 0xc1, 
	0x39, 0x81, 0x31, 0x81, 0x19, 0x41, 0x03, 0x01, 
	0x00, 0x81, 0x02, 0x41, 0x01, 0x81, 0x00, 0x01, 
	0x02, 0x81, 0x01, 0x01, 0x01, 0x01, 0x02, 0xc1, 
	0x02, 0xc1, 0x29, 0x41, 0x42, 0x01, 0x4a, 0x41, 
	0x52, 0x41, 0x4a, 0x41, 0x42, 0x01, 0x1a, 0x41, 
	0x01, 0x01, 0x00, 0x41, 0x02, 0xc1, 0x01, 0xc1, 
	0x02, 0x81, 0x02, 0xc1, 0x01, 0x81, 0x0a, 0x01, 
	0x21, 0x81, 0x29, 0x41, 0x31, 0x81, 0x31, 0x81, 
	0x19, 0x01, 0x08, 0xc1, 0x00, 0xc1, 0x03, 0x01, 
	0x00, 0x41, 0x01, 0xc1, 0x02, 0x01, 0x00, 0x01, 
	0x02, 0x81, 0x01, 0x01, 0x01, 0x41, 0x02, 0xc1, 
	0x03, 0x01, 0x00, 0x41, 0x19, 0xc1, 0x31, 0xc1, 
	0x31, 0xc1, 0x29, 0xc1, 0x19, 0x41, 0x03, 0x01, 
	0x00, 0x81, 0x00, 0x41, 0x02, 0xc1, 0x01, 0xc1, 
	0x02, 0xc1, 0x02, 0x41, 0x01, 0x01, 0x02, 0xc1, 
	0x0a, 0x81, 0x12, 0x81, 0x39, 0xc1, 0x31, 0x81, 
	0x0a, 0x01, 0x01, 0x81, 0x02, 0x01, 0x05, 0xc1, 
	0x00, 0x01, 0x01, 0x41, 0x02, 0x81, 0x00, 0x01, 
	0x02, 0xc1, 0x01, 0x01, 0x01, 0x41, 0x02, 0x81, 
	0x03, 0x01, 0x00, 0x41, 0x02, 0x81, 0x09, 0x81, 
	0x1a, 0x01, 0x02, 0x01, 0x00, 0xc1, 0x03, 0x01, 
	0x00, 0x41, 0x00, 0x01, 0x02, 0xc1, 0x02, 0x01, 
	0x03, 0x01, 0x02, 0x01, 0x00, 0xc1, 0x03, 0x01, 
	0x02, 0xc1, 0x02, 0xc1, 0x00, 0x81, 0x10, 0x81, 
	0x02, 0x01, 0x01, 0x41, 0x03, 0x41, 0x06, 0x01, 
	0x00, 0x01, 0x01, 0x01, 0x02, 0x81, 0x00, 0x01, 
	0x05, 0xc1, 0x01, 0x81, 0x01, 0x81, 0x02, 0xc1, 
	0x02, 0xc1, 0x00, 0x01, 0x02, 0x81, 0x01, 0x41, 
	0x01, 0xc1, 0x02, 0x41, 0x00, 0xc1, 0x03, 0x01, 
	0x00, 0x01, 0x00, 0x41, 0x02, 0xc1, 0x01, 0xc1, 
	0x03, 0x01, 0x02, 0x01, 0x00, 0xc1, 0x02, 0xc1, 
	0x03, 0x01, 0x03, 0x01, 0x00, 0x41, 0x00, 0x01, 
	0x02, 0x41, 0x01, 0x41, 0x03, 0x41, 0x06, 0x01, 
	0x00, 0x01, 0x01, 0x01, 0x02, 0xc1, 0x00, 0x01, 
	0x06, 0x01, 0x02, 0x41, 0x01, 0x81, 0x02, 0xc1, 
	0x02, 0x81, 0x00, 0x01, 0x02, 0x81, 0x01, 0x41, 
	0x01, 0xc1, 0x02, 0x01, 0x00, 0xc1, 0x02, 0xc1, 
	0x00, 0x01, 0x00, 0x81, 0x02, 0xc1, 0x01, 0x81, 
	0x03, 0x01, 0x01, 0xc1, 0x00, 0xc1, 0x03, 0x41, 
	0x03, 0x41, 0x05, 0xc1, 0x00, 0xc1, 0x00, 0x01, 
	0x02, 0x41, 0x01, 0x41, 0x03, 0x41, 0x05, 0xc1, 
	0x00, 0x01, 0x01, 0x41, 0x05, 0x81, 0x00, 0x01, 
	0x06, 0x41, 0x02, 0x41, 0x01, 0xc1, 0x02, 0xc1, 
	0x02, 0x41, 0x00, 0x01, 0x02, 0x81, 0x01, 0x41, 
	0x02, 0x01, 0x02, 0x01, 0x00, 0xc1, 0x02, 0xc1, 
	0x00, 0x01, 0x00, 0x81, 0x02, 0xc1, 0x02, 0x01, 
	0x04, 0x01, 0x01, 0xc1, 0x01, 0x41, 0x05, 0x81, 
	0x02, 0xc1, 0x06, 0x41, 0x01, 0xc1, 0x00, 0x01, 
	0x02, 0x41, 0x01, 0x01, 0x03, 0x01, 0x05, 0xc1, 
	0x00, 0x01, 0x01, 0xc1, 0x05, 0xc1, 0x00, 0x01, 
	0x06, 0x41, 0x02, 0x41, 0x02, 0x81, 0x04, 0x41, 
	0x02, 0x01, 0x00, 0x01, 0x02, 0x81, 0x01, 0x41, 
	0x02, 0xc1, 0x02, 0xc1, 0x00, 0xc1, 0x03, 0x41, 
	0x00, 0x01, 0x00, 0xc1, 0x02, 0x81, 0x03, 0xc1, 
	0x05, 0x41, 0x01, 0xc1, 0x01, 0x41, 0x06, 0x01, 
	0x02, 0xc1, 0x06, 0x01, 0x02, 0x41, 0x00, 0x01, 
	0x0a, 0x41, 0x01, 0x01, 0x03, 0x01, 0x05, 0x81, 
	0x00, 0x01, 0x01, 0xc1, 0x15, 0x81, 0x00, 0x01, 
	0x1e, 0x83, 0x0a, 0x41, 0x0a, 0x81, 0x15, 0x41, 
	0x09, 0x81, 0x00, 0x01, 0x02, 0x81, 0x01, 0x41, 
	0x05, 0x01, 0x04, 0x01, 0x0a, 0x01, 0x15, 0x81, 
	0x00, 0x01, 0x08, 0xc1, 0x12, 0x81, 0x0c, 0x01, 
	0x15, 0x41, 0x09, 0xc1, 0x01, 0x41, 0x16, 0x01, 
	0x02, 0xc1, 0x05, 0x41, 0x03, 0x01, 0x00, 0x01, 
	0x1a, 0x83, 0x08, 0xc1, 0x03, 0x01, 0x0d, 0x41, 
	0x00, 0x01, 0x09, 0xc1, 0x2d, 0x43, 0x00, 0x01, 
	0x36, 0x85, 0x12, 0x01, 0x12, 0x81, 0x25, 0x43, 
	0x08, 0xc1, 0x00, 0x01, 0x13, 0x41, 0x09, 0xc1, 
	0x15, 0x03, 0x14, 0x01, 0x12, 0x01, 0x25, 0x43, 
	0x00, 0x01, 0x11, 0x41, 0x1a, 0x03, 0x1b, 0xc3, 
	0x25, 0x43, 0x1a, 0xc3, 0x09, 0x41, 0x2d, 0xc3, 
	0x12, 0xc1, 0x0c, 0x81, 0x0b, 0xc1, 0x00, 0x01, 
	0x22, 0xc3, 0x08, 0xc1, 0x13, 0x01, 0x1d, 0x03, 
	0x00, 0x01, 0x1a, 0x43, 0x34, 0x85, 0x00, 0x01, 
	0x4e, 0xc7, 0x1a, 0x03, 0x1a, 0x03, 0x3d, 0x05, 
	0x00, 0x41, 0x00, 0x01, 0x2d, 0x03, 0x23, 0xc3, 
	0x2d, 0x43, 0x1c, 0x03, 0x11, 0x41, 0x3d, 0x85, 
	0x00, 0x41, 0x19, 0xc3, 0x19, 0x83, 0x2b, 0xc3, 
	0x3d, 0x45, 0x33, 0x85, 0x11, 0xc3, 0x3d, 0x45, 
	0x1a, 0xc3, 0x13, 0xc3, 0x1c, 0x43, 0x00, 0x01, 
	0x33, 0x05, 0x08, 0x81, 0x1a, 0x83, 0x2d, 0x03, 
	0x00, 0x41, 0x33, 0x45, 0x3b, 0x85, 0x00, 0x41, 
	0x66, 0xc9, 0x1a, 0x03, 0x1a, 0x03, 0x4c, 0xc7, 
	0x00, 0x01, 0x00, 0x41, 0x3c, 0xc5, 0x34, 0x45, 
	0x3d, 0x45, 0x2b, 0xc3, 0x08, 0xc1, 0x55, 0x87, 
	0x11, 0x01, 0x3b, 0x05, 0x19, 0x43, 0x33, 0x85, 
	0x4d, 0x47, 0x4c, 0x07, 0x22, 0x43, 0x44, 0x87, 
	0x33, 0x85, 0x12, 0x41, 0x3d, 0xc5, 0x00, 0x41, 
	0x8e, 0xcd, 0x08, 0xc1, 0x1a, 0x43, 0x45, 0x45, 
	0x00, 0xc1, 0x4c, 0x07, 0x33, 0x05, 0x01, 0x01, 
	0x7e, 0xcb, 0x22, 0x43, 0x2a, 0x45, 0x5c, 0xc9, 
	0x00, 0xc1, 0x00, 0xc1, 0x4c, 0xc7, 0x44, 0x87, 
	0x55, 0xc7, 0x3b, 0xc5, 0x00, 0xc1, 0x5d, 0x09, 
	0x22, 0x03, 0x96, 0x8d, 0x19, 0x83, 0x3b, 0xc5, 
	0x5d, 0x49, 0x64, 0x49, 0x3b, 0x45, 0x4b, 0xc7, 
	0x54, 0xc7, 0x09, 0x41, 0x4e, 0x07, 0x22, 0x83, 
	0xa6, 0xcf, 0x01, 0x81, 0x1a, 0x43, 0x55, 0x47, 
	0x02, 0xc1, 0x6c, 0x89, 0x2b, 0x43, 0x09, 0x81, 
	0x97, 0x0d, 0x22, 0xc3, 0x19, 0xc3, 0x74, 0xcb, 
	0x00, 0xc1, 0x00, 0xc1, 0x54, 0xc7, 0x54, 0xc7, 
	0x6e, 0x09, 0x44, 0x05, 0x01, 0x01, 0x64, 0x49, 
	0x3a, 0xc5, 0x8d, 0x8d, 0x09, 0x81, 0x4c, 0x47, 
	0x75, 0x4b, 0x3a, 0xc5, 0x54, 0x47, 0x4b, 0x47, 
	0x4c, 0x47, 0x01, 0xc1, 0x4c, 0x87, 0x54, 0x87, 
	0x74, 0xcb, 0x02, 0x01, 0x11, 0xc3, 0x65, 0x49, 
	0x13, 0x41, 0x74, 0xcb, 0x1b, 0xc3, 0x12, 0x81, 
	0xaf, 0x11, 0x2c, 0x43, 0x13, 0x01, 0x7c, 0x8b, 
	0x02, 0x41, 0x01, 0x41, 0x64, 0x89, 0x6d, 0xc9, 
	0x86, 0x8b, 0x4b, 0x87, 0x01, 0x41, 0x54, 0x07, 
	0x43, 0x05, 0x02, 0x01, 0x03, 0x41, 0x55, 0x07, 
	0x8d, 0x8d, 0x03, 0x41, 0x5c, 0x09, 0x32, 0x45, 
	0x02, 0x81, 0x02, 0x41, 0x32, 0xc5, 0x86, 0x0b, 
	0x1c, 0x03, 0x03, 0x01, 0x12, 0x01, 0x74, 0xcb, 
	0x1c, 0x43, 0x04, 0x41, 0x04, 0x81, 0x14, 0x43, 
	0xc7, 0x13, 0x2c, 0x83, 0x04, 0x01, 0x04, 0x41, 
	0x03, 0x01, 0x02, 0x81, 0x6c, 0x8b, 0x86, 0x4b, 
	0x9e, 0x8f, 0x54, 0x07, 0x04, 0x41, 0x04, 0x81, 
	0x03, 0xc1, 0x04, 0x81, 0x04, 0x81, 0x23, 0xc3, 
	0x3c, 0x05, 0x04, 0x81, 0x04, 0x81, 0x03, 0xc1, 
	0x03, 0xc1, 0x04, 0x41, 0x13, 0x03, 0x8d, 0xcd, 
	
};

Texture bob_dl__1_rgba16_ci8[] = {
	0x00, 0x00, 0x00, 0x00, 0x01, 0x02, 0x03, 0x04, 
	0x05, 0x06, 0x06, 0x07, 0x08, 0x09, 0x0a, 0x0b, 
	0x0c, 0x0d, 0x0e, 0x0f, 0x0f, 0x10, 0x10, 0x11, 
	0x12, 0x02, 0x01, 0x01, 0x13, 0x14, 0x15, 0x16, 
	0x01, 0x17, 0x18, 0x19, 0x19, 0x1a, 0x1b, 0x19, 
	0x1c, 0x1d, 0x1e, 0x1f, 0x20, 0x21, 0x22, 0x23, 
	0x24, 0x25, 0x26, 0x27, 0x28, 0x29, 0x2a, 0x2b, 
	0x2c, 0x18, 0x19, 0x1b, 0x18, 0x2d, 0x2e, 0x2f, 
	0x2f, 0x30, 0x31, 0x2c, 0x18, 0x19, 0x19, 0x1b, 
	0x1b, 0x19, 0x32, 0x33, 0x1e, 0x34, 0x1e, 0x1f, 
	0x35, 0x21, 0x33, 0x22, 0x23, 0x25, 0x27, 0x1c, 
	0x2a, 0x31, 0x18, 0x19, 0x1b, 0x2a, 0x2d, 0x15, 
	0x36, 0x37, 0x29, 0x30, 0x2c, 0x18, 0x19, 0x19, 
	0x1a, 0x1b, 0x1b, 0x19, 0x38, 0x27, 0x39, 0x3a, 
	0x3b, 0x34, 0x1e, 0x3c, 0x20, 0x1d, 0x33, 0x23, 
	0x3d, 0x1c, 0x2b, 0x18, 0x19, 0x1a, 0x26, 0x14, 
	0x13, 0x24, 0x26, 0x1c, 0x2a, 0x31, 0x18, 0x18, 
	0x19, 0x19, 0x1b, 0x1b, 0x1b, 0x1b, 0x2a, 0x3e, 
	0x3f, 0x40, 0x27, 0x23, 0x21, 0x1f, 0x1e, 0x20, 
	0x33, 0x24, 0x28, 0x2b, 0x18, 0x19, 0x18, 0x13, 
	0x41, 0x21, 0x22, 0x25, 0x37, 0x2a, 0x31, 0x17, 
	0x18, 0x19, 0x19, 0x19, 0x1a, 0x1b, 0x19, 0x42, 
	0x43, 0x43, 0x44, 0x1b, 0x19, 0x18, 0x32, 0x45, 
	0x1e, 0x35, 0x46, 0x1c, 0x31, 0x18, 0x1a, 0x36, 
	0x47, 0x1e, 0x20, 0x33, 0x24, 0x37, 0x2a, 0x31, 
	0x2c, 0x18, 0x18, 0x19, 0x19, 0x19, 0x19, 0x48, 
	0x43, 0x43, 0x49, 0x4a, 0x1b, 0x1b, 0x1b, 0x19, 
	0x4b, 0x20, 0x20, 0x24, 0x29, 0x2c, 0x19, 0x16, 
	0x4c, 0x1e, 0x34, 0x1f, 0x21, 0x24, 0x27, 0x29, 
	0x30, 0x31, 0x2c, 0x17, 0x18, 0x18, 0x18, 0x4d, 
	0x4e, 0x4e, 0x4e, 0x4e, 0x4d, 0x19, 0x19, 0x1a, 
	0x1b, 0x18, 0x1d, 0x1d, 0x26, 0x2b, 0x18, 0x01, 
	0x0f, 0x37, 0x22, 0x34, 0x4f, 0x50, 0x51, 0x26, 
	0x37, 0x29, 0x30, 0x2b, 0x31, 0x31, 0x2c, 0x52, 
	0x53, 0x53, 0x53, 0x3e, 0x3e, 0x54, 0x18, 0x19, 
	0x19, 0x1b, 0x55, 0x20, 0x22, 0x1c, 0x2c, 0x02, 
	0x56, 0x18, 0x2c, 0x57, 0x58, 0x59, 0x59, 0x5a, 
	0x5b, 0x5c, 0x26, 0x37, 0x1c, 0x29, 0x29, 0x5d, 
	0x5e, 0x5e, 0x5e, 0x5f, 0x5f, 0x53, 0x60, 0x17, 
	0x18, 0x19, 0x1b, 0x1c, 0x20, 0x25, 0x2b, 0x2f, 
	0x56, 0x1b, 0x1b, 0x61, 0x53, 0x62, 0x63, 0x59, 
	0x59, 0x63, 0x64, 0x65, 0x66, 0x22, 0x25, 0x25, 
	0x67, 0x62, 0x62, 0x62, 0x68, 0x68, 0x5e, 0x69, 
	0x31, 0x18, 0x19, 0x19, 0x33, 0x33, 0x1c, 0x12, 
	0x6a, 0x19, 0x19, 0x6b, 0x43, 0x4e, 0x53, 0x62, 
	0x58, 0x59, 0x59, 0x59, 0x59, 0x63, 0x6c, 0x50, 
	0x5a, 0x58, 0x58, 0x58, 0x6d, 0x6e, 0x62, 0x68, 
	0x6f, 0x2c, 0x19, 0x1a, 0x70, 0x20, 0x26, 0x71, 
	0x72, 0x2c, 0x17, 0x5d, 0x4e, 0x43, 0x43, 0x4e, 
	0x3e, 0x5f, 0x68, 0x6e, 0x6d, 0x58, 0x63, 0x63, 
	0x59, 0x59, 0x73, 0x73, 0x59, 0x63, 0x6d, 0x6e, 
	0x68, 0x74, 0x2c, 0x19, 0x19, 0x21, 0x22, 0x0e, 
	0x0b, 0x37, 0x1c, 0x52, 0x53, 0x3e, 0x4e, 0x43, 
	0x43, 0x43, 0x43, 0x4e, 0x4e, 0x3e, 0x53, 0x53, 
	0x5f, 0x5e, 0x62, 0x6d, 0x63, 0x73, 0x59, 0x58, 
	0x6e, 0x5e, 0x75, 0x17, 0x1b, 0x76, 0x35, 0x77, 
	0x78, 0x20, 0x21, 0x51, 0x6e, 0x68, 0x5f, 0x53, 
	0x3e, 0x4e, 0x4e, 0x43, 0x43, 0x43, 0x43, 0x43, 
	0x43, 0x43, 0x4e, 0x3e, 0x5e, 0x6e, 0x59, 0x59, 
	0x58, 0x62, 0x5f, 0x79, 0x18, 0x18, 0x20, 0x7a, 
	0x7b, 0x70, 0x76, 0x7c, 0x58, 0x63, 0x6d, 0x6e, 
	0x68, 0x5e, 0x5f, 0x53, 0x53, 0x3e, 0x3e, 0x4e, 
	0x4e, 0x43, 0x43, 0x43, 0x4e, 0x53, 0x6e, 0x59, 
	0x63, 0x6e, 0x5e, 0x53, 0x48, 0x1a, 0x33, 0x47, 
	0x7d, 0x19, 0x19, 0x61, 0x43, 0x3e, 0x68, 0x6d, 
	0x63, 0x63, 0x6d, 0x6e, 0x62, 0x68, 0x5e, 0x5f, 
	0x53, 0x3e, 0x4e, 0x43, 0x43, 0x43, 0x5f, 0x58, 
	0x59, 0x6d, 0x68, 0x53, 0x7e, 0x1b, 0x27, 0x7f, 
	0x80, 0x2c, 0x2c, 0x81, 0x3e, 0x4e, 0x43, 0x43, 
	0x4e, 0x53, 0x68, 0x6d, 0x63, 0x63, 0x6d, 0x6e, 
	0x68, 0x5f, 0x53, 0x4e, 0x43, 0x43, 0x3e, 0x62, 
	0x73, 0x58, 0x62, 0x82, 0x17, 0x1a, 0x38, 0x4c, 
	0x83, 0x37, 0x37, 0x84, 0x5e, 0x5f, 0x53, 0x3e, 
	0x4e, 0x4e, 0x43, 0x43, 0x4e, 0x68, 0x59, 0x63, 
	0x6d, 0x68, 0x5f, 0x3e, 0x4e, 0x43, 0x4e, 0x68, 
	0x73, 0x63, 0x85, 0x2a, 0x18, 0x19, 0x19, 0x4c, 
	0x86, 0x35, 0x1f, 0x87, 0x6d, 0x6e, 0x68, 0x5e, 
	0x53, 0x3e, 0x4e, 0x4e, 0x43, 0x43, 0x5e, 0x73, 
	0x58, 0x62, 0x5e, 0x3e, 0x4e, 0x43, 0x4e, 0x62, 
	0x73, 0x88, 0x26, 0x30, 0x18, 0x19, 0x1b, 0x89, 
	0x8a, 0x22, 0x33, 0x8b, 0x6e, 0x62, 0x68, 0x5e, 
	0x5f, 0x53, 0x3e, 0x4e, 0x43, 0x43, 0x8c, 0x8d, 
	0x8e, 0x68, 0x5f, 0x3e, 0x43, 0x43, 0x53, 0x6d, 
	0x8f, 0x21, 0x27, 0x30, 0x18, 0x19, 0x1b, 0x90, 
	0x72, 0x2a, 0x2a, 0x52, 0x5f, 0x53, 0x53, 0x3e, 
	0x3e, 0x4e, 0x43, 0x91, 0x4a, 0x92, 0x20, 0x22, 
	0x93, 0x5f, 0x3e, 0x43, 0x43, 0x3e, 0x62, 0x4f, 
	0x20, 0x46, 0x1c, 0x2b, 0x18, 0x19, 0x1b, 0x90, 
	0x94, 0x19, 0x19, 0x5d, 0x43, 0x43, 0x43, 0x49, 
	0x48, 0x40, 0x26, 0x23, 0x1d, 0x22, 0x27, 0x29, 
	0x53, 0x4e, 0x43, 0x43, 0x3e, 0x68, 0x95, 0x1f, 
	0x22, 0x27, 0x96, 0x2c, 0x18, 0x19, 0x1b, 0x90, 
	0x90, 0x76, 0x97, 0x21, 0x98, 0x99, 0x9a, 0x9b, 
	0x21, 0x33, 0x24, 0x27, 0x29, 0x2b, 0x17, 0x9c, 
	0x43, 0x43, 0x4e, 0x53, 0x6e, 0x9d, 0x1f, 0x45, 
	0x26, 0x29, 0x2b, 0x17, 0x19, 0x19, 0x1b, 0x89, 
	0x9e, 0x25, 0x3d, 0x37, 0x1c, 0x29, 0x2a, 0x2a, 
	0x2b, 0x31, 0x2c, 0x18, 0x19, 0x19, 0x1b, 0x4a, 
	0x4e, 0x53, 0x62, 0x63, 0x9f, 0x20, 0x22, 0x26, 
	0x29, 0x2b, 0x2c, 0x18, 0x19, 0x1b, 0x19, 0x47, 
	0x11, 0x17, 0x18, 0x18, 0x19, 0x19, 0x19, 0x19, 
	0x19, 0x1a, 0x1b, 0x1b, 0x19, 0x19, 0x2c, 0xa0, 
	0x6e, 0x63, 0x73, 0xa1, 0x33, 0x24, 0x27, 0x96, 
	0x2b, 0x2c, 0x18, 0x19, 0x1a, 0x1b, 0x32, 0xa2, 
	0x01, 0x1b, 0x1b, 0x1a, 0x19, 0x19, 0x19, 0x18, 
	0x18, 0x2c, 0xa3, 0x96, 0x27, 0x23, 0x20, 0xa4, 
	0x59, 0x63, 0xa5, 0x24, 0x27, 0x1c, 0x30, 0x31, 
	0x17, 0x18, 0x19, 0x1a, 0x1b, 0x38, 0x1f, 0x4c, 
	0x16, 0xa6, 0x96, 0x37, 0x26, 0x46, 0x22, 0x33, 
	0x1d, 0x20, 0x1f, 0x1e, 0x1e, 0x1f, 0xa7, 0x63, 
	0xa8, 0xa9, 0x27, 0x1c, 0x2a, 0x2b, 0x2c, 0x18, 
	0x19, 0x19, 0x1b, 0x1b, 0xa6, 0x1f, 0x35, 0xaa, 
	0x41, 0x1e, 0x1e, 0x1e, 0x1e, 0x1f, 0x20, 0x20, 
	0x20, 0x1d, 0x21, 0x33, 0x22, 0x23, 0x8b, 0xab, 
	0xac, 0x29, 0x2a, 0x2b, 0x2c, 0x18, 0x18, 0x19, 
	0x19, 0x1b, 0x1a, 0x76, 0x1e, 0x1d, 0x24, 0xad, 
	0xae, 0x33, 0x22, 0x23, 0x23, 0x24, 0x24, 0x25, 
	0x25, 0x25, 0x26, 0x27, 0x27, 0x37, 0xaf, 0x29, 
	0x30, 0x2b, 0x2c, 0x17, 0x18, 0x19, 0x19, 0x1a, 
	0x1b, 0x19, 0x25, 0x1e, 0x21, 0x25, 0x29, 0x12, 
	0x36, 0x27, 0x37, 0x1c, 0x1c, 0x29, 0x29, 0x29, 
	0x29, 0x29, 0x29, 0x96, 0x2a, 0x30, 0x2b, 0x31, 
	0x2c, 0x17, 0x18, 0x18, 0x19, 0x19, 0x1b, 0x1b, 
	0x18, 0x45, 0x1e, 0x33, 0x26, 0x96, 0x2c, 0x2f, 
	0x2f, 0x2f, 0x2f, 0x2f, 0x12, 0x11, 0x71, 0xb0, 
	0xb0, 0x72, 0x72, 0x72, 0x72, 0x72, 0x80, 0xb0, 
	0xb0, 0x6a, 0x56, 0x12, 0x02, 0x02, 0xb1, 0x94, 
	0xb2, 0xb3, 0x4c, 0xaa, 0x71, 0x12, 0x02, 0x01, 
	
};

Texture bob_dl__1_rgba16_pal_rgba16[] = {
	0xff, 0xb5, 0xff, 0xb3, 0xff, 0xb1, 0xf6, 0xeb, 
	0xe5, 0xdf, 0xd5, 0x5b, 0xd5, 0x19, 0xdd, 0x19, 
	0xdd, 0x59, 0xe5, 0x5b, 0xed, 0x9d, 0xed, 0xdf, 
	0xf6, 0x21, 0xf6, 0x65, 0xfe, 0xa7, 0xfe, 0xe9, 
	0xff, 0x2b, 0xff, 0x2d, 0xff, 0x6f, 0xf6, 0xed, 
	0xf6, 0xef, 0xff, 0x31, 0xff, 0x73, 0xfe, 0x5f, 
	0xfe, 0x9f, 0xfe, 0xe1, 0xff, 0x21, 0xff, 0x23, 
	0xed, 0x99, 0xc4, 0x51, 0xbb, 0xcd, 0xbc, 0x0f, 
	0xc4, 0x0f, 0xcc, 0x51, 0xd4, 0x93, 0xd4, 0xd3, 
	0xdc, 0xd5, 0xdd, 0x15, 0xe5, 0x15, 0xe5, 0x57, 
	0xed, 0x97, 0xf5, 0x99, 0xf5, 0xdb, 0xfe, 0x1b, 
	0xfe, 0x5d, 0xd4, 0x51, 0xe4, 0xd3, 0xff, 0x71, 
	0xfd, 0xdb, 0xfe, 0x1d, 0xed, 0xd9, 0xcc, 0x91, 
	0xb3, 0xcd, 0xc4, 0x4f, 0xf7, 0x2f, 0xed, 0x57, 
	0xf6, 0x5d, 0xbb, 0x4d, 0x89, 0x03, 0xab, 0x0b, 
	0xbb, 0xcf, 0xe5, 0x17, 0xc8, 0x41, 0xc0, 0x81, 
	0xe3, 0xd1, 0xee, 0xa9, 0xd8, 0xc3, 0xd8, 0x41, 
	0xf4, 0x55, 0xcc, 0x93, 0xdc, 0xd3, 0xe6, 0x23, 
	0xe2, 0x4b, 0xd8, 0x81, 0xeb, 0xd1, 0xed, 0xdb, 
	0xe6, 0x25, 0xeb, 0x91, 0xd0, 0x41, 0x89, 0x45, 
	0xa2, 0x49, 0xc3, 0xcf, 0xec, 0x95, 0xc0, 0x41, 
	0xe3, 0x0f, 0xf6, 0x5f, 0xff, 0x6d, 0xe4, 0xd5, 
	0x88, 0x41, 0x78, 0x41, 0x88, 0xc3, 0xaa, 0x09, 
	0xcb, 0xd1, 0xf5, 0x59, 0xb0, 0x41, 0xb8, 0x41, 
	0xda, 0xcd, 0xf5, 0x9b, 0xa0, 0x41, 0x80, 0x41, 
	0x90, 0x81, 0xa1, 0xc7, 0xc3, 0x4d, 0xa9, 0x03, 
	0xa8, 0x41, 0xd2, 0x4b, 0xff, 0x29, 0xfd, 0xdd, 
	0x91, 0x45, 0x90, 0x41, 0x98, 0x41, 0xca, 0x49, 
	0xee, 0x1b, 0xfe, 0xeb, 0xfe, 0xa5, 0x70, 0x41, 
	0xca, 0x09, 0xd2, 0x09, 0xe5, 0x99, 0xf6, 0x63, 
	0xcc, 0xd5, 0xd1, 0xc9, 0xee, 0x21, 0xf6, 0x61, 
	0xcc, 0x11, 0xff, 0x27, 0xda, 0x4b, 0xe5, 0xe3, 
	0xfe, 0xe5, 0xf5, 0x17, 0xc9, 0xc7, 0xf6, 0x1f, 
	0xdc, 0x53, 0xb1, 0xc7, 0xdd, 0x5b, 0xb3, 0x4d, 
	0x99, 0x87, 0xee, 0x67, 0xe5, 0x9d, 0xc3, 0x8f, 
	0xb1, 0x03, 0x92, 0x07, 0x90, 0xc3, 0x89, 0x85, 
	0xf6, 0xa7, 0xe2, 0x09, 0xd4, 0x53, 0xb1, 0x05, 
	0xff, 0x6b, 0x91, 0xc5, 0xf5, 0xd9, 0xdd, 0x57, 
	0xa1, 0x03, 0xaa, 0x07, 0xba, 0xcb, 0xcc, 0x0f, 
	0xf4, 0xd7, 0x91, 0xc7, 0xee, 0x65, 0x9a, 0x07, 
	0xc2, 0x09, 0xa2, 0x89, 0xdd, 0xe1, 0xf6, 0x1d, 
	0x78, 0x81, 0xb3, 0x0d, 0xf6, 0x1b, 0xbb, 0x8d, 
	0x90, 0x83, 0xcb, 0x8f, 0xf6, 0xa9, 0xa1, 0x05, 
	0xdc, 0x93, 0xfe, 0xed, 0xee, 0xab, 0xed, 0x59, 
	0xfe, 0xe7, 0xff, 0xaf, 0xe5, 0xe1, 0xdd, 0x9f, 
	
};

Vtx bob_dl_bob_seg7_dl_07004390_mesh_mesh_layer_1_vtx_cull[8] = {
	{{{-8191, -383, 8192}, 0, {0, 0}, {0x00, 0x00, 0x00, 0x00}}},
	{{{-8191, 4294, 8192}, 0, {0, 0}, {0x00, 0x00, 0x00, 0x00}}},
	{{{-8191, 4294, -8191}, 0, {0, 0}, {0x00, 0x00, 0x00, 0x00}}},
	{{{-8191, -383, -8191}, 0, {0, 0}, {0x00, 0x00, 0x00, 0x00}}},
	{{{8192, -383, 8192}, 0, {0, 0}, {0x00, 0x00, 0x00, 0x00}}},
	{{{8192, 4294, 8192}, 0, {0, 0}, {0x00, 0x00, 0x00, 0x00}}},
	{{{8192, 4294, -8191}, 0, {0, 0}, {0x00, 0x00, 0x00, 0x00}}},
	{{{8192, -383, -8191}, 0, {0, 0}, {0x00, 0x00, 0x00, 0x00}}},
};

Vtx bob_dl_bob_seg7_dl_07004390_mesh_mesh_layer_1_vtx_0[334] = {
	{{{4864, 1024, 4096}, 0, {22366, -6504}, {0xF8, 0x7F, 0xF9, 0xFF}}},
	{{{7680, 768, 0}, 0, {27050, -13318}, {0xD6, 0x78, 0x00, 0xFF}}},
	{{{3840, 768, 2304}, 0, {20664, -9486}, {0xF9, 0x7F, 0xF8, 0xFF}}},
	{{{2304, 768, 4352}, 0, {18108, -6078}, {0xFC, 0x7F, 0xFF, 0xFF}}},
	{{{3840, 768, 2304}, 0, {20664, -9486}, {0xF9, 0x7F, 0xF8, 0xFF}}},
	{{{3584, 656, -767}, 0, {20238, -14596}, {0x0B, 0x7C, 0x1B, 0xFF}}},
	{{{2304, 768, 4352}, 0, {18108, -6078}, {0xFC, 0x7F, 0xFF, 0xFF}}},
	{{{4864, 1024, 4096}, 0, {22366, -6504}, {0xF8, 0x7F, 0xF9, 0xFF}}},
	{{{3840, 768, 2304}, 0, {20664, -9486}, {0xF9, 0x7F, 0xF8, 0xFF}}},
	{{{3840, 768, 2304}, 0, {20664, -9486}, {0xF9, 0x7F, 0xF8, 0xFF}}},
	{{{7680, 768, 0}, 0, {27050, -13318}, {0xD6, 0x78, 0x00, 0xFF}}},
	{{{3584, 656, -767}, 0, {20238, -14596}, {0x0B, 0x7C, 0x1B, 0xFF}}},
	{{{4864, 1024, 4096}, 0, {22366, -6504}, {0xF8, 0x7F, 0xF9, 0xFF}}},
	{{{5888, 1024, 4096}, 0, {24070, -6504}, {0x0B, 0x7F, 0xFE, 0xFF}}},
	{{{7680, 768, 0}, 0, {27050, -13318}, {0xD6, 0x78, 0x00, 0xFF}}},
	{{{7686, 768, 7100}, 0, {27060, -1506}, {0xED, 0x7D, 0xF9, 0xFF}}},
	{{{7680, 768, 0}, 0, {27050, -13318}, {0xD6, 0x78, 0x00, 0xFF}}},
	{{{8192, 2560, 4096}, 0, {27902, -6504}, {0x90, 0x3B, 0x04, 0xFF}}},
	{{{8192, 1855, 1024}, 0, {27902, -11614}, {0x84, 0x1C, 0xFF, 0xFF}}},
	{{{7686, 768, 7100}, 0, {27060, -1506}, {0xED, 0x7D, 0xF9, 0xFF}}},
	{{{8192, 2560, 4096}, 0, {27902, -6504}, {0x90, 0x3B, 0x04, 0xFF}}},
	{{{7680, 768, 0}, 0, {27050, -13318}, {0xD6, 0x78, 0x00, 0xFF}}},
	{{{6289, 912, -2653}, 0, {24738, -17732}, {0x58, 0x45, 0x3C, 0xFF}}},
	{{{5468, 912, -1870}, 0, {23372, -16430}, {0x35, 0x4E, 0x54, 0xFF}}},
	{{{3584, 656, -767}, 0, {20238, -14596}, {0x0B, 0x7C, 0x1B, 0xFF}}},
	{{{7680, 768, 0}, 0, {27050, -13318}, {0xD6, 0x78, 0x00, 0xFF}}},
	{{{5468, 912, -1870}, 0, {23372, -16430}, {0x35, 0x4E, 0x54, 0xFF}}},
	{{{-2815, 1024, 256}, 0, {9592, -12892}, {0x01, 0x7F, 0xFF, 0xFF}}},
	{{{-4991, 1024, -2431}, 0, {5972, -17364}, {0x07, 0x7F, 0xFE, 0xFF}}},
	{{{-3231, 1024, -159}, 0, {8900, -13584}, {0x00, 0x7F, 0x00, 0xFF}}},
	{{{3584, 656, -767}, 0, {20238, -14596}, {0x0B, 0x7C, 0x1B, 0xFF}}},
	{{{1692, 768, 3192}, 0, {17092, -8008}, {0x00, 0x7F, 0x00, 0xFF}}},
	{{{-1535, 256, 5888}, 0, {11720, -3524}, {0xFF, 0x7E, 0x10, 0xFF}}},
	{{{-3071, 0, 7168}, 0, {9166, -1394}, {0xFF, 0x7C, 0xE5, 0xFF}}},
	{{{-921, 0, 6400}, 0, {12742, -2672}, {0x03, 0x7C, 0x19, 0xFF}}},
	{{{-921, 0, 6400}, 0, {12742, -2672}, {0x03, 0x7C, 0x19, 0xFF}}},
	{{{-921, 256, 5888}, 0, {12742, -3524}, {0xEF, 0x76, 0x2C, 0xFF}}},
	{{{-1535, 256, 5888}, 0, {11720, -3524}, {0xFF, 0x7E, 0x10, 0xFF}}},
	{{{-1535, 256, 5888}, 0, {11720, -3524}, {0xFF, 0x7E, 0x10, 0xFF}}},
	{{{-2559, 179, 5888}, 0, {10018, -3524}, {0xF1, 0x7E, 0x05, 0xFF}}},
	{{{-3071, 0, 7168}, 0, {9166, -1394}, {0xFF, 0x7C, 0xE5, 0xFF}}},
	{{{-2559, 179, 5888}, 0, {10018, -3524}, {0xF1, 0x7E, 0x05, 0xFF}}},
	{{{-3583, 0, 5888}, 0, {8314, -3524}, {0xF6, 0x7F, 0x01, 0xFF}}},
	{{{-3071, 0, 7168}, 0, {9166, -1394}, {0xFF, 0x7C, 0xE5, 0xFF}}},
	{{{-2815, 1024, 256}, 0, {9592, -12892}, {0x01, 0x7F, 0xFF, 0xFF}}},
	{{{-1791, 973, -767}, 0, {11296, -14596}, {0x0C, 0x7D, 0xEB, 0xFF}}},
	{{{-4991, 1024, -2431}, 0, {5972, -17364}, {0x07, 0x7F, 0xFE, 0xFF}}},
	{{{-4991, 1024, -4479}, 0, {5972, -20770}, {0x0F, 0x7D, 0xEE, 0xFF}}},
	{{{-4132, 513, -6035}, 0, {7402, -23358}, {0x12, 0x7D, 0xF1, 0xFF}}},
	{{{-7167, 1024, -7167}, 0, {2352, -25242}, {0x09, 0x7A, 0x23, 0xFF}}},
	{{{-1791, 973, -767}, 0, {11296, -14596}, {0x0C, 0x7D, 0xEB, 0xFF}}},
	{{{-1872, 768, -1441}, 0, {11160, -15716}, {0x11, 0x7C, 0xEA, 0xFF}}},
	{{{-4991, 1024, -2431}, 0, {5972, -17364}, {0x07, 0x7F, 0xFE, 0xFF}}},
	{{{-2559, 768, -2815}, 0, {10018, -18002}, {0x11, 0x7E, 0x05, 0xFF}}},
	{{{-4095, 1024, -2943}, 0, {7462, -18216}, {0x1C, 0x7C, 0x07, 0xFF}}},
	{{{-4991, 1024, -2431}, 0, {5972, -17364}, {0x07, 0x7F, 0xFE, 0xFF}}},
	{{{-1872, 768, -1441}, 0, {11160, -15716}, {0x11, 0x7C, 0xEA, 0xFF}}},
	{{{-2559, 768, -2815}, 0, {10018, -18002}, {0x11, 0x7E, 0x05, 0xFF}}},
	{{{-4991, 1024, -2431}, 0, {5972, -17364}, {0x07, 0x7F, 0xFE, 0xFF}}},
	{{{-4095, 1024, -3967}, 0, {7462, -19918}, {0x19, 0x7B, 0xEC, 0xFF}}},
	{{{-4132, 513, -6035}, 0, {7402, -23358}, {0x12, 0x7D, 0xF1, 0xFF}}},
	{{{-6015, 1024, -3839}, 0, {4268, -19706}, {0x00, 0x7F, 0x00, 0xFF}}},
	{{{-4991, 1024, -4479}, 0, {5972, -20770}, {0x0F, 0x7D, 0xEE, 0xFF}}},
	{{{-7167, 1024, -7167}, 0, {2352, -25242}, {0x09, 0x7A, 0x23, 0xFF}}},
	{{{-4132, 513, -6035}, 0, {7402, -23358}, {0x12, 0x7D, 0xF1, 0xFF}}},
	{{{-3151, 512, -6526}, 0, {9032, -24174}, {0x0C, 0x7C, 0x17, 0xFF}}},
	{{{-7167, 1024, -7167}, 0, {2352, -25242}, {0x09, 0x7A, 0x23, 0xFF}}},
	{{{-7167, 1024, 4096}, 0, {2352, -6504}, {0x60, 0x53, 0x09, 0xFF}}},
	{{{-7167, 1024, -7167}, 0, {2352, -25242}, {0x09, 0x7A, 0x23, 0xFF}}},
	{{{-8191, 1536, -8191}, 0, {650, -26944}, {0x2E, 0x72, 0x20, 0xFF}}},
	{{{-7167, 1024, -7167}, 0, {2352, -25242}, {0x09, 0x7A, 0x23, 0xFF}}},
	{{{-3151, 1024, -6526}, 0, {9032, -24174}, {0x06, 0x74, 0x32, 0xFF}}},
	{{{-4095, 1792, -8191}, 0, {7462, -26944}, {0x00, 0x68, 0x49, 0xFF}}},
	{{{-7167, 1024, -7167}, 0, {2352, -25242}, {0x09, 0x7A, 0x23, 0xFF}}},
	{{{-4095, 1792, -8191}, 0, {7462, -26944}, {0x00, 0x68, 0x49, 0xFF}}},
	{{{-6143, 2560, -8191}, 0, {4056, -26944}, {0xF6, 0x4B, 0x66, 0xFF}}},
	{{{-8191, 1536, -8191}, 0, {650, -26944}, {0x2E, 0x72, 0x20, 0xFF}}},
	{{{-7167, 1024, -7167}, 0, {2352, -25242}, {0x09, 0x7A, 0x23, 0xFF}}},
	{{{-6143, 2560, -8191}, 0, {4056, -26944}, {0xF6, 0x4B, 0x66, 0xFF}}},
	{{{8093, 1936, -6029}, 0, {432, 1198}, {0xB4, 0x65, 0x05, 0xFF}}},
	{{{8093, 1936, -5934}, 0, {590, 1208}, {0xB8, 0x5E, 0x2E, 0xFF}}},
	{{{8093, 2064, -5934}, 0, {602, 998}, {0x81, 0x01, 0x00, 0xFF}}},
	{{{8093, 1936, -6029}, 0, {432, 1198}, {0xB4, 0x65, 0x05, 0xFF}}},
	{{{8093, 2085, -5982}, 0, {524, 962}, {0x81, 0x08, 0x00, 0xFF}}},
	{{{8093, 1936, -6029}, 0, {432, 1198}, {0xB4, 0x65, 0x05, 0xFF}}},
	{{{8093, 2064, -6029}, 0, {444, 990}, {0x81, 0x02, 0xFD, 0xFF}}},
	{{{8093, 1936, -6029}, 0, {432, 1198}, {0xB4, 0x65, 0x05, 0xFF}}},
	{{{8192, 2560, -8191}, 0, {-3102, 0}, {0x98, 0x33, 0x34, 0xFF}}},
	{{{8093, 2085, -5982}, 0, {524, 962}, {0x81, 0x08, 0x00, 0xFF}}},
	{{{8192, 2560, -8191}, 0, {-3102, 0}, {0x98, 0x33, 0x34, 0xFF}}},
	{{{8093, 1936, -5934}, 0, {590, 1208}, {0xB8, 0x5E, 0x2E, 0xFF}}},
	{{{7680, 768, 0}, 0, {10348, 3740}, {0xD6, 0x78, 0x00, 0xFF}}},
	{{{8192, 1855, 1024}, 0, {12144, 1906}, {0x84, 0x1C, 0xFF, 0xFF}}},
	{{{8093, 2085, -5982}, 0, {524, 962}, {0x81, 0x08, 0x00, 0xFF}}},
	{{{8192, 1855, 1024}, 0, {12144, 1906}, {0x84, 0x1C, 0xFF, 0xFF}}},
	{{{8192, 2720, -5119}, 0, {2012, 0}, {0x82, 0x12, 0x00, 0xFF}}},
	{{{8192, 2720, -5119}, 0, {2012, 0}, {0x82, 0x12, 0x00, 0xFF}}},
	{{{8192, 2560, -8191}, 0, {-3102, 0}, {0x98, 0x33, 0x34, 0xFF}}},
	{{{8093, 1936, -6029}, 0, {-1052, 0}, {0xB4, 0x65, 0x05, 0xFF}}},
	{{{8192, 2560, -8191}, 0, {-1052, -3778}, {0x98, 0x33, 0x34, 0xFF}}},
	{{{7680, 2080, -7679}, 0, {-2016, -2702}, {0xF7, 0x7C, 0x1A, 0xFF}}},
	{{{6289, 912, -2653}, 0, {24738, -17732}, {0x58, 0x45, 0x3C, 0xFF}}},
	{{{7680, 768, 0}, 0, {27050, -13318}, {0xD6, 0x78, 0x00, 0xFF}}},
	{{{7029, 912, -3999}, 0, {25968, -19972}, {0x17, 0x76, 0x28, 0xFF}}},
	{{{7680, 768, 0}, 0, {27050, -13318}, {0xD6, 0x78, 0x00, 0xFF}}},
	{{{8093, 1936, -5934}, 0, {27920, -23520}, {0xB8, 0x5E, 0x2E, 0xFF}}},
	{{{7029, 912, -3999}, 0, {25968, -19972}, {0x17, 0x76, 0x28, 0xFF}}},
	{{{3840, 2048, 8192}, 0, {20664, 308}, {0xF6, 0x6C, 0xBF, 0xFF}}},
	{{{7686, 768, 7100}, 0, {27060, -1506}, {0xED, 0x7D, 0xF9, 0xFF}}},
	{{{768, 768, 7168}, 0, {15554, -1394}, {0xEE, 0x78, 0xDC, 0xFF}}},
	{{{6289, 1936, -2653}, 0, {24738, -17732}, {0x30, 0x69, 0x34, 0xFF}}},
	{{{8093, 1936, -5934}, 0, {27920, -23520}, {0xB8, 0x5E, 0x2E, 0xFF}}},
	{{{8093, 1936, -6029}, 0, {27852, -23556}, {0xB4, 0x65, 0x05, 0xFF}}},
	{{{8093, 1936, -5934}, 0, {9204, 6322}, {0xB8, 0x5E, 0x2E, 0xFF}}},
	{{{6289, 912, -2653}, 0, {3412, 4224}, {0x58, 0x45, 0x3C, 0xFF}}},
	{{{7029, 912, -3999}, 0, {5222, 5504}, {0x17, 0x76, 0x28, 0xFF}}},
	{{{8093, 1936, -5934}, 0, {9204, 6322}, {0xB8, 0x5E, 0x2E, 0xFF}}},
	{{{6289, 1936, -2653}, 0, {4554, 3032}, {0x30, 0x69, 0x34, 0xFF}}},
	{{{6289, 912, -2653}, 0, {3412, 4224}, {0x58, 0x45, 0x3C, 0xFF}}},
	{{{6289, 1936, -2653}, 0, {4554, 3032}, {0x30, 0x69, 0x34, 0xFF}}},
	{{{3097, 1741, -733}, 0, {-152, -1010}, {0x0D, 0x56, 0x5C, 0xFF}}},
	{{{5468, 912, -1870}, 0, {2012, 3032}, {0x35, 0x4E, 0x54, 0xFF}}},
	{{{6289, 912, -2653}, 0, {3412, 4224}, {0x58, 0x45, 0x3C, 0xFF}}},
	{{{6289, 1936, -2653}, 0, {4554, 3032}, {0x30, 0x69, 0x34, 0xFF}}},
	{{{5468, 912, -1870}, 0, {2012, 3032}, {0x35, 0x4E, 0x54, 0xFF}}},
	{{{768, 768, 5888}, 0, {15554, -3524}, {0xFA, 0x76, 0x2F, 0xFF}}},
	{{{768, 768, 7168}, 0, {15554, -1394}, {0xEE, 0x78, 0xDC, 0xFF}}},
	{{{7686, 768, 7100}, 0, {27060, -1506}, {0xED, 0x7D, 0xF9, 0xFF}}},
	{{{-3071, 640, 8192}, 0, {9166, 308}, {0xFB, 0x63, 0xB1, 0xFF}}},
	{{{3840, 2048, 8192}, 0, {20664, 308}, {0xF6, 0x6C, 0xBF, 0xFF}}},
	{{{768, 768, 7680}, 0, {15554, -542}, {0xEC, 0x66, 0xB7, 0xFF}}},
	{{{-3071, 0, 7168}, 0, {9166, -1394}, {0xFF, 0x7C, 0xE5, 0xFF}}},
	{{{768, 0, 7168}, 0, {15554, -1394}, {0x00, 0x7C, 0xE4, 0xFF}}},
	{{{768, 768, 7168}, 0, {15554, -1394}, {0xEE, 0x78, 0xDC, 0xFF}}},
	{{{768, 768, 7680}, 0, {15554, -542}, {0xEC, 0x66, 0xB7, 0xFF}}},
	{{{3840, 2048, 8192}, 0, {20664, 308}, {0xF6, 0x6C, 0xBF, 0xFF}}},
	{{{7686, 768, 7100}, 0, {27060, -1506}, {0xED, 0x7D, 0xF9, 0xFF}}},
	{{{3840, 2048, 8192}, 0, {20664, 308}, {0xF6, 0x6C, 0xBF, 0xFF}}},
	{{{8192, 1024, 8192}, 0, {27902, 308}, {0xD5, 0x77, 0xF9, 0xFF}}},
	{{{-869, 1024, -5528}, 0, {12830, -22514}, {0xF0, 0x7E, 0x0A, 0xFF}}},
	{{{3072, 2513, -7679}, 0, {19386, -26092}, {0xF2, 0x7E, 0x00, 0xFF}}},
	{{{3072, 2513, -8191}, 0, {19386, -26944}, {0x01, 0x6E, 0x40, 0xFF}}},
	{{{3072, 2513, -8191}, 0, {19386, -26944}, {0x01, 0x6E, 0x40, 0xFF}}},
	{{{-3105, 1024, -6549}, 0, {9108, -24214}, {0xFE, 0x71, 0x39, 0xFF}}},
	{{{-3071, 640, 8192}, 0, {9166, 308}, {0xFB, 0x63, 0xB1, 0xFF}}},
	{{{768, 768, 7680}, 0, {15554, -542}, {0xEC, 0x66, 0xB7, 0xFF}}},
	{{{-3071, 0, 7168}, 0, {9166, -1394}, {0xFF, 0x7C, 0xE5, 0xFF}}},
	{{{-8191, 1280, 8192}, 0, {650, 308}, {0x4D, 0x5F, 0xE0, 0xFF}}},
	{{{-3071, 640, 8192}, 0, {9166, 308}, {0xFB, 0x63, 0xB1, 0xFF}}},
	{{{-3071, 0, 7168}, 0, {9166, -1394}, {0xFF, 0x7C, 0xE5, 0xFF}}},
	{{{7686, 768, 7100}, 0, {27060, -1506}, {0xED, 0x7D, 0xF9, 0xFF}}},
	{{{5888, 1024, 5120}, 0, {24070, -4802}, {0x08, 0x7E, 0x08, 0xFF}}},
	{{{4864, 1024, 5120}, 0, {22366, -4802}, {0xF7, 0x7F, 0x06, 0xFF}}},
	{{{5888, 1024, 4096}, 0, {24070, -6504}, {0x0B, 0x7F, 0xFE, 0xFF}}},
	{{{7686, 768, 7100}, 0, {27060, -1506}, {0xED, 0x7D, 0xF9, 0xFF}}},
	{{{1792, 768, 5376}, 0, {17256, -4376}, {0xFD, 0x7F, 0x03, 0xFF}}},
	{{{768, 768, 5888}, 0, {15554, -3524}, {0xFA, 0x76, 0x2F, 0xFF}}},
	{{{7686, 768, 7100}, 0, {27060, -1506}, {0xED, 0x7D, 0xF9, 0xFF}}},
	{{{7686, 768, 7100}, 0, {27060, -1506}, {0xED, 0x7D, 0xF9, 0xFF}}},
	{{{8192, 1024, 8192}, 0, {27902, 308}, {0xD5, 0x77, 0xF9, 0xFF}}},
	{{{8192, 2560, 4096}, 0, {27902, -6504}, {0x90, 0x3B, 0x04, 0xFF}}},
	{{{3097, 1741, -733}, 0, {-152, -1010}, {0x0D, 0x56, 0x5C, 0xFF}}},
	{{{3584, 656, -767}, 0, {-894, 822}, {0x0B, 0x7C, 0x1B, 0xFF}}},
	{{{5468, 912, -1870}, 0, {2012, 3032}, {0x35, 0x4E, 0x54, 0xFF}}},
	{{{-7167, 0, 7168}, 0, {2352, -1394}, {0x0F, 0x7D, 0xF1, 0xFF}}},
	{{{-7167, 0, 4096}, 0, {2352, -6504}, {0x2C, 0x77, 0x06, 0xFF}}},
	{{{-5375, 0, 6464}, 0, {5334, -2566}, {0x00, 0x7F, 0x00, 0xFF}}},
	{{{-3071, 0, 7168}, 0, {9166, -1394}, {0xFF, 0x7C, 0xE5, 0xFF}}},
	{{{-3583, 0, 5888}, 0, {8314, -3524}, {0xF6, 0x7F, 0x01, 0xFF}}},
	{{{-7167, 0, 7168}, 0, {2352, -1394}, {0x0F, 0x7D, 0xF1, 0xFF}}},
	{{{-8191, 1280, 8192}, 0, {650, 308}, {0x4D, 0x5F, 0xE0, 0xFF}}},
	{{{-7167, 1024, 4096}, 0, {990, -470}, {0x60, 0x53, 0x09, 0xFF}}},
	{{{-8191, 1280, 8192}, 0, {-5028, -836}, {0x4D, 0x5F, 0xE0, 0xFF}}},
	{{{-7167, 0, 4096}, 0, {990, 990}, {0x2C, 0x77, 0x06, 0xFF}}},
	{{{-7167, 1024, 4096}, 0, {2352, -6504}, {0x60, 0x53, 0x09, 0xFF}}},
	{{{-8191, 2048, 0}, 0, {650, -13318}, {0x55, 0x5F, 0x02, 0xFF}}},
	{{{-8191, 1280, 8192}, 0, {650, 308}, {0x4D, 0x5F, 0xE0, 0xFF}}},
	{{{-6015, 0, 6464}, 0, {4268, -2566}, {0x00, 0x7F, 0x00, 0xFF}}},
	{{{-7167, 0, 7168}, 0, {2352, -1394}, {0x0F, 0x7D, 0xF1, 0xFF}}},
	{{{-7167, 1024, 4096}, 0, {2352, -6504}, {0x60, 0x53, 0x09, 0xFF}}},
	{{{-8191, 1536, -8191}, 0, {650, -26944}, {0x2E, 0x72, 0x20, 0xFF}}},
	{{{-8191, 2048, 0}, 0, {650, -13318}, {0x55, 0x5F, 0x02, 0xFF}}},
	{{{4352, 3712, -8191}, 0, {1808, -702}, {0x00, 0x00, 0x7F, 0xFF}}},
	{{{512, 3328, -8191}, 0, {-3670, -206}, {0xFA, 0x39, 0x71, 0xFF}}},
	{{{3072, 2513, -8191}, 0, {0, 990}, {0x01, 0x6E, 0x40, 0xFF}}},
	{{{8192, 2560, -8191}, 0, {7268, 990}, {0x98, 0x33, 0x34, 0xFF}}},
	{{{3072, 2513, -8191}, 0, {0, 990}, {0x01, 0x6E, 0x40, 0xFF}}},
	{{{-4095, 1792, -8191}, 0, {7462, -26944}, {0x00, 0x68, 0x49, 0xFF}}},
	{{{-3151, 1024, -6526}, 0, {9032, -24174}, {0x06, 0x74, 0x32, 0xFF}}},
	{{{-3105, 1024, -6549}, 0, {9108, -24214}, {0xFE, 0x71, 0x39, 0xFF}}},
	{{{-4095, 1792, -8191}, 0, {7462, -26944}, {0x00, 0x68, 0x49, 0xFF}}},
	{{{-3105, 1024, -6549}, 0, {9108, -24214}, {0xFE, 0x71, 0x39, 0xFF}}},
	{{{512, 3328, -8191}, 0, {15128, -26944}, {0xFA, 0x39, 0x71, 0xFF}}},
	{{{-3105, 1024, -6549}, 0, {9108, -24214}, {0xFE, 0x71, 0x39, 0xFF}}},
	{{{3072, 2513, -8191}, 0, {19386, -26944}, {0x01, 0x6E, 0x40, 0xFF}}},
	{{{512, 3328, -8191}, 0, {15128, -26944}, {0xFA, 0x39, 0x71, 0xFF}}},
	{{{8192, 2560, -8191}, 0, {27902, -26944}, {0x98, 0x33, 0x34, 0xFF}}},
	{{{3072, 2513, -8191}, 0, {19386, -26944}, {0x01, 0x6E, 0x40, 0xFF}}},
	{{{7680, 2080, -7679}, 0, {27050, -26092}, {0xF7, 0x7C, 0x1A, 0xFF}}},
	{{{3072, 2513, -8191}, 0, {19386, -26944}, {0x01, 0x6E, 0x40, 0xFF}}},
	{{{6246, 2080, -6962}, 0, {24666, -24900}, {0x0B, 0x7F, 0x00, 0xFF}}},
	{{{6246, 2080, -7167}, 0, {24666, -25242}, {0x08, 0x7E, 0x08, 0xFF}}},
	{{{3072, 2513, -8191}, 0, {19386, -26944}, {0x01, 0x6E, 0x40, 0xFF}}},
	{{{6246, 2080, -7167}, 0, {24666, -25242}, {0x08, 0x7E, 0x08, 0xFF}}},
	{{{7680, 2080, -7679}, 0, {27050, -26092}, {0xF7, 0x7C, 0x1A, 0xFF}}},
	{{{3072, 2513, -8191}, 0, {19386, -26944}, {0x01, 0x6E, 0x40, 0xFF}}},
	{{{6265, 2080, -6527}, 0, {24696, -24176}, {0x0A, 0x7F, 0x01, 0xFF}}},
	{{{6246, 2080, -6962}, 0, {24666, -24900}, {0x0B, 0x7F, 0x00, 0xFF}}},
	{{{7680, 2080, -7679}, 0, {27050, -26092}, {0xF7, 0x7C, 0x1A, 0xFF}}},
	{{{6451, 2080, -6962}, 0, {25006, -24900}, {0x03, 0x7F, 0x03, 0xFF}}},
	{{{8093, 1936, -6029}, 0, {27852, -23556}, {0xB4, 0x65, 0x05, 0xFF}}},
	{{{-4095, 1024, -2943}, 0, {7462, -18216}, {0x1C, 0x7C, 0x07, 0xFF}}},
	{{{-2559, 768, -2815}, 0, {10018, -18002}, {0x11, 0x7E, 0x05, 0xFF}}},
	{{{-3445, 777, -4662}, 0, {8544, -21074}, {0x1B, 0x7B, 0xF3, 0xFF}}},
	{{{-4095, 1024, -3967}, 0, {7462, -19918}, {0x19, 0x7B, 0xEC, 0xFF}}},
	{{{-4095, 1024, -2943}, 0, {7462, -18216}, {0x1C, 0x7C, 0x07, 0xFF}}},
	{{{-3445, 777, -4662}, 0, {8544, -21074}, {0x1B, 0x7B, 0xF3, 0xFF}}},
	{{{-4095, 1024, -3967}, 0, {7462, -19918}, {0x19, 0x7B, 0xEC, 0xFF}}},
	{{{-3445, 777, -4662}, 0, {8544, -21074}, {0x1B, 0x7B, 0xF3, 0xFF}}},
	{{{-4132, 513, -6035}, 0, {7402, -23358}, {0x12, 0x7D, 0xF1, 0xFF}}},
	{{{6265, 2080, -6527}, 0, {24696, -24176}, {0x0A, 0x7F, 0x01, 0xFF}}},
	{{{3072, 2513, -8191}, 0, {19386, -26944}, {0x01, 0x6E, 0x40, 0xFF}}},
	{{{3072, 2513, -7679}, 0, {19386, -26092}, {0xF2, 0x7E, 0x00, 0xFF}}},
	{{{6246, 2080, -6962}, 0, {24666, -24900}, {0x0B, 0x7F, 0x00, 0xFF}}},
	{{{6265, 2080, -6527}, 0, {24696, -24176}, {0x0A, 0x7F, 0x01, 0xFF}}},
	{{{6451, 2080, -6962}, 0, {25006, -24900}, {0x03, 0x7F, 0x03, 0xFF}}},
	{{{6265, 2080, -6527}, 0, {24696, -24176}, {0x0A, 0x7F, 0x01, 0xFF}}},
	{{{8093, 1936, -6029}, 0, {27852, -23556}, {0xB4, 0x65, 0x05, 0xFF}}},
	{{{6451, 2080, -6962}, 0, {25006, -24900}, {0x03, 0x7F, 0x03, 0xFF}}},
	{{{6252, 1936, -2700}, 0, {24676, -17810}, {0x01, 0x7F, 0x02, 0xFF}}},
	{{{6289, 1936, -2653}, 0, {24738, -17732}, {0x30, 0x69, 0x34, 0xFF}}},
	{{{8093, 1936, -6029}, 0, {27852, -23556}, {0xB4, 0x65, 0x05, 0xFF}}},
	{{{8093, 1936, -6029}, 0, {27852, -23556}, {0xB4, 0x65, 0x05, 0xFF}}},
	{{{-2559, 179, 5376}, 0, {10018, -4376}, {0xF1, 0x7E, 0x00, 0xFF}}},
	{{{-1535, 256, 5376}, 0, {11720, -4376}, {0xFF, 0x7D, 0xEA, 0xFF}}},
	{{{-4095, 0, 4096}, 0, {7462, -6504}, {0xFC, 0x7F, 0xF8, 0xFF}}},
	{{{-4799, 0, 5888}, 0, {6292, -3524}, {0x00, 0x7F, 0x00, 0xFF}}},
	{{{-5375, 0, 6464}, 0, {5334, -2566}, {0x00, 0x7F, 0x00, 0xFF}}},
	{{{-3583, 0, 5888}, 0, {8314, -3524}, {0xF6, 0x7F, 0x01, 0xFF}}},
	{{{-4095, 0, 4096}, 0, {7462, -6504}, {0xFC, 0x7F, 0xF8, 0xFF}}},
	{{{-3583, 0, 5376}, 0, {8314, -4376}, {0xF9, 0x7F, 0x01, 0xFF}}},
	{{{-2559, 179, 5376}, 0, {10018, -4376}, {0xF1, 0x7E, 0x00, 0xFF}}},
	{{{-4095, 0, 4096}, 0, {7462, -6504}, {0xFC, 0x7F, 0xF8, 0xFF}}},
	{{{-1535, 256, 5376}, 0, {11720, -4376}, {0xFF, 0x7D, 0xEA, 0xFF}}},
	{{{-921, 0, 4865}, 0, {12742, -5226}, {0x05, 0x74, 0xCD, 0xFF}}},
	{{{-1535, 256, 5376}, 0, {11720, -4376}, {0xFF, 0x7D, 0xEA, 0xFF}}},
	{{{-921, 256, 5375}, 0, {12742, -4376}, {0xF9, 0x6B, 0xBC, 0xFF}}},
	{{{-921, 0, 4865}, 0, {12742, -5226}, {0x05, 0x74, 0xCD, 0xFF}}},
	{{{2304, 768, 4864}, 0, {18108, -5228}, {0xFC, 0x7F, 0xFE, 0xFF}}},
	{{{1792, 768, 5376}, 0, {17256, -4376}, {0xFD, 0x7F, 0x03, 0xFF}}},
	{{{4864, 1024, 5120}, 0, {22366, -4802}, {0xF7, 0x7F, 0x06, 0xFF}}},
	{{{768, 0, 7168}, 0, {15554, -1394}, {0x00, 0x7C, 0xE4, 0xFF}}},
	{{{768, 0, 5888}, 0, {15554, -3524}, {0x00, 0x7F, 0x00, 0xFF}}},
	{{{256, 0, 6400}, 0, {14702, -2672}, {0x00, 0x7F, 0x00, 0xFF}}},
	{{{3060, 1741, -780}, 0, {19366, -14616}, {0xE1, 0x79, 0x18, 0xFF}}},
	{{{6289, 1936, -2653}, 0, {24738, -17732}, {0x30, 0x69, 0x34, 0xFF}}},
	{{{6252, 1936, -2700}, 0, {24676, -17810}, {0x01, 0x7F, 0x02, 0xFF}}},
	{{{3097, 1741, -733}, 0, {19426, -14538}, {0x0D, 0x56, 0x5C, 0xFF}}},
	{{{3060, 1741, -780}, 0, {19366, -14616}, {0xE1, 0x79, 0x18, 0xFF}}},
	{{{2079, 1368, -1535}, 0, {17734, -15872}, {0xB3, 0x50, 0x3C, 0xFF}}},
	{{{3060, 1741, -780}, 0, {19366, -14616}, {0xE1, 0x79, 0x18, 0xFF}}},
	{{{3097, 1741, -733}, 0, {19426, -14538}, {0x0D, 0x56, 0x5C, 0xFF}}},
	{{{6289, 1936, -2653}, 0, {24738, -17732}, {0x30, 0x69, 0x34, 0xFF}}},
	{{{8192, 1855, 1024}, 0, {12144, 1906}, {0x84, 0x1C, 0xFF, 0xFF}}},
	{{{8093, 2064, -5934}, 0, {602, 998}, {0x81, 0x01, 0x00, 0xFF}}},
	{{{8093, 1936, -5934}, 0, {590, 1208}, {0xB8, 0x5E, 0x2E, 0xFF}}},
	{{{8093, 2085, -5982}, 0, {524, 962}, {0x81, 0x08, 0x00, 0xFF}}},
	{{{-921, 0, 6400}, 0, {12742, -2672}, {0x03, 0x7C, 0x19, 0xFF}}},
	{{{-3071, 0, 7168}, 0, {9166, -1394}, {0xFF, 0x7C, 0xE5, 0xFF}}},
	{{{-383, 0, 6400}, 0, {13638, -2672}, {0x00, 0x7F, 0x00, 0xFF}}},
	{{{-921, 0, 5888}, 0, {12742, -3524}, {0x00, 0x7F, 0x00, 0xFF}}},
	{{{-3071, 0, 7168}, 0, {9166, -1394}, {0xFF, 0x7C, 0xE5, 0xFF}}},
	{{{768, 0, 7168}, 0, {15554, -1394}, {0x00, 0x7C, 0xE4, 0xFF}}},
	{{{256, 0, 6400}, 0, {14702, -2672}, {0x00, 0x7F, 0x00, 0xFF}}},
	{{{-6591, 0, 5312}, 0, {3310, -4482}, {0x00, 0x7F, 0x00, 0xFF}}},
	{{{-7167, 0, 4096}, 0, {2352, -6504}, {0x2C, 0x77, 0x06, 0xFF}}},
	{{{-7167, 0, 7168}, 0, {2352, -1394}, {0x0F, 0x7D, 0xF1, 0xFF}}},
	{{{-6015, 0, 4736}, 0, {4268, -5440}, {0x00, 0x7F, 0x00, 0xFF}}},
	{{{-5375, 0, 4736}, 0, {5334, -5440}, {0x00, 0x7F, 0x00, 0xFF}}},
	{{{-6015, 0, 6464}, 0, {4268, -2566}, {0x00, 0x7F, 0x00, 0xFF}}},
	{{{-6591, 0, 5888}, 0, {3310, -3524}, {0x00, 0x7F, 0x00, 0xFF}}},
	{{{-7167, 0, 7168}, 0, {2352, -1394}, {0x0F, 0x7D, 0xF1, 0xFF}}},
	{{{-2458, 1024, -5155}, 0, {10184, -21894}, {0x00, 0x7F, 0x00, 0xFF}}},
	{{{-2285, 1024, -4812}, 0, {10472, -21324}, {0x00, 0x7F, 0x00, 0xFF}}},
	{{{-2240, 1024, -4835}, 0, {10548, -21362}, {0x00, 0x7F, 0x00, 0xFF}}},
	{{{-2413, 1024, -5178}, 0, {10260, -21932}, {0x00, 0x7F, 0x00, 0xFF}}},
	{{{-869, 1024, -5528}, 0, {12830, -22514}, {0xF0, 0x7E, 0x0A, 0xFF}}},
	{{{-3105, 1024, -6549}, 0, {9108, -24214}, {0xFE, 0x71, 0x39, 0xFF}}},
	{{{1280, 768, 3328}, 0, {16406, -7782}, {0x00, 0x7F, 0x00, 0xFF}}},
	{{{2304, 768, 4352}, 0, {18108, -6078}, {0xFC, 0x7F, 0xFF, 0xFF}}},
	{{{1692, 768, 3192}, 0, {17092, -8008}, {0x00, 0x7F, 0x00, 0xFF}}},
	{{{-1535, 768, 1536}, 0, {11720, -10762}, {0x00, 0x7F, 0x00, 0xFF}}},
	{{{1024, 768, 171}, 0, {15980, -13034}, {0x00, 0x7F, 0x00, 0xFF}}},
	{{{1888, 768, 720}, 0, {17416, -12120}, {0x00, 0x7F, 0x00, 0xFF}}},
	{{{1212, 768, -123}, 0, {16292, -13524}, {0x00, 0x7F, 0x00, 0xFF}}},
	{{{2076, 768, 425}, 0, {17728, -12610}, {0x00, 0x7F, 0x00, 0xFF}}},
	{{{2304, 768, 4352}, 0, {18108, -6078}, {0xFC, 0x7F, 0xFF, 0xFF}}},
	{{{2304, 768, 4864}, 0, {18108, -5228}, {0xFC, 0x7F, 0xFE, 0xFF}}},
	{{{4864, 1024, 5120}, 0, {22366, -4802}, {0xF7, 0x7F, 0x06, 0xFF}}},
	{{{4864, 1024, 4096}, 0, {22366, -6504}, {0xF8, 0x7F, 0xF9, 0xFF}}},
	{{{-7167, 768, 512}, 0, {2352, -12466}, {0x00, 0x7F, 0x00, 0xFF}}},
	{{{-3368, 768, 246}, 0, {8672, -12908}, {0x00, 0x7F, 0x00, 0xFF}}},
	{{{-3503, 768, 111}, 0, {8448, -13134}, {0x00, 0x7F, 0x00, 0xFF}}},
	{{{-3071, 768, 512}, 0, {9166, -12466}, {0x00, 0x7F, 0x00, 0xFF}}},
	{{{-3071, 768, 3072}, 0, {9166, -8208}, {0x00, 0x7F, 0x00, 0xFF}}},
	{{{-4095, 768, 4096}, 0, {7462, -6504}, {0x00, 0x7F, 0x00, 0xFF}}},
	{{{-7167, 768, 4096}, 0, {2352, -6504}, {0x00, 0x7F, 0x00, 0xFF}}},
	{{{7680, 2080, -7679}, 0, {27050, -26092}, {0xF7, 0x7C, 0x1A, 0xFF}}},
	{{{6246, 2080, -7167}, 0, {24666, -25242}, {0x08, 0x7E, 0x08, 0xFF}}},
	{{{6451, 2080, -7167}, 0, {25006, -25242}, {0x00, 0x7F, 0x00, 0xFF}}},
	{{{6451, 2080, -6962}, 0, {25006, -24900}, {0x03, 0x7F, 0x03, 0xFF}}},
	{{{-7167, 0, 4096}, 0, {2352, -6504}, {0x2C, 0x77, 0x06, 0xFF}}},
	{{{-4095, 0, 4096}, 0, {7462, -6504}, {0xFC, 0x7F, 0xF8, 0xFF}}},
	{{{-3583, 0, 5376}, 0, {8314, -4376}, {0xF9, 0x7F, 0x01, 0xFF}}},
	{{{-4799, 0, 5312}, 0, {6292, -4482}, {0x00, 0x7F, 0x00, 0xFF}}},
	{{{-3231, 1024, -159}, 0, {8900, -13584}, {0x00, 0x7F, 0x00, 0xFF}}},
	{{{-4991, 1024, -2431}, 0, {5972, -17364}, {0x07, 0x7F, 0xFE, 0xFF}}},
	{{{-3503, 1024, 111}, 0, {8448, -13134}, {0x00, 0x7F, 0x00, 0xFF}}},
	{{{-7167, 1024, 512}, 0, {2352, -12466}, {0x00, 0x7F, 0x00, 0xFF}}},
	{{{-3503, 1024, 111}, 0, {8448, -13134}, {0x00, 0x7F, 0x00, 0xFF}}},
	{{{-4991, 1024, -2431}, 0, {5972, -17364}, {0x07, 0x7F, 0xFE, 0xFF}}},
	{{{-5887, 1024, -2943}, 0, {4482, -18216}, {0x00, 0x7F, 0x00, 0xFF}}},
	{{{-6015, 1024, -3839}, 0, {4268, -19706}, {0x00, 0x7F, 0x00, 0xFF}}},
	{{{-7167, 1024, -7167}, 0, {2352, -25242}, {0x09, 0x7A, 0x23, 0xFF}}},
	{{{5888, 3072, 1230}, 0, {0, 0}, {0x00, 0x7F, 0x00, 0xFF}}},
	{{{4454, 3072, 1127}, 0, {1222, 2546}, {0x00, 0x7F, 0x00, 0xFF}}},
	{{{4454, 3072, 1332}, 0, {1576, 2342}, {0x00, 0x7F, 0x00, 0xFF}}},
	{{{5120, 3072, -99}, 0, {-1564, 2622}, {0x00, 0x7F, 0x00, 0xFF}}},
	{{{3584, 3072, -99}, 0, {0, 5276}, {0x00, 0x7F, 0x00, 0xFF}}},
	{{{4250, 3072, 1127}, 0, {1426, 2900}, {0x00, 0x7F, 0x00, 0xFF}}},
	{{{2816, 3072, 1230}, 0, {3034, 5276}, {0x00, 0x7F, 0x00, 0xFF}}},
	{{{4250, 3072, 1332}, 0, {1780, 2696}, {0x00, 0x7F, 0x00, 0xFF}}},
	{{{3584, 3072, 2560}, 0, {4566, 2622}, {0x00, 0x7F, 0x00, 0xFF}}},
	{{{5120, 3072, 2560}, 0, {3034, 0}, {0x00, 0x7F, 0x00, 0xFF}}},
};

Gfx bob_dl_bob_seg7_dl_07004390_mesh_mesh_layer_1_tri_0[] = {
	gsSPVertex(bob_dl_bob_seg7_dl_07004390_mesh_mesh_layer_1_vtx_0 + 0, 64, 0),
	gsSP2Triangles(0, 1, 2, 0, 3, 4, 5, 0),
	gsSP2Triangles(6, 7, 8, 0, 9, 10, 11, 0),
	gsSP2Triangles(12, 13, 10, 0, 14, 13, 15, 0),
	gsSP2Triangles(16, 17, 18, 0, 19, 20, 21, 0),
	gsSP2Triangles(21, 22, 23, 0, 24, 25, 26, 0),
	gsSP2Triangles(27, 28, 29, 0, 3, 30, 31, 0),
	gsSP2Triangles(32, 33, 34, 0, 35, 36, 37, 0),
	gsSP2Triangles(38, 39, 40, 0, 41, 42, 43, 0),
	gsSP2Triangles(44, 45, 46, 0, 47, 48, 49, 0),
	gsSP2Triangles(50, 51, 52, 0, 53, 54, 55, 0),
	gsSP2Triangles(56, 57, 58, 0, 47, 59, 60, 0),
	gsSP1Triangle(61, 62, 63, 0),
	gsSPVertex(bob_dl_bob_seg7_dl_07004390_mesh_mesh_layer_1_vtx_0 + 64, 64, 0),
	gsSP2Triangles(0, 1, 2, 0, 3, 4, 5, 0),
	gsSP2Triangles(6, 7, 8, 0, 9, 10, 11, 0),
	gsSP2Triangles(12, 13, 14, 0, 15, 16, 17, 0),
	gsSP2Triangles(18, 17, 19, 0, 20, 19, 21, 0),
	gsSP2Triangles(22, 21, 23, 0, 24, 25, 21, 0),
	gsSP2Triangles(26, 27, 28, 0, 29, 30, 31, 0),
	gsSP2Triangles(19, 32, 33, 0, 34, 35, 36, 0),
	gsSP2Triangles(37, 38, 39, 0, 40, 41, 42, 0),
	gsSP2Triangles(43, 44, 45, 0, 46, 47, 48, 0),
	gsSP2Triangles(49, 50, 51, 0, 52, 53, 54, 0),
	gsSP2Triangles(55, 56, 57, 0, 58, 59, 60, 0),
	gsSP1Triangle(61, 62, 63, 0),
	gsSPVertex(bob_dl_bob_seg7_dl_07004390_mesh_mesh_layer_1_vtx_0 + 128, 62, 0),
	gsSP2Triangles(0, 1, 2, 0, 3, 2, 4, 0),
	gsSP2Triangles(5, 6, 7, 0, 8, 9, 10, 0),
	gsSP2Triangles(11, 12, 13, 0, 14, 15, 11, 0),
	gsSP2Triangles(16, 17, 18, 0, 19, 20, 21, 0),
	gsSP2Triangles(22, 23, 24, 0, 25, 23, 26, 0),
	gsSP2Triangles(27, 28, 22, 0, 24, 27, 29, 0),
	gsSP2Triangles(30, 31, 32, 0, 33, 34, 35, 0),
	gsSP2Triangles(19, 36, 37, 0, 38, 39, 40, 0),
	gsSP2Triangles(21, 38, 36, 0, 18, 41, 42, 0),
	gsSP2Triangles(43, 44, 45, 0, 46, 47, 48, 0),
	gsSP2Triangles(38, 49, 50, 0, 51, 52, 53, 0),
	gsSP2Triangles(54, 55, 56, 0, 57, 54, 58, 0),
	gsSP1Triangle(59, 60, 61, 0),
	gsSPVertex(bob_dl_bob_seg7_dl_07004390_mesh_mesh_layer_1_vtx_0 + 190, 64, 0),
	gsSP2Triangles(0, 1, 2, 0, 3, 4, 5, 0),
	gsSP2Triangles(6, 7, 8, 0, 9, 10, 11, 0),
	gsSP2Triangles(12, 13, 14, 0, 15, 16, 17, 0),
	gsSP2Triangles(18, 19, 20, 0, 21, 22, 23, 0),
	gsSP2Triangles(24, 25, 26, 0, 27, 28, 29, 0),
	gsSP2Triangles(30, 31, 32, 0, 33, 34, 35, 0),
	gsSP2Triangles(36, 37, 38, 0, 39, 40, 41, 0),
	gsSP2Triangles(39, 42, 36, 0, 43, 44, 45, 0),
	gsSP2Triangles(46, 47, 48, 0, 49, 50, 51, 0),
	gsSP2Triangles(52, 53, 54, 0, 55, 56, 57, 0),
	gsSP2Triangles(58, 59, 60, 0, 61, 62, 63, 0),
	gsSPVertex(bob_dl_bob_seg7_dl_07004390_mesh_mesh_layer_1_vtx_0 + 254, 64, 0),
	gsSP2Triangles(0, 1, 2, 0, 3, 4, 5, 0),
	gsSP2Triangles(6, 7, 8, 0, 9, 10, 11, 0),
	gsSP2Triangles(12, 10, 9, 0, 13, 14, 15, 0),
	gsSP2Triangles(15, 16, 13, 0, 17, 18, 15, 0),
	gsSP2Triangles(18, 19, 15, 0, 20, 21, 22, 0),
	gsSP2Triangles(20, 23, 21, 0, 23, 24, 21, 0),
	gsSP2Triangles(25, 26, 27, 0, 27, 26, 20, 0),
	gsSP2Triangles(28, 29, 30, 0, 28, 30, 31, 0),
	gsSP2Triangles(30, 32, 31, 0, 31, 32, 33, 0),
	gsSP2Triangles(34, 35, 36, 0, 34, 36, 37, 0),
	gsSP2Triangles(37, 36, 38, 0, 36, 39, 38, 0),
	gsSP2Triangles(39, 40, 38, 0, 39, 41, 40, 0),
	gsSP2Triangles(42, 43, 44, 0, 42, 44, 45, 0),
	gsSP2Triangles(46, 47, 48, 0, 46, 49, 47, 0),
	gsSP2Triangles(49, 46, 50, 0, 51, 50, 46, 0),
	gsSP2Triangles(46, 52, 51, 0, 53, 54, 55, 0),
	gsSP2Triangles(53, 55, 56, 0, 57, 24, 58, 0),
	gsSP2Triangles(58, 24, 59, 0, 59, 24, 60, 0),
	gsSP1Triangle(61, 62, 63, 0),
	gsSPVertex(bob_dl_bob_seg7_dl_07004390_mesh_mesh_layer_1_vtx_0 + 318, 16, 0),
	gsSP2Triangles(0, 1, 2, 0, 0, 2, 3, 0),
	gsSP2Triangles(0, 3, 4, 0, 5, 0, 4, 0),
	gsSP2Triangles(6, 7, 8, 0, 6, 9, 7, 0),
	gsSP2Triangles(7, 9, 10, 0, 11, 7, 10, 0),
	gsSP2Triangles(11, 10, 12, 0, 13, 11, 12, 0),
	gsSP2Triangles(14, 13, 12, 0, 14, 15, 13, 0),
	gsSP2Triangles(15, 8, 13, 0, 15, 6, 8, 0),
	gsSPEndDisplayList(),
};

Vtx bob_dl_bob_seg7_dl_07004390_mesh_mesh_layer_1_vtx_1[46] = {
	{{{768, 768, 5888}, 0, {990, 1484}, {0xFA, 0x76, 0x2F, 0xFF}}},
	{{{1792, 768, 4864}, 0, {-26, -1562}, {0x00, 0x7F, 0x00, 0xFF}}},
	{{{768, 768, 5376}, 0, {-26, 978}, {0xE9, 0x76, 0xD8, 0xFF}}},
	{{{768, 768, 5888}, 0, {990, 1484}, {0xFA, 0x76, 0x2F, 0xFF}}},
	{{{1792, 768, 5376}, 0, {990, -1054}, {0xFD, 0x7F, 0x03, 0xFF}}},
	{{{1792, 768, 5376}, 0, {990, 2010}, {0xFD, 0x7F, 0x03, 0xFF}}},
	{{{2304, 768, 4864}, 0, {990, 0}, {0xFC, 0x7F, 0xFE, 0xFF}}},
	{{{1792, 768, 4864}, 0, {0, 990}, {0x00, 0x7F, 0x00, 0xFF}}},
	{{{-1791, 768, 1792}, 0, {1020, 1252}, {0x00, 0x7F, 0x00, 0xFF}}},
	{{{-1535, 768, 2048}, 0, {1020, 222}, {0x00, 0x7F, 0x00, 0xFF}}},
	{{{-1535, 768, 1536}, 0, {-12, 1252}, {0x00, 0x7F, 0x00, 0xFF}}},
	{{{-921, 256, 5375}, 0, {0, -1256}, {0xF9, 0x6B, 0xBC, 0xFF}}},
	{{{-1535, 256, 5376}, 0, {0, 0}, {0xFF, 0x7D, 0xEA, 0xFF}}},
	{{{-1535, 256, 5888}, 0, {990, 0}, {0xFF, 0x7E, 0x10, 0xFF}}},
	{{{-921, 256, 5888}, 0, {990, -1256}, {0xEF, 0x76, 0x2C, 0xFF}}},
	{{{-921, 256, 5375}, 0, {0, -1256}, {0xF9, 0x6B, 0xBC, 0xFF}}},
	{{{-1535, 256, 5376}, 0, {0, 0}, {0xFF, 0x7D, 0xEA, 0xFF}}},
	{{{-2559, 179, 5376}, 0, {0, 2016}, {0xF1, 0x7E, 0x00, 0xFF}}},
	{{{-1535, 256, 5888}, 0, {990, 0}, {0xFF, 0x7E, 0x10, 0xFF}}},
	{{{-2559, 179, 5888}, 0, {990, 2016}, {0xF1, 0x7E, 0x05, 0xFF}}},
	{{{-1535, 256, 5888}, 0, {990, 0}, {0xFF, 0x7E, 0x10, 0xFF}}},
	{{{-2559, 179, 5376}, 0, {0, 2016}, {0xF1, 0x7E, 0x00, 0xFF}}},
	{{{-3583, 0, 5376}, 0, {0, 4080}, {0xF9, 0x7F, 0x01, 0xFF}}},
	{{{-3583, 0, 5888}, 0, {990, 4080}, {0xF6, 0x7F, 0x01, 0xFF}}},
	{{{-3583, 0, 5888}, 0, {990, 4080}, {0xF6, 0x7F, 0x01, 0xFF}}},
	{{{-2559, 179, 5888}, 0, {990, 2016}, {0xF1, 0x7E, 0x05, 0xFF}}},
	{{{-3583, 0, 5376}, 0, {60, 0}, {0xF9, 0x7F, 0x01, 0xFF}}},
	{{{-4799, 0, 5312}, 0, {-54, 2172}, {0x00, 0x7F, 0x00, 0xFF}}},
	{{{-4799, 0, 5888}, 0, {990, 2172}, {0x00, 0x7F, 0x00, 0xFF}}},
	{{{-3583, 0, 5888}, 0, {990, 0}, {0xF6, 0x7F, 0x01, 0xFF}}},
	{{{1792, 768, 4352}, 0, {990, 990}, {0x00, 0x7F, 0x00, 0xFF}}},
	{{{1792, 768, 4864}, 0, {990, 0}, {0x00, 0x7F, 0x00, 0xFF}}},
	{{{2304, 768, 4864}, 0, {0, 0}, {0xFC, 0x7F, 0xFE, 0xFF}}},
	{{{2304, 768, 4352}, 0, {0, 990}, {0xFC, 0x7F, 0xFF, 0xFF}}},
	{{{-1535, 768, 2048}, 0, {1030, 1316}, {0x00, 0x7F, 0x00, 0xFF}}},
	{{{1280, 768, 3840}, 0, {1030, -7894}, {0x00, 0x7F, 0x00, 0xFF}}},
	{{{-1535, 768, 1536}, 0, {0, 2024}, {0x00, 0x7F, 0x00, 0xFF}}},
	{{{1280, 768, 3328}, 0, {0, -7186}, {0x00, 0x7F, 0x00, 0xFF}}},
	{{{1280, 768, 3840}, 0, {1000, 1020}, {0x00, 0x7F, 0x00, 0xFF}}},
	{{{1792, 768, 4352}, 0, {1000, -1044}, {0x00, 0x7F, 0x00, 0xFF}}},
	{{{2304, 768, 4352}, 0, {0, -2076}, {0xFC, 0x7F, 0xFF, 0xFF}}},
	{{{1280, 768, 3328}, 0, {0, 2052}, {0x00, 0x7F, 0x00, 0xFF}}},
	{{{-3071, 768, 512}, 0, {0, 990}, {0x00, 0x7F, 0x00, 0xFF}}},
	{{{-2815, 768, 256}, 0, {990, 990}, {0x00, 0x7F, 0x00, 0xFF}}},
	{{{-3097, 768, -24}, 0, {990, 0}, {0x00, 0x7F, 0x00, 0xFF}}},
	{{{-3368, 768, 246}, 0, {-92, -34}, {0x00, 0x7F, 0x00, 0xFF}}},
};

Gfx bob_dl_bob_seg7_dl_07004390_mesh_mesh_layer_1_tri_1[] = {
	gsSPVertex(bob_dl_bob_seg7_dl_07004390_mesh_mesh_layer_1_vtx_1 + 0, 46, 0),
	gsSP2Triangles(0, 1, 2, 0, 3, 4, 1, 0),
	gsSP2Triangles(5, 6, 7, 0, 8, 9, 10, 0),
	gsSP2Triangles(11, 12, 13, 0, 14, 15, 13, 0),
	gsSP2Triangles(16, 17, 18, 0, 17, 19, 20, 0),
	gsSP2Triangles(21, 22, 23, 0, 21, 24, 25, 0),
	gsSP2Triangles(26, 27, 28, 0, 26, 28, 29, 0),
	gsSP2Triangles(30, 31, 32, 0, 30, 32, 33, 0),
	gsSP2Triangles(34, 35, 36, 0, 35, 37, 36, 0),
	gsSP2Triangles(38, 39, 40, 0, 38, 40, 41, 0),
	gsSP2Triangles(42, 43, 44, 0, 42, 44, 45, 0),
	gsSPEndDisplayList(),
};

Vtx bob_dl_bob_seg7_dl_07004390_mesh_mesh_layer_1_vtx_2[58] = {
	{{{768, 717, 5376}, 0, {6040, 0}, {0x1A, 0xAA, 0xA7, 0xFF}}},
	{{{768, 717, 5888}, 0, {6042, 2012}, {0x1A, 0xAA, 0x5A, 0xFF}}},
	{{{-921, 205, 5888}, 0, {-1004, 2012}, {0x1A, 0xAA, 0x5A, 0xFF}}},
	{{{-921, 205, 5376}, 0, {-1006, -28}, {0x1A, 0xA9, 0xA7, 0xFF}}},
	{{{768, 717, 5376}, 0, {6040, 0}, {0x1A, 0xAA, 0xA7, 0xFF}}},
	{{{-921, 205, 5888}, 0, {-1004, 2012}, {0x1A, 0xAA, 0x5A, 0xFF}}},
	{{{768, 717, 5376}, 0, {6040, 0}, {0x1A, 0xAA, 0xA7, 0xFF}}},
	{{{-921, 205, 5376}, 0, {-1006, -28}, {0x1A, 0xA9, 0xA7, 0xFF}}},
	{{{-921, 256, 5375}, 0, {-946, 0}, {0xF9, 0x6B, 0xBC, 0xFF}}},
	{{{768, 717, 5376}, 0, {6040, 0}, {0x1A, 0xAA, 0xA7, 0xFF}}},
	{{{-921, 256, 5375}, 0, {-946, 0}, {0xF9, 0x6B, 0xBC, 0xFF}}},
	{{{768, 768, 5376}, 0, {6100, 0}, {0xE9, 0x76, 0xD8, 0xFF}}},
	{{{-921, 256, 5888}, 0, {-946, 2012}, {0xEF, 0x76, 0x2C, 0xFF}}},
	{{{768, 768, 5376}, 0, {6100, 0}, {0xE9, 0x76, 0xD8, 0xFF}}},
	{{{-921, 256, 5375}, 0, {-946, 0}, {0xF9, 0x6B, 0xBC, 0xFF}}},
	{{{768, 768, 5888}, 0, {6100, 2012}, {0xFA, 0x76, 0x2F, 0xFF}}},
	{{{768, 768, 5376}, 0, {6100, 0}, {0xE9, 0x76, 0xD8, 0xFF}}},
	{{{-921, 205, 5888}, 0, {-1004, 2012}, {0x1A, 0xAA, 0x5A, 0xFF}}},
	{{{768, 717, 5888}, 0, {6042, 2012}, {0x1A, 0xAA, 0x5A, 0xFF}}},
	{{{768, 768, 5888}, 0, {6100, 2012}, {0xFA, 0x76, 0x2F, 0xFF}}},
	{{{-921, 205, 5888}, 0, {-1004, 2012}, {0x1A, 0xAA, 0x5A, 0xFF}}},
	{{{-921, 256, 5888}, 0, {-946, 2012}, {0xEF, 0x76, 0x2C, 0xFF}}},
	{{{3319, 2944, -1866}, 0, {0, 2012}, {0x72, 0xCD, 0xEA, 0xFF}}},
	{{{3319, 2970, -1866}, 0, {0, 3008}, {0x3B, 0x56, 0xB7, 0xFF}}},
	{{{3279, 2970, -1718}, 0, {970, 3008}, {0x57, 0x33, 0x4D, 0xFF}}},
	{{{3319, 2944, -1866}, 0, {0, 2012}, {0x72, 0xCD, 0xEA, 0xFF}}},
	{{{3279, 2970, -1718}, 0, {970, 3008}, {0x57, 0x33, 0x4D, 0xFF}}},
	{{{3279, 2944, -1718}, 0, {970, 2012}, {0x17, 0xAC, 0x5D, 0xFF}}},
	{{{3279, 2944, -1718}, 0, {228, -40}, {0x17, 0xAC, 0x5D, 0xFF}}},
	{{{3279, 2970, -1718}, 0, {480, -40}, {0x57, 0x33, 0x4D, 0xFF}}},
	{{{2407, 2943, -1925}, 0, {218, 2020}, {0xC1, 0x55, 0x47, 0xFF}}},
	{{{2407, 2917, -1925}, 0, {1136, 968}, {0x8F, 0xCC, 0x18, 0xFF}}},
	{{{2407, 2943, -1925}, 0, {1136, 1972}, {0xC1, 0x55, 0x47, 0xFF}}},
	{{{2447, 2943, -2073}, 0, {134, 1972}, {0xA8, 0x32, 0xB3, 0xFF}}},
	{{{2407, 2917, -1925}, 0, {1136, 968}, {0x8F, 0xCB, 0x18, 0xFF}}},
	{{{2447, 2943, -2073}, 0, {134, 1972}, {0xA8, 0x32, 0xB3, 0xFF}}},
	{{{2447, 2917, -2073}, 0, {134, 968}, {0xEE, 0xAB, 0xA3, 0xFF}}},
	{{{3319, 2970, -1866}, 0, {0, 0}, {0x3B, 0x56, 0xB7, 0xFF}}},
	{{{2447, 2943, -2073}, 0, {0, 2028}, {0xA8, 0x32, 0xB3, 0xFF}}},
	{{{2407, 2943, -1925}, 0, {970, 2040}, {0xC1, 0x55, 0x47, 0xFF}}},
	{{{3319, 2970, -1866}, 0, {0, 0}, {0x3B, 0x56, 0xB7, 0xFF}}},
	{{{2407, 2943, -1925}, 0, {970, 2040}, {0xC1, 0x55, 0x47, 0xFF}}},
	{{{3279, 2970, -1718}, 0, {970, -20}, {0x57, 0x33, 0x4D, 0xFF}}},
	{{{2447, 2917, -2073}, 0, {0, 2012}, {0xEE, 0xAB, 0xA3, 0xFF}}},
	{{{3319, 2970, -1866}, 0, {480, -52}, {0x3B, 0x56, 0xB7, 0xFF}}},
	{{{3319, 2944, -1866}, 0, {228, -52}, {0x72, 0xCD, 0xEA, 0xFF}}},
	{{{2447, 2917, -2073}, 0, {0, 2012}, {0xEE, 0xAB, 0xA3, 0xFF}}},
	{{{2447, 2943, -2073}, 0, {218, 2012}, {0xA8, 0x32, 0xB3, 0xFF}}},
	{{{3319, 2970, -1866}, 0, {480, -52}, {0x3B, 0x56, 0xB7, 0xFF}}},
	{{{3279, 2944, -1718}, 0, {970, -20}, {0x17, 0xAC, 0x5D, 0xFF}}},
	{{{2447, 2917, -2073}, 0, {0, 2032}, {0xEE, 0xAB, 0xA3, 0xFF}}},
	{{{3319, 2944, -1866}, 0, {0, 0}, {0x72, 0xCD, 0xEA, 0xFF}}},
	{{{3279, 2944, -1718}, 0, {228, -40}, {0x17, 0xAC, 0x5D, 0xFF}}},
	{{{2407, 2943, -1925}, 0, {218, 2020}, {0xC1, 0x55, 0x47, 0xFF}}},
	{{{2407, 2917, -1925}, 0, {0, 2020}, {0x8F, 0xCB, 0x18, 0xFF}}},
	{{{3279, 2944, -1718}, 0, {970, -20}, {0x17, 0xAC, 0x5D, 0xFF}}},
	{{{2407, 2917, -1925}, 0, {970, 2040}, {0x8F, 0xCC, 0x18, 0xFF}}},
	{{{2447, 2917, -2073}, 0, {0, 2032}, {0xEE, 0xAB, 0xA3, 0xFF}}},
};

Gfx bob_dl_bob_seg7_dl_07004390_mesh_mesh_layer_1_tri_2[] = {
	gsSPVertex(bob_dl_bob_seg7_dl_07004390_mesh_mesh_layer_1_vtx_2 + 0, 58, 0),
	gsSP2Triangles(0, 1, 2, 0, 3, 4, 5, 0),
	gsSP2Triangles(6, 7, 8, 0, 9, 10, 11, 0),
	gsSP2Triangles(12, 13, 14, 0, 12, 15, 16, 0),
	gsSP2Triangles(17, 18, 19, 0, 20, 19, 21, 0),
	gsSP2Triangles(22, 23, 24, 0, 25, 26, 27, 0),
	gsSP2Triangles(28, 29, 30, 0, 31, 32, 33, 0),
	gsSP2Triangles(34, 35, 36, 0, 37, 38, 39, 0),
	gsSP2Triangles(40, 41, 42, 0, 43, 44, 45, 0),
	gsSP2Triangles(46, 47, 48, 0, 49, 50, 51, 0),
	gsSP2Triangles(52, 53, 54, 0, 55, 56, 57, 0),
	gsSPEndDisplayList(),
};

Vtx bob_dl_bob_seg7_dl_07004390_mesh_mesh_layer_1_vtx_3[93] = {
	{{{1902, 3835, -5506}, 0, {0, 990}, {0xB1, 0x37, 0xAE, 0xFF}}},
	{{{1814, 4191, -5455}, 0, {240, 44}, {0xAD, 0xA7, 0xDA, 0xFF}}},
	{{{1902, 4088, -5506}, 0, {0, 316}, {0x86, 0xE3, 0x14, 0xFF}}},
	{{{1697, 4091, -5861}, 0, {172, -30}, {0xA0, 0xC1, 0x36, 0xFF}}},
	{{{1814, 4191, -5455}, 0, {444, 1056}, {0xAD, 0xA7, 0xDA, 0xFF}}},
	{{{1609, 4194, -5810}, 0, {444, 0}, {0xE4, 0x85, 0x0F, 0xFF}}},
	{{{1697, 4091, -5861}, 0, {172, -30}, {0xA0, 0xC1, 0x36, 0xFF}}},
	{{{1902, 4088, -5506}, 0, {172, 1058}, {0x86, 0xE3, 0x14, 0xFF}}},
	{{{1814, 4191, -5455}, 0, {444, 1056}, {0xAD, 0xA8, 0xDA, 0xFF}}},
	{{{1609, 4194, -5810}, 0, {444, 0}, {0xE4, 0x85, 0x0F, 0xFF}}},
	{{{1814, 4191, -5455}, 0, {444, 1056}, {0xAD, 0xA7, 0xDA, 0xFF}}},
	{{{1636, 4191, -5353}, 0, {990, 1056}, {0xF2, 0x9C, 0xB3, 0xFF}}},
	{{{1609, 4194, -5810}, 0, {444, 0}, {0xE4, 0x85, 0x0F, 0xFF}}},
	{{{1636, 4191, -5353}, 0, {990, 1056}, {0xF2, 0x9C, 0xB3, 0xFF}}},
	{{{1431, 4194, -5708}, 0, {990, 0}, {0x37, 0x93, 0xDF, 0xFF}}},
	{{{1431, 4194, -5708}, 0, {990, 0}, {0x37, 0x93, 0xDF, 0xFF}}},
	{{{1548, 4088, -5302}, 0, {1262, 1058}, {0x28, 0xCD, 0x93, 0xFF}}},
	{{{1431, 4194, -5708}, 0, {990, 0}, {0x37, 0x93, 0xDF, 0xFF}}},
	{{{1548, 4088, -5302}, 0, {1262, 1058}, {0x28, 0xCD, 0x93, 0xFF}}},
	{{{1343, 4091, -5657}, 0, {1262, -30}, {0x6A, 0xE1, 0xC2, 0xFF}}},
	{{{1343, 4091, -5657}, 0, {0, 0}, {0x6B, 0xE1, 0xC3, 0xFF}}},
	{{{1548, 4088, -5302}, 0, {1604, -22}, {0x28, 0xCD, 0x93, 0xFF}}},
	{{{1548, 3835, -5302}, 0, {1604, 990}, {0x40, 0x34, 0x9F, 0xFF}}},
	{{{1343, 4091, -5657}, 0, {0, 0}, {0x6B, 0xE1, 0xC3, 0xFF}}},
	{{{1343, 3835, -5657}, 0, {0, 990}, {0x31, 0x72, 0xE4, 0xFF}}},
	{{{1697, 3835, -5861}, 0, {0, 990}, {0x9D, 0x38, 0x38, 0xFF}}},
	{{{1902, 3835, -5506}, 0, {1604, 990}, {0xB1, 0x37, 0xAE, 0xFF}}},
	{{{1902, 4088, -5506}, 0, {1604, -22}, {0x86, 0xE3, 0x14, 0xFF}}},
	{{{1902, 3835, -5506}, 0, {0, 990}, {0xB1, 0x37, 0xAE, 0xFF}}},
	{{{1548, 4088, -5302}, 0, {1058, 316}, {0x28, 0xCD, 0x93, 0xFF}}},
	{{{1636, 4191, -5353}, 0, {786, 44}, {0xF2, 0x9C, 0xB3, 0xFF}}},
	{{{1902, 3835, -5506}, 0, {0, 990}, {0xB1, 0x37, 0xAE, 0xFF}}},
	{{{1636, 4191, -5353}, 0, {786, 44}, {0xF2, 0x9C, 0xB3, 0xFF}}},
	{{{1814, 4191, -5455}, 0, {240, 44}, {0xAD, 0xA7, 0xDA, 0xFF}}},
	{{{1902, 3835, -5506}, 0, {0, 990}, {0xB1, 0x37, 0xAE, 0xFF}}},
	{{{1548, 3835, -5302}, 0, {1058, 990}, {0x40, 0x34, 0x9F, 0xFF}}},
	{{{1548, 4088, -5302}, 0, {1058, 316}, {0x28, 0xCD, 0x93, 0xFF}}},
	{{{1343, 3835, -5657}, 0, {1058, 1056}, {0x31, 0x72, 0xE4, 0xFF}}},
	{{{1902, 3835, -5506}, 0, {0, 0}, {0xB1, 0x37, 0xAE, 0xFF}}},
	{{{1697, 3835, -5861}, 0, {0, 1056}, {0x9D, 0x38, 0x39, 0xFF}}},
	{{{1343, 3835, -5657}, 0, {1058, 1056}, {0x31, 0x72, 0xE4, 0xFF}}},
	{{{1548, 3835, -5302}, 0, {1058, 0}, {0x40, 0x34, 0x9F, 0xFF}}},
	{{{1902, 3835, -5506}, 0, {0, 0}, {0xB1, 0x37, 0xAE, 0xFF}}},
	{{{1697, 3835, -5861}, 0, {0, 990}, {0x9D, 0x38, 0x38, 0xFF}}},
	{{{1902, 4088, -5506}, 0, {1604, -22}, {0x86, 0xE3, 0x14, 0xFF}}},
	{{{1697, 4091, -5861}, 0, {0, 0}, {0xA1, 0xC1, 0x37, 0xFF}}},
	{{{240, 2683, -5544}, 0, {3748, 2264}, {0x31, 0x72, 0xE4, 0xFF}}},
	{{{445, 2683, -5189}, 0, {3748, 1174}, {0x40, 0x34, 0x9F, 0xFF}}},
	{{{801, 2683, -5393}, 0, {2658, 1170}, {0xA0, 0x34, 0xC0, 0xFF}}},
	{{{596, 2939, -5748}, 0, {2862, -1214}, {0x9A, 0xD0, 0x3A, 0xFF}}},
	{{{803, 2940, -5394}, 0, {2854, -122}, {0x89, 0xD5, 0x00, 0xFF}}},
	{{{712, 3042, -5342}, 0, {3136, -126}, {0xAF, 0xA6, 0xDA, 0xFF}}},
	{{{596, 2939, -5748}, 0, {2862, -1214}, {0x9A, 0xD0, 0x3A, 0xFF}}},
	{{{712, 3042, -5342}, 0, {3136, -126}, {0xAE, 0xA6, 0xDA, 0xFF}}},
	{{{507, 3042, -5697}, 0, {3136, -1216}, {0xE5, 0x85, 0x10, 0xFF}}},
	{{{507, 3042, -5697}, 0, {3136, -1216}, {0xE5, 0x85, 0x10, 0xFF}}},
	{{{712, 3042, -5342}, 0, {3136, -126}, {0xAE, 0xA6, 0xDA, 0xFF}}},
	{{{534, 3042, -5240}, 0, {3680, -128}, {0xF2, 0x9C, 0xB3, 0xFF}}},
	{{{507, 3042, -5697}, 0, {3136, -1216}, {0xE5, 0x85, 0x10, 0xFF}}},
	{{{534, 3042, -5240}, 0, {3680, -128}, {0xF2, 0x9C, 0xB3, 0xFF}}},
	{{{329, 3042, -5595}, 0, {3680, -1218}, {0x38, 0x92, 0xE0, 0xFF}}},
	{{{329, 3042, -5595}, 0, {3680, -1218}, {0x37, 0x92, 0xE0, 0xFF}}},
	{{{534, 3042, -5240}, 0, {3680, -128}, {0xF2, 0x9C, 0xB3, 0xFF}}},
	{{{445, 2939, -5189}, 0, {3954, -126}, {0x28, 0xCC, 0x93, 0xFF}}},
	{{{329, 3042, -5595}, 0, {3680, -1218}, {0x37, 0x92, 0xE0, 0xFF}}},
	{{{445, 2939, -5189}, 0, {3954, -126}, {0x28, 0xCC, 0x93, 0xFF}}},
	{{{240, 2939, -5544}, 0, {3954, -1218}, {0x6A, 0xE0, 0xC3, 0xFF}}},
	{{{240, 2939, -5544}, 0, {-1842, 4564}, {0x6A, 0xE0, 0xC3, 0xFF}}},
	{{{445, 2683, -5189}, 0, {-206, 5586}, {0x40, 0x34, 0x9F, 0xFF}}},
	{{{240, 2683, -5544}, 0, {-1842, 5586}, {0x31, 0x72, 0xE4, 0xFF}}},
	{{{240, 2939, -5544}, 0, {-1842, 4564}, {0x6A, 0xE0, 0xC3, 0xFF}}},
	{{{445, 2939, -5189}, 0, {-206, 4564}, {0x28, 0xCC, 0x93, 0xFF}}},
	{{{801, 2683, -5393}, 0, {2658, 4054}, {0xA0, 0x34, 0xC0, 0xFF}}},
	{{{712, 3042, -5342}, 0, {2932, 3100}, {0xAE, 0xA6, 0xDA, 0xFF}}},
	{{{803, 2940, -5394}, 0, {2650, 3372}, {0x89, 0xD5, 0x00, 0xFF}}},
	{{{240, 2683, -5544}, 0, {3748, 2264}, {0x31, 0x72, 0xE4, 0xFF}}},
	{{{801, 2683, -5393}, 0, {2658, 1170}, {0xA0, 0x34, 0xC0, 0xFF}}},
	{{{596, 2683, -5748}, 0, {2658, 2262}, {0xB2, 0x5A, 0x2D, 0xFF}}},
	{{{596, 2683, -5748}, 0, {-1836, 5586}, {0xB2, 0x5A, 0x2C, 0xFF}}},
	{{{801, 2683, -5393}, 0, {-200, 5586}, {0xA0, 0x34, 0xC0, 0xFF}}},
	{{{596, 2939, -5748}, 0, {-1836, 4564}, {0x9A, 0xD0, 0x3B, 0xFF}}},
	{{{801, 2683, -5393}, 0, {-200, 5586}, {0xA0, 0x34, 0xC0, 0xFF}}},
	{{{803, 2940, -5394}, 0, {-200, 4564}, {0x89, 0xD5, 0x00, 0xFF}}},
	{{{596, 2939, -5748}, 0, {-1836, 4564}, {0x9A, 0xD0, 0x3A, 0xFF}}},
	{{{801, 2683, -5393}, 0, {2658, 4054}, {0xA0, 0x34, 0xC0, 0xFF}}},
	{{{445, 2683, -5189}, 0, {3748, 4054}, {0x40, 0x34, 0x9F, 0xFF}}},
	{{{445, 2939, -5189}, 0, {3748, 3372}, {0x28, 0xCC, 0x93, 0xFF}}},
	{{{801, 2683, -5393}, 0, {2658, 4054}, {0xA0, 0x34, 0xC0, 0xFF}}},
	{{{445, 2939, -5189}, 0, {3748, 3372}, {0x28, 0xCC, 0x93, 0xFF}}},
	{{{534, 3042, -5240}, 0, {3476, 3100}, {0xF2, 0x9C, 0xB3, 0xFF}}},
	{{{801, 2683, -5393}, 0, {2658, 4054}, {0xA0, 0x34, 0xC0, 0xFF}}},
	{{{534, 3042, -5240}, 0, {3476, 3100}, {0xF2, 0x9C, 0xB3, 0xFF}}},
	{{{712, 3042, -5342}, 0, {2932, 3100}, {0xAE, 0xA6, 0xDA, 0xFF}}},
};

Gfx bob_dl_bob_seg7_dl_07004390_mesh_mesh_layer_1_tri_3[] = {
	gsSPVertex(bob_dl_bob_seg7_dl_07004390_mesh_mesh_layer_1_vtx_3 + 0, 64, 0),
	gsSP2Triangles(0, 1, 2, 0, 3, 4, 5, 0),
	gsSP2Triangles(6, 7, 8, 0, 9, 10, 11, 0),
	gsSP2Triangles(12, 13, 14, 0, 15, 13, 16, 0),
	gsSP2Triangles(17, 18, 19, 0, 20, 21, 22, 0),
	gsSP2Triangles(23, 22, 24, 0, 25, 26, 27, 0),
	gsSP2Triangles(28, 29, 30, 0, 31, 32, 33, 0),
	gsSP2Triangles(34, 35, 36, 0, 37, 38, 39, 0),
	gsSP2Triangles(40, 41, 42, 0, 43, 44, 45, 0),
	gsSP2Triangles(46, 47, 48, 0, 49, 50, 51, 0),
	gsSP2Triangles(52, 53, 54, 0, 55, 56, 57, 0),
	gsSP2Triangles(58, 59, 60, 0, 61, 62, 63, 0),
	gsSPVertex(bob_dl_bob_seg7_dl_07004390_mesh_mesh_layer_1_vtx_3 + 64, 29, 0),
	gsSP2Triangles(0, 1, 2, 0, 3, 4, 5, 0),
	gsSP2Triangles(6, 7, 4, 0, 8, 9, 10, 0),
	gsSP2Triangles(11, 12, 13, 0, 14, 15, 16, 0),
	gsSP2Triangles(17, 18, 19, 0, 20, 21, 22, 0),
	gsSP2Triangles(23, 24, 25, 0, 26, 27, 28, 0),
	gsSPEndDisplayList(),
};

Vtx bob_dl_bob_seg7_dl_07004390_mesh_mesh_layer_1_vtx_4[571] = {
	{{{-2815, 1024, 256}, 0, {990, 0}, {0xE8, 0x00, 0x7D, 0xFF}}},
	{{{-3231, 960, -159}, 0, {-1358, 224}, {0xE7, 0x00, 0x7C, 0xFF}}},
	{{{-3097, 768, -24}, 0, {-596, 990}, {0xA6, 0x00, 0x5A, 0xFF}}},
	{{{-2815, 768, 256}, 0, {990, 990}, {0x28, 0x00, 0x78, 0xFF}}},
	{{{-2815, 1024, 256}, 0, {990, 0}, {0xE8, 0x00, 0x7D, 0xFF}}},
	{{{-3097, 768, -24}, 0, {-596, 990}, {0xA6, 0x00, 0x5A, 0xFF}}},
	{{{-2815, 1024, 256}, 0, {990, 0}, {0xE8, 0x00, 0x7D, 0xFF}}},
	{{{-3231, 1024, -159}, 0, {-1358, 0}, {0x00, 0x00, 0x7F, 0xFF}}},
	{{{-3231, 960, -159}, 0, {-1358, 224}, {0xE7, 0x00, 0x7C, 0xFF}}},
	{{{-3231, 960, -159}, 0, {-1358, 224}, {0xE7, 0x00, 0x7C, 0xFF}}},
	{{{-3231, 768, -159}, 0, {-1356, 990}, {0xA6, 0x00, 0x59, 0xFF}}},
	{{{-3097, 768, -24}, 0, {-596, 990}, {0xA6, 0x00, 0x5A, 0xFF}}},
	{{{-3231, 960, -159}, 0, {990, 224}, {0xE7, 0x00, 0x7C, 0xFF}}},
	{{{-3231, 1024, -159}, 0, {990, 0}, {0x00, 0x00, 0x7F, 0xFF}}},
	{{{-3503, 1024, 111}, 0, {-542, 0}, {0x43, 0x00, 0x6C, 0xFF}}},
	{{{-3231, 960, -159}, 0, {990, 224}, {0xE7, 0x00, 0x7C, 0xFF}}},
	{{{-3503, 1024, 111}, 0, {-542, 0}, {0x43, 0x00, 0x6C, 0xFF}}},
	{{{-3503, 960, 111}, 0, {-542, 224}, {0x22, 0x00, 0x7A, 0xFF}}},
	{{{3776, 2560, 2227}, 0, {32, 452}, {0xCD, 0xA1, 0x42, 0xFF}}},
	{{{2816, 3072, 1230}, 0, {990, -542}, {0x9C, 0xB5, 0x13, 0xFF}}},
	{{{3200, 2560, 1230}, 0, {606, -542}, {0xAD, 0xA1, 0xF5, 0xFF}}},
	{{{4352, 2048, 1230}, 0, {-540, -544}, {0x00, 0x81, 0x00, 0xFF}}},
	{{{3776, 2560, 2227}, 0, {32, 452}, {0xCD, 0xA1, 0x42, 0xFF}}},
	{{{3200, 2560, 1230}, 0, {606, -542}, {0xAD, 0xA1, 0xF5, 0xFF}}},
	{{{3200, 2560, 1230}, 0, {606, -542}, {0xAD, 0xA1, 0xF5, 0xFF}}},
	{{{2816, 3072, 1230}, 0, {990, -542}, {0x9C, 0xB5, 0x13, 0xFF}}},
	{{{3584, 3072, -99}, 0, {224, -1870}, {0xCE, 0xB4, 0xA8, 0xFF}}},
	{{{3200, 2560, 1230}, 0, {606, -542}, {0xAD, 0xA1, 0xF5, 0xFF}}},
	{{{3584, 3072, -99}, 0, {224, -1870}, {0xCE, 0xB4, 0xA8, 0xFF}}},
	{{{3776, 2560, 232}, 0, {32, -1538}, {0xD9, 0x9C, 0xBC, 0xFF}}},
	{{{4352, 2048, 1230}, 0, {-540, -544}, {0x00, 0x81, 0x00, 0xFF}}},
	{{{3776, 2560, 232}, 0, {32, -1538}, {0xD9, 0x9C, 0xBC, 0xFF}}},
	{{{3776, 2560, 2227}, 0, {32, 452}, {0xCD, 0xA1, 0x42, 0xFF}}},
	{{{3584, 3072, 2560}, 0, {224, 784}, {0xDF, 0xB5, 0x61, 0xFF}}},
	{{{2816, 3072, 1230}, 0, {990, -542}, {0x9C, 0xB5, 0x13, 0xFF}}},
	{{{3584, 3072, -99}, 0, {224, -1870}, {0xCE, 0xB4, 0xA8, 0xFF}}},
	{{{5120, 3072, -99}, 0, {-1308, -1870}, {0x32, 0xB4, 0xA8, 0xFF}}},
	{{{4928, 2560, 232}, 0, {-1116, -1538}, {0x2B, 0xA3, 0xB5, 0xFF}}},
	{{{3776, 2560, 232}, 0, {32, -1538}, {0xD9, 0x9C, 0xBC, 0xFF}}},
	{{{3584, 3072, -99}, 0, {224, -1870}, {0xCE, 0xB4, 0xA8, 0xFF}}},
	{{{4928, 2560, 232}, 0, {-1116, -1538}, {0x2B, 0xA3, 0xB5, 0xFF}}},
	{{{4352, 2048, 1230}, 0, {-540, -544}, {0x00, 0x81, 0x00, 0xFF}}},
	{{{3776, 2560, 232}, 0, {32, -1538}, {0xD9, 0x9C, 0xBC, 0xFF}}},
	{{{4928, 2560, 232}, 0, {-1116, -1538}, {0x2B, 0xA3, 0xB5, 0xFF}}},
	{{{4352, 2048, 1230}, 0, {-540, -544}, {0x00, 0x81, 0x00, 0xFF}}},
	{{{4928, 2560, 2227}, 0, {-1116, 452}, {0x1F, 0xA0, 0x4E, 0xFF}}},
	{{{3776, 2560, 2227}, 0, {32, 452}, {0xCD, 0xA1, 0x42, 0xFF}}},
	{{{4928, 2560, 232}, 0, {-1116, -1538}, {0x2B, 0xA3, 0xB5, 0xFF}}},
	{{{5504, 2560, 1230}, 0, {-1690, -544}, {0x53, 0xA0, 0x0B, 0xFF}}},
	{{{4352, 2048, 1230}, 0, {-540, -544}, {0x00, 0x81, 0x00, 0xFF}}},
	{{{5504, 2560, 1230}, 0, {-1690, -544}, {0x53, 0xA0, 0x0B, 0xFF}}},
	{{{4928, 2560, 2227}, 0, {-1116, 452}, {0x1F, 0xA0, 0x4E, 0xFF}}},
	{{{5888, 3072, 1230}, 0, {-2074, -544}, {0x64, 0xB5, 0xED, 0xFF}}},
	{{{4928, 2560, 232}, 0, {-1116, -1538}, {0x2B, 0xA3, 0xB5, 0xFF}}},
	{{{5888, 3072, 1230}, 0, {-2074, -544}, {0x64, 0xB5, 0xED, 0xFF}}},
	{{{5888, 3072, 1230}, 0, {-2074, -544}, {0x64, 0xB5, 0xED, 0xFF}}},
	{{{5120, 3072, 2560}, 0, {-1308, 784}, {0x42, 0xB4, 0x4E, 0xFF}}},
	{{{5504, 2560, 1230}, 0, {-1690, -544}, {0x53, 0xA0, 0x0B, 0xFF}}},
	{{{5120, 3072, 2560}, 0, {-1308, 784}, {0x42, 0xB4, 0x4E, 0xFF}}},
	{{{4928, 2560, 2227}, 0, {-1116, 452}, {0x1F, 0xA0, 0x4E, 0xFF}}},
	{{{5120, 3072, 2560}, 0, {-1308, 784}, {0x42, 0xB4, 0x4E, 0xFF}}},
	{{{3584, 3072, 2560}, 0, {224, 784}, {0xDF, 0xB5, 0x61, 0xFF}}},
	{{{4928, 2560, 2227}, 0, {-1116, 452}, {0x1F, 0xA0, 0x4E, 0xFF}}},
	{{{3776, 2560, 2227}, 0, {32, 452}, {0xCD, 0xA1, 0x42, 0xFF}}},
	{{{-7167, 768, 4096}, 0, {-13316, 990}, {0x5A, 0x00, 0x5A, 0xFF}}},
	{{{-7167, 768, 512}, 0, {990, 990}, {0x42, 0x00, 0x6C, 0xFF}}},
	{{{-7167, 1024, 512}, 0, {990, 0}, {0x5F, 0x00, 0x55, 0xFF}}},
	{{{-7167, 1024, 512}, 0, {990, 0}, {0x5F, 0x00, 0x55, 0xFF}}},
	{{{-7167, 1024, 4096}, 0, {-13316, 0}, {0x7F, 0x00, 0x00, 0xFF}}},
	{{{-7167, 768, 4096}, 0, {-13316, 990}, {0x5A, 0x00, 0x5A, 0xFF}}},
	{{{2851, 1613, -1919}, 0, {394, 2128}, {0xE1, 0x65, 0x47, 0xFF}}},
	{{{3072, 2945, -2047}, 0, {180, -116}, {0xBA, 0x69, 0x10, 0xFF}}},
	{{{3072, 2894, -2175}, 0, {0, 0}, {0xB6, 0x66, 0xF5, 0xFF}}},
	{{{2851, 1613, -1919}, 0, {394, 2128}, {0xE1, 0x65, 0x47, 0xFF}}},
	{{{3072, 2894, -2175}, 0, {0, 0}, {0xB6, 0x66, 0xF5, 0xFF}}},
	{{{3072, 2894, -2431}, 0, {-456, 0}, {0xB2, 0x61, 0x1A, 0xFF}}},
	{{{2851, 1613, -1919}, 0, {394, 2128}, {0xE1, 0x65, 0x47, 0xFF}}},
	{{{3072, 2894, -2431}, 0, {-456, 0}, {0xB2, 0x61, 0x1A, 0xFF}}},
	{{{2802, 1613, -2653}, 0, {-826, 2142}, {0x9B, 0x3D, 0x2F, 0xFF}}},
	{{{3072, 2945, -2047}, 0, {180, -116}, {0xBA, 0x69, 0x10, 0xFF}}},
	{{{3072, 2349, -2047}, 0, {180, 860}, {0x0F, 0xD2, 0x75, 0xFF}}},
	{{{3328, 2493, -1603}, 0, {920, 552}, {0xF4, 0xBE, 0x6C, 0xFF}}},
	{{{3328, 2944, -1603}, 0, {918, -188}, {0xF5, 0x69, 0x46, 0xFF}}},
	{{{3328, 2493, -1603}, 0, {920, 552}, {0xF4, 0xBE, 0x6C, 0xFF}}},
	{{{5289, 2493, -3327}, 0, {5086, 990}, {0x67, 0xC0, 0x26, 0xFF}}},
	{{{5543, 2637, -2883}, 0, {5098, -72}, {0x67, 0xC0, 0x26, 0xFF}}},
	{{{3328, 2493, -1603}, 0, {-16, -72}, {0xF4, 0xBE, 0x6C, 0xFF}}},
	{{{3072, 2894, -2431}, 0, {-456, 0}, {0xB2, 0x61, 0x1A, 0xFF}}},
	{{{3072, 2945, -2559}, 0, {-668, -116}, {0xDB, 0x1F, 0x75, 0xFF}}},
	{{{2802, 1613, -2653}, 0, {-826, 2142}, {0x9B, 0x3D, 0x2F, 0xFF}}},
	{{{3072, 3521, -7167}, 0, {990, 544}, {0x9B, 0xC6, 0xCD, 0xFF}}},
	{{{3072, 3666, -7167}, 0, {990, 0}, {0xED, 0x7D, 0x0A, 0xFF}}},
	{{{3072, 3666, -7679}, 0, {68, 0}, {0xCF, 0x3A, 0x9A, 0xFF}}},
	{{{3072, 3521, -7167}, 0, {990, 544}, {0x9B, 0xC6, 0xCD, 0xFF}}},
	{{{3072, 3521, -7679}, 0, {68, 256}, {0xD7, 0x95, 0xC9, 0xFF}}},
	{{{5289, 2493, -3327}, 0, {990, 734}, {0x67, 0xC0, 0x26, 0xFF}}},
	{{{5289, 3089, -3327}, 0, {990, 0}, {0x1B, 0x7A, 0xEC, 0xFF}}},
	{{{5543, 3089, -2883}, 0, {-1052, 0}, {0x65, 0x43, 0x26, 0xFF}}},
	{{{5289, 2493, -3327}, 0, {990, 734}, {0x67, 0xC0, 0x26, 0xFF}}},
	{{{5543, 3089, -2883}, 0, {-1052, 0}, {0x65, 0x43, 0x26, 0xFF}}},
	{{{5543, 2637, -2883}, 0, {0, 352}, {0x67, 0xC0, 0x26, 0xFF}}},
	{{{5289, 2493, -3327}, 0, {5086, 990}, {0x67, 0xC0, 0x26, 0xFF}}},
	{{{3072, 2349, -2047}, 0, {0, 990}, {0x0F, 0xD2, 0x75, 0xFF}}},
	{{{167, 2709, -3757}, 0, {236, -1352}, {0x38, 0x68, 0x2F, 0xFF}}},
	{{{54, 2762, -3700}, 0, {0, -1458}, {0xC3, 0x38, 0x60, 0xFF}}},
	{{{54, 1024, -3700}, 0, {0, 2010}, {0xC1, 0x33, 0x62, 0xFF}}},
	{{{3072, 3521, -7167}, 0, {638, -6200}, {0x9B, 0xC6, 0xCD, 0xFF}}},
	{{{3072, 3521, -7679}, 0, {-272, -6082}, {0xD7, 0x95, 0xC9, 0xFF}}},
	{{{5289, 3088, -5887}, 0, {990, -1054}, {0x3E, 0x9D, 0xCE, 0xFF}}},
	{{{3072, 3521, -7679}, 0, {-272, -6082}, {0xD7, 0x95, 0xC9, 0xFF}}},
	{{{5733, 3089, -6143}, 0, {136, -1054}, {0x71, 0xC7, 0xF8, 0xFF}}},
	{{{5289, 3088, -5887}, 0, {990, -1054}, {0x3E, 0x9D, 0xCE, 0xFF}}},
	{{{5733, 3089, -6143}, 0, {990, 990}, {0x71, 0xC7, 0xF8, 0xFF}}},
	{{{5732, 3233, -6143}, 0, {990, 702}, {0x44, 0x6B, 0x08, 0xFF}}},
	{{{5289, 3233, -5887}, 0, {0, 700}, {0x28, 0x60, 0x49, 0xFF}}},
	{{{5289, 3088, -5887}, 0, {0, 990}, {0x3E, 0x9D, 0xCE, 0xFF}}},
	{{{5733, 3089, -6143}, 0, {990, 990}, {0x71, 0xC7, 0xF8, 0xFF}}},
	{{{5289, 3233, -5887}, 0, {0, 700}, {0x28, 0x60, 0x49, 0xFF}}},
	{{{419, 2706, -3884}, 0, {772, -1346}, {0x15, 0x6B, 0x40, 0xFF}}},
	{{{167, 2709, -3757}, 0, {236, -1352}, {0x38, 0x68, 0x2F, 0xFF}}},
	{{{54, 1024, -3700}, 0, {0, 2010}, {0xC1, 0x33, 0x62, 0xFF}}},
	{{{419, 2706, -3884}, 0, {772, -1346}, {0x15, 0x6B, 0x40, 0xFF}}},
	{{{54, 1024, -3700}, 0, {0, 2010}, {0xC1, 0x33, 0x62, 0xFF}}},
	{{{533, 2755, -3942}, 0, {1038, -1444}, {0xAD, 0x3F, 0x49, 0xFF}}},
	{{{169, 1024, -3471}, 0, {1080, 3444}, {0x87, 0x25, 0xF1, 0xFF}}},
	{{{537, 2721, -3657}, 0, {238, 66}, {0xC8, 0x54, 0xB4, 0xFF}}},
	{{{652, 2772, -3715}, 0, {0, 0}, {0x92, 0x3A, 0x1A, 0xFF}}},
	{{{169, 1024, -3471}, 0, {1080, 3444}, {0x87, 0x25, 0xF1, 0xFF}}},
	{{{169, 2775, -3471}, 0, {1046, -50}, {0xD5, 0x6D, 0xCF, 0xFF}}},
	{{{286, 2723, -3530}, 0, {778, 56}, {0xEA, 0x66, 0xB7, 0xFF}}},
	{{{169, 1024, -3471}, 0, {1080, 3444}, {0x87, 0x25, 0xF1, 0xFF}}},
	{{{286, 2723, -3530}, 0, {778, 56}, {0xEA, 0x66, 0xB7, 0xFF}}},
	{{{537, 2721, -3657}, 0, {238, 66}, {0xC8, 0x54, 0xB4, 0xFF}}},
	{{{2560, 2862, -2613}, 0, {724, -688}, {0x40, 0x6D, 0x0B, 0xFF}}},
	{{{2560, 2864, -2367}, 0, {396, -692}, {0x5D, 0x52, 0xE7, 0xFF}}},
	{{{2560, 1613, -2737}, 0, {886, 990}, {0x52, 0x46, 0x42, 0xFF}}},
	{{{2560, 2862, -2613}, 0, {724, -688}, {0x40, 0x6D, 0x0B, 0xFF}}},
	{{{2560, 1613, -2737}, 0, {886, 990}, {0x52, 0x46, 0x42, 0xFF}}},
	{{{2560, 2912, -2736}, 0, {886, -754}, {0xF0, 0x2F, 0x75, 0xFF}}},
	{{{2560, 2864, -2367}, 0, {396, -692}, {0x5D, 0x52, 0xE7, 0xFF}}},
	{{{2560, 1612, -2244}, 0, {0, 990}, {0x05, 0x5D, 0x57, 0xFF}}},
	{{{2560, 1613, -2737}, 0, {886, 990}, {0x52, 0x46, 0x42, 0xFF}}},
	{{{2560, 2864, -2367}, 0, {396, -692}, {0x5D, 0x52, 0xE7, 0xFF}}},
	{{{2560, 2917, -2244}, 0, {232, -762}, {0x2A, 0x70, 0x2A, 0xFF}}},
	{{{2560, 1612, -2244}, 0, {0, 990}, {0x05, 0x5D, 0x57, 0xFF}}},
	{{{400, 2546, -3014}, 0, {0, 606}, {0xBE, 0x98, 0x1F, 0xFF}}},
	{{{228, 2802, -2532}, 0, {1246, 0}, {0xB8, 0x67, 0x12, 0xFF}}},
	{{{400, 2802, -3014}, 0, {0, 0}, {0xC2, 0x6F, 0x00, 0xFF}}},
	{{{54, 1024, -3700}, 0, {8306, -3244}, {0xC1, 0x33, 0x62, 0xFF}}},
	{{{652, 2772, -3715}, 0, {8126, -1500}, {0x92, 0x3A, 0x1A, 0xFF}}},
	{{{533, 2755, -3942}, 0, {8410, -1516}, {0xAD, 0x3F, 0x49, 0xFF}}},
	{{{2560, 2917, -2244}, 0, {734, 0}, {0x2A, 0x70, 0x2A, 0xFF}}},
	{{{2388, 2917, -1762}, 0, {-542, 0}, {0x1A, 0x64, 0x49, 0xFF}}},
	{{{2560, 2661, -2244}, 0, {734, 606}, {0x4A, 0xB1, 0x43, 0xFF}}},
	{{{400, 2546, -3014}, 0, {7584, -1726}, {0xBE, 0x98, 0x1F, 0xFF}}},
	{{{2388, 2917, -1762}, 0, {5240, -1354}, {0x1A, 0x64, 0x49, 0xFF}}},
	{{{228, 2802, -2532}, 0, {7312, -1470}, {0xB8, 0x67, 0x12, 0xFF}}},
	{{{400, 2546, -3014}, 0, {7584, -1726}, {0xBE, 0x98, 0x1F, 0xFF}}},
	{{{2560, 2661, -2244}, 0, {5170, -1610}, {0x4A, 0xB1, 0x43, 0xFF}}},
	{{{2388, 2917, -1762}, 0, {5240, -1354}, {0x1A, 0x64, 0x49, 0xFF}}},
	{{{400, 1024, -3014}, 0, {7584, -3244}, {0xBA, 0x61, 0x2B, 0xFF}}},
	{{{2560, 1612, -2244}, 0, {5170, -2656}, {0x05, 0x5D, 0x57, 0xFF}}},
	{{{2560, 2917, -2244}, 0, {5170, -1354}, {0x2A, 0x70, 0x2A, 0xFF}}},
	{{{400, 1024, -3014}, 0, {7584, -3244}, {0xBA, 0x61, 0x2B, 0xFF}}},
	{{{2560, 2917, -2244}, 0, {5170, -1354}, {0x2A, 0x70, 0x2A, 0xFF}}},
	{{{400, 2802, -3014}, 0, {7584, -1470}, {0xC2, 0x6F, 0x00, 0xFF}}},
	{{{54, 1024, -3700}, 0, {8306, -3244}, {0xC1, 0x33, 0x62, 0xFF}}},
	{{{169, 1024, -3471}, 0, {8068, -3244}, {0x87, 0x25, 0xF1, 0xFF}}},
	{{{652, 2772, -3715}, 0, {8126, -1500}, {0x92, 0x3A, 0x1A, 0xFF}}},
	{{{169, 1024, -3471}, 0, {8068, -3244}, {0x87, 0x25, 0xF1, 0xFF}}},
	{{{400, 2802, -3014}, 0, {7584, -1470}, {0xC2, 0x6F, 0x00, 0xFF}}},
	{{{169, 2775, -3471}, 0, {8068, -1496}, {0xD5, 0x6D, 0xCF, 0xFF}}},
	{{{169, 1024, -3471}, 0, {8068, -3244}, {0x87, 0x25, 0xF1, 0xFF}}},
	{{{400, 1024, -3014}, 0, {7584, -3244}, {0xBA, 0x61, 0x2B, 0xFF}}},
	{{{400, 2802, -3014}, 0, {7584, -1470}, {0xC2, 0x6F, 0x00, 0xFF}}},
	{{{1298, 3810, -5631}, 0, {10712, -464}, {0xA8, 0x38, 0xB7, 0xFF}}},
	{{{1343, 3835, -5657}, 0, {10778, -438}, {0xC0, 0x00, 0x92, 0xFF}}},
	{{{1697, 3835, -5861}, 0, {11352, -438}, {0xC1, 0x00, 0x92, 0xFF}}},
	{{{1298, 3810, -5631}, 0, {10712, -464}, {0xA8, 0x38, 0xB7, 0xFF}}},
	{{{1697, 3835, -5861}, 0, {11352, -438}, {0xC1, 0x00, 0x92, 0xFF}}},
	{{{3072, 3666, -6655}, 0, {13792, -608}, {0x02, 0x4D, 0x9B, 0xFF}}},
	{{{3072, 3666, -6655}, 0, {13792, -608}, {0x02, 0x4D, 0x9B, 0xFF}}},
	{{{1697, 3835, -5861}, 0, {11352, -438}, {0xC1, 0x00, 0x92, 0xFF}}},
	{{{3072, 4294, -6655}, 0, {13792, 0}, {0xE8, 0x00, 0x83, 0xFF}}},
	{{{1697, 3835, -5861}, 0, {11352, -438}, {0xC1, 0x00, 0x92, 0xFF}}},
	{{{1697, 4091, -5861}, 0, {11352, -184}, {0xC0, 0x00, 0x92, 0xFF}}},
	{{{3072, 4294, -6655}, 0, {13792, 0}, {0xE8, 0x00, 0x83, 0xFF}}},
	{{{1697, 4091, -5861}, 0, {11352, -184}, {0xC0, 0x00, 0x92, 0xFF}}},
	{{{1609, 4194, -5810}, 0, {11200, -80}, {0xC1, 0x00, 0x92, 0xFF}}},
	{{{3072, 4294, -6655}, 0, {13792, 0}, {0xE8, 0x00, 0x83, 0xFF}}},
	{{{1609, 4194, -5810}, 0, {11200, -80}, {0xC1, 0x00, 0x92, 0xFF}}},
	{{{1298, 4293, -5631}, 0, {10712, 0}, {0xB2, 0x16, 0x9F, 0xFF}}},
	{{{3072, 4294, -6655}, 0, {13792, 0}, {0xE8, 0x00, 0x83, 0xFF}}},
	{{{3072, 3666, -6655}, 0, {13792, -608}, {0x02, 0x4D, 0x9B, 0xFF}}},
	{{{3072, 4294, -6655}, 0, {13792, 0}, {0xE8, 0x00, 0x83, 0xFF}}},
	{{{4846, 3233, -5631}, 0, {16844, -1040}, {0x59, 0x4C, 0xCF, 0xFF}}},
	{{{1298, 4293, -5631}, 0, {10712, 0}, {0xB2, 0x16, 0x9F, 0xFF}}},
	{{{1343, 3835, -5657}, 0, {10778, -438}, {0xC0, 0x00, 0x92, 0xFF}}},
	{{{1298, 3810, -5631}, 0, {10712, -464}, {0xA8, 0x38, 0xB7, 0xFF}}},
	{{{2560, 1613, -2737}, 0, {5322, -2656}, {0x52, 0x46, 0x42, 0xFF}}},
	{{{3072, 2945, -2559}, 0, {4540, -1328}, {0xDB, 0x1F, 0x75, 0xFF}}},
	{{{2560, 2912, -2736}, 0, {5322, -1360}, {0xF0, 0x2F, 0x75, 0xFF}}},
	{{{1298, 4293, -3583}, 0, {7620, 0}, {0xAA, 0x43, 0x40, 0xFF}}},
	{{{1298, 4293, -5631}, 0, {10712, 0}, {0xB2, 0x16, 0x9F, 0xFF}}},
	{{{1298, 3810, -5631}, 0, {10712, -464}, {0xA8, 0x38, 0xB7, 0xFF}}},
	{{{1431, 4194, -5708}, 0, {10912, -80}, {0xC1, 0x00, 0x92, 0xFF}}},
	{{{1343, 4091, -5657}, 0, {10778, -184}, {0xC0, 0x00, 0x92, 0xFF}}},
	{{{1609, 4194, -5810}, 0, {11200, -80}, {0xC1, 0x00, 0x92, 0xFF}}},
	{{{1431, 4194, -5708}, 0, {10912, -80}, {0xC1, 0x00, 0x92, 0xFF}}},
	{{{1298, 4293, -5631}, 0, {10712, 0}, {0xB2, 0x16, 0x9F, 0xFF}}},
	{{{1343, 4091, -5657}, 0, {10778, -184}, {0xC0, 0x00, 0x92, 0xFF}}},
	{{{1343, 3835, -5657}, 0, {10778, -438}, {0xC0, 0x00, 0x92, 0xFF}}},
	{{{1298, 3954, -3583}, 0, {7620, -320}, {0xBD, 0x63, 0x2B, 0xFF}}},
	{{{1298, 4293, -3583}, 0, {7620, 0}, {0xAA, 0x43, 0x40, 0xFF}}},
	{{{4846, 3089, -3583}, 0, {1488, -1184}, {0x59, 0x41, 0x3E, 0xFF}}},
	{{{4846, 4242, -3583}, 0, {1488, 0}, {0x32, 0x70, 0x22, 0xFF}}},
	{{{3072, 4097, -2559}, 0, {4540, -176}, {0xFD, 0x5C, 0x57, 0xFF}}},
	{{{4846, 3089, -3583}, 0, {1488, -1184}, {0x59, 0x41, 0x3E, 0xFF}}},
	{{{3072, 4097, -2559}, 0, {4540, -176}, {0xFD, 0x5C, 0x57, 0xFF}}},
	{{{3072, 2945, -2559}, 0, {4540, -1328}, {0xDB, 0x1F, 0x75, 0xFF}}},
	{{{2560, 1613, -2737}, 0, {5322, -2656}, {0x52, 0x46, 0x42, 0xFF}}},
	{{{2802, 1613, -2653}, 0, {4942, -2656}, {0x9B, 0x3D, 0x2F, 0xFF}}},
	{{{3072, 2945, -2559}, 0, {4540, -1328}, {0xDB, 0x1F, 0x75, 0xFF}}},
	{{{851, 3818, -5894}, 0, {-1752, 1682}, {0xDD, 0x48, 0x9E, 0xFF}}},
	{{{507, 3042, -5697}, 0, {-2182, 756}, {0xC1, 0x00, 0x92, 0xFF}}},
	{{{329, 3042, -5595}, 0, {-2422, 746}, {0xC1, 0x00, 0x92, 0xFF}}},
	{{{3072, 4097, -2559}, 0, {4540, -176}, {0xFD, 0x5C, 0x57, 0xFF}}},
	{{{2560, 2912, -2736}, 0, {5322, -1360}, {0xF0, 0x2F, 0x75, 0xFF}}},
	{{{3072, 4097, -2559}, 0, {4540, -176}, {0xFD, 0x5C, 0x57, 0xFF}}},
	{{{868, 3954, -3302}, 0, {7590, -320}, {0xB2, 0x50, 0x3D, 0xFF}}},
	{{{2560, 2912, -2736}, 0, {5322, -1360}, {0xF0, 0x2F, 0x75, 0xFF}}},
	{{{868, 3954, -3302}, 0, {7590, -320}, {0xB2, 0x50, 0x3D, 0xFF}}},
	{{{868, 2801, -3302}, 0, {7590, -1470}, {0xBA, 0x4B, 0x4C, 0xFF}}},
	{{{2560, 2912, -2736}, 0, {5322, -1360}, {0xF0, 0x2F, 0x75, 0xFF}}},
	{{{868, 2801, -3302}, 0, {7590, -1470}, {0xBA, 0x4B, 0x4C, 0xFF}}},
	{{{652, 2772, -3715}, 0, {8126, -1500}, {0x92, 0x3A, 0x1A, 0xFF}}},
	{{{-181, 2658, -5302}, 0, {9786, -1614}, {0xA3, 0x20, 0xAF, 0xFF}}},
	{{{868, 3954, -3302}, 0, {7590, -320}, {0xB2, 0x50, 0x3D, 0xFF}}},
	{{{-181, 3818, -5302}, 0, {9786, -456}, {0x9B, 0x46, 0xE0, 0xFF}}},
	{{{868, 3954, -3302}, 0, {7590, -320}, {0xB2, 0x50, 0x3D, 0xFF}}},
	{{{533, 2755, -3942}, 0, {8410, -1516}, {0xAD, 0x3F, 0x49, 0xFF}}},
	{{{652, 2772, -3715}, 0, {8126, -1500}, {0x92, 0x3A, 0x1A, 0xFF}}},
	{{{868, 3954, -3302}, 0, {7590, -320}, {0xB2, 0x50, 0x3D, 0xFF}}},
	{{{-181, 2658, -5302}, 0, {9786, -1614}, {0xA3, 0x20, 0xAF, 0xFF}}},
	{{{533, 2755, -3942}, 0, {8410, -1516}, {0xAD, 0x3F, 0x49, 0xFF}}},
	{{{851, 3818, -5894}, 0, {-1752, 1682}, {0xDD, 0x48, 0x9E, 0xFF}}},
	{{{3072, 2513, -7167}, 0, {1308, 268}, {0xF5, 0x3D, 0x91, 0xFF}}},
	{{{596, 2939, -5748}, 0, {-2058, 640}, {0xC1, 0x00, 0x92, 0xFF}}},
	{{{851, 3818, -5894}, 0, {-1752, 1682}, {0xDD, 0x48, 0x9E, 0xFF}}},
	{{{3072, 3666, -7167}, 0, {1256, 1620}, {0xED, 0x7D, 0x0A, 0xFF}}},
	{{{3072, 2513, -7167}, 0, {1308, 268}, {0xF5, 0x3D, 0x91, 0xFF}}},
	{{{-181, 2658, -5302}, 0, {-3096, 268}, {0xA3, 0x20, 0xAF, 0xFF}}},
	{{{596, 2683, -5748}, 0, {-2046, 340}, {0xC1, 0xFF, 0x92, 0xFF}}},
	{{{3072, 2513, -7167}, 0, {1308, 268}, {0xF5, 0x3D, 0x91, 0xFF}}},
	{{{596, 2683, -5748}, 0, {-2046, 340}, {0xC1, 0xFF, 0x92, 0xFF}}},
	{{{596, 2939, -5748}, 0, {-2058, 640}, {0xC1, 0x00, 0x92, 0xFF}}},
	{{{3072, 2513, -7167}, 0, {1308, 268}, {0xF5, 0x3D, 0x91, 0xFF}}},
	{{{3072, 2513, -7167}, 0, {13786, -1758}, {0xF5, 0x3D, 0x91, 0xFF}}},
	{{{5289, 3088, -5887}, 0, {16842, -1184}, {0x3E, 0x9D, 0xCE, 0xFF}}},
	{{{5289, 2080, -5887}, 0, {16842, -2190}, {0x64, 0x4A, 0xE6, 0xFF}}},
	{{{3072, 2513, -7167}, 0, {13786, -1758}, {0xF5, 0x3D, 0x91, 0xFF}}},
	{{{3072, 3521, -7167}, 0, {13786, -752}, {0x9B, 0xC6, 0xCD, 0xFF}}},
	{{{5289, 3088, -5887}, 0, {16842, -1184}, {0x3E, 0x9D, 0xCE, 0xFF}}},
	{{{5289, 2080, -5887}, 0, {16842, -2190}, {0x64, 0x4A, 0xE6, 0xFF}}},
	{{{5289, 3233, -5887}, 0, {16842, -1040}, {0x28, 0x60, 0x49, 0xFF}}},
	{{{5289, 3089, -3327}, 0, {19886, -1182}, {0x1B, 0x7A, 0xEC, 0xFF}}},
	{{{5289, 2080, -5887}, 0, {16842, -2190}, {0x64, 0x4A, 0xE6, 0xFF}}},
	{{{5289, 3089, -3327}, 0, {19886, -1182}, {0x1B, 0x7A, 0xEC, 0xFF}}},
	{{{5289, 1936, -3327}, 0, {19886, -2334}, {0x55, 0x4B, 0x39, 0xFF}}},
	{{{5543, 3089, -2883}, 0, {1742, -1182}, {0x65, 0x43, 0x26, 0xFF}}},
	{{{3328, 2944, -1603}, 0, {4300, -1328}, {0xF5, 0x69, 0x46, 0xFF}}},
	{{{3328, 2493, -1603}, 0, {4300, -1778}, {0xF4, 0xBE, 0x6C, 0xFF}}},
	{{{3072, 3521, -7679}, 0, {13782, -752}, {0xD7, 0x95, 0xC9, 0xFF}}},
	{{{3072, 3666, -7679}, 0, {13782, -608}, {0xCF, 0x3A, 0x9A, 0xFF}}},
	{{{5733, 3089, -6143}, 0, {16840, -1184}, {0x71, 0xC7, 0xF8, 0xFF}}},
	{{{3072, 3666, -7679}, 0, {13782, -608}, {0xCF, 0x3A, 0x9A, 0xFF}}},
	{{{5732, 3233, -6143}, 0, {16840, -1040}, {0x44, 0x6B, 0x08, 0xFF}}},
	{{{5733, 3089, -6143}, 0, {16840, -1184}, {0x71, 0xC7, 0xF8, 0xFF}}},
	{{{5289, 2493, -3327}, 0, {1490, -1778}, {0x67, 0xC0, 0x26, 0xFF}}},
	{{{3072, 2349, -2047}, 0, {4546, -1922}, {0x0F, 0xD2, 0x75, 0xFF}}},
	{{{2851, 1613, -1919}, 0, {4788, -2656}, {0xE1, 0x65, 0x47, 0xFF}}},
	{{{5289, 1936, -3327}, 0, {1490, -2334}, {0x55, 0x4B, 0x39, 0xFF}}},
	{{{5289, 2493, -3327}, 0, {1490, -1778}, {0x67, 0xC0, 0x26, 0xFF}}},
	{{{2851, 1613, -1919}, 0, {4788, -2656}, {0xE1, 0x65, 0x47, 0xFF}}},
	{{{2851, 1613, -1919}, 0, {4788, -2656}, {0xE1, 0x65, 0x47, 0xFF}}},
	{{{3072, 2349, -2047}, 0, {4546, -1922}, {0x0F, 0xD2, 0x75, 0xFF}}},
	{{{3072, 2945, -2047}, 0, {4546, -1328}, {0xBA, 0x69, 0x10, 0xFF}}},
	{{{5543, 2637, -2883}, 0, {1742, -1634}, {0x67, 0xC0, 0x26, 0xFF}}},
	{{{5543, 3089, -2883}, 0, {1742, -1182}, {0x65, 0x43, 0x26, 0xFF}}},
	{{{3328, 2493, -1603}, 0, {4300, -1778}, {0xF4, 0xBE, 0x6C, 0xFF}}},
	{{{-869, 1024, -5528}, 0, {9842, -3244}, {0xE9, 0x67, 0x47, 0xFF}}},
	{{{54, 2762, -3700}, 0, {8306, -1510}, {0xC3, 0x38, 0x60, 0xFF}}},
	{{{-869, 2657, -5528}, 0, {9842, -1614}, {0xEA, 0x7A, 0xE6, 0xFF}}},
	{{{3072, 4294, -6655}, 0, {13792, 0}, {0xE8, 0x00, 0x83, 0xFF}}},
	{{{4846, 4242, -5631}, 0, {16844, 0}, {0x4D, 0x61, 0xE2, 0xFF}}},
	{{{4846, 3233, -5631}, 0, {16844, -1040}, {0x59, 0x4C, 0xCF, 0xFF}}},
	{{{4846, 3233, -5631}, 0, {16844, -1040}, {0x59, 0x4C, 0xCF, 0xFF}}},
	{{{4846, 4242, -5631}, 0, {16844, 0}, {0x4D, 0x61, 0xE2, 0xFF}}},
	{{{4846, 3089, -3583}, 0, {19884, -1184}, {0x59, 0x41, 0x3E, 0xFF}}},
	{{{4846, 4242, -5631}, 0, {16844, 0}, {0x4D, 0x61, 0xE2, 0xFF}}},
	{{{4846, 4242, -3583}, 0, {19884, 0}, {0x32, 0x70, 0x22, 0xFF}}},
	{{{4846, 3089, -3583}, 0, {19884, -1184}, {0x59, 0x41, 0x3E, 0xFF}}},
	{{{3072, 4097, -3071}, 0, {4532, -176}, {0x09, 0x31, 0x75, 0xFF}}},
	{{{3072, 4293, -3071}, 0, {4532, 0}, {0x0A, 0x5D, 0x55, 0xFF}}},
	{{{1298, 4293, -3583}, 0, {7620, 0}, {0xAA, 0x43, 0x40, 0xFF}}},
	{{{3072, 4293, -3071}, 0, {4532, 0}, {0x0A, 0x5D, 0x55, 0xFF}}},
	{{{3072, 4097, -3071}, 0, {4532, -176}, {0x09, 0x31, 0x75, 0xFF}}},
	{{{4402, 4294, -3839}, 0, {1484, 0}, {0x3A, 0x5F, 0x3C, 0xFF}}},
	{{{3072, 4097, -3071}, 0, {4532, -176}, {0x09, 0x31, 0x75, 0xFF}}},
	{{{4402, 4293, -3839}, 0, {1484, 0}, {0x2A, 0x4E, 0x5B, 0xFF}}},
	{{{4402, 4294, -3839}, 0, {1484, 0}, {0x3A, 0x5F, 0x3C, 0xFF}}},
	{{{3072, 4097, -3071}, 0, {4532, -176}, {0x09, 0x31, 0x75, 0xFF}}},
	{{{1298, 3954, -3583}, 0, {7620, -320}, {0xBD, 0x63, 0x2B, 0xFF}}},
	{{{-869, 1024, -5528}, 0, {9842, -3244}, {0xE9, 0x67, 0x47, 0xFF}}},
	{{{54, 1024, -3700}, 0, {8306, -3244}, {0xC1, 0x33, 0x62, 0xFF}}},
	{{{54, 2762, -3700}, 0, {8306, -1510}, {0xC3, 0x38, 0x60, 0xFF}}},
	{{{3072, 2513, -7679}, 0, {13782, -1758}, {0xFD, 0x7F, 0x06, 0xFF}}},
	{{{-869, 1024, -5528}, 0, {9842, -3244}, {0xE9, 0x67, 0x47, 0xFF}}},
	{{{-869, 2657, -5528}, 0, {9842, -1614}, {0xEA, 0x7A, 0xE6, 0xFF}}},
	{{{-181, 2658, -5302}, 0, {-3096, 268}, {0xA3, 0x20, 0xAF, 0xFF}}},
	{{{851, 3818, -5894}, 0, {-1752, 1682}, {0xDD, 0x48, 0x9E, 0xFF}}},
	{{{329, 3042, -5595}, 0, {-2422, 746}, {0xC1, 0x00, 0x92, 0xFF}}},
	{{{851, 3818, -5894}, 0, {-1752, 1682}, {0xDD, 0x48, 0x9E, 0xFF}}},
	{{{596, 2939, -5748}, 0, {-2058, 640}, {0xC1, 0x00, 0x92, 0xFF}}},
	{{{507, 3042, -5697}, 0, {-2182, 756}, {0xC1, 0x00, 0x92, 0xFF}}},
	{{{240, 2939, -5544}, 0, {-2538, 622}, {0xC1, 0x00, 0x92, 0xFF}}},
	{{{240, 2683, -5544}, 0, {-2526, 320}, {0xC1, 0xFF, 0x92, 0xFF}}},
	{{{-181, 2658, -5302}, 0, {-3096, 268}, {0xA3, 0x20, 0xAF, 0xFF}}},
	{{{240, 2939, -5544}, 0, {-2538, 622}, {0xC1, 0x00, 0x92, 0xFF}}},
	{{{-181, 2658, -5302}, 0, {-3096, 268}, {0xA3, 0x20, 0xAF, 0xFF}}},
	{{{329, 3042, -5595}, 0, {-2422, 746}, {0xC1, 0x00, 0x92, 0xFF}}},
	{{{-181, 2658, -5302}, 0, {-3096, 268}, {0xA3, 0x20, 0xAF, 0xFF}}},
	{{{240, 2683, -5544}, 0, {-2526, 320}, {0xC1, 0xFF, 0x92, 0xFF}}},
	{{{596, 2683, -5748}, 0, {-2046, 340}, {0xC1, 0xFF, 0x92, 0xFF}}},
	{{{851, 3818, -5894}, 0, {-1752, 1682}, {0xDD, 0x48, 0x9E, 0xFF}}},
	{{{-181, 3818, -5302}, 0, {-3148, 1628}, {0x9B, 0x46, 0xE0, 0xFF}}},
	{{{-7167, 1024, -7167}, 0, {-4420, 0}, {0xEC, 0x00, 0x7D, 0xFF}}},
	{{{-3151, 512, -6526}, 0, {990, 650}, {0xB6, 0x26, 0x60, 0xFF}}},
	{{{-3151, 1024, -6526}, 0, {990, 0}, {0xB5, 0x00, 0x67, 0xFF}}},
	{{{2079, 1368, -1535}, 0, {3150, -376}, {0xE7, 0x7C, 0x00, 0xFF}}},
	{{{-1016, 1024, -2299}, 0, {0, 0}, {0xB4, 0x3E, 0x50, 0xFF}}},
	{{{-1016, 0, -2299}, 0, {0, 990}, {0xCC, 0x69, 0x30, 0xFF}}},
	{{{-2458, 1024, -5155}, 0, {990, 0}, {0x8F, 0x00, 0x39, 0xFF}}},
	{{{-2633, 0, -5497}, 0, {398, 1328}, {0xD8, 0x6F, 0x2F, 0xFF}}},
	{{{-2458, 0, -5155}, 0, {990, 1328}, {0xB0, 0x5A, 0x29, 0xFF}}},
	{{{-2458, 1024, -5155}, 0, {990, 0}, {0x8F, 0x00, 0x39, 0xFF}}},
	{{{-3151, 512, -6526}, 0, {-1052, 650}, {0xB6, 0x26, 0x60, 0xFF}}},
	{{{-2633, 0, -5497}, 0, {398, 1328}, {0xD8, 0x6F, 0x2F, 0xFF}}},
	{{{-2458, 1024, -5155}, 0, {990, 0}, {0x8F, 0x00, 0x39, 0xFF}}},
	{{{-3151, 1024, -6526}, 0, {-1052, 0}, {0xB5, 0x00, 0x67, 0xFF}}},
	{{{-3151, 512, -6526}, 0, {-1052, 650}, {0xB6, 0x26, 0x60, 0xFF}}},
	{{{-3445, 1, -4662}, 0, {396, 990}, {0x66, 0x39, 0xCE, 0xFF}}},
	{{{-3617, 1, -5005}, 0, {990, 990}, {0x21, 0x7B, 0xFE, 0xFF}}},
	{{{-4132, 513, -6035}, 0, {2442, 310}, {0x61, 0x52, 0xF9, 0xFF}}},
	{{{-3445, 1, -4662}, 0, {396, 990}, {0x66, 0x39, 0xCE, 0xFF}}},
	{{{-4132, 513, -6035}, 0, {2442, 310}, {0x61, 0x52, 0xF9, 0xFF}}},
	{{{-3445, 777, -4662}, 0, {396, -42}, {0x72, 0x00, 0xC8, 0xFF}}},
	{{{-1791, 0, -767}, 0, {1402, 990}, {0x5C, 0x51, 0x1F, 0xFF}}},
	{{{-2815, 1024, 256}, 0, {-1050, -344}, {0xE8, 0x00, 0x7D, 0xFF}}},
	{{{-2815, 0, 256}, 0, {-1052, 990}, {0x28, 0x72, 0x28, 0xFF}}},
	{{{-2559, 0, -2815}, 0, {990, 2010}, {0x32, 0x72, 0xE7, 0xFF}}},
	{{{-2559, 768, -2815}, 0, {990, 990}, {0x72, 0x00, 0xC8, 0xFF}}},
	{{{-1872, 0, -1441}, 0, {-1294, 2010}, {0x63, 0x47, 0xDC, 0xFF}}},
	{{{-1872, 768, -1441}, 0, {-1294, 990}, {0x7C, 0x00, 0xE3, 0xFF}}},
	{{{-1872, 0, -1441}, 0, {-1294, 2010}, {0x63, 0x47, 0xDC, 0xFF}}},
	{{{-1016, 0, -2299}, 0, {990, 990}, {0xCB, 0x69, 0x30, 0xFF}}},
	{{{-1535, 1024, -3327}, 0, {-158, 0}, {0x8F, 0x00, 0x39, 0xFF}}},
	{{{-1535, 0, -3327}, 0, {-158, 990}, {0xAF, 0x5A, 0x28, 0xFF}}},
	{{{-1016, 0, -2299}, 0, {990, 990}, {0xCC, 0x69, 0x30, 0xFF}}},
	{{{-1016, 1024, -2299}, 0, {990, 0}, {0xB4, 0x3E, 0x50, 0xFF}}},
	{{{-1535, 1024, -3327}, 0, {-158, 0}, {0x8F, 0x00, 0x39, 0xFF}}},
	{{{-1791, 0, -767}, 0, {308, 990}, {0x5C, 0x51, 0x1F, 0xFF}}},
	{{{-1872, 0, -1441}, 0, {990, 990}, {0x63, 0x47, 0xDC, 0xFF}}},
	{{{-1872, 768, -1441}, 0, {990, 0}, {0x7C, 0x00, 0xE3, 0xFF}}},
	{{{-1791, 0, -767}, 0, {308, 990}, {0x5C, 0x51, 0x1F, 0xFF}}},
	{{{-1791, 973, -767}, 0, {308, -304}, {0x78, 0x00, 0x29, 0xFF}}},
	{{{1434, 0, 4864}, 0, {1398, 224}, {0x00, 0x7F, 0x00, 0xFF}}},
	{{{-921, 0, 5377}, 0, {-950, 736}, {0x4C, 0x65, 0x00, 0xFF}}},
	{{{768, 0, 5376}, 0, {734, 734}, {0xBA, 0x61, 0xD5, 0xFF}}},
	{{{-1791, 0, -767}, 0, {1402, 990}, {0x5C, 0x51, 0x1F, 0xFF}}},
	{{{-1791, 973, -767}, 0, {1402, -304}, {0x78, 0x00, 0x29, 0xFF}}},
	{{{-2815, 1024, 256}, 0, {-1054, -400}, {0xE8, 0x00, 0x7D, 0xFF}}},
	{{{768, 717, 5376}, 0, {1160, 36}, {0xA4, 0x00, 0xA9, 0xFF}}},
	{{{768, 768, 5376}, 0, {1160, 0}, {0xC8, 0x00, 0x8E, 0xFF}}},
	{{{1792, 768, 4864}, 0, {-362, 0}, {0x9D, 0x00, 0xB1, 0xFF}}},
	{{{768, 0, 5376}, 0, {1160, 990}, {0xBA, 0x61, 0xD5, 0xFF}}},
	{{{1792, 768, 4864}, 0, {-362, 0}, {0x9D, 0x00, 0xB1, 0xFF}}},
	{{{1792, 0, 4864}, 0, {-362, 990}, {0xA3, 0x40, 0xC7, 0xFF}}},
	{{{768, 0, 5376}, 0, {1160, 990}, {0xBA, 0x61, 0xD5, 0xFF}}},
	{{{1792, 768, 4864}, 0, {-362, 0}, {0x9D, 0x00, 0xB1, 0xFF}}},
	{{{1434, 0, 4864}, 0, {1398, 224}, {0x00, 0x7F, 0x00, 0xFF}}},
	{{{1434, 0, 4352}, 0, {1398, -288}, {0x00, 0x7F, 0x00, 0xFF}}},
	{{{-921, 0, 5377}, 0, {-950, 736}, {0x4C, 0x65, 0x00, 0xFF}}},
	{{{768, 0, 5376}, 0, {734, 734}, {0xBA, 0x61, 0xD5, 0xFF}}},
	{{{1792, 0, 4864}, 0, {1756, 224}, {0xA3, 0x40, 0xC7, 0xFF}}},
	{{{-3071, 768, 512}, 0, {3034, 308}, {0x7B, 0x00, 0x20, 0xFF}}},
	{{{-3071, 768, 3072}, 0, {-1052, 308}, {0x6E, 0x00, 0x40, 0xFF}}},
	{{{-3071, 0, 3072}, 0, {-1052, 990}, {0x3C, 0x6F, 0x0F, 0xFF}}},
	{{{-1791, 0, 1792}, 0, {-1818, -2842}, {0xD6, 0x78, 0x00, 0xFF}}},
	{{{-3071, 0, 512}, 0, {-3096, -4120}, {0x59, 0x49, 0x34, 0xFF}}},
	{{{-3071, 0, 3072}, 0, {-3096, -1566}, {0x3C, 0x6F, 0x0F, 0xFF}}},
	{{{-1535, 0, 2048}, 0, {-1564, -2588}, {0xB9, 0x39, 0x59, 0xFF}}},
	{{{-3071, 0, 3072}, 0, {-3096, -1566}, {0x3C, 0x6F, 0x0F, 0xFF}}},
	{{{1280, 0, 3840}, 0, {1246, -798}, {0xC6, 0x5A, 0x43, 0xFF}}},
	{{{-1535, 0, 2048}, 0, {-1564, -2588}, {0xB9, 0x39, 0x59, 0xFF}}},
	{{{-921, 256, 5888}, 0, {0, -26}, {0x7F, 0x00, 0x00, 0xFF}}},
	{{{-921, 0, 6400}, 0, {-2072, 998}, {0x7F, 0x00, 0x00, 0xFF}}},
	{{{-921, 0, 5888}, 0, {-30, 994}, {0x46, 0x6A, 0x00, 0xFF}}},
	{{{-921, 0, 4865}, 0, {4056, 984}, {0x38, 0x72, 0x00, 0xFF}}},
	{{{-921, 256, 5375}, 0, {2014, 0}, {0x7F, 0x00, 0x00, 0xFF}}},
	{{{-921, 0, 5377}, 0, {2012, 990}, {0x4C, 0x65, 0x00, 0xFF}}},
	{{{-3071, 768, 512}, 0, {3034, 308}, {0x7B, 0x00, 0x20, 0xFF}}},
	{{{-3071, 0, 3072}, 0, {-1052, 990}, {0x3C, 0x6F, 0x0F, 0xFF}}},
	{{{-3071, 0, 512}, 0, {3034, 990}, {0x59, 0x49, 0x34, 0xFF}}},
	{{{1792, 0, 4352}, 0, {1756, -288}, {0x8C, 0x2A, 0x1E, 0xFF}}},
	{{{1280, 0, 3840}, 0, {1246, -798}, {0xC6, 0x5A, 0x43, 0xFF}}},
	{{{-4095, 0, 4096}, 0, {84, 990}, {0x2A, 0x3C, 0x68, 0xFF}}},
	{{{-3071, 768, 3072}, 0, {2012, 308}, {0x6E, 0x00, 0x40, 0xFF}}},
	{{{-4095, 768, 4096}, 0, {84, 308}, {0x30, 0x00, 0x75, 0xFF}}},
	{{{-4095, 0, 4096}, 0, {84, 990}, {0x2A, 0x3C, 0x68, 0xFF}}},
	{{{-3071, 0, 3072}, 0, {2012, 990}, {0x3C, 0x6F, 0x0F, 0xFF}}},
	{{{-3071, 768, 3072}, 0, {2012, 308}, {0x6E, 0x00, 0x40, 0xFF}}},
	{{{-1791, 768, 1792}, 0, {-4870, 0}, {0x81, 0x00, 0x00, 0xFF}}},
	{{{-1791, 0, 1792}, 0, {-4870, 990}, {0xD6, 0x78, 0x00, 0xFF}}},
	{{{-1535, 0, 2048}, 0, {-4394, 990}, {0xB9, 0x39, 0x59, 0xFF}}},
	{{{-1535, 0, 2048}, 0, {-4394, 990}, {0xB9, 0x39, 0x59, 0xFF}}},
	{{{1280, 0, 3840}, 0, {40, 990}, {0xC6, 0x5A, 0x43, 0xFF}}},
	{{{1280, 768, 3840}, 0, {40, 0}, {0xB4, 0x00, 0x66, 0xFF}}},
	{{{-1535, 0, 2048}, 0, {-4394, 990}, {0xB9, 0x39, 0x59, 0xFF}}},
	{{{-1535, 768, 2048}, 0, {-4394, 0}, {0xB1, 0x00, 0x63, 0xFF}}},
	{{{1280, 0, 3840}, 0, {40, 990}, {0xC6, 0x5A, 0x43, 0xFF}}},
	{{{1792, 768, 4352}, 0, {990, 0}, {0x92, 0x00, 0x40, 0xFF}}},
	{{{1792, 0, 4352}, 0, {0, 990}, {0x8C, 0x2A, 0x1E, 0xFF}}},
	{{{1792, 0, 4864}, 0, {650, 990}, {0xA3, 0x40, 0xC7, 0xFF}}},
	{{{1792, 768, 4864}, 0, {650, 0}, {0x9D, 0x00, 0xB1, 0xFF}}},
	{{{1280, 0, 3840}, 0, {40, 990}, {0xC6, 0x5A, 0x43, 0xFF}}},
	{{{1792, 0, 4352}, 0, {990, 990}, {0x8C, 0x2A, 0x1E, 0xFF}}},
	{{{1792, 768, 4352}, 0, {990, 0}, {0x92, 0x00, 0x40, 0xFF}}},
	{{{1792, 768, 4352}, 0, {0, 0}, {0x92, 0x00, 0x40, 0xFF}}},
	{{{1792, 0, 4352}, 0, {0, 990}, {0x8C, 0x2A, 0x1E, 0xFF}}},
	{{{1792, 768, 4864}, 0, {650, 0}, {0x9D, 0x00, 0xB1, 0xFF}}},
	{{{-1535, 768, 2048}, 0, {-4394, 0}, {0xB1, 0x00, 0x63, 0xFF}}},
	{{{-1791, 768, 1792}, 0, {-4870, 0}, {0x81, 0x00, 0x00, 0xFF}}},
	{{{-1535, 0, 1536}, 0, {-1564, -3098}, {0xC0, 0x5A, 0xC0, 0xFF}}},
	{{{-767, 0, -767}, 0, {-796, -5398}, {0x00, 0x7F, 0x00, 0xFF}}},
	{{{-2815, 0, 256}, 0, {-2840, -4376}, {0x28, 0x72, 0x28, 0xFF}}},
	{{{-1016, 0, -2299}, 0, {-1044, -6926}, {0xCB, 0x69, 0x30, 0xFF}}},
	{{{-1872, 0, -1441}, 0, {-1900, -6070}, {0x63, 0x47, 0xDC, 0xFF}}},
	{{{-1791, 0, -767}, 0, {-1818, -5398}, {0x5C, 0x51, 0x1F, 0xFF}}},
	{{{-1535, 0, -3327}, 0, {-1564, -7952}, {0xAF, 0x5A, 0x28, 0xFF}}},
	{{{-2559, 0, -2815}, 0, {-2586, -7442}, {0x32, 0x72, 0xE7, 0xFF}}},
	{{{-1016, 0, -2299}, 0, {-1044, -6926}, {0xCC, 0x69, 0x30, 0xFF}}},
	{{{-1872, 0, -1441}, 0, {-1900, -6070}, {0x63, 0x47, 0xDC, 0xFF}}},
	{{{-4132, 513, -6035}, 0, {-4184, -10640}, {0x61, 0x52, 0xF9, 0xFF}}},
	{{{-3617, 1, -5005}, 0, {-3682, -9674}, {0x21, 0x7B, 0xFE, 0xFF}}},
	{{{-2633, 0, -5497}, 0, {-2686, -10174}, {0xD8, 0x6F, 0x2F, 0xFF}}},
	{{{-2679, 0, -5045}, 0, {-2704, -9666}, {0x00, 0x7F, 0x00, 0xFF}}},
	{{{-2633, 0, -5497}, 0, {-2686, -10174}, {0xD8, 0x6F, 0x2F, 0xFF}}},
	{{{-3617, 1, -5005}, 0, {-3682, -9674}, {0x21, 0x7B, 0xFE, 0xFF}}},
	{{{-3251, 0, -4759}, 0, {-3276, -9382}, {0x00, 0x7F, 0x00, 0xFF}}},
	{{{-2679, 0, -5045}, 0, {-2704, -9666}, {0x00, 0x7F, 0x00, 0xFF}}},
	{{{-3151, 512, -6526}, 0, {-3176, -11146}, {0xB6, 0x26, 0x60, 0xFF}}},
	{{{-4132, 513, -6035}, 0, {-4184, -10640}, {0x61, 0x52, 0xF9, 0xFF}}},
	{{{-2633, 0, -5497}, 0, {-2686, -10174}, {0xD8, 0x6F, 0x2F, 0xFF}}},
	{{{-3445, 1, -4662}, 0, {-3470, -9284}, {0x66, 0x39, 0xCD, 0xFF}}},
	{{{-3251, 0, -4759}, 0, {-3276, -9382}, {0x00, 0x7F, 0x00, 0xFF}}},
	{{{-2679, 0, -5045}, 0, {-2704, -9666}, {0x00, 0x7F, 0x00, 0xFF}}},
	{{{-2458, 0, -5155}, 0, {-2484, -9776}, {0xB0, 0x5A, 0x28, 0xFF}}},
	{{{-2096, 922, -4764}, 0, {-796, 1404}, {0x3A, 0x6F, 0x14, 0xFF}}},
	{{{-2240, 1024, -4835}, 0, {-882, 1498}, {0x4B, 0x66, 0xFC, 0xFF}}},
	{{{-942, 922, -2479}, 0, {904, 1404}, {0x06, 0x6F, 0xC2, 0xFF}}},
	{{{-2240, 1024, -4835}, 0, {-882, 1498}, {0x4B, 0x66, 0xFC, 0xFF}}},
	{{{-970, 1024, -2322}, 0, {990, 1500}, {0x1A, 0x6A, 0xC0, 0xFF}}},
	{{{-942, 922, -2479}, 0, {904, 1404}, {0x06, 0x6F, 0xC2, 0xFF}}},
	{{{-869, 1024, -5528}, 0, {-882, 0}, {0xE9, 0x67, 0x47, 0xFF}}},
	{{{-2240, 1024, -4835}, 0, {-882, 1498}, {0x4B, 0x66, 0xFC, 0xFF}}},
	{{{-2096, 922, -4764}, 0, {-796, 1404}, {0x3A, 0x6F, 0x14, 0xFF}}},
	{{{-869, 1024, -5528}, 0, {-882, 0}, {0xE9, 0x67, 0x47, 0xFF}}},
	{{{-1552, 717, -4752}, 0, {-626, 926}, {0x1D, 0x77, 0x20, 0xFF}}},
	{{{-1210, 717, -4925}, 0, {-626, 542}, {0x07, 0x7A, 0x22, 0xFF}}},
	{{{-1867, 819, -4737}, 0, {-712, 1212}, {0x2D, 0x76, 0x08, 0xFF}}},
	{{{-2096, 922, -4764}, 0, {-796, 1404}, {0x3A, 0x6F, 0x14, 0xFF}}},
	{{{-942, 922, -2479}, 0, {904, 1404}, {0x06, 0x6F, 0xC2, 0xFF}}},
	{{{-1867, 819, -4737}, 0, {-712, 1212}, {0x2D, 0x76, 0x08, 0xFF}}},
	{{{-942, 922, -2479}, 0, {904, 1404}, {0x06, 0x6F, 0xC2, 0xFF}}},
	{{{-828, 819, -2680}, 0, {820, 1212}, {0x13, 0x76, 0xD6, 0xFF}}},
	{{{-942, 922, -2479}, 0, {904, 1404}, {0x06, 0x6F, 0xC2, 0xFF}}},
	{{{-286, 717, -3097}, 0, {734, 542}, {0xE1, 0x79, 0xEA, 0xFF}}},
	{{{-629, 717, -2924}, 0, {734, 926}, {0x00, 0x7B, 0xE0, 0xFF}}},
	{{{-629, 717, -2924}, 0, {734, 926}, {0x00, 0x7B, 0xE0, 0xFF}}},
	{{{-828, 819, -2680}, 0, {820, 1212}, {0x13, 0x76, 0xD6, 0xFF}}},
	{{{-942, 922, -2479}, 0, {904, 1404}, {0x06, 0x6F, 0xC2, 0xFF}}},
	{{{28, 819, -3113}, 0, {820, 256}, {0xD2, 0x75, 0xF2, 0xFF}}},
	{{{-286, 717, -3097}, 0, {734, 542}, {0xE1, 0x79, 0xEA, 0xFF}}},
	{{{257, 922, -3085}, 0, {904, 64}, {0xBB, 0x6A, 0x01, 0xFF}}},
	{{{28, 819, -3113}, 0, {820, 256}, {0xD2, 0x75, 0xF2, 0xFF}}},
	{{{400, 1024, -3014}, 0, {990, 0}, {0xBA, 0x61, 0x2B, 0xFF}}},
	{{{257, 922, -3085}, 0, {904, 64}, {0xBB, 0x6A, 0x01, 0xFF}}},
	{{{-942, 922, -2479}, 0, {904, 1404}, {0x06, 0x6F, 0xC2, 0xFF}}},
	{{{-970, 1024, -2322}, 0, {990, 1500}, {0x1A, 0x6A, 0xC0, 0xFF}}},
	{{{400, 1024, -3014}, 0, {990, 0}, {0xBA, 0x61, 0x2B, 0xFF}}},
	{{{-869, 1024, -5528}, 0, {-882, 0}, {0xE9, 0x67, 0x47, 0xFF}}},
	{{{-2096, 922, -4764}, 0, {-796, 1404}, {0x3A, 0x6F, 0x14, 0xFF}}},
	{{{-1867, 819, -4737}, 0, {-712, 1212}, {0x2D, 0x76, 0x08, 0xFF}}},
	{{{-629, 717, -2924}, 0, {734, 926}, {0x00, 0x7B, 0xE0, 0xFF}}},
	{{{-1552, 717, -4752}, 0, {-626, 926}, {0x1D, 0x77, 0x20, 0xFF}}},
	{{{-1867, 819, -4737}, 0, {-712, 1212}, {0x2D, 0x76, 0x08, 0xFF}}},
	{{{-629, 717, -2924}, 0, {734, 926}, {0x00, 0x7B, 0xE0, 0xFF}}},
	{{{-869, 1024, -5528}, 0, {-882, 0}, {0xE9, 0x67, 0x47, 0xFF}}},
	{{{-1867, 819, -4737}, 0, {-712, 1212}, {0x2D, 0x76, 0x08, 0xFF}}},
	{{{-1552, 717, -4752}, 0, {-626, 926}, {0x1D, 0x77, 0x20, 0xFF}}},
	{{{-1210, 717, -4925}, 0, {-626, 542}, {0x07, 0x7A, 0x22, 0xFF}}},
	{{{-629, 717, -2924}, 0, {734, 926}, {0x00, 0x7B, 0xE0, 0xFF}}},
	{{{-286, 717, -3097}, 0, {734, 542}, {0xE1, 0x79, 0xEA, 0xFF}}},
	{{{-1210, 717, -4925}, 0, {-626, 542}, {0x07, 0x7A, 0x22, 0xFF}}},
	{{{-1010, 819, -5170}, 0, {-712, 256}, {0xF4, 0x76, 0x2C, 0xFF}}},
	{{{-1210, 717, -4925}, 0, {-626, 542}, {0x07, 0x7A, 0x22, 0xFF}}},
	{{{-286, 717, -3097}, 0, {734, 542}, {0xE1, 0x79, 0xEA, 0xFF}}},
	{{{-869, 1024, -5528}, 0, {-882, 0}, {0xE9, 0x67, 0x47, 0xFF}}},
	{{{-1010, 819, -5170}, 0, {-712, 256}, {0xF4, 0x76, 0x2C, 0xFF}}},
	{{{-286, 717, -3097}, 0, {734, 542}, {0xE1, 0x79, 0xEA, 0xFF}}},
	{{{28, 819, -3113}, 0, {820, 256}, {0xD2, 0x75, 0xF2, 0xFF}}},
	{{{-869, 1024, -5528}, 0, {-882, 0}, {0xE9, 0x67, 0x47, 0xFF}}},
	{{{-1010, 819, -5170}, 0, {-712, 256}, {0xF4, 0x76, 0x2C, 0xFF}}},
	{{{-897, 922, -5370}, 0, {-796, 64}, {0xCD, 0x6B, 0x2C, 0xFF}}},
	{{{28, 819, -3113}, 0, {820, 256}, {0xD2, 0x75, 0xF2, 0xFF}}},
	{{{-897, 922, -5370}, 0, {-796, 64}, {0xCD, 0x6B, 0x2C, 0xFF}}},
	{{{28, 819, -3113}, 0, {820, 256}, {0xD2, 0x75, 0xF2, 0xFF}}},
	{{{257, 922, -3085}, 0, {904, 64}, {0xBB, 0x6A, 0x01, 0xFF}}},
	{{{54, 1024, -3700}, 0, {478, 0}, {0xC1, 0x33, 0x62, 0xFF}}},
	{{{-869, 1024, -5528}, 0, {-882, 0}, {0xE9, 0x67, 0x47, 0xFF}}},
	{{{-897, 922, -5370}, 0, {-796, 64}, {0xCD, 0x6B, 0x2C, 0xFF}}},
	{{{54, 1024, -3700}, 0, {478, 0}, {0xC1, 0x33, 0x62, 0xFF}}},
	{{{-897, 922, -5370}, 0, {-796, 64}, {0xCD, 0x6B, 0x2C, 0xFF}}},
	{{{257, 922, -3085}, 0, {904, 64}, {0xBB, 0x6A, 0x01, 0xFF}}},
	{{{169, 1024, -3471}, 0, {650, 0}, {0x87, 0x25, 0xF1, 0xFF}}},
	{{{54, 1024, -3700}, 0, {478, 0}, {0xC1, 0x33, 0x62, 0xFF}}},
	{{{257, 922, -3085}, 0, {904, 64}, {0xBB, 0x6A, 0x01, 0xFF}}},
	{{{169, 1024, -3471}, 0, {650, 0}, {0x87, 0x25, 0xF1, 0xFF}}},
	{{{257, 922, -3085}, 0, {904, 64}, {0xBB, 0x6A, 0x01, 0xFF}}},
	{{{400, 1024, -3014}, 0, {990, 0}, {0xBA, 0x61, 0x2B, 0xFF}}},
	{{{-7167, 768, 4096}, 0, {-3096, 0}, {0x5A, 0x00, 0x5A, 0xFF}}},
	{{{-7167, 0, 4096}, 0, {-3096, 990}, {0x00, 0x00, 0x7F, 0xFF}}},
	{{{-4095, 0, 4096}, 0, {990, 990}, {0x2A, 0x3C, 0x68, 0xFF}}},
	{{{-4095, 768, 4096}, 0, {990, 0}, {0x30, 0x00, 0x75, 0xFF}}},
	{{{768, 768, 7680}, 0, {1672, 0}, {0x81, 0x00, 0x00, 0xFF}}},
	{{{768, 768, 7168}, 0, {990, 0}, {0x81, 0x00, 0x00, 0xFF}}},
	{{{768, 0, 7168}, 0, {990, 990}, {0x81, 0x00, 0x00, 0xFF}}},
	{{{768, 768, 5888}, 0, {-712, 0}, {0x81, 0x00, 0x00, 0xFF}}},
	{{{768, 717, 5888}, 0, {-712, 36}, {0x81, 0x00, 0x00, 0xFF}}},
	{{{768, 0, 5888}, 0, {-712, 990}, {0xBA, 0x6A, 0x00, 0xFF}}},
	{{{-3503, 1024, 111}, 0, {16320, 0}, {0x43, 0x00, 0x6C, 0xFF}}},
	{{{-7167, 1024, 512}, 0, {0, 0}, {0x5F, 0x00, 0x55, 0xFF}}},
	{{{-3503, 960, 111}, 0, {16320, 224}, {0x22, 0x00, 0x7A, 0xFF}}},
	{{{-7167, 768, 512}, 0, {0, 990}, {0x42, 0x00, 0x6C, 0xFF}}},
	{{{-3503, 768, 111}, 0, {16320, 990}, {0x0D, 0x00, 0x7E, 0xFF}}},
	{{{768, 0, 5888}, 0, {734, 1244}, {0xBA, 0x6A, 0x00, 0xFF}}},
	{{{-921, 0, 5888}, 0, {-950, 1244}, {0x46, 0x6A, 0x00, 0xFF}}},
	{{{-383, 0, 6400}, 0, {-414, 1754}, {0x00, 0x7F, 0x00, 0xFF}}},
	{{{256, 0, 6400}, 0, {224, 1754}, {0x00, 0x7F, 0x00, 0xFF}}},
	{{{1434, 0, 4352}, 0, {1398, -288}, {0x00, 0x7F, 0x00, 0xFF}}},
	{{{-3071, 0, 3072}, 0, {-3096, -1566}, {0x3C, 0x6F, 0x0F, 0xFF}}},
	{{{-4095, 0, 4096}, 0, {-4118, -544}, {0x2A, 0x3C, 0x67, 0xFF}}},
	{{{1280, 0, 3840}, 0, {1246, -798}, {0xC6, 0x5A, 0x43, 0xFF}}},
	{{{-921, 0, 4865}, 0, {-950, 224}, {0x38, 0x72, 0x00, 0xFF}}},
	{{{-921, 0, 5377}, 0, {-950, 736}, {0x4C, 0x65, 0x00, 0xFF}}},
	{{{-4095, 0, 4096}, 0, {-4118, -544}, {0x2A, 0x3C, 0x68, 0xFF}}},
	{{{-2815, 0, 256}, 0, {-2840, -4376}, {0x28, 0x72, 0x28, 0xFF}}},
	{{{-767, 0, -767}, 0, {-796, -5398}, {0x00, 0x7F, 0x00, 0xFF}}},
	{{{-1791, 0, -767}, 0, {-1818, -5398}, {0x5C, 0x51, 0x1F, 0xFF}}},
	{{{-1016, 0, -2299}, 0, {-1044, -6926}, {0xCC, 0x69, 0x30, 0xFF}}},
};

Gfx bob_dl_bob_seg7_dl_07004390_mesh_mesh_layer_1_tri_4[] = {
	gsSPVertex(bob_dl_bob_seg7_dl_07004390_mesh_mesh_layer_1_vtx_4 + 0, 64, 0),
	gsSP2Triangles(0, 1, 2, 0, 3, 4, 5, 0),
	gsSP2Triangles(6, 7, 8, 0, 9, 10, 11, 0),
	gsSP2Triangles(12, 13, 14, 0, 15, 16, 17, 0),
	gsSP2Triangles(18, 19, 20, 0, 21, 22, 23, 0),
	gsSP2Triangles(24, 25, 26, 0, 27, 28, 29, 0),
	gsSP2Triangles(30, 23, 31, 0, 32, 33, 34, 0),
	gsSP2Triangles(35, 36, 37, 0, 38, 39, 40, 0),
	gsSP2Triangles(41, 42, 43, 0, 44, 45, 46, 0),
	gsSP2Triangles(30, 47, 48, 0, 49, 50, 51, 0),
	gsSP2Triangles(47, 36, 52, 0, 53, 54, 48, 0),
	gsSP2Triangles(48, 55, 56, 0, 57, 58, 59, 0),
	gsSP2Triangles(59, 60, 61, 0, 62, 33, 63, 0),
	gsSPVertex(bob_dl_bob_seg7_dl_07004390_mesh_mesh_layer_1_vtx_4 + 64, 63, 0),
	gsSP2Triangles(0, 1, 2, 0, 3, 4, 5, 0),
	gsSP2Triangles(6, 7, 8, 0, 9, 10, 11, 0),
	gsSP2Triangles(12, 13, 14, 0, 15, 16, 17, 0),
	gsSP2Triangles(18, 15, 19, 0, 20, 21, 22, 0),
	gsSP2Triangles(23, 24, 25, 0, 26, 27, 28, 0),
	gsSP2Triangles(29, 28, 30, 0, 31, 32, 33, 0),
	gsSP2Triangles(34, 35, 36, 0, 37, 22, 38, 0),
	gsSP2Triangles(39, 40, 41, 0, 42, 43, 44, 0),
	gsSP2Triangles(45, 46, 47, 0, 48, 49, 50, 0),
	gsSP2Triangles(51, 52, 53, 0, 54, 55, 56, 0),
	gsSP2Triangles(57, 58, 59, 0, 60, 61, 62, 0),
	gsSPVertex(bob_dl_bob_seg7_dl_07004390_mesh_mesh_layer_1_vtx_4 + 127, 63, 0),
	gsSP2Triangles(0, 1, 2, 0, 3, 4, 5, 0),
	gsSP2Triangles(6, 7, 8, 0, 9, 10, 11, 0),
	gsSP2Triangles(12, 13, 14, 0, 15, 16, 17, 0),
	gsSP2Triangles(18, 19, 20, 0, 21, 22, 23, 0),
	gsSP2Triangles(24, 25, 26, 0, 27, 28, 29, 0),
	gsSP2Triangles(30, 31, 32, 0, 33, 34, 35, 0),
	gsSP2Triangles(36, 37, 38, 0, 39, 40, 41, 0),
	gsSP2Triangles(42, 43, 44, 0, 45, 46, 47, 0),
	gsSP2Triangles(48, 49, 50, 0, 51, 52, 53, 0),
	gsSP2Triangles(54, 55, 56, 0, 57, 58, 59, 0),
	gsSP1Triangle(60, 61, 62, 0),
	gsSPVertex(bob_dl_bob_seg7_dl_07004390_mesh_mesh_layer_1_vtx_4 + 190, 64, 0),
	gsSP2Triangles(0, 1, 2, 0, 3, 4, 5, 0),
	gsSP2Triangles(6, 7, 8, 0, 9, 10, 11, 0),
	gsSP2Triangles(12, 13, 14, 0, 6, 15, 16, 0),
	gsSP2Triangles(1, 17, 18, 0, 19, 20, 21, 0),
	gsSP2Triangles(22, 23, 14, 0, 24, 25, 26, 0),
	gsSP2Triangles(27, 28, 29, 0, 30, 31, 32, 0),
	gsSP2Triangles(33, 34, 35, 0, 10, 36, 37, 0),
	gsSP2Triangles(38, 39, 40, 0, 41, 42, 43, 0),
	gsSP2Triangles(44, 39, 45, 0, 46, 47, 48, 0),
	gsSP2Triangles(49, 50, 51, 0, 52, 53, 54, 0),
	gsSP2Triangles(55, 56, 57, 0, 58, 59, 60, 0),
	gsSP1Triangle(61, 62, 63, 0),
	gsSPVertex(bob_dl_bob_seg7_dl_07004390_mesh_mesh_layer_1_vtx_4 + 254, 62, 0),
	gsSP2Triangles(0, 1, 2, 0, 3, 4, 5, 0),
	gsSP2Triangles(6, 7, 8, 0, 9, 10, 11, 0),
	gsSP2Triangles(12, 13, 14, 0, 15, 16, 17, 0),
	gsSP2Triangles(18, 19, 20, 0, 21, 22, 23, 0),
	gsSP2Triangles(24, 25, 26, 0, 27, 28, 29, 0),
	gsSP2Triangles(30, 31, 32, 0, 33, 34, 35, 0),
	gsSP2Triangles(36, 37, 38, 0, 39, 40, 41, 0),
	gsSP2Triangles(42, 43, 44, 0, 45, 46, 47, 0),
	gsSP2Triangles(48, 49, 50, 0, 51, 52, 53, 0),
	gsSP2Triangles(54, 55, 56, 0, 57, 50, 58, 0),
	gsSP1Triangle(59, 60, 61, 0),
	gsSPVertex(bob_dl_bob_seg7_dl_07004390_mesh_mesh_layer_1_vtx_4 + 316, 63, 0),
	gsSP2Triangles(0, 1, 2, 0, 3, 4, 5, 0),
	gsSP2Triangles(6, 7, 8, 0, 9, 10, 11, 0),
	gsSP2Triangles(12, 13, 14, 0, 15, 16, 17, 0),
	gsSP2Triangles(18, 15, 19, 0, 20, 21, 22, 0),
	gsSP2Triangles(23, 24, 25, 0, 26, 27, 28, 0),
	gsSP2Triangles(29, 30, 31, 0, 32, 33, 34, 0),
	gsSP2Triangles(35, 36, 37, 0, 38, 39, 40, 0),
	gsSP2Triangles(41, 42, 43, 0, 44, 45, 46, 0),
	gsSP2Triangles(45, 47, 48, 0, 49, 50, 51, 0),
	gsSP2Triangles(52, 53, 54, 0, 55, 56, 57, 0),
	gsSP2Triangles(58, 57, 59, 0, 60, 61, 62, 0),
	gsSPVertex(bob_dl_bob_seg7_dl_07004390_mesh_mesh_layer_1_vtx_4 + 379, 64, 0),
	gsSP2Triangles(0, 1, 2, 0, 3, 4, 5, 0),
	gsSP2Triangles(6, 3, 7, 0, 8, 9, 10, 0),
	gsSP2Triangles(11, 12, 13, 0, 14, 15, 11, 0),
	gsSP2Triangles(16, 17, 18, 0, 19, 20, 21, 0),
	gsSP2Triangles(22, 19, 23, 0, 24, 25, 21, 0),
	gsSP2Triangles(26, 27, 28, 0, 29, 30, 31, 0),
	gsSP2Triangles(32, 33, 34, 0, 35, 36, 12, 0),
	gsSP2Triangles(37, 38, 39, 0, 40, 41, 42, 0),
	gsSP2Triangles(43, 44, 45, 0, 46, 47, 48, 0),
	gsSP2Triangles(49, 48, 50, 0, 48, 51, 52, 0),
	gsSP2Triangles(53, 54, 55, 0, 56, 57, 58, 0),
	gsSP2Triangles(59, 60, 61, 0, 45, 62, 63, 0),
	gsSPVertex(bob_dl_bob_seg7_dl_07004390_mesh_mesh_layer_1_vtx_4 + 443, 62, 0),
	gsSP2Triangles(0, 1, 2, 0, 3, 4, 5, 0),
	gsSP2Triangles(6, 7, 8, 0, 3, 7, 9, 0),
	gsSP2Triangles(10, 11, 12, 0, 11, 13, 14, 0),
	gsSP2Triangles(15, 16, 17, 0, 18, 19, 20, 0),
	gsSP2Triangles(11, 21, 22, 0, 23, 24, 20, 0),
	gsSP2Triangles(25, 26, 27, 0, 28, 29, 30, 0),
	gsSP2Triangles(31, 32, 33, 0, 34, 35, 36, 0),
	gsSP2Triangles(37, 38, 39, 0, 40, 41, 42, 0),
	gsSP2Triangles(43, 44, 45, 0, 27, 46, 47, 0),
	gsSP2Triangles(48, 49, 50, 0, 27, 51, 52, 0),
	gsSP2Triangles(48, 53, 54, 0, 55, 56, 57, 0),
	gsSP2Triangles(58, 59, 60, 0, 37, 42, 61, 0),
	gsSPVertex(bob_dl_bob_seg7_dl_07004390_mesh_mesh_layer_1_vtx_4 + 505, 62, 0),
	gsSP2Triangles(0, 1, 2, 0, 3, 4, 5, 0),
	gsSP2Triangles(6, 7, 8, 0, 9, 5, 2, 0),
	gsSP2Triangles(10, 11, 12, 0, 13, 11, 14, 0),
	gsSP2Triangles(14, 15, 16, 0, 17, 18, 19, 0),
	gsSP2Triangles(19, 14, 20, 0, 21, 22, 23, 0),
	gsSP2Triangles(24, 25, 26, 0, 27, 28, 29, 0),
	gsSP2Triangles(30, 31, 32, 0, 33, 34, 35, 0),
	gsSP2Triangles(36, 37, 38, 0, 38, 39, 36, 0),
	gsSP2Triangles(40, 41, 42, 0, 41, 43, 42, 0),
	gsSP2Triangles(42, 43, 44, 0, 44, 45, 42, 0),
	gsSP2Triangles(46, 47, 48, 0, 47, 49, 48, 0),
	gsSP2Triangles(49, 50, 48, 0, 51, 52, 53, 0),
	gsSP2Triangles(51, 53, 54, 0, 55, 56, 57, 0),
	gsSP2Triangles(58, 56, 55, 0, 55, 59, 60, 0),
	gsSP1Triangle(59, 55, 61, 0),
	gsSPVertex(bob_dl_bob_seg7_dl_07004390_mesh_mesh_layer_1_vtx_4 + 567, 4, 0),
	gsSP2Triangles(0, 1, 2, 0, 1, 3, 2, 0),
	gsSPEndDisplayList(),
};

Vtx bob_dl_bob_seg7_dl_07004390_mesh_mesh_layer_1_vtx_5[35] = {
	{{{768, 717, 5888}, 0, {-712, 36}, {0x81, 0x00, 0x00, 0xFF}}},
	{{{768, 717, 5376}, 0, {-1392, 36}, {0xA4, 0x00, 0xA9, 0xFF}}},
	{{{768, 0, 5376}, 0, {-1392, 990}, {0xBA, 0x61, 0xD5, 0xFF}}},
	{{{-3071, 0, 512}, 0, {0, 990}, {0x59, 0x49, 0x34, 0xFF}}},
	{{{-2815, 0, 256}, 0, {450, 990}, {0x28, 0x72, 0x28, 0xFF}}},
	{{{-2815, 768, 256}, 0, {450, 322}, {0x28, 0x00, 0x78, 0xFF}}},
	{{{-2815, 768, 256}, 0, {450, 322}, {0x28, 0x00, 0x78, 0xFF}}},
	{{{-3071, 768, 512}, 0, {-30, 336}, {0x7B, 0x00, 0x20, 0xFF}}},
	{{{-921, 0, 5888}, 0, {-950, 1244}, {0x46, 0x6A, 0x00, 0xFF}}},
	{{{768, 0, 5376}, 0, {734, 734}, {0xBA, 0x61, 0xD5, 0xFF}}},
	{{{-921, 0, 5377}, 0, {-950, 736}, {0x4C, 0x65, 0x00, 0xFF}}},
	{{{-921, 0, 5888}, 0, {-950, 1244}, {0x46, 0x6A, 0x00, 0xFF}}},
	{{{768, 0, 5888}, 0, {734, 1244}, {0xBA, 0x6A, 0x00, 0xFF}}},
	{{{768, 0, 5376}, 0, {734, 734}, {0xBA, 0x61, 0xD5, 0xFF}}},
	{{{-921, 0, 5377}, 0, {2012, 990}, {0x4C, 0x65, 0x00, 0xFF}}},
	{{{-921, 205, 5888}, 0, {0, 178}, {0x7F, 0x00, 0x00, 0xFF}}},
	{{{-921, 0, 5888}, 0, {-30, 994}, {0x46, 0x6A, 0x00, 0xFF}}},
	{{{-921, 0, 5377}, 0, {2012, 990}, {0x4C, 0x65, 0x00, 0xFF}}},
	{{{-921, 205, 5376}, 0, {2012, 172}, {0x7F, 0x00, 0x00, 0xFF}}},
	{{{768, 0, 5376}, 0, {-1392, 990}, {0xBA, 0x61, 0xD5, 0xFF}}},
	{{{768, 0, 5888}, 0, {-712, 990}, {0xBA, 0x6A, 0x00, 0xFF}}},
	{{{-1791, 768, 1792}, 0, {450, 0}, {0x81, 0x00, 0x00, 0xFF}}},
	{{{-1535, 0, 1536}, 0, {0, 922}, {0xC0, 0x5A, 0xC0, 0xFF}}},
	{{{-1791, 0, 1792}, 0, {450, 922}, {0xD6, 0x78, 0x00, 0xFF}}},
	{{{-1791, 768, 1792}, 0, {450, 0}, {0x81, 0x00, 0x00, 0xFF}}},
	{{{-1535, 768, 1536}, 0, {0, 0}, {0xA6, 0x00, 0xA6, 0xFF}}},
	{{{-1535, 0, 1536}, 0, {0, 922}, {0xC0, 0x5A, 0xC0, 0xFF}}},
	{{{-1764, 0, -3213}, 0, {-1792, -7838}, {0x00, 0x7F, 0x00, 0xFF}}},
	{{{-2679, 0, -5045}, 0, {-2704, -9666}, {0x00, 0x7F, 0x00, 0xFF}}},
	{{{-3251, 0, -4759}, 0, {-3276, -9382}, {0x00, 0x7F, 0x00, 0xFF}}},
	{{{-2336, 0, -2926}, 0, {-2362, -7552}, {0x00, 0x7F, 0x00, 0xFF}}},
	{{{-1791, 0, 1792}, 0, {-1818, -2842}, {0xD6, 0x78, 0x00, 0xFF}}},
	{{{-2815, 0, 256}, 0, {-2840, -4376}, {0x28, 0x72, 0x28, 0xFF}}},
	{{{-3071, 0, 512}, 0, {-3096, -4120}, {0x59, 0x49, 0x34, 0xFF}}},
	{{{-1535, 0, 1536}, 0, {-1564, -3098}, {0xC0, 0x5A, 0xC0, 0xFF}}},
};

Gfx bob_dl_bob_seg7_dl_07004390_mesh_mesh_layer_1_tri_5[] = {
	gsSPVertex(bob_dl_bob_seg7_dl_07004390_mesh_mesh_layer_1_vtx_5 + 0, 35, 0),
	gsSP2Triangles(0, 1, 2, 0, 3, 4, 5, 0),
	gsSP2Triangles(3, 6, 7, 0, 8, 9, 10, 0),
	gsSP2Triangles(11, 12, 13, 0, 14, 15, 16, 0),
	gsSP2Triangles(17, 18, 15, 0, 0, 19, 20, 0),
	gsSP2Triangles(21, 22, 23, 0, 24, 25, 26, 0),
	gsSP2Triangles(27, 28, 29, 0, 27, 29, 30, 0),
	gsSP2Triangles(31, 32, 33, 0, 31, 34, 32, 0),
	gsSPEndDisplayList(),
};

Vtx bob_dl_bob_seg7_dl_07004390_mesh_mesh_layer_1_vtx_6[81] = {
	{{{2851, 1613, -1919}, 0, {622, 1882}, {0xE1, 0x65, 0x47, 0xFF}}},
	{{{2802, 1613, -2653}, 0, {540, 664}, {0x9B, 0x3D, 0x2F, 0xFF}}},
	{{{2560, 1613, -2737}, 0, {138, 524}, {0x52, 0x46, 0x42, 0xFF}}},
	{{{2560, 1613, -2737}, 0, {138, 524}, {0x52, 0x46, 0x42, 0xFF}}},
	{{{2560, 1612, -2244}, 0, {138, 1342}, {0x05, 0x5D, 0x57, 0xFF}}},
	{{{2851, 1613, -1919}, 0, {622, 1882}, {0xE1, 0x65, 0x47, 0xFF}}},
	{{{2851, 1613, -1919}, 0, {622, 1882}, {0xE1, 0x65, 0x47, 0xFF}}},
	{{{2560, 1612, -2244}, 0, {138, 1342}, {0x05, 0x5D, 0x57, 0xFF}}},
	{{{2874, 1576, -1794}, 0, {660, 2090}, {0xD7, 0x77, 0x12, 0xFF}}},
	{{{400, 1024, -3014}, 0, {-3452, 62}, {0xBA, 0x61, 0x2B, 0xFF}}},
	{{{2488, 1369, -2138}, 0, {18, 1518}, {0xC5, 0x6A, 0x26, 0xFF}}},
	{{{2560, 1612, -2244}, 0, {138, 1342}, {0x05, 0x5D, 0x57, 0xFF}}},
	{{{2560, 1612, -2244}, 0, {138, 1342}, {0x05, 0x5D, 0x57, 0xFF}}},
	{{{2874, 1576, -1794}, 0, {660, 2090}, {0xD7, 0x77, 0x12, 0xFF}}},
	{{{4147, 3072, -2559}, 0, {2778, 820}, {0xEE, 0x7C, 0xEE, 0xFF}}},
	{{{5289, 3089, -3327}, 0, {4678, -458}, {0x1B, 0x7A, 0xEC, 0xFF}}},
	{{{3072, 2945, -2047}, 0, {990, 1670}, {0xBA, 0x69, 0x10, 0xFF}}},
	{{{228, 2802, -2532}, 0, {348, 5972}, {0xB8, 0x67, 0x12, 0xFF}}},
	{{{1328, 2918, -2520}, 0, {2178, 5992}, {0xFD, 0x7E, 0xF2, 0xFF}}},
	{{{400, 2802, -3014}, 0, {634, 5170}, {0xC2, 0x6F, 0x00, 0xFF}}},
	{{{228, 2802, -2532}, 0, {348, 5972}, {0xB8, 0x67, 0x12, 0xFF}}},
	{{{1260, 2918, -2327}, 0, {2064, 6312}, {0xF4, 0x7E, 0x0D, 0xFF}}},
	{{{1328, 2918, -2520}, 0, {2178, 5992}, {0xFD, 0x7E, 0xF2, 0xFF}}},
	{{{4352, 3072, -2354}, 0, {7208, 6268}, {0x03, 0x7E, 0x11, 0xFF}}},
	{{{4147, 3072, -2354}, 0, {6866, 6268}, {0xF7, 0x7E, 0x09, 0xFF}}},
	{{{3328, 2944, -1603}, 0, {5504, 7518}, {0xF5, 0x69, 0x46, 0xFF}}},
	{{{1260, 2918, -2327}, 0, {2064, 6312}, {0xF4, 0x7E, 0x0D, 0xFF}}},
	{{{228, 2802, -2532}, 0, {348, 5972}, {0xB8, 0x67, 0x12, 0xFF}}},
	{{{2388, 2917, -1762}, 0, {3940, 7254}, {0x1A, 0x64, 0x49, 0xFF}}},
	{{{1452, 2918, -2259}, 0, {2384, 6428}, {0x00, 0x7F, 0x00, 0xFF}}},
	{{{2388, 2917, -1762}, 0, {3940, 7254}, {0x1A, 0x64, 0x49, 0xFF}}},
	{{{2560, 2917, -2244}, 0, {4226, 6452}, {0x2A, 0x70, 0x2A, 0xFF}}},
	{{{400, 2802, -3014}, 0, {634, 5170}, {0xC2, 0x6F, 0x00, 0xFF}}},
	{{{1328, 2918, -2520}, 0, {2178, 5992}, {0xFD, 0x7E, 0xF2, 0xFF}}},
	{{{1521, 2918, -2452}, 0, {2498, 6106}, {0x00, 0x7F, 0x00, 0xFF}}},
	{{{2560, 2917, -2244}, 0, {4226, 6452}, {0x2A, 0x70, 0x2A, 0xFF}}},
	{{{1328, 2918, -2520}, 0, {2178, 5992}, {0xFD, 0x7E, 0xF2, 0xFF}}},
	{{{1521, 2918, -2452}, 0, {2498, 6106}, {0x00, 0x7F, 0x00, 0xFF}}},
	{{{2388, 2917, -1762}, 0, {3940, 7254}, {0x1A, 0x64, 0x49, 0xFF}}},
	{{{2560, 2917, -2244}, 0, {4226, 6452}, {0x2A, 0x70, 0x2A, 0xFF}}},
	{{{1521, 2918, -2452}, 0, {2498, 6106}, {0x00, 0x7F, 0x00, 0xFF}}},
	{{{1452, 2918, -2259}, 0, {2384, 6428}, {0x00, 0x7F, 0x00, 0xFF}}},
	{{{2388, 2917, -1762}, 0, {3940, 7254}, {0x1A, 0x64, 0x49, 0xFF}}},
	{{{4147, 3072, -2559}, 0, {6866, 5928}, {0xEE, 0x7C, 0xEE, 0xFF}}},
	{{{3072, 2945, -2047}, 0, {5078, 6780}, {0xBA, 0x69, 0x10, 0xFF}}},
	{{{3328, 2944, -1603}, 0, {5504, 7518}, {0xF5, 0x69, 0x46, 0xFF}}},
	{{{4147, 3072, -2354}, 0, {6866, 6268}, {0xF7, 0x7E, 0x09, 0xFF}}},
	{{{3072, 2945, -2047}, 0, {5078, 6780}, {0xBA, 0x69, 0x10, 0xFF}}},
	{{{3072, 4293, -6655}, 0, {5078, -884}, {0x01, 0x7F, 0xFF, 0xFF}}},
	{{{4402, 4294, -5375}, 0, {7290, 1244}, {0x16, 0x7D, 0x00, 0xFF}}},
	{{{4846, 4242, -5631}, 0, {8028, 820}, {0x4D, 0x61, 0xE2, 0xFF}}},
	{{{4147, 3072, -2559}, 0, {6866, 5928}, {0xEE, 0x7C, 0xEE, 0xFF}}},
	{{{4352, 3072, -2559}, 0, {7208, 5928}, {0xFF, 0x7F, 0x01, 0xFF}}},
	{{{5289, 3089, -3327}, 0, {8766, 4650}, {0x1B, 0x7A, 0xEC, 0xFF}}},
	{{{5289, 3089, -3327}, 0, {8766, 4650}, {0x1B, 0x7A, 0xEC, 0xFF}}},
	{{{4352, 3072, -2559}, 0, {7208, 5928}, {0xFF, 0x7F, 0x01, 0xFF}}},
	{{{4352, 3072, -2354}, 0, {7208, 6268}, {0x03, 0x7E, 0x11, 0xFF}}},
	{{{5543, 3089, -2883}, 0, {9188, 5390}, {0x65, 0x43, 0x26, 0xFF}}},
	{{{5289, 3089, -3327}, 0, {8766, 4650}, {0x1B, 0x7A, 0xEC, 0xFF}}},
	{{{4352, 3072, -2354}, 0, {7208, 6268}, {0x03, 0x7E, 0x11, 0xFF}}},
	{{{4352, 3072, -2354}, 0, {7208, 6268}, {0x03, 0x7E, 0x11, 0xFF}}},
	{{{3072, 4293, -6655}, 0, {5078, -884}, {0x01, 0x7F, 0xFF, 0xFF}}},
	{{{1298, 4293, -5631}, 0, {2128, 820}, {0xB2, 0x16, 0x9F, 0xFF}}},
	{{{1298, 4293, -3583}, 0, {2128, 4224}, {0xAA, 0x43, 0x40, 0xFF}}},
	{{{3072, 4293, -6655}, 0, {5078, -884}, {0x01, 0x7F, 0xFF, 0xFF}}},
	{{{3072, 4293, -3071}, 0, {5078, 5076}, {0x0A, 0x5D, 0x55, 0xFF}}},
	{{{4402, 4294, -3839}, 0, {7290, 3798}, {0x3A, 0x5F, 0x3C, 0xFF}}},
	{{{3072, 4293, -6655}, 0, {5078, -884}, {0x01, 0x7F, 0xFF, 0xFF}}},
	{{{1298, 4293, -3583}, 0, {2128, 4224}, {0xAA, 0x43, 0x40, 0xFF}}},
	{{{3072, 4293, -3071}, 0, {5078, 5076}, {0x0A, 0x5D, 0x55, 0xFF}}},
	{{{4402, 4294, -3839}, 0, {7290, 3798}, {0x3A, 0x5F, 0x3C, 0xFF}}},
	{{{4402, 4294, -5375}, 0, {7290, 1244}, {0x16, 0x7D, 0x00, 0xFF}}},
	{{{5732, 3233, -6143}, 0, {9504, 0}, {0x44, 0x6B, 0x08, 0xFF}}},
	{{{3072, 3666, -7679}, 0, {5078, -2586}, {0xCF, 0x3A, 0x9A, 0xFF}}},
	{{{3072, 3666, -7167}, 0, {5078, -1736}, {0xED, 0x7D, 0x0A, 0xFF}}},
	{{{868, 3954, -3302}, 0, {1412, 4692}, {0xB2, 0x50, 0x3D, 0xFF}}},
	{{{851, 3818, -5894}, 0, {1384, 382}, {0xDD, 0x48, 0x9E, 0xFF}}},
	{{{-181, 3818, -5302}, 0, {-332, 1364}, {0x9B, 0x46, 0xE0, 0xFF}}},
	{{{5289, 3233, -5887}, 0, {8766, 394}, {0x28, 0x60, 0x49, 0xFF}}},
	{{{5732, 3233, -6143}, 0, {9504, 0}, {0x44, 0x6B, 0x08, 0xFF}}},
	{{{3072, 3666, -7167}, 0, {5078, -1736}, {0xED, 0x7D, 0x0A, 0xFF}}},
};

Gfx bob_dl_bob_seg7_dl_07004390_mesh_mesh_layer_1_tri_6[] = {
	gsSPVertex(bob_dl_bob_seg7_dl_07004390_mesh_mesh_layer_1_vtx_6 + 0, 64, 0),
	gsSP2Triangles(0, 1, 2, 0, 3, 4, 5, 0),
	gsSP2Triangles(6, 7, 8, 0, 9, 10, 11, 0),
	gsSP2Triangles(12, 10, 13, 0, 14, 15, 16, 0),
	gsSP2Triangles(17, 18, 19, 0, 20, 21, 22, 0),
	gsSP2Triangles(23, 24, 25, 0, 26, 27, 28, 0),
	gsSP2Triangles(29, 26, 30, 0, 31, 32, 33, 0),
	gsSP2Triangles(34, 35, 36, 0, 37, 38, 39, 0),
	gsSP2Triangles(40, 41, 42, 0, 24, 43, 44, 0),
	gsSP2Triangles(45, 46, 47, 0, 48, 49, 50, 0),
	gsSP2Triangles(51, 52, 53, 0, 54, 55, 56, 0),
	gsSP2Triangles(57, 58, 59, 0, 57, 60, 25, 0),
	gsSP1Triangle(61, 62, 63, 0),
	gsSPVertex(bob_dl_bob_seg7_dl_07004390_mesh_mesh_layer_1_vtx_6 + 64, 17, 0),
	gsSP2Triangles(0, 1, 2, 0, 3, 4, 5, 0),
	gsSP2Triangles(0, 6, 7, 0, 8, 9, 10, 0),
	gsSP2Triangles(11, 12, 13, 0, 14, 15, 16, 0),
	gsSPEndDisplayList(),
};

Vtx bob_dl_bob_seg7_dl_07004390_mesh_mesh_layer_1_vtx_7[250] = {
	{{{6131, 1885, -2767}, 0, {740, -6022}, {0xEB, 0x7D, 0xF5, 0xFF}}},
	{{{3037, 1669, -904}, 0, {736, 1200}, {0xED, 0x7B, 0xE6, 0xFF}}},
	{{{3060, 1741, -780}, 0, {990, 1280}, {0xEC, 0x72, 0xCB, 0xFF}}},
	{{{3072, 2513, -7167}, 0, {0, 990}, {0xF5, 0x3D, 0x91, 0xFF}}},
	{{{3072, 2462, -7295}, 0, {188, 1118}, {0x0C, 0x7E, 0xF2, 0xFF}}},
	{{{-353, 2606, -5359}, 0, {234, -6740}, {0xF0, 0x7D, 0xF5, 0xFF}}},
	{{{-181, 2658, -5302}, 0, {0, -6502}, {0xA3, 0x20, 0xAF, 0xFF}}},
	{{{3072, 2513, -7167}, 0, {0, 990}, {0xF5, 0x3D, 0x91, 0xFF}}},
	{{{-353, 2606, -5359}, 0, {234, -6740}, {0xF0, 0x7D, 0xF5, 0xFF}}},
	{{{3072, 2462, -7551}, 0, {770, 870}, {0x08, 0x7C, 0x19, 0xFF}}},
	{{{3072, 2513, -7679}, 0, {990, 990}, {0xFD, 0x7F, 0x06, 0xFF}}},
	{{{-697, 2606, -5472}, 0, {730, -7728}, {0x11, 0x7E, 0x05, 0xFF}}},
	{{{3072, 2462, -7551}, 0, {770, 870}, {0x08, 0x7C, 0x19, 0xFF}}},
	{{{-697, 2606, -5472}, 0, {730, -7728}, {0x11, 0x7E, 0x05, 0xFF}}},
	{{{-353, 2606, -5359}, 0, {204, -7232}, {0xF0, 0x7D, 0xF5, 0xFF}}},
	{{{3072, 2462, -7295}, 0, {322, 626}, {0x0C, 0x7E, 0xF2, 0xFF}}},
	{{{3072, 2462, -7551}, 0, {770, 870}, {0x08, 0x7C, 0x19, 0xFF}}},
	{{{-353, 2606, -5359}, 0, {204, -7232}, {0xF0, 0x7D, 0xF5, 0xFF}}},
	{{{3072, 2513, -7679}, 0, {990, 990}, {0xFD, 0x7F, 0x06, 0xFF}}},
	{{{-869, 2657, -5528}, 0, {990, -7978}, {0xEA, 0x7A, 0xE6, 0xFF}}},
	{{{-697, 2606, -5472}, 0, {730, -7728}, {0x11, 0x7E, 0x05, 0xFF}}},
	{{{167, 2709, -3757}, 0, {750, -2070}, {0x38, 0x68, 0x2F, 0xFF}}},
	{{{-697, 2606, -5472}, 0, {722, 1766}, {0x11, 0x7E, 0x05, 0xFF}}},
	{{{-869, 2657, -5528}, 0, {982, 2018}, {0xEA, 0x7A, 0xE6, 0xFF}}},
	{{{2079, 1368, -1535}, 0, {990, 976}, {0xE7, 0x7C, 0x00, 0xFF}}},
	{{{3060, 1741, -780}, 0, {990, -542}, {0xEC, 0x72, 0xCB, 0xFF}}},
	{{{3037, 1669, -904}, 0, {892, -414}, {0xED, 0x7B, 0xE6, 0xFF}}},
	{{{2079, 1368, -1535}, 0, {990, 976}, {0xE7, 0x7C, 0x00, 0xFF}}},
	{{{3037, 1669, -904}, 0, {892, -414}, {0xED, 0x7B, 0xE6, 0xFF}}},
	{{{2874, 1576, -1794}, 0, {178, 374}, {0xD7, 0x77, 0x12, 0xFF}}},
	{{{-353, 2606, -5359}, 0, {216, 1250}, {0xF0, 0x7D, 0xF5, 0xFF}}},
	{{{533, 2755, -3942}, 0, {-46, -2084}, {0xAD, 0x3F, 0x49, 0xFF}}},
	{{{-181, 2658, -5302}, 0, {0, 990}, {0xA3, 0x20, 0xAF, 0xFF}}},
	{{{-353, 2606, -5359}, 0, {216, 1250}, {0xF0, 0x7D, 0xF5, 0xFF}}},
	{{{419, 2706, -3884}, 0, {204, -2076}, {0x15, 0x6B, 0x40, 0xFF}}},
	{{{533, 2755, -3942}, 0, {-46, -2084}, {0xAD, 0x3F, 0x49, 0xFF}}},
	{{{419, 2706, -3884}, 0, {204, -2076}, {0x15, 0x6B, 0x40, 0xFF}}},
	{{{-697, 2606, -5472}, 0, {722, 1766}, {0x11, 0x7E, 0x05, 0xFF}}},
	{{{419, 2706, -3884}, 0, {204, -2076}, {0x15, 0x6B, 0x40, 0xFF}}},
	{{{-697, 2606, -5472}, 0, {722, 1766}, {0x11, 0x7E, 0x05, 0xFF}}},
	{{{167, 2709, -3757}, 0, {750, -2070}, {0x38, 0x68, 0x2F, 0xFF}}},
	{{{517, 2750, -3086}, 0, {742, -2258}, {0x0C, 0x7D, 0xEB, 0xFF}}},
	{{{169, 2775, -3471}, 0, {1016, -1262}, {0xD5, 0x6D, 0xCF, 0xFF}}},
	{{{400, 2802, -3014}, 0, {1018, -2284}, {0xC2, 0x6F, 0x00, 0xFF}}},
	{{{167, 2709, -3757}, 0, {750, -2070}, {0x38, 0x68, 0x2F, 0xFF}}},
	{{{-869, 2657, -5528}, 0, {982, 2018}, {0xEA, 0x7A, 0xE6, 0xFF}}},
	{{{54, 2762, -3700}, 0, {1022, -2074}, {0xC3, 0x38, 0x60, 0xFF}}},
	{{{751, 2750, -3230}, 0, {194, -2212}, {0xEB, 0x7C, 0x0E, 0xFF}}},
	{{{868, 2801, -3302}, 0, {-74, -2196}, {0xBA, 0x4B, 0x4C, 0xFF}}},
	{{{652, 2772, -3715}, 0, {-60, -1262}, {0x92, 0x3A, 0x1A, 0xFF}}},
	{{{537, 2721, -3657}, 0, {204, -1258}, {0xC8, 0x54, 0xB4, 0xFF}}},
	{{{751, 2750, -3230}, 0, {194, -2212}, {0xEB, 0x7C, 0x0E, 0xFF}}},
	{{{652, 2772, -3715}, 0, {-60, -1262}, {0x92, 0x3A, 0x1A, 0xFF}}},
	{{{751, 2750, -3230}, 0, {194, -2212}, {0xEB, 0x7C, 0x0E, 0xFF}}},
	{{{537, 2721, -3657}, 0, {204, -1258}, {0xC8, 0x54, 0xB4, 0xFF}}},
	{{{286, 2723, -3530}, 0, {742, -1256}, {0xEA, 0x66, 0xB7, 0xFF}}},
	{{{751, 2750, -3230}, 0, {194, -2212}, {0xEB, 0x7C, 0x0E, 0xFF}}},
	{{{286, 2723, -3530}, 0, {742, -1256}, {0xEA, 0x66, 0xB7, 0xFF}}},
	{{{517, 2750, -3086}, 0, {742, -2258}, {0x0C, 0x7D, 0xEB, 0xFF}}},
	{{{286, 2723, -3530}, 0, {742, -1256}, {0xEA, 0x66, 0xB7, 0xFF}}},
	{{{169, 2775, -3471}, 0, {1016, -1262}, {0xD5, 0x6D, 0xCF, 0xFF}}},
	{{{4956, 3038, -3519}, 0, {232, -4272}, {0x12, 0x7D, 0x0E, 0xFF}}},
	{{{4846, 3089, -3583}, 0, {0, -4120}, {0x59, 0x41, 0x3E, 0xFF}}},
	{{{3072, 2894, -2431}, 0, {232, 904}, {0xB2, 0x61, 0x1A, 0xFF}}},
	{{{4402, 4294, -3839}, 0, {0, 990}, {0x3A, 0x5F, 0x3C, 0xFF}}},
	{{{4513, 4190, -3775}, 0, {228, 1138}, {0x16, 0x7B, 0x15, 0xFF}}},
	{{{4402, 4294, -5375}, 0, {0, -2618}, {0x16, 0x7D, 0x00, 0xFF}}},
	{{{4402, 4294, -5375}, 0, {0, -2618}, {0x16, 0x7D, 0x00, 0xFF}}},
	{{{4735, 4190, -3647}, 0, {748, 1438}, {0xED, 0x7D, 0xF6, 0xFF}}},
	{{{4846, 4242, -5631}, 0, {1010, -3218}, {0x4D, 0x61, 0xE2, 0xFF}}},
	{{{4402, 4294, -5375}, 0, {0, -2618}, {0x16, 0x7D, 0x00, 0xFF}}},
	{{{4513, 4190, -3775}, 0, {228, 1138}, {0x16, 0x7B, 0x15, 0xFF}}},
	{{{4735, 4190, -3647}, 0, {748, 1438}, {0xED, 0x7D, 0xF6, 0xFF}}},
	{{{4846, 4242, -3583}, 0, {1010, 1590}, {0x32, 0x70, 0x22, 0xFF}}},
	{{{4846, 4242, -5631}, 0, {1010, -3218}, {0x4D, 0x61, 0xE2, 0xFF}}},
	{{{4735, 4190, -3647}, 0, {748, 1438}, {0xED, 0x7D, 0xF6, 0xFF}}},
	{{{2079, 1368, -1535}, 0, {990, -1700}, {0xE7, 0x7C, 0x00, 0xFF}}},
	{{{400, 1024, -3014}, 0, {-48, 306}, {0xBA, 0x61, 0x2B, 0xFF}}},
	{{{-1016, 1024, -2299}, 0, {990, 1500}, {0xB4, 0x3E, 0x50, 0xFF}}},
	{{{2079, 1368, -1535}, 0, {990, 976}, {0xE7, 0x7C, 0x00, 0xFF}}},
	{{{2874, 1576, -1794}, 0, {178, 374}, {0xD7, 0x77, 0x12, 0xFF}}},
	{{{2488, 1369, -2138}, 0, {-14, 1030}, {0xC5, 0x6A, 0x26, 0xFF}}},
	{{{4956, 3038, -3519}, 0, {232, -4272}, {0x12, 0x7D, 0x0E, 0xFF}}},
	{{{3072, 2894, -2431}, 0, {232, 904}, {0xB2, 0x61, 0x1A, 0xFF}}},
	{{{3072, 2894, -2175}, 0, {758, 1206}, {0xB6, 0x66, 0xF5, 0xFF}}},
	{{{4846, 3089, -3583}, 0, {0, -4120}, {0x59, 0x41, 0x3E, 0xFF}}},
	{{{3072, 2945, -2559}, 0, {0, 752}, {0xDB, 0x1F, 0x75, 0xFF}}},
	{{{3072, 2894, -2431}, 0, {232, 904}, {0xB2, 0x61, 0x1A, 0xFF}}},
	{{{3072, 2945, -2047}, 0, {1020, 1358}, {0xBA, 0x69, 0x10, 0xFF}}},
	{{{5178, 3038, -3391}, 0, {758, -4576}, {0xEB, 0x7D, 0xF7, 0xFF}}},
	{{{3072, 2894, -2175}, 0, {758, 1206}, {0xB6, 0x66, 0xF5, 0xFF}}},
	{{{5178, 3038, -3391}, 0, {758, -4576}, {0xEB, 0x7D, 0xF7, 0xFF}}},
	{{{4956, 3038, -3519}, 0, {232, -4272}, {0x12, 0x7D, 0x0E, 0xFF}}},
	{{{3072, 2894, -2175}, 0, {758, 1206}, {0xB6, 0x66, 0xF5, 0xFF}}},
	{{{3072, 2945, -2047}, 0, {1020, 1358}, {0xBA, 0x69, 0x10, 0xFF}}},
	{{{5289, 3089, -3327}, 0, {1022, -4728}, {0x1B, 0x7A, 0xEC, 0xFF}}},
	{{{4956, 3182, -5695}, 0, {200, -4642}, {0x1C, 0x7C, 0xFD, 0xFF}}},
	{{{4846, 3233, -5631}, 0, {-62, -4490}, {0x59, 0x4C, 0xCF, 0xFF}}},
	{{{4956, 3038, -3519}, 0, {200, 534}, {0x12, 0x7D, 0x0E, 0xFF}}},
	{{{5178, 3182, -5823}, 0, {726, -4946}, {0xF3, 0x7D, 0x12, 0xFF}}},
	{{{4956, 3182, -5695}, 0, {200, -4642}, {0x1C, 0x7C, 0xFD, 0xFF}}},
	{{{5178, 3038, -3391}, 0, {726, 838}, {0xEB, 0x7D, 0xF7, 0xFF}}},
	{{{4956, 3182, -5695}, 0, {200, -4642}, {0x1C, 0x7C, 0xFD, 0xFF}}},
	{{{4956, 3038, -3519}, 0, {200, 534}, {0x12, 0x7D, 0x0E, 0xFF}}},
	{{{5178, 3038, -3391}, 0, {726, 838}, {0xEB, 0x7D, 0xF7, 0xFF}}},
	{{{5289, 3233, -5887}, 0, {990, 990}, {0x28, 0x60, 0x49, 0xFF}}},
	{{{3072, 3666, -7167}, 0, {990, -5132}, {0xED, 0x7D, 0x0A, 0xFF}}},
	{{{3072, 3614, -7039}, 0, {726, -4980}, {0x09, 0x7C, 0x19, 0xFF}}},
	{{{4846, 3233, -5631}, 0, {-62, -4490}, {0x59, 0x4C, 0xCF, 0xFF}}},
	{{{4846, 3089, -3583}, 0, {-60, 382}, {0x59, 0x41, 0x3E, 0xFF}}},
	{{{5289, 3089, -3327}, 0, {990, 990}, {0x1B, 0x7A, 0xEC, 0xFF}}},
	{{{5178, 3182, -5823}, 0, {726, -4946}, {0xF3, 0x7D, 0x12, 0xFF}}},
	{{{5178, 3038, -3391}, 0, {726, 838}, {0xEB, 0x7D, 0xF7, 0xFF}}},
	{{{5289, 3089, -3327}, 0, {990, 990}, {0x1B, 0x7A, 0xEC, 0xFF}}},
	{{{5289, 3233, -5887}, 0, {990, -5098}, {0x28, 0x60, 0x49, 0xFF}}},
	{{{5178, 3182, -5823}, 0, {726, -4946}, {0xF3, 0x7D, 0x12, 0xFF}}},
	{{{5178, 3182, -5823}, 0, {728, 838}, {0xF3, 0x7D, 0x12, 0xFF}}},
	{{{5289, 3233, -5887}, 0, {990, 990}, {0x28, 0x60, 0x49, 0xFF}}},
	{{{3072, 3614, -7039}, 0, {726, -4980}, {0x09, 0x7C, 0x19, 0xFF}}},
	{{{4956, 3182, -5695}, 0, {204, 536}, {0x1C, 0x7C, 0xFD, 0xFF}}},
	{{{5178, 3182, -5823}, 0, {728, 838}, {0xF3, 0x7D, 0x12, 0xFF}}},
	{{{3072, 3614, -6783}, 0, {198, -4678}, {0x0A, 0x7D, 0xEB, 0xFF}}},
	{{{5178, 3182, -5823}, 0, {728, 838}, {0xF3, 0x7D, 0x12, 0xFF}}},
	{{{3072, 3614, -7039}, 0, {726, -4980}, {0x09, 0x7C, 0x19, 0xFF}}},
	{{{3072, 3614, -6783}, 0, {198, -4678}, {0x0A, 0x7D, 0xEB, 0xFF}}},
	{{{1188, 3902, -3519}, 0, {232, -4034}, {0xEE, 0x7E, 0x03, 0xFF}}},
	{{{1298, 3954, -3583}, 0, {0, -3882}, {0xBD, 0x63, 0x2B, 0xFF}}},
	{{{1188, 3758, -5695}, 0, {232, 1140}, {0xED, 0x7D, 0xF2, 0xFF}}},
	{{{4956, 3182, -5695}, 0, {204, 536}, {0x1C, 0x7C, 0xFD, 0xFF}}},
	{{{3072, 3614, -6783}, 0, {198, -4678}, {0x0A, 0x7D, 0xEB, 0xFF}}},
	{{{3072, 3666, -6655}, 0, {-64, -4528}, {0x02, 0x4D, 0x9B, 0xFF}}},
	{{{4846, 3233, -5631}, 0, {-56, 386}, {0x58, 0x4D, 0xCE, 0xFF}}},
	{{{4956, 3182, -5695}, 0, {204, 536}, {0x1C, 0x7C, 0xFD, 0xFF}}},
	{{{3072, 3666, -6655}, 0, {-64, -4528}, {0x02, 0x4D, 0x9B, 0xFF}}},
	{{{3072, 3614, -7039}, 0, {758, 1444}, {0x09, 0x7C, 0x19, 0xFF}}},
	{{{3072, 3666, -7167}, 0, {1020, 1596}, {0xED, 0x7D, 0x0A, 0xFF}}},
	{{{966, 3758, -5823}, 0, {758, -4338}, {0x17, 0x7C, 0x0A, 0xFF}}},
	{{{3072, 3614, -7039}, 0, {758, 1444}, {0x09, 0x7C, 0x19, 0xFF}}},
	{{{966, 3758, -5823}, 0, {758, -4338}, {0x17, 0x7C, 0x0A, 0xFF}}},
	{{{1188, 3758, -5695}, 0, {232, -4034}, {0xED, 0x7D, 0xF2, 0xFF}}},
	{{{3072, 3614, -6783}, 0, {232, 1140}, {0x0A, 0x7D, 0xEB, 0xFF}}},
	{{{1188, 3758, -5695}, 0, {232, -4034}, {0xED, 0x7D, 0xF2, 0xFF}}},
	{{{3072, 3666, -7167}, 0, {1020, 1596}, {0xED, 0x7D, 0x0A, 0xFF}}},
	{{{851, 3818, -5894}, 0, {1022, -4490}, {0xDD, 0x48, 0x9E, 0xFF}}},
	{{{966, 3758, -5823}, 0, {758, -4338}, {0x17, 0x7C, 0x0A, 0xFF}}},
	{{{1298, 3810, -5631}, 0, {0, -3882}, {0xA8, 0x38, 0xB7, 0xFF}}},
	{{{3072, 3614, -6783}, 0, {232, 1140}, {0x0A, 0x7D, 0xEB, 0xFF}}},
	{{{1298, 3810, -5631}, 0, {0, -3882}, {0xA8, 0x38, 0xB7, 0xFF}}},
	{{{3072, 3666, -6655}, 0, {0, 990}, {0x02, 0x4D, 0x9B, 0xFF}}},
	{{{3072, 3614, -6783}, 0, {232, 1140}, {0x0A, 0x7D, 0xEB, 0xFF}}},
	{{{3072, 4046, -2687}, 0, {702, -4490}, {0xF9, 0x7D, 0xE9, 0xFF}}},
	{{{3072, 4046, -2943}, 0, {128, -4292}, {0xFC, 0x7B, 0x20, 0xFF}}},
	{{{966, 3902, -3391}, 0, {760, 792}, {0x12, 0x7D, 0xF2, 0xFF}}},
	{{{966, 3902, -3391}, 0, {758, -4338}, {0x12, 0x7D, 0xF2, 0xFF}}},
	{{{1188, 3902, -3519}, 0, {232, -4034}, {0xEE, 0x7E, 0x03, 0xFF}}},
	{{{966, 3758, -5823}, 0, {758, 1444}, {0x17, 0x7C, 0x0A, 0xFF}}},
	{{{1298, 3954, -3583}, 0, {0, -3882}, {0xBD, 0x63, 0x2B, 0xFF}}},
	{{{1298, 3810, -5631}, 0, {0, 990}, {0xA8, 0x38, 0xB7, 0xFF}}},
	{{{1188, 3758, -5695}, 0, {232, 1140}, {0xED, 0x7D, 0xF2, 0xFF}}},
	{{{1188, 3902, -3519}, 0, {232, -4034}, {0xEE, 0x7E, 0x03, 0xFF}}},
	{{{1188, 3758, -5695}, 0, {232, 1140}, {0xED, 0x7D, 0xF2, 0xFF}}},
	{{{966, 3758, -5823}, 0, {758, 1444}, {0x17, 0x7C, 0x0A, 0xFF}}},
	{{{966, 3902, -3391}, 0, {758, -4338}, {0x12, 0x7D, 0xF2, 0xFF}}},
	{{{966, 3758, -5823}, 0, {758, 1444}, {0x17, 0x7C, 0x0A, 0xFF}}},
	{{{851, 3818, -5894}, 0, {1020, 1596}, {0xDD, 0x48, 0x9E, 0xFF}}},
	{{{868, 3954, -3302}, 0, {1022, -4490}, {0xB2, 0x50, 0x3D, 0xFF}}},
	{{{966, 3902, -3391}, 0, {758, -4338}, {0x12, 0x7D, 0xF2, 0xFF}}},
	{{{851, 3818, -5894}, 0, {1020, 1596}, {0xDD, 0x48, 0x9E, 0xFF}}},
	{{{3072, 4046, -2943}, 0, {128, -4292}, {0xFC, 0x7B, 0x20, 0xFF}}},
	{{{1298, 3954, -3583}, 0, {70, 194}, {0xBD, 0x63, 0x2B, 0xFF}}},
	{{{1188, 3902, -3519}, 0, {300, 394}, {0xEE, 0x7E, 0x03, 0xFF}}},
	{{{3072, 4046, -2943}, 0, {128, -4292}, {0xFC, 0x7B, 0x20, 0xFF}}},
	{{{3072, 4097, -3071}, 0, {-158, -4192}, {0x09, 0x31, 0x75, 0xFF}}},
	{{{1298, 3954, -3583}, 0, {70, 194}, {0xBD, 0x63, 0x2B, 0xFF}}},
	{{{1188, 3902, -3519}, 0, {300, 394}, {0xEE, 0x7E, 0x03, 0xFF}}},
	{{{966, 3902, -3391}, 0, {760, 792}, {0x12, 0x7D, 0xF2, 0xFF}}},
	{{{6131, 2029, -6447}, 0, {728, 1858}, {0xF5, 0x7D, 0x10, 0xFF}}},
	{{{6265, 2080, -6527}, 0, {990, 2010}, {0xEF, 0x78, 0x26, 0xFF}}},
	{{{3072, 2462, -7551}, 0, {726, -5168}, {0x08, 0x7C, 0x19, 0xFF}}},
	{{{868, 3954, -3302}, 0, {990, 990}, {0xB2, 0x50, 0x3D, 0xFF}}},
	{{{3072, 4046, -2687}, 0, {702, -4490}, {0xF9, 0x7D, 0xE9, 0xFF}}},
	{{{966, 3902, -3391}, 0, {760, 792}, {0x12, 0x7D, 0xF2, 0xFF}}},
	{{{868, 3954, -3302}, 0, {990, 990}, {0xB2, 0x50, 0x3D, 0xFF}}},
	{{{3072, 4097, -2559}, 0, {990, -4590}, {0xFD, 0x5C, 0x57, 0xFF}}},
	{{{3072, 4046, -2687}, 0, {702, -4490}, {0xF9, 0x7D, 0xE9, 0xFF}}},
	{{{4513, 4190, -3775}, 0, {232, -3250}, {0x16, 0x7B, 0x15, 0xFF}}},
	{{{4402, 4293, -3839}, 0, {0, -3098}, {0x2A, 0x4E, 0x5B, 0xFF}}},
	{{{3072, 4046, -2943}, 0, {232, 710}, {0xFC, 0x7B, 0x20, 0xFF}}},
	{{{4513, 4190, -3775}, 0, {232, -3250}, {0x16, 0x7B, 0x15, 0xFF}}},
	{{{3072, 4046, -2943}, 0, {232, 710}, {0xFC, 0x7B, 0x20, 0xFF}}},
	{{{3072, 4046, -2687}, 0, {758, 1012}, {0xF9, 0x7D, 0xE9, 0xFF}}},
	{{{4735, 4190, -3647}, 0, {758, -3554}, {0xED, 0x7D, 0xF6, 0xFF}}},
	{{{4513, 4190, -3775}, 0, {232, -3250}, {0x16, 0x7B, 0x15, 0xFF}}},
	{{{3072, 4046, -2687}, 0, {758, 1012}, {0xF9, 0x7D, 0xE9, 0xFF}}},
	{{{4402, 4293, -3839}, 0, {0, -3098}, {0x2A, 0x4E, 0x5B, 0xFF}}},
	{{{3072, 4097, -3071}, 0, {0, 560}, {0x09, 0x31, 0x75, 0xFF}}},
	{{{3072, 4046, -2943}, 0, {232, 710}, {0xFC, 0x7B, 0x20, 0xFF}}},
	{{{3072, 4097, -2559}, 0, {1022, 1164}, {0xFD, 0x5C, 0x57, 0xFF}}},
	{{{4735, 4190, -3647}, 0, {758, -3554}, {0xED, 0x7D, 0xF6, 0xFF}}},
	{{{3072, 4046, -2687}, 0, {758, 1012}, {0xF9, 0x7D, 0xE9, 0xFF}}},
	{{{3072, 4097, -2559}, 0, {1022, 1164}, {0xFD, 0x5C, 0x57, 0xFF}}},
	{{{4846, 4242, -3583}, 0, {1022, -3706}, {0x32, 0x70, 0x22, 0xFF}}},
	{{{5400, 1885, -3263}, 0, {222, 1134}, {0x0E, 0x7D, 0x10, 0xFF}}},
	{{{5400, 2029, -5951}, 0, {222, -5030}, {0x1A, 0x7C, 0xFB, 0xFF}}},
	{{{5289, 2080, -5887}, 0, {0, -4884}, {0x64, 0x4A, 0xE6, 0xFF}}},
	{{{6265, 2080, -6527}, 0, {990, 2010}, {0xEF, 0x78, 0x26, 0xFF}}},
	{{{3072, 2513, -7679}, 0, {990, -5320}, {0xFD, 0x7F, 0x06, 0xFF}}},
	{{{3072, 2462, -7551}, 0, {726, -5168}, {0x08, 0x7C, 0x19, 0xFF}}},
	{{{5400, 2029, -5951}, 0, {204, 1556}, {0x1A, 0x7C, 0xFB, 0xFF}}},
	{{{3072, 2462, -7295}, 0, {198, -4866}, {0x0C, 0x7E, 0xF2, 0xFF}}},
	{{{3072, 2513, -7167}, 0, {-64, -4714}, {0xF5, 0x3D, 0x91, 0xFF}}},
	{{{5289, 2080, -5887}, 0, {-58, 1404}, {0x64, 0x4A, 0xE6, 0xFF}}},
	{{{5400, 2029, -5951}, 0, {204, 1556}, {0x1A, 0x7C, 0xFB, 0xFF}}},
	{{{6265, 2080, -6527}, 0, {986, -5470}, {0xEF, 0x78, 0x26, 0xFF}}},
	{{{6131, 2029, -6447}, 0, {730, -5324}, {0xF5, 0x7D, 0x10, 0xFF}}},
	{{{6252, 1936, -2700}, 0, {986, 1576}, {0xD7, 0x78, 0xF7, 0xFF}}},
	{{{6131, 2029, -6447}, 0, {730, -5324}, {0xF5, 0x7D, 0x10, 0xFF}}},
	{{{6131, 1885, -2767}, 0, {730, 1428}, {0xEB, 0x7D, 0xF5, 0xFF}}},
	{{{6252, 1936, -2700}, 0, {986, 1576}, {0xD7, 0x78, 0xF7, 0xFF}}},
	{{{5289, 1936, -3327}, 0, {0, 990}, {0x55, 0x4B, 0x39, 0xFF}}},
	{{{5400, 1885, -3263}, 0, {222, 1134}, {0x0E, 0x7D, 0x10, 0xFF}}},
	{{{5289, 2080, -5887}, 0, {0, -4884}, {0x64, 0x4A, 0xE6, 0xFF}}},
	{{{6131, 1885, -2767}, 0, {740, -6022}, {0xEB, 0x7D, 0xF5, 0xFF}}},
	{{{3060, 1741, -780}, 0, {990, 1280}, {0xEC, 0x72, 0xCB, 0xFF}}},
	{{{6252, 1936, -2700}, 0, {990, -6164}, {0xD7, 0x78, 0xF7, 0xFF}}},
	{{{2079, 1368, -1535}, 0, {1028, -1628}, {0xE7, 0x7C, 0x00, 0xFF}}},
	{{{2488, 1369, -2138}, 0, {32, -1888}, {0xC5, 0x6A, 0x26, 0xFF}}},
	{{{400, 1024, -3014}, 0, {0, 990}, {0xBA, 0x61, 0x2B, 0xFF}}},
	{{{2560, 2912, -2736}, 0, {-58, -3234}, {0xF0, 0x2F, 0x75, 0xFF}}},
	{{{868, 2801, -3302}, 0, {18, 818}, {0xBA, 0x4B, 0x4C, 0xFF}}},
	{{{751, 2750, -3230}, 0, {256, 1018}, {0xEB, 0x7C, 0x0E, 0xFF}}},
	{{{2560, 2912, -2736}, 0, {-58, -3234}, {0xF0, 0x2F, 0x75, 0xFF}}},
	{{{751, 2750, -3230}, 0, {256, 1018}, {0xEB, 0x7C, 0x0E, 0xFF}}},
	{{{2560, 2862, -2613}, 0, {198, -3322}, {0x40, 0x6D, 0x0B, 0xFF}}},
	{{{2560, 2862, -2613}, 0, {198, -3322}, {0x40, 0x6D, 0x0B, 0xFF}}},
	{{{751, 2750, -3230}, 0, {256, 1018}, {0xEB, 0x7C, 0x0E, 0xFF}}},
	{{{517, 2750, -3086}, 0, {742, 1408}, {0x0C, 0x7D, 0xEB, 0xFF}}},
	{{{2560, 2862, -2613}, 0, {198, -3322}, {0x40, 0x6D, 0x0B, 0xFF}}},
	{{{517, 2750, -3086}, 0, {742, 1408}, {0x0C, 0x7D, 0xEB, 0xFF}}},
	{{{2560, 2864, -2367}, 0, {722, -3510}, {0x5D, 0x52, 0xE7, 0xFF}}},
	{{{400, 2802, -3014}, 0, {990, 1598}, {0xC2, 0x6F, 0x00, 0xFF}}},
	{{{2560, 2917, -2244}, 0, {990, -3608}, {0x2A, 0x70, 0x2A, 0xFF}}},
	{{{2560, 2864, -2367}, 0, {722, -3510}, {0x5D, 0x52, 0xE7, 0xFF}}},
	{{{400, 2802, -3014}, 0, {990, 1598}, {0xC2, 0x6F, 0x00, 0xFF}}},
	{{{2560, 2864, -2367}, 0, {722, -3510}, {0x5D, 0x52, 0xE7, 0xFF}}},
	{{{517, 2750, -3086}, 0, {742, 1408}, {0x0C, 0x7D, 0xEB, 0xFF}}},
	{{{5400, 1885, -3263}, 0, {828, 1104}, {0x0E, 0x7D, 0x10, 0xFF}}},
	{{{5289, 1936, -3327}, 0, {990, 990}, {0x55, 0x4B, 0x39, 0xFF}}},
	{{{2851, 1613, -1919}, 0, {992, -4666}, {0xE1, 0x65, 0x47, 0xFF}}},
	{{{2874, 1576, -1794}, 0, {828, -4760}, {0xD7, 0x77, 0x12, 0xFF}}},
};

Gfx bob_dl_bob_seg7_dl_07004390_mesh_mesh_layer_1_tri_7[] = {
	gsSPVertex(bob_dl_bob_seg7_dl_07004390_mesh_mesh_layer_1_vtx_7 + 0, 64, 0),
	gsSP2Triangles(0, 1, 2, 0, 3, 4, 5, 0),
	gsSP2Triangles(6, 7, 8, 0, 9, 10, 11, 0),
	gsSP2Triangles(12, 13, 14, 0, 15, 16, 17, 0),
	gsSP2Triangles(18, 19, 20, 0, 21, 22, 23, 0),
	gsSP2Triangles(24, 25, 26, 0, 27, 28, 29, 0),
	gsSP2Triangles(30, 31, 32, 0, 33, 34, 35, 0),
	gsSP2Triangles(36, 30, 37, 0, 38, 39, 40, 0),
	gsSP2Triangles(41, 42, 43, 0, 44, 45, 46, 0),
	gsSP2Triangles(47, 48, 49, 0, 50, 51, 52, 0),
	gsSP2Triangles(53, 54, 55, 0, 56, 57, 41, 0),
	gsSP2Triangles(58, 59, 60, 0, 61, 62, 63, 0),
	gsSPVertex(bob_dl_bob_seg7_dl_07004390_mesh_mesh_layer_1_vtx_7 + 64, 64, 0),
	gsSP2Triangles(0, 1, 2, 0, 3, 4, 5, 0),
	gsSP2Triangles(6, 7, 8, 0, 9, 10, 11, 0),
	gsSP2Triangles(12, 13, 14, 0, 15, 16, 17, 0),
	gsSP2Triangles(18, 19, 20, 0, 21, 22, 23, 0),
	gsSP2Triangles(24, 25, 26, 0, 27, 28, 29, 0),
	gsSP2Triangles(30, 31, 27, 0, 32, 33, 34, 0),
	gsSP2Triangles(35, 36, 37, 0, 38, 39, 40, 0),
	gsSP2Triangles(41, 42, 43, 0, 44, 45, 39, 0),
	gsSP2Triangles(46, 47, 48, 0, 49, 50, 51, 0),
	gsSP2Triangles(52, 53, 54, 0, 55, 56, 57, 0),
	gsSP2Triangles(58, 59, 60, 0, 61, 62, 63, 0),
	gsSPVertex(bob_dl_bob_seg7_dl_07004390_mesh_mesh_layer_1_vtx_7 + 128, 63, 0),
	gsSP2Triangles(0, 1, 2, 0, 3, 4, 5, 0),
	gsSP2Triangles(6, 7, 8, 0, 9, 10, 11, 0),
	gsSP2Triangles(12, 6, 13, 0, 14, 15, 16, 0),
	gsSP2Triangles(17, 18, 11, 0, 19, 20, 21, 0),
	gsSP2Triangles(22, 23, 24, 0, 25, 26, 27, 0),
	gsSP2Triangles(28, 29, 30, 0, 31, 32, 33, 0),
	gsSP2Triangles(34, 35, 36, 0, 37, 38, 39, 0),
	gsSP2Triangles(40, 41, 42, 0, 43, 44, 45, 0),
	gsSP2Triangles(43, 46, 47, 0, 48, 49, 50, 0),
	gsSP2Triangles(51, 52, 53, 0, 54, 55, 56, 0),
	gsSP2Triangles(57, 58, 59, 0, 60, 61, 62, 0),
	gsSPVertex(bob_dl_bob_seg7_dl_07004390_mesh_mesh_layer_1_vtx_7 + 191, 59, 0),
	gsSP2Triangles(0, 1, 2, 0, 3, 4, 5, 0),
	gsSP2Triangles(6, 7, 8, 0, 9, 10, 0, 0),
	gsSP2Triangles(11, 12, 13, 0, 14, 15, 16, 0),
	gsSP2Triangles(17, 18, 19, 0, 20, 21, 19, 0),
	gsSP2Triangles(22, 23, 24, 0, 25, 26, 27, 0),
	gsSP2Triangles(28, 29, 30, 0, 31, 32, 33, 0),
	gsSP2Triangles(34, 35, 36, 0, 37, 38, 39, 0),
	gsSP2Triangles(40, 41, 42, 0, 43, 44, 45, 0),
	gsSP2Triangles(46, 47, 48, 0, 49, 50, 51, 0),
	gsSP2Triangles(52, 53, 54, 0, 55, 56, 57, 0),
	gsSP1Triangle(55, 57, 58, 0),
	gsSPEndDisplayList(),
};

Vtx bob_dl_bob_seg7_dl_07004390_mesh_mesh_layer_1_vtx_8[8] = {
	{{{1782, 666, 4659}, 0, {990, 990}, {0x81, 0x00, 0x00, 0xFF}}},
	{{{1782, 768, 4557}, 0, {0, 0}, {0x81, 0x00, 0x00, 0xFF}}},
	{{{1782, 666, 4557}, 0, {0, 990}, {0x81, 0x00, 0x00, 0xFF}}},
	{{{1782, 768, 4659}, 0, {990, 0}, {0x81, 0x00, 0x00, 0xFF}}},
	{{{1782, 179, 4557}, 0, {0, 10186}, {0x81, 0x00, 0x00, 0xFF}}},
	{{{1782, 282, 4659}, 0, {990, 9164}, {0x81, 0x00, 0x00, 0xFF}}},
	{{{1782, 282, 4557}, 0, {0, 9164}, {0x81, 0x00, 0x00, 0xFF}}},
	{{{1782, 179, 4659}, 0, {990, 10186}, {0x81, 0x00, 0x00, 0xFF}}},
};

Gfx bob_dl_bob_seg7_dl_07004390_mesh_mesh_layer_1_tri_8[] = {
	gsSPVertex(bob_dl_bob_seg7_dl_07004390_mesh_mesh_layer_1_vtx_8 + 0, 8, 0),
	gsSP2Triangles(0, 1, 2, 0, 0, 3, 1, 0),
	gsSP2Triangles(4, 5, 6, 0, 4, 7, 5, 0),
	gsSPEndDisplayList(),
};

Vtx bob_dl_bob_seg7_dl_07004390_mesh_mesh_layer_1_vtx_9[18] = {
	{{{5400, 2029, -5951}, 0, {-426, -38}, {0x1A, 0x7C, 0xFB, 0xFF}}},
	{{{6131, 2029, -6447}, 0, {990, 990}, {0xF5, 0x7D, 0x10, 0xFF}}},
	{{{3072, 2462, -7295}, 0, {508, -5388}, {0x0C, 0x7E, 0xF2, 0xFF}}},
	{{{6131, 2029, -6447}, 0, {990, 990}, {0xF5, 0x7D, 0x10, 0xFF}}},
	{{{3072, 2462, -7551}, 0, {990, -5560}, {0x08, 0x7C, 0x19, 0xFF}}},
	{{{3072, 2462, -7295}, 0, {508, -5388}, {0x0C, 0x7E, 0xF2, 0xFF}}},
	{{{5400, 1885, -3263}, 0, {-466, 0}, {0x0E, 0x7D, 0x10, 0xFF}}},
	{{{6131, 1885, -2767}, 0, {990, 990}, {0xEB, 0x7D, 0xF5, 0xFF}}},
	{{{5400, 2029, -5951}, 0, {-468, -5372}, {0x1A, 0x7C, 0xFB, 0xFF}}},
	{{{6131, 1885, -2767}, 0, {990, 990}, {0xEB, 0x7D, 0xF5, 0xFF}}},
	{{{6131, 2029, -6447}, 0, {990, -6362}, {0xF5, 0x7D, 0x10, 0xFF}}},
	{{{5400, 2029, -5951}, 0, {-468, -5372}, {0x1A, 0x7C, 0xFB, 0xFF}}},
	{{{6131, 1885, -2767}, 0, {-512, -5762}, {0xEB, 0x7D, 0xF5, 0xFF}}},
	{{{5400, 1885, -3263}, 0, {-1750, -4506}, {0x0E, 0x7D, 0x10, 0xFF}}},
	{{{3037, 1669, -904}, 0, {2280, 990}, {0xED, 0x7B, 0xE6, 0xFF}}},
	{{{5400, 1885, -3263}, 0, {-1750, -4506}, {0x0E, 0x7D, 0x10, 0xFF}}},
	{{{2874, 1576, -1794}, 0, {1124, 990}, {0xD7, 0x77, 0x12, 0xFF}}},
	{{{3037, 1669, -904}, 0, {2280, 990}, {0xED, 0x7B, 0xE6, 0xFF}}},
};

Gfx bob_dl_bob_seg7_dl_07004390_mesh_mesh_layer_1_tri_9[] = {
	gsSPVertex(bob_dl_bob_seg7_dl_07004390_mesh_mesh_layer_1_vtx_9 + 0, 18, 0),
	gsSP2Triangles(0, 1, 2, 0, 3, 4, 5, 0),
	gsSP2Triangles(6, 7, 8, 0, 9, 10, 11, 0),
	gsSP2Triangles(12, 13, 14, 0, 15, 16, 17, 0),
	gsSPEndDisplayList(),
};

Vtx bob_dl_bob_seg7_dl_07004390_mesh_mesh_layer_1_vtx_10[4] = {
	{{{1782, 282, 4659}, 0, {990, 2012}, {0x81, 0x00, 0x00, 0xFF}}},
	{{{1782, 666, 4557}, 0, {0, 0}, {0x81, 0x00, 0x00, 0xFF}}},
	{{{1782, 282, 4557}, 0, {0, 2012}, {0x81, 0x00, 0x00, 0xFF}}},
	{{{1782, 666, 4659}, 0, {990, 0}, {0x81, 0x00, 0x00, 0xFF}}},
};

Gfx bob_dl_bob_seg7_dl_07004390_mesh_mesh_layer_1_tri_10[] = {
	gsSPVertex(bob_dl_bob_seg7_dl_07004390_mesh_mesh_layer_1_vtx_10 + 0, 4, 0),
	gsSP2Triangles(0, 1, 2, 0, 0, 3, 1, 0),
	gsSPEndDisplayList(),
};

Vtx bob_dl_bob_seg7_dl_07004390_mesh_mesh_layer_1_vtx_11[58] = {
	{{{-6591, 0, 5888}, 0, {-3020, 3702}, {0xD4, 0x77, 0x00, 0xFF}}},
	{{{-6245, 128, 5816}, 0, {-1640, 3416}, {0xD4, 0x77, 0x00, 0xFF}}},
	{{{-6245, 128, 5384}, 0, {-1640, 1690}, {0xD4, 0x77, 0x00, 0xFF}}},
	{{{-5842, 128, 6248}, 0, {0, 5140}, {0xDC, 0x75, 0x21, 0xFF}}},
	{{{-6245, 128, 5816}, 0, {-1640, 3416}, {0xDC, 0x75, 0x21, 0xFF}}},
	{{{-6591, 0, 5888}, 0, {-3020, 3702}, {0xDC, 0x75, 0x21, 0xFF}}},
	{{{-5375, 0, 6464}, 0, {1834, 6002}, {0x00, 0x6E, 0x40, 0xFF}}},
	{{{-5842, 128, 6248}, 0, {0, 5140}, {0x00, 0x6E, 0x40, 0xFF}}},
	{{{-6015, 0, 6464}, 0, {-720, 6002}, {0x00, 0x6E, 0x40, 0xFF}}},
	{{{-5375, 0, 6464}, 0, {1834, 6002}, {0x00, 0x6E, 0x40, 0xFF}}},
	{{{-5548, 128, 6248}, 0, {1144, 5140}, {0x00, 0x6E, 0x40, 0xFF}}},
	{{{-5842, 128, 6248}, 0, {0, 5140}, {0x00, 0x6E, 0x40, 0xFF}}},
	{{{-6015, 0, 6464}, 0, {-720, 6002}, {0xDB, 0x74, 0x25, 0xFF}}},
	{{{-5842, 128, 6248}, 0, {0, 5140}, {0xDB, 0x74, 0x25, 0xFF}}},
	{{{-6591, 0, 5888}, 0, {-3020, 3702}, {0xDB, 0x74, 0x25, 0xFF}}},
	{{{-4799, 0, 5888}, 0, {4132, 3702}, {0x25, 0x74, 0x25, 0xFF}}},
	{{{-5548, 128, 6248}, 0, {1144, 5140}, {0x25, 0x74, 0x25, 0xFF}}},
	{{{-5375, 0, 6464}, 0, {1834, 6002}, {0x25, 0x74, 0x25, 0xFF}}},
	{{{-4799, 0, 5888}, 0, {4132, 3702}, {0x24, 0x75, 0x21, 0xFF}}},
	{{{-5145, 128, 5816}, 0, {2752, 3416}, {0x24, 0x75, 0x21, 0xFF}}},
	{{{-5548, 128, 6248}, 0, {1144, 5140}, {0x24, 0x75, 0x21, 0xFF}}},
	{{{-4799, 0, 5312}, 0, {4132, 1404}, {0x2C, 0x77, 0x00, 0xFF}}},
	{{{-5145, 128, 5816}, 0, {2752, 3416}, {0x2C, 0x77, 0x00, 0xFF}}},
	{{{-4799, 0, 5888}, 0, {4132, 3702}, {0x2C, 0x77, 0x00, 0xFF}}},
	{{{-4799, 0, 5312}, 0, {4132, 1404}, {0x2C, 0x77, 0x00, 0xFF}}},
	{{{-5145, 128, 5384}, 0, {2752, 1690}, {0x2C, 0x77, 0x00, 0xFF}}},
	{{{-5145, 128, 5816}, 0, {2752, 3416}, {0x2C, 0x77, 0x00, 0xFF}}},
	{{{-6591, 0, 5888}, 0, {-3020, 3702}, {0xD4, 0x77, 0x00, 0xFF}}},
	{{{-6245, 128, 5384}, 0, {-1640, 1690}, {0xD4, 0x77, 0x00, 0xFF}}},
	{{{-6591, 0, 5312}, 0, {-3020, 1404}, {0xD4, 0x77, 0x00, 0xFF}}},
	{{{-6591, 0, 5312}, 0, {-3020, 1404}, {0xDC, 0x75, 0xDF, 0xFF}}},
	{{{-6245, 128, 5384}, 0, {-1640, 1690}, {0xDC, 0x75, 0xDF, 0xFF}}},
	{{{-5842, 128, 4952}, 0, {0, 0}, {0xDC, 0x75, 0xDF, 0xFF}}},
	{{{-6591, 0, 5312}, 0, {-3020, 1404}, {0xDB, 0x74, 0xDB, 0xFF}}},
	{{{-5842, 128, 4952}, 0, {0, 0}, {0xDB, 0x74, 0xDB, 0xFF}}},
	{{{-6015, 0, 4736}, 0, {-720, -894}, {0xDB, 0x74, 0xDB, 0xFF}}},
	{{{-5548, 128, 4952}, 0, {1144, 0}, {0x24, 0x75, 0xDF, 0xFF}}},
	{{{-5145, 128, 5384}, 0, {2752, 1690}, {0x24, 0x75, 0xDF, 0xFF}}},
	{{{-4799, 0, 5312}, 0, {4132, 1404}, {0x24, 0x75, 0xDF, 0xFF}}},
	{{{-5375, 0, 4736}, 0, {1834, -894}, {0x25, 0x74, 0xDB, 0xFF}}},
	{{{-5548, 128, 4952}, 0, {1144, 0}, {0x25, 0x74, 0xDB, 0xFF}}},
	{{{-4799, 0, 5312}, 0, {4132, 1404}, {0x25, 0x74, 0xDB, 0xFF}}},
	{{{-6015, 0, 4736}, 0, {-720, -894}, {0x00, 0x6E, 0xC0, 0xFF}}},
	{{{-5842, 128, 4952}, 0, {0, 0}, {0x00, 0x6E, 0xC0, 0xFF}}},
	{{{-5548, 128, 4952}, 0, {1144, 0}, {0x00, 0x6E, 0xC0, 0xFF}}},
	{{{-5375, 0, 4736}, 0, {1834, -894}, {0x00, 0x6E, 0xC0, 0xFF}}},
	{{{-6245, 128, 5816}, 0, {-1640, 3416}, {0x00, 0x7F, 0x00, 0xFF}}},
	{{{-5842, 128, 6248}, 0, {0, 5140}, {0x00, 0x7F, 0x00, 0xFF}}},
	{{{-5797, 128, 5702}, 0, {146, 2962}, {0x00, 0x7F, 0x00, 0xFF}}},
	{{{-5593, 128, 5702}, 0, {964, 2962}, {0x00, 0x7F, 0x00, 0xFF}}},
	{{{-5548, 128, 6248}, 0, {1144, 5140}, {0x00, 0x7F, 0x00, 0xFF}}},
	{{{-5145, 128, 5816}, 0, {2752, 3416}, {0x00, 0x7F, 0x00, 0xFF}}},
	{{{-5593, 128, 5498}, 0, {964, 2144}, {0x00, 0x7F, 0x00, 0xFF}}},
	{{{-5145, 128, 5384}, 0, {2752, 1690}, {0x00, 0x7F, 0x00, 0xFF}}},
	{{{-5548, 128, 4952}, 0, {1144, 0}, {0x00, 0x7F, 0x00, 0xFF}}},
	{{{-5842, 128, 4952}, 0, {0, 0}, {0x00, 0x7F, 0x00, 0xFF}}},
	{{{-5797, 128, 5498}, 0, {146, 2144}, {0x00, 0x7F, 0x00, 0xFF}}},
	{{{-6245, 128, 5384}, 0, {-1640, 1690}, {0x00, 0x7F, 0x00, 0xFF}}},
};

Gfx bob_dl_bob_seg7_dl_07004390_mesh_mesh_layer_1_tri_11[] = {
	gsSPVertex(bob_dl_bob_seg7_dl_07004390_mesh_mesh_layer_1_vtx_11 + 0, 58, 0),
	gsSP2Triangles(0, 1, 2, 0, 3, 4, 5, 0),
	gsSP2Triangles(6, 7, 8, 0, 9, 10, 11, 0),
	gsSP2Triangles(12, 13, 14, 0, 15, 16, 17, 0),
	gsSP2Triangles(18, 19, 20, 0, 21, 22, 23, 0),
	gsSP2Triangles(24, 25, 26, 0, 27, 28, 29, 0),
	gsSP2Triangles(30, 31, 32, 0, 33, 34, 35, 0),
	gsSP2Triangles(36, 37, 38, 0, 39, 40, 41, 0),
	gsSP2Triangles(42, 43, 44, 0, 42, 44, 45, 0),
	gsSP2Triangles(46, 47, 48, 0, 47, 49, 48, 0),
	gsSP2Triangles(47, 50, 49, 0, 50, 51, 49, 0),
	gsSP2Triangles(52, 49, 51, 0, 52, 51, 53, 0),
	gsSP2Triangles(52, 53, 54, 0, 55, 52, 54, 0),
	gsSP2Triangles(55, 56, 52, 0, 57, 56, 55, 0),
	gsSP2Triangles(57, 48, 56, 0, 57, 46, 48, 0),
	gsSPEndDisplayList(),
};

Vtx bob_dl_bob_seg7_dl_07004390_mesh_mesh_layer_1_vtx_12[254] = {
	{{{-2459, 1690, -5155}, 0, {990, 1396}, {0x8F, 0x00, 0x39, 0xFF}}},
	{{{-2459, 1741, -5155}, 0, {990, 990}, {0x8F, 0x00, 0x39, 0xFF}}},
	{{{-3151, 1741, -6526}, 0, {-11272, 990}, {0x8F, 0x00, 0x39, 0xFF}}},
	{{{-2459, 1690, -5155}, 0, {990, 1396}, {0x8F, 0x00, 0x39, 0xFF}}},
	{{{-3151, 1741, -6526}, 0, {-11272, 990}, {0x8F, 0x00, 0x39, 0xFF}}},
	{{{-3151, 1690, -6526}, 0, {-11272, 1396}, {0x8F, 0x00, 0x39, 0xFF}}},
	{{{-2458, 1024, -5155}, 0, {990, 1396}, {0x8F, 0x00, 0x39, 0xFF}}},
	{{{-3151, 1075, -6526}, 0, {-11272, 990}, {0x8F, 0x00, 0x39, 0xFF}}},
	{{{-3151, 1024, -6526}, 0, {-11272, 1396}, {0x8F, 0x00, 0x39, 0xFF}}},
	{{{-2458, 1024, -5155}, 0, {990, 1396}, {0x8F, 0x00, 0x39, 0xFF}}},
	{{{-2458, 1075, -5155}, 0, {990, 990}, {0x8F, 0x00, 0x39, 0xFF}}},
	{{{-3151, 1075, -6526}, 0, {-11272, 990}, {0x8F, 0x00, 0x39, 0xFF}}},
	{{{-1016, 1690, -2299}, 0, {22452, 1396}, {0x8F, 0x00, 0x39, 0xFF}}},
	{{{-1016, 1741, -2299}, 0, {22452, 990}, {0x8F, 0x00, 0x39, 0xFF}}},
	{{{-2285, 1741, -4812}, 0, {0, 990}, {0x8F, 0x00, 0x39, 0xFF}}},
	{{{-3151, 1024, -6526}, 0, {990, 14274}, {0xC8, 0x00, 0x8E, 0xFF}}},
	{{{-3151, 1075, -6526}, 0, {990, 13252}, {0xC8, 0x00, 0x8E, 0xFF}}},
	{{{-3105, 1075, -6549}, 0, {0, 13252}, {0xC8, 0x00, 0x8E, 0xFF}}},
	{{{-3151, 1024, -6526}, 0, {990, 14274}, {0xC8, 0x00, 0x8E, 0xFF}}},
	{{{-3105, 1075, -6549}, 0, {0, 13252}, {0xC8, 0x00, 0x8E, 0xFF}}},
	{{{-3105, 1024, -6549}, 0, {0, 14274}, {0xC8, 0x00, 0x8E, 0xFF}}},
	{{{-2413, 1024, -5178}, 0, {376, 376}, {0x39, 0x00, 0x71, 0xFF}}},
	{{{-2413, 1075, -5178}, 0, {376, 0}, {0x39, 0x00, 0x71, 0xFF}}},
	{{{-2458, 1075, -5155}, 0, {0, 0}, {0x39, 0x00, 0x71, 0xFF}}},
	{{{-2413, 1024, -5178}, 0, {376, 376}, {0x39, 0x00, 0x71, 0xFF}}},
	{{{-2458, 1075, -5155}, 0, {0, 0}, {0x39, 0x00, 0x71, 0xFF}}},
	{{{-2458, 1024, -5155}, 0, {0, 376}, {0x39, 0x00, 0x71, 0xFF}}},
	{{{-1016, 1024, -2299}, 0, {22452, 1396}, {0x8F, 0x00, 0x39, 0xFF}}},
	{{{-2285, 1075, -4812}, 0, {0, 990}, {0x8F, 0x00, 0x39, 0xFF}}},
	{{{-2285, 1024, -4812}, 0, {0, 1396}, {0x8F, 0x00, 0x39, 0xFF}}},
	{{{-1016, 1690, -2299}, 0, {22452, 1396}, {0x8F, 0x00, 0x39, 0xFF}}},
	{{{-2285, 1741, -4812}, 0, {0, 990}, {0x8F, 0x00, 0x39, 0xFF}}},
	{{{-2285, 1690, -4812}, 0, {0, 1396}, {0x8F, 0x00, 0x39, 0xFF}}},
	{{{-2240, 1690, -4835}, 0, {990, 990}, {0x71, 0x00, 0xC7, 0xFF}}},
	{{{-2240, 1741, -4835}, 0, {990, 582}, {0x71, 0x00, 0xC7, 0xFF}}},
	{{{-970, 1741, -2322}, 0, {-21492, 582}, {0x71, 0x00, 0xC7, 0xFF}}},
	{{{-2240, 1690, -4835}, 0, {990, 990}, {0x71, 0x00, 0xC7, 0xFF}}},
	{{{-970, 1741, -2322}, 0, {-21492, 582}, {0x71, 0x00, 0xC7, 0xFF}}},
	{{{-970, 1690, -2322}, 0, {-21492, 990}, {0x71, 0x00, 0xC7, 0xFF}}},
	{{{-1016, 1024, -2299}, 0, {22452, 1396}, {0x8F, 0x00, 0x39, 0xFF}}},
	{{{-1016, 1075, -2299}, 0, {22452, 990}, {0x8F, 0x00, 0x39, 0xFF}}},
	{{{-2285, 1075, -4812}, 0, {0, 990}, {0x8F, 0x00, 0x39, 0xFF}}},
	{{{-2240, 1024, -4835}, 0, {990, 990}, {0x71, 0x00, 0xC7, 0xFF}}},
	{{{-970, 1075, -2322}, 0, {-21492, 582}, {0x71, 0x00, 0xC7, 0xFF}}},
	{{{-970, 1024, -2322}, 0, {-21492, 990}, {0x71, 0x00, 0xC7, 0xFF}}},
	{{{-2240, 1024, -4835}, 0, {990, 990}, {0x71, 0x00, 0xC7, 0xFF}}},
	{{{-2240, 1075, -4835}, 0, {990, 582}, {0x71, 0x00, 0xC7, 0xFF}}},
	{{{-970, 1075, -2322}, 0, {-21492, 582}, {0x71, 0x00, 0xC7, 0xFF}}},
	{{{-2285, 1741, -4812}, 0, {3034, 0}, {0x8F, 0x00, 0x39, 0xFF}}},
	{{{-2458, 1690, -5155}, 0, {0, 376}, {0x8F, 0x00, 0x39, 0xFF}}},
	{{{-2285, 1690, -4812}, 0, {3034, 376}, {0x8F, 0x00, 0x39, 0xFF}}},
	{{{-970, 1690, -2322}, 0, {376, 376}, {0x38, 0x00, 0x72, 0xFF}}},
	{{{-970, 1741, -2322}, 0, {376, 0}, {0x38, 0x00, 0x72, 0xFF}}},
	{{{-1016, 1741, -2299}, 0, {0, 0}, {0x38, 0x00, 0x72, 0xFF}}},
	{{{-970, 1690, -2322}, 0, {376, 376}, {0x38, 0x00, 0x72, 0xFF}}},
	{{{-1016, 1741, -2299}, 0, {0, 0}, {0x38, 0x00, 0x72, 0xFF}}},
	{{{-1016, 1690, -2299}, 0, {0, 376}, {0x38, 0x00, 0x72, 0xFF}}},
	{{{-3151, 1690, -6526}, 0, {990, 990}, {0xC8, 0x00, 0x8E, 0xFF}}},
	{{{-3105, 1741, -6549}, 0, {0, 0}, {0xC8, 0x00, 0x8E, 0xFF}}},
	{{{-3105, 1690, -6549}, 0, {0, 990}, {0xC8, 0x00, 0x8E, 0xFF}}},
	{{{-3151, 1690, -6526}, 0, {990, 990}, {0xC8, 0x00, 0x8E, 0xFF}}},
	{{{-3151, 1741, -6526}, 0, {990, 0}, {0xC8, 0x00, 0x8E, 0xFF}}},
	{{{-3105, 1741, -6549}, 0, {0, 0}, {0xC8, 0x00, 0x8E, 0xFF}}},
	{{{-2285, 1741, -4812}, 0, {3034, 0}, {0x8F, 0x00, 0x39, 0xFF}}},
	{{{-2458, 1741, -5155}, 0, {0, 0}, {0x8F, 0x00, 0x39, 0xFF}}},
	{{{-2458, 1690, -5155}, 0, {0, 376}, {0x8F, 0x00, 0x39, 0xFF}}},
	{{{-2240, 1690, -4835}, 0, {0, 376}, {0x71, 0x00, 0xC7, 0xFF}}},
	{{{-2413, 1690, -5178}, 0, {3034, 376}, {0x71, 0x00, 0xC7, 0xFF}}},
	{{{-2413, 1741, -5178}, 0, {3034, 0}, {0x71, 0x00, 0xC7, 0xFF}}},
	{{{-2240, 1690, -4835}, 0, {0, 376}, {0x71, 0x00, 0xC7, 0xFF}}},
	{{{-2413, 1741, -5178}, 0, {3034, 0}, {0x71, 0x00, 0xC7, 0xFF}}},
	{{{-2240, 1741, -4835}, 0, {0, 0}, {0x71, 0x00, 0xC7, 0xFF}}},
	{{{-2175, 358, 1024}, 0, {0, 990}, {0x57, 0x1F, 0xA9, 0xFF}}},
	{{{-2303, 358, 896}, 0, {972, 990}, {0x57, 0x1F, 0xA9, 0xFF}}},
	{{{-2303, 717, 1024}, 0, {470, -1060}, {0x57, 0x1F, 0xA9, 0xFF}}},
	{{{-2431, 358, 1024}, 0, {-14, 990}, {0xA9, 0x1F, 0x57, 0xFF}}},
	{{{-2303, 358, 1152}, 0, {990, 990}, {0xA9, 0x1F, 0x57, 0xFF}}},
	{{{-2303, 717, 1024}, 0, {488, -1060}, {0xA9, 0x1F, 0x57, 0xFF}}},
	{{{-2303, 358, 896}, 0, {0, 990}, {0xA9, 0x1F, 0xA9, 0xFF}}},
	{{{-2431, 358, 1024}, 0, {972, 990}, {0xA9, 0x1F, 0xA9, 0xFF}}},
	{{{-2303, 717, 1024}, 0, {470, -1060}, {0xA9, 0x1F, 0xA9, 0xFF}}},
	{{{-2303, 358, 1152}, 0, {0, 990}, {0x57, 0x1F, 0x57, 0xFF}}},
	{{{-2175, 358, 1024}, 0, {972, 990}, {0x57, 0x1F, 0x57, 0xFF}}},
	{{{-2303, 717, 1024}, 0, {470, -1060}, {0x57, 0x1F, 0x57, 0xFF}}},
	{{{-3151, 1741, -6526}, 0, {12232, 582}, {0x00, 0x7F, 0x00, 0xFF}}},
	{{{-2459, 1741, -5155}, 0, {0, 582}, {0x00, 0x7F, 0x00, 0xFF}}},
	{{{-2413, 1741, -5178}, 0, {0, 990}, {0x00, 0x7F, 0x00, 0xFF}}},
	{{{-3105, 1741, -6549}, 0, {12232, 990}, {0x00, 0x7F, 0x00, 0xFF}}},
	{{{-3105, 1690, -6549}, 0, {12232, 990}, {0x00, 0x81, 0x00, 0xFF}}},
	{{{-2459, 1690, -5155}, 0, {0, 582}, {0x00, 0x81, 0x00, 0xFF}}},
	{{{-3151, 1690, -6526}, 0, {12232, 582}, {0x00, 0x81, 0x00, 0xFF}}},
	{{{-2413, 1690, -5178}, 0, {0, 990}, {0x00, 0x81, 0x00, 0xFF}}},
	{{{-3105, 1690, -6549}, 0, {12232, 990}, {0x71, 0x00, 0xC7, 0xFF}}},
	{{{-3105, 1741, -6549}, 0, {12232, 582}, {0x71, 0x00, 0xC7, 0xFF}}},
	{{{-2413, 1741, -5178}, 0, {0, 582}, {0x71, 0x00, 0xC7, 0xFF}}},
	{{{-2413, 1690, -5178}, 0, {0, 990}, {0x71, 0x00, 0xC7, 0xFF}}},
	{{{-3151, 1075, -6526}, 0, {12232, 582}, {0x00, 0x7F, 0x00, 0xFF}}},
	{{{-2458, 1075, -5155}, 0, {0, 582}, {0x00, 0x7F, 0x00, 0xFF}}},
	{{{-2413, 1075, -5178}, 0, {0, 990}, {0x00, 0x7F, 0x00, 0xFF}}},
	{{{-3105, 1075, -6549}, 0, {12232, 990}, {0x00, 0x7F, 0x00, 0xFF}}},
	{{{-3105, 1024, -6549}, 0, {12232, 990}, {0x71, 0x00, 0xC7, 0xFF}}},
	{{{-3105, 1075, -6549}, 0, {12232, 582}, {0x71, 0x00, 0xC7, 0xFF}}},
	{{{-2413, 1075, -5178}, 0, {0, 582}, {0x71, 0x00, 0xC7, 0xFF}}},
	{{{-2413, 1024, -5178}, 0, {0, 990}, {0x71, 0x00, 0xC7, 0xFF}}},
	{{{-2240, 1690, -4835}, 0, {990, -21494}, {0x00, 0x81, 0x00, 0xFF}}},
	{{{-970, 1690, -2322}, 0, {990, 990}, {0x00, 0x81, 0x00, 0xFF}}},
	{{{-1016, 1690, -2299}, 0, {582, 990}, {0x00, 0x81, 0x00, 0xFF}}},
	{{{-2285, 1690, -4812}, 0, {582, -21494}, {0x00, 0x81, 0x00, 0xFF}}},
	{{{-2285, 1741, -4812}, 0, {582, -21494}, {0x00, 0x7F, 0x00, 0xFF}}},
	{{{-970, 1741, -2322}, 0, {990, 990}, {0x00, 0x7F, 0x00, 0xFF}}},
	{{{-2240, 1741, -4835}, 0, {990, -21494}, {0x00, 0x7F, 0x00, 0xFF}}},
	{{{-1016, 1741, -2299}, 0, {582, 990}, {0x00, 0x7F, 0x00, 0xFF}}},
	{{{-970, 1024, -2322}, 0, {376, 376}, {0x38, 0x00, 0x72, 0xFF}}},
	{{{-1016, 1075, -2299}, 0, {0, 0}, {0x38, 0x00, 0x72, 0xFF}}},
	{{{-1016, 1024, -2299}, 0, {0, 376}, {0x38, 0x00, 0x72, 0xFF}}},
	{{{-970, 1075, -2322}, 0, {376, 0}, {0x38, 0x00, 0x72, 0xFF}}},
	{{{-2285, 1024, -4812}, 0, {376, 376}, {0xC7, 0x00, 0x8F, 0xFF}}},
	{{{-2285, 1075, -4812}, 0, {376, 0}, {0xC7, 0x00, 0x8F, 0xFF}}},
	{{{-2240, 1075, -4835}, 0, {0, 0}, {0xC7, 0x00, 0x8F, 0xFF}}},
	{{{-2240, 1024, -4835}, 0, {0, 376}, {0xC7, 0x00, 0x8F, 0xFF}}},
	{{{-2285, 1075, -4812}, 0, {582, -21494}, {0x00, 0x7F, 0x00, 0xFF}}},
	{{{-970, 1075, -2322}, 0, {990, 990}, {0x00, 0x7F, 0x00, 0xFF}}},
	{{{-2240, 1075, -4835}, 0, {990, -21494}, {0x00, 0x7F, 0x00, 0xFF}}},
	{{{-1016, 1075, -2299}, 0, {582, 990}, {0x00, 0x7F, 0x00, 0xFF}}},
	{{{-5797, 128, 5702}, 0, {0, 0}, {0x7F, 0x00, 0x00, 0xFF}}},
	{{{-5797, -383, 5498}, 0, {990, 2522}, {0x7F, 0x00, 0x00, 0xFF}}},
	{{{-5797, 128, 5498}, 0, {990, 0}, {0x7F, 0x00, 0x00, 0xFF}}},
	{{{-5797, 128, 5702}, 0, {0, 0}, {0x7F, 0x00, 0x00, 0xFF}}},
	{{{-5797, -383, 5702}, 0, {0, 2522}, {0x7F, 0x00, 0x00, 0xFF}}},
	{{{-5797, -383, 5498}, 0, {990, 2522}, {0x7F, 0x00, 0x00, 0xFF}}},
	{{{-2240, 1741, -4835}, 0, {3034, 0}, {0x00, 0x7F, 0x00, 0xFF}}},
	{{{-2413, 1741, -5178}, 0, {0, 0}, {0x00, 0x7F, 0x00, 0xFF}}},
	{{{-2458, 1741, -5155}, 0, {0, 376}, {0x00, 0x7F, 0x00, 0xFF}}},
	{{{-2285, 1741, -4812}, 0, {3034, 376}, {0x00, 0x7F, 0x00, 0xFF}}},
	{{{-2285, 1690, -4812}, 0, {0, 990}, {0x00, 0x81, 0x00, 0xFF}}},
	{{{-2458, 1690, -5155}, 0, {3034, 990}, {0x00, 0x81, 0x00, 0xFF}}},
	{{{-2413, 1690, -5178}, 0, {3034, 582}, {0x00, 0x81, 0x00, 0xFF}}},
	{{{-2240, 1690, -4835}, 0, {0, 582}, {0x00, 0x81, 0x00, 0xFF}}},
	{{{-5593, 128, 5702}, 0, {0, 0}, {0x00, 0x00, 0x81, 0xFF}}},
	{{{-5797, -383, 5702}, 0, {990, 2520}, {0x00, 0x00, 0x81, 0xFF}}},
	{{{-5797, 128, 5702}, 0, {990, 0}, {0x00, 0x00, 0x81, 0xFF}}},
	{{{-5593, -383, 5702}, 0, {0, 2520}, {0x00, 0x00, 0x81, 0xFF}}},
	{{{-5797, 128, 5498}, 0, {0, 0}, {0x00, 0x00, 0x7F, 0xFF}}},
	{{{-5593, -383, 5498}, 0, {990, 2522}, {0x00, 0x00, 0x7F, 0xFF}}},
	{{{-5593, 128, 5498}, 0, {990, 0}, {0x00, 0x00, 0x7F, 0xFF}}},
	{{{-5797, -383, 5498}, 0, {0, 2522}, {0x00, 0x00, 0x7F, 0xFF}}},
	{{{-5593, 128, 5498}, 0, {0, 0}, {0x81, 0x00, 0x00, 0xFF}}},
	{{{-5593, -383, 5702}, 0, {990, 2520}, {0x81, 0x00, 0x00, 0xFF}}},
	{{{-5593, 128, 5702}, 0, {990, 0}, {0x81, 0x00, 0x00, 0xFF}}},
	{{{-5593, -383, 5498}, 0, {0, 2520}, {0x81, 0x00, 0x00, 0xFF}}},
	{{{-5119, 1331, -3429}, 0, {0, 0}, {0x7F, 0x00, 0x00, 0xFF}}},
	{{{-5119, 819, -3634}, 0, {990, 2522}, {0x7F, 0x00, 0x00, 0xFF}}},
	{{{-5119, 1331, -3634}, 0, {990, 0}, {0x7F, 0x00, 0x00, 0xFF}}},
	{{{-5119, 819, -3429}, 0, {0, 2522}, {0x7F, 0x00, 0x00, 0xFF}}},
	{{{-5797, -383, 5702}, 0, {990, 990}, {0x00, 0x7F, 0x00, 0xFF}}},
	{{{-5593, -383, 5702}, 0, {990, 0}, {0x00, 0x7F, 0x00, 0xFF}}},
	{{{-5593, -383, 5498}, 0, {0, 0}, {0x00, 0x7F, 0x00, 0xFF}}},
	{{{-5797, -383, 5498}, 0, {0, 990}, {0x00, 0x7F, 0x00, 0xFF}}},
	{{{-4914, 819, -3634}, 0, {0, 0}, {0x00, 0x7F, 0x00, 0xFF}}},
	{{{-5119, 819, -3634}, 0, {0, 990}, {0x00, 0x7F, 0x00, 0xFF}}},
	{{{-5119, 819, -3429}, 0, {990, 990}, {0x00, 0x7F, 0x00, 0xFF}}},
	{{{-4914, 819, -3429}, 0, {990, 0}, {0x00, 0x7F, 0x00, 0xFF}}},
	{{{-5119, 1331, -3634}, 0, {0, 0}, {0x00, 0x00, 0x7F, 0xFF}}},
	{{{-4914, 819, -3634}, 0, {990, 2522}, {0x00, 0x00, 0x7F, 0xFF}}},
	{{{-4914, 1331, -3634}, 0, {990, 0}, {0x00, 0x00, 0x7F, 0xFF}}},
	{{{-5119, 819, -3634}, 0, {0, 2522}, {0x00, 0x00, 0x7F, 0xFF}}},
	{{{-4914, 1331, -3429}, 0, {0, 0}, {0x00, 0x00, 0x81, 0xFF}}},
	{{{-4914, 819, -3429}, 0, {0, 2520}, {0x00, 0x00, 0x81, 0xFF}}},
	{{{-5119, 819, -3429}, 0, {990, 2520}, {0x00, 0x00, 0x81, 0xFF}}},
	{{{-5119, 1331, -3429}, 0, {990, 0}, {0x00, 0x00, 0x81, 0xFF}}},
	{{{-4914, 1331, -3634}, 0, {0, 0}, {0x81, 0x00, 0x00, 0xFF}}},
	{{{-4914, 819, -3429}, 0, {990, 2520}, {0x81, 0x00, 0x00, 0xFF}}},
	{{{-4914, 1331, -3429}, 0, {990, 0}, {0x81, 0x00, 0x00, 0xFF}}},
	{{{-4914, 819, -3634}, 0, {0, 2520}, {0x81, 0x00, 0x00, 0xFF}}},
	{{{-2303, 0, 896}, 0, {990, 2010}, {0x5A, 0x00, 0xA6, 0xFF}}},
	{{{-2175, 358, 1024}, 0, {-14, 24}, {0x5A, 0x00, 0xA6, 0xFF}}},
	{{{-2175, 0, 1024}, 0, {-14, 2010}, {0x5A, 0x00, 0xA6, 0xFF}}},
	{{{-2303, 358, 896}, 0, {990, 24}, {0x5A, 0x00, 0xA6, 0xFF}}},
	{{{-2431, 0, 1024}, 0, {972, 1954}, {0xA6, 0x00, 0xA6, 0xFF}}},
	{{{-2431, 358, 1024}, 0, {972, 0}, {0xA6, 0x00, 0xA6, 0xFF}}},
	{{{-2303, 358, 896}, 0, {0, 0}, {0xA6, 0x00, 0xA6, 0xFF}}},
	{{{-2303, 0, 896}, 0, {0, 1954}, {0xA6, 0x00, 0xA6, 0xFF}}},
	{{{-2303, 0, 1152}, 0, {972, 1954}, {0xA6, 0x00, 0x5A, 0xFF}}},
	{{{-2431, 358, 1024}, 0, {0, 0}, {0xA6, 0x00, 0x5A, 0xFF}}},
	{{{-2431, 0, 1024}, 0, {0, 1954}, {0xA6, 0x00, 0x5A, 0xFF}}},
	{{{-2303, 358, 1152}, 0, {972, 0}, {0xA6, 0x00, 0x5A, 0xFF}}},
	{{{-2175, 0, 1024}, 0, {990, 2010}, {0x5A, 0x00, 0x5A, 0xFF}}},
	{{{-2303, 358, 1152}, 0, {-14, 24}, {0x5A, 0x00, 0x5A, 0xFF}}},
	{{{-2303, 0, 1152}, 0, {-14, 2010}, {0x5A, 0x00, 0x5A, 0xFF}}},
	{{{-2175, 358, 1024}, 0, {990, 24}, {0x5A, 0x00, 0x5A, 0xFF}}},
	{{{1434, 0, 4352}, 0, {0, 990}, {0x00, 0x7F, 0x00, 0xFF}}},
	{{{1434, 0, 4864}, 0, {990, 990}, {0x00, 0x7F, 0x00, 0xFF}}},
	{{{1792, 0, 4352}, 0, {0, 0}, {0x00, 0x7F, 0x00, 0xFF}}},
	{{{1792, 0, 4864}, 0, {990, 0}, {0x00, 0x7F, 0x00, 0xFF}}},
	{{{6246, 2080, -6962}, 0, {0, 0}, {0x7F, 0x00, 0x00, 0xFF}}},
	{{{6246, 1568, -7167}, 0, {990, 2522}, {0x7F, 0x00, 0x00, 0xFF}}},
	{{{6246, 2080, -7167}, 0, {990, 0}, {0x7F, 0x00, 0x00, 0xFF}}},
	{{{6246, 1568, -6962}, 0, {0, 2522}, {0x7F, 0x00, 0x00, 0xFF}}},
	{{{6246, 2080, -7167}, 0, {0, 0}, {0x00, 0x00, 0x7F, 0xFF}}},
	{{{6246, 1568, -7167}, 0, {0, 2522}, {0x00, 0x00, 0x7F, 0xFF}}},
	{{{6451, 1568, -7167}, 0, {990, 2522}, {0x00, 0x00, 0x7F, 0xFF}}},
	{{{6451, 2080, -7167}, 0, {990, 0}, {0x00, 0x00, 0x7F, 0xFF}}},
	{{{6246, 1568, -7167}, 0, {0, 0}, {0x00, 0x7F, 0x00, 0xFF}}},
	{{{6246, 1568, -6962}, 0, {0, 990}, {0x00, 0x7F, 0x00, 0xFF}}},
	{{{6451, 1568, -6962}, 0, {990, 990}, {0x00, 0x7F, 0x00, 0xFF}}},
	{{{6451, 1568, -7167}, 0, {990, 0}, {0x00, 0x7F, 0x00, 0xFF}}},
	{{{4147, 3072, -2354}, 0, {990, -268}, {0x7F, 0x00, 0x00, 0xFF}}},
	{{{4147, 2560, -2559}, 0, {0, 2010}, {0x7F, 0x00, 0x00, 0xFF}}},
	{{{4147, 3072, -2559}, 0, {0, -268}, {0x7F, 0x00, 0x00, 0xFF}}},
	{{{4147, 2560, -2354}, 0, {990, 2010}, {0x7F, 0x00, 0x00, 0xFF}}},
	{{{6451, 2080, -6962}, 0, {0, 0}, {0x00, 0x00, 0x81, 0xFF}}},
	{{{6451, 1568, -6962}, 0, {0, 2522}, {0x00, 0x00, 0x81, 0xFF}}},
	{{{6246, 1568, -6962}, 0, {990, 2522}, {0x00, 0x00, 0x81, 0xFF}}},
	{{{6246, 2080, -6962}, 0, {990, 0}, {0x00, 0x00, 0x81, 0xFF}}},
	{{{6451, 2080, -7167}, 0, {0, 0}, {0x81, 0x00, 0x00, 0xFF}}},
	{{{6451, 1568, -7167}, 0, {0, 2522}, {0x81, 0x00, 0x00, 0xFF}}},
	{{{6451, 1568, -6962}, 0, {990, 2522}, {0x81, 0x00, 0x00, 0xFF}}},
	{{{6451, 2080, -6962}, 0, {990, 0}, {0x81, 0x00, 0x00, 0xFF}}},
	{{{4352, 2560, -2559}, 0, {990, 0}, {0x00, 0x7F, 0x00, 0xFF}}},
	{{{4147, 2560, -2354}, 0, {0, 990}, {0x00, 0x7F, 0x00, 0xFF}}},
	{{{4352, 2560, -2354}, 0, {990, 990}, {0x00, 0x7F, 0x00, 0xFF}}},
	{{{4147, 2560, -2559}, 0, {0, 0}, {0x00, 0x7F, 0x00, 0xFF}}},
	{{{4147, 3072, -2559}, 0, {990, 0}, {0x00, 0x00, 0x7F, 0xFF}}},
	{{{4147, 2560, -2559}, 0, {990, 2246}, {0x00, 0x00, 0x7F, 0xFF}}},
	{{{4352, 2560, -2559}, 0, {0, 2246}, {0x00, 0x00, 0x7F, 0xFF}}},
	{{{4352, 3072, -2559}, 0, {0, 0}, {0x00, 0x00, 0x7F, 0xFF}}},
	{{{4352, 3072, -2354}, 0, {0, 0}, {0x00, 0x00, 0x81, 0xFF}}},
	{{{4352, 2560, -2354}, 0, {0, 2246}, {0x00, 0x00, 0x81, 0xFF}}},
	{{{4147, 2560, -2354}, 0, {990, 2246}, {0x00, 0x00, 0x81, 0xFF}}},
	{{{4147, 3072, -2354}, 0, {990, 0}, {0x00, 0x00, 0x81, 0xFF}}},
	{{{4352, 3072, -2559}, 0, {0, -268}, {0x81, 0x00, 0x00, 0xFF}}},
	{{{4352, 2560, -2559}, 0, {0, 2010}, {0x81, 0x00, 0x00, 0xFF}}},
	{{{4352, 2560, -2354}, 0, {990, 2010}, {0x81, 0x00, 0x00, 0xFF}}},
	{{{4352, 3072, -2354}, 0, {990, -268}, {0x81, 0x00, 0x00, 0xFF}}},
	{{{4250, 3072, 1127}, 0, {0, 0}, {0x00, 0x00, 0x7F, 0xFF}}},
	{{{4454, 2560, 1127}, 0, {990, 2522}, {0x00, 0x00, 0x7F, 0xFF}}},
	{{{4454, 3072, 1127}, 0, {990, 0}, {0x00, 0x00, 0x7F, 0xFF}}},
	{{{4250, 2560, 1127}, 0, {0, 2520}, {0x00, 0x00, 0x7F, 0xFF}}},
	{{{4454, 2560, 1127}, 0, {0, 990}, {0x00, 0x7F, 0x00, 0xFF}}},
	{{{4250, 2560, 1332}, 0, {990, 0}, {0x00, 0x7F, 0x00, 0xFF}}},
	{{{4454, 2560, 1332}, 0, {0, 0}, {0x00, 0x7F, 0x00, 0xFF}}},
	{{{4250, 2560, 1127}, 0, {990, 990}, {0x00, 0x7F, 0x00, 0xFF}}},
	{{{4454, 3072, 1127}, 0, {0, 0}, {0x81, 0x00, 0x00, 0xFF}}},
	{{{4454, 2560, 1332}, 0, {990, 2522}, {0x81, 0x00, 0x00, 0xFF}}},
	{{{4454, 3072, 1332}, 0, {990, 0}, {0x81, 0x00, 0x00, 0xFF}}},
	{{{4454, 2560, 1127}, 0, {0, 2520}, {0x81, 0x00, 0x00, 0xFF}}},
	{{{4454, 3072, 1332}, 0, {0, 0}, {0x00, 0x00, 0x81, 0xFF}}},
	{{{4454, 2560, 1332}, 0, {0, 2520}, {0x00, 0x00, 0x81, 0xFF}}},
	{{{4250, 2560, 1332}, 0, {990, 2522}, {0x00, 0x00, 0x81, 0xFF}}},
	{{{4250, 3072, 1332}, 0, {990, 0}, {0x00, 0x00, 0x81, 0xFF}}},
	{{{4250, 3072, 1332}, 0, {0, 0}, {0x7F, 0x00, 0x00, 0xFF}}},
	{{{4250, 2560, 1332}, 0, {0, 2520}, {0x7F, 0x00, 0x00, 0xFF}}},
	{{{4250, 2560, 1127}, 0, {990, 2522}, {0x7F, 0x00, 0x00, 0xFF}}},
	{{{4250, 3072, 1127}, 0, {990, 0}, {0x7F, 0x00, 0x00, 0xFF}}},
};

Gfx bob_dl_bob_seg7_dl_07004390_mesh_mesh_layer_1_tri_12[] = {
	gsSPVertex(bob_dl_bob_seg7_dl_07004390_mesh_mesh_layer_1_vtx_12 + 0, 63, 0),
	gsSP2Triangles(0, 1, 2, 0, 3, 4, 5, 0),
	gsSP2Triangles(6, 7, 8, 0, 9, 10, 11, 0),
	gsSP2Triangles(12, 13, 14, 0, 15, 16, 17, 0),
	gsSP2Triangles(18, 19, 20, 0, 21, 22, 23, 0),
	gsSP2Triangles(24, 25, 26, 0, 27, 28, 29, 0),
	gsSP2Triangles(30, 31, 32, 0, 33, 34, 35, 0),
	gsSP2Triangles(36, 37, 38, 0, 39, 40, 41, 0),
	gsSP2Triangles(42, 43, 44, 0, 45, 46, 47, 0),
	gsSP2Triangles(48, 49, 50, 0, 51, 52, 53, 0),
	gsSP2Triangles(54, 55, 56, 0, 57, 58, 59, 0),
	gsSP1Triangle(60, 61, 62, 0),
	gsSPVertex(bob_dl_bob_seg7_dl_07004390_mesh_mesh_layer_1_vtx_12 + 63, 64, 0),
	gsSP2Triangles(0, 1, 2, 0, 3, 4, 5, 0),
	gsSP2Triangles(6, 7, 8, 0, 9, 10, 11, 0),
	gsSP2Triangles(12, 13, 14, 0, 15, 16, 17, 0),
	gsSP2Triangles(18, 19, 20, 0, 21, 22, 23, 0),
	gsSP2Triangles(21, 23, 24, 0, 25, 26, 27, 0),
	gsSP2Triangles(25, 28, 26, 0, 29, 30, 31, 0),
	gsSP2Triangles(29, 31, 32, 0, 33, 34, 35, 0),
	gsSP2Triangles(33, 35, 36, 0, 37, 38, 39, 0),
	gsSP2Triangles(37, 39, 40, 0, 41, 42, 43, 0),
	gsSP2Triangles(41, 43, 44, 0, 45, 46, 47, 0),
	gsSP2Triangles(45, 48, 46, 0, 49, 50, 51, 0),
	gsSP2Triangles(49, 52, 50, 0, 53, 54, 55, 0),
	gsSP2Triangles(53, 55, 56, 0, 57, 58, 59, 0),
	gsSP2Triangles(57, 60, 58, 0, 61, 62, 63, 0),
	gsSPVertex(bob_dl_bob_seg7_dl_07004390_mesh_mesh_layer_1_vtx_12 + 127, 63, 0),
	gsSP2Triangles(0, 1, 2, 0, 3, 4, 5, 0),
	gsSP2Triangles(3, 5, 6, 0, 7, 8, 9, 0),
	gsSP2Triangles(7, 9, 10, 0, 11, 12, 13, 0),
	gsSP2Triangles(11, 14, 12, 0, 15, 16, 17, 0),
	gsSP2Triangles(15, 18, 16, 0, 19, 20, 21, 0),
	gsSP2Triangles(19, 22, 20, 0, 23, 24, 25, 0),
	gsSP2Triangles(23, 26, 24, 0, 27, 28, 29, 0),
	gsSP2Triangles(27, 29, 30, 0, 31, 32, 33, 0),
	gsSP2Triangles(31, 33, 34, 0, 35, 36, 37, 0),
	gsSP2Triangles(35, 38, 36, 0, 39, 40, 41, 0),
	gsSP2Triangles(39, 41, 42, 0, 43, 44, 45, 0),
	gsSP2Triangles(43, 46, 44, 0, 47, 48, 49, 0),
	gsSP2Triangles(47, 50, 48, 0, 51, 52, 53, 0),
	gsSP2Triangles(51, 53, 54, 0, 55, 56, 57, 0),
	gsSP2Triangles(55, 58, 56, 0, 59, 60, 61, 0),
	gsSP1Triangle(59, 62, 60, 0),
	gsSPVertex(bob_dl_bob_seg7_dl_07004390_mesh_mesh_layer_1_vtx_12 + 190, 64, 0),
	gsSP2Triangles(0, 1, 2, 0, 1, 3, 2, 0),
	gsSP2Triangles(4, 5, 6, 0, 4, 7, 5, 0),
	gsSP2Triangles(8, 9, 10, 0, 8, 10, 11, 0),
	gsSP2Triangles(12, 13, 14, 0, 12, 14, 15, 0),
	gsSP2Triangles(16, 17, 18, 0, 16, 19, 17, 0),
	gsSP2Triangles(20, 21, 22, 0, 20, 22, 23, 0),
	gsSP2Triangles(24, 25, 26, 0, 24, 26, 27, 0),
	gsSP2Triangles(28, 29, 30, 0, 28, 31, 29, 0),
	gsSP2Triangles(32, 33, 34, 0, 32, 34, 35, 0),
	gsSP2Triangles(36, 37, 38, 0, 36, 38, 39, 0),
	gsSP2Triangles(40, 41, 42, 0, 40, 42, 43, 0),
	gsSP2Triangles(44, 45, 46, 0, 44, 47, 45, 0),
	gsSP2Triangles(48, 49, 50, 0, 48, 51, 49, 0),
	gsSP2Triangles(52, 53, 54, 0, 52, 55, 53, 0),
	gsSP2Triangles(56, 57, 58, 0, 56, 58, 59, 0),
	gsSP2Triangles(60, 61, 62, 0, 60, 62, 63, 0),
	gsSPEndDisplayList(),
};

Vtx bob_dl_bob_seg7_dl_07004390_mesh_mesh_layer_1_vtx_13[224] = {
	{{{5147, 923, -957}, 0, {2038, 34}, {0xCF, 0x73, 0xEC, 0xFF}}},
	{{{5345, 966, -1188}, 0, {2236, -196}, {0xCF, 0x73, 0xEC, 0xFF}}},
	{{{5097, 825, -1387}, 0, {1990, -394}, {0xCF, 0x73, 0xEC, 0xFF}}},
	{{{5314, 717, -540}, 0, {2206, 450}, {0x0D, 0x55, 0x5E, 0xFF}}},
	{{{5812, 759, -649}, 0, {2702, 342}, {0x0D, 0x55, 0x5E, 0xFF}}},
	{{{5669, 927, -780}, 0, {2560, 210}, {0x0D, 0x55, 0x5E, 0xFF}}},
	{{{5314, 717, -540}, 0, {2206, 450}, {0xEB, 0x6D, 0x3E, 0xFF}}},
	{{{5669, 927, -780}, 0, {2560, 210}, {0xEB, 0x6D, 0x3E, 0xFF}}},
	{{{5147, 923, -957}, 0, {2038, 34}, {0xEB, 0x6D, 0x3E, 0xFF}}},
	{{{5669, 927, -780}, 0, {2560, 210}, {0x21, 0x7A, 0xF1, 0xFF}}},
	{{{5842, 832, -1155}, 0, {2732, -164}, {0x21, 0x7A, 0xF1, 0xFF}}},
	{{{5345, 966, -1188}, 0, {2236, -196}, {0x21, 0x7A, 0xF1, 0xFF}}},
	{{{5314, 717, -540}, 0, {2206, 450}, {0xCE, 0x5F, 0x43, 0xFF}}},
	{{{5147, 923, -957}, 0, {2038, 34}, {0xCE, 0x5F, 0x43, 0xFF}}},
	{{{4845, 748, -936}, 0, {1738, 54}, {0xCE, 0x5F, 0x43, 0xFF}}},
	{{{5842, 832, -1155}, 0, {-1246, -7570}, {0x58, 0x59, 0x12, 0xFF}}},
	{{{5669, 927, -780}, 0, {-1000, -7532}, {0x58, 0x59, 0x12, 0xFF}}},
	{{{5812, 759, -649}, 0, {-986, -7638}, {0x58, 0x59, 0x12, 0xFF}}},
	{{{5452, 857, -1485}, 0, {2344, -494}, {0xE8, 0x72, 0xCE, 0xFF}}},
	{{{5097, 825, -1387}, 0, {1990, -394}, {0xE8, 0x72, 0xCE, 0xFF}}},
	{{{5345, 966, -1188}, 0, {2236, -196}, {0xE8, 0x72, 0xCE, 0xFF}}},
	{{{5097, 825, -1387}, 0, {1990, -394}, {0xC1, 0x6D, 0xEF, 0xFF}}},
	{{{4845, 748, -936}, 0, {1738, 54}, {0xC1, 0x6D, 0xEF, 0xFF}}},
	{{{5147, 923, -957}, 0, {2038, 34}, {0xC1, 0x6D, 0xEF, 0xFF}}},
	{{{5452, 857, -1485}, 0, {2344, -494}, {0x21, 0x77, 0xE1, 0xFF}}},
	{{{5345, 966, -1188}, 0, {2236, -196}, {0x21, 0x77, 0xE1, 0xFF}}},
	{{{5842, 832, -1155}, 0, {2732, -164}, {0x21, 0x77, 0xE1, 0xFF}}},
	{{{5345, 966, -1188}, 0, {2236, -196}, {0xFA, 0x7E, 0x11, 0xFF}}},
	{{{5147, 923, -957}, 0, {2038, 34}, {0xFA, 0x7E, 0x11, 0xFF}}},
	{{{5669, 927, -780}, 0, {2560, 210}, {0xFA, 0x7E, 0x11, 0xFF}}},
	{{{-5322, 1136, -5756}, 0, {566, 718}, {0xF0, 0x5C, 0xA9, 0xFF}}},
	{{{-5235, 1071, -5842}, 0, {370, 638}, {0xF0, 0x5C, 0xA9, 0xFF}}},
	{{{-5518, 849, -6024}, 0, {172, 990}, {0xF0, 0x5C, 0xA9, 0xFF}}},
	{{{-5198, 899, -5376}, 0, {990, 308}, {0x2C, 0x64, 0x41, 0xFF}}},
	{{{-4852, 799, -5458}, 0, {582, 0}, {0x2C, 0x64, 0x41, 0xFF}}},
	{{{-5070, 1081, -5738}, 0, {446, 388}, {0x2C, 0x64, 0x41, 0xFF}}},
	{{{-5198, 899, -5376}, 0, {990, 308}, {0x13, 0x6E, 0x3D, 0xFF}}},
	{{{-5070, 1081, -5738}, 0, {446, 388}, {0x13, 0x6E, 0x3D, 0xFF}}},
	{{{-5322, 1136, -5756}, 0, {566, 718}, {0x13, 0x6E, 0x3D, 0xFF}}},
	{{{-5070, 1081, -5738}, 0, {446, 388}, {0x3C, 0x30, 0x9B, 0xFF}}},
	{{{-4855, 738, -5776}, 0, {172, 138}, {0x3C, 0x30, 0x9B, 0xFF}}},
	{{{-5235, 1071, -5842}, 0, {370, 638}, {0x3C, 0x30, 0x9B, 0xFF}}},
	{{{-5198, 899, -5376}, 0, {990, 308}, {0xF9, 0x6B, 0x44, 0xFF}}},
	{{{-5322, 1136, -5756}, 0, {566, 718}, {0xF9, 0x6B, 0x44, 0xFF}}},
	{{{-5577, 963, -5517}, 0, {990, 990}, {0xF9, 0x6B, 0x44, 0xFF}}},
	{{{-4855, 738, -5776}, 0, {172, 138}, {0x6A, 0x44, 0xF2, 0xFF}}},
	{{{-5070, 1081, -5738}, 0, {446, 388}, {0x6A, 0x44, 0xF2, 0xFF}}},
	{{{-4852, 799, -5458}, 0, {582, 0}, {0x6A, 0x44, 0xF2, 0xFF}}},
	{{{-5203, 776, -6012}, 0, {0, 650}, {0x12, 0x41, 0x94, 0xFF}}},
	{{{-5518, 849, -6024}, 0, {172, 990}, {0x12, 0x41, 0x94, 0xFF}}},
	{{{-5235, 1071, -5842}, 0, {370, 638}, {0x12, 0x41, 0x94, 0xFF}}},
	{{{-5518, 849, -6024}, 0, {172, 990}, {0xA9, 0x57, 0xE3, 0xFF}}},
	{{{-5577, 963, -5517}, 0, {990, 990}, {0xA9, 0x57, 0xE3, 0xFF}}},
	{{{-5322, 1136, -5756}, 0, {566, 718}, {0xA9, 0x57, 0xE3, 0xFF}}},
	{{{-5203, 776, -6012}, 0, {0, 650}, {0x43, 0x3B, 0xA6, 0xFF}}},
	{{{-5235, 1071, -5842}, 0, {370, 638}, {0x43, 0x3B, 0xA6, 0xFF}}},
	{{{-4855, 738, -5776}, 0, {172, 138}, {0x43, 0x3B, 0xA6, 0xFF}}},
	{{{-5235, 1071, -5842}, 0, {370, 638}, {0x1C, 0x6F, 0xC9, 0xFF}}},
	{{{-5322, 1136, -5756}, 0, {566, 718}, {0x1C, 0x6F, 0xC9, 0xFF}}},
	{{{-5070, 1081, -5738}, 0, {446, 388}, {0x1C, 0x6F, 0xC9, 0xFF}}},
	{{{-5887, 1024, -2943}, 0, {144, 758}, {0xC3, 0x6F, 0x08, 0xFF}}},
	{{{-5460, 1331, -3788}, 0, {224, 478}, {0xC3, 0x6F, 0x08, 0xFF}}},
	{{{-6015, 1024, -3839}, 0, {-52, 326}, {0xC3, 0x6F, 0x08, 0xFF}}},
	{{{-4991, 1024, -2431}, 0, {458, 1026}, {0x1F, 0x6E, 0x37, 0xFF}}},
	{{{-4095, 1024, -2943}, 0, {904, 772}, {0x1F, 0x6E, 0x37, 0xFF}}},
	{{{-5017, 1331, -3020}, 0, {444, 862}, {0x1F, 0x6E, 0x37, 0xFF}}},
	{{{-4095, 1024, -2943}, 0, {904, 772}, {0x45, 0x6B, 0x00, 0xFF}}},
	{{{-4095, 1024, -3967}, 0, {904, 262}, {0x45, 0x6B, 0x00, 0xFF}}},
	{{{-4573, 1331, -3788}, 0, {666, 478}, {0x45, 0x6B, 0x00, 0xFF}}},
	{{{-4991, 1024, -2431}, 0, {458, 1026}, {0xDF, 0x6C, 0x39, 0xFF}}},
	{{{-5017, 1331, -3020}, 0, {444, 862}, {0xDF, 0x6C, 0x39, 0xFF}}},
	{{{-5887, 1024, -2943}, 0, {144, 758}, {0xDF, 0x6C, 0x39, 0xFF}}},
	{{{-4573, 1331, -3788}, 0, {666, 478}, {0x25, 0x78, 0x15, 0xFF}}},
	{{{-5017, 1331, -3020}, 0, {444, 862}, {0x25, 0x78, 0x15, 0xFF}}},
	{{{-4095, 1024, -2943}, 0, {904, 772}, {0x25, 0x78, 0x15, 0xFF}}},
	{{{-4991, 1024, -4479}, 0, {458, 6}, {0xD3, 0x5E, 0xB7, 0xFF}}},
	{{{-6015, 1024, -3839}, 0, {-52, 326}, {0xD3, 0x5E, 0xB7, 0xFF}}},
	{{{-5460, 1331, -3788}, 0, {224, 478}, {0xD3, 0x5E, 0xB7, 0xFF}}},
	{{{-4991, 1024, -4479}, 0, {458, 6}, {0x00, 0x74, 0xCD, 0xFF}}},
	{{{-5460, 1331, -3788}, 0, {224, 478}, {0x00, 0x74, 0xCD, 0xFF}}},
	{{{-4573, 1331, -3788}, 0, {666, 478}, {0x00, 0x74, 0xCD, 0xFF}}},
	{{{-5460, 1331, -3788}, 0, {224, 478}, {0xD9, 0x77, 0x16, 0xFF}}},
	{{{-5887, 1024, -2943}, 0, {144, 758}, {0xD9, 0x77, 0x16, 0xFF}}},
	{{{-5017, 1331, -3020}, 0, {444, 862}, {0xD9, 0x77, 0x16, 0xFF}}},
	{{{-4991, 1024, -4479}, 0, {458, 6}, {0x26, 0x65, 0xBD, 0xFF}}},
	{{{-4573, 1331, -3788}, 0, {666, 478}, {0x26, 0x65, 0xBD, 0xFF}}},
	{{{-4095, 1024, -3967}, 0, {904, 262}, {0x26, 0x65, 0xBD, 0xFF}}},
	{{{-2815, 1207, -537}, 0, {698, 522}, {0xFC, 0x66, 0x4B, 0xFF}}},
	{{{-3199, 1207, -562}, 0, {346, 676}, {0xFC, 0x66, 0x4B, 0xFF}}},
	{{{-2772, 1011, -268}, 0, {862, 734}, {0xFC, 0x66, 0x4B, 0xFF}}},
	{{{-2815, 1207, -537}, 0, {698, 522}, {0x32, 0x62, 0x3F, 0xFF}}},
	{{{-2772, 1011, -268}, 0, {862, 734}, {0x32, 0x62, 0x3F, 0xFF}}},
	{{{-2540, 1001, -436}, 0, {990, 480}, {0x32, 0x62, 0x3F, 0xFF}}},
	{{{-2815, 1207, -844}, 0, {556, 250}, {0x44, 0x69, 0xE9, 0xFF}}},
	{{{-2422, 993, -663}, 0, {990, 224}, {0x44, 0x69, 0xE9, 0xFF}}},
	{{{-2477, 990, -835}, 0, {862, 96}, {0x44, 0x69, 0xE9, 0xFF}}},
	{{{-2772, 1011, -268}, 0, {862, 734}, {0x02, 0x6B, 0x44, 0xFF}}},
	{{{-3199, 1207, -562}, 0, {346, 676}, {0x02, 0x6B, 0x44, 0xFF}}},
	{{{-3058, 1019, -272}, 0, {606, 862}, {0x02, 0x6B, 0x44, 0xFF}}},
	{{{-3058, 1019, -272}, 0, {606, 862}, {0xAF, 0x3C, 0x4E, 0xFF}}},
	{{{-3199, 1207, -562}, 0, {346, 676}, {0xAF, 0x3C, 0x4E, 0xFF}}},
	{{{-3339, 1020, -563}, 0, {224, 734}, {0xAF, 0x3C, 0x4E, 0xFF}}},
	{{{-3199, 1207, -562}, 0, {346, 676}, {0xCB, 0x71, 0xE8, 0xFF}}},
	{{{-3045, 1207, -895}, 0, {328, 312}, {0xCB, 0x71, 0xE8, 0xFF}}},
	{{{-3448, 1015, -908}, 0, {0, 480}, {0xCB, 0x71, 0xE8, 0xFF}}},
	{{{-3045, 1207, -895}, 0, {328, 312}, {0xD4, 0x62, 0xBD, 0xFF}}},
	{{{-3217, 1005, -1076}, 0, {96, 224}, {0xD4, 0x62, 0xBD, 0xFF}}},
	{{{-3448, 1015, -908}, 0, {0, 480}, {0xD4, 0x62, 0xBD, 0xFF}}},
	{{{-3217, 1005, -1076}, 0, {96, 224}, {0xEA, 0x5E, 0xAD, 0xFF}}},
	{{{-3045, 1207, -895}, 0, {328, 312}, {0xEA, 0x5E, 0xAD, 0xFF}}},
	{{{-2872, 993, -1185}, 0, {352, 0}, {0xEA, 0x5E, 0xAD, 0xFF}}},
	{{{-3339, 1020, -563}, 0, {224, 734}, {0x9D, 0x4A, 0x1E, 0xFF}}},
	{{{-3199, 1207, -562}, 0, {346, 676}, {0x9D, 0x4A, 0x1E, 0xFF}}},
	{{{-3448, 1015, -908}, 0, {0, 480}, {0x9D, 0x4A, 0x1E, 0xFF}}},
	{{{-2872, 993, -1185}, 0, {352, 0}, {0x20, 0x6C, 0xC5, 0xFF}}},
	{{{-3045, 1207, -895}, 0, {328, 312}, {0x20, 0x6C, 0xC5, 0xFF}}},
	{{{-2645, 990, -1067}, 0, {606, 0}, {0x20, 0x6C, 0xC5, 0xFF}}},
	{{{-2815, 1207, -844}, 0, {556, 250}, {0x11, 0x61, 0xAF, 0xFF}}},
	{{{-2645, 990, -1067}, 0, {606, 0}, {0x11, 0x61, 0xAF, 0xFF}}},
	{{{-3045, 1207, -895}, 0, {328, 312}, {0x11, 0x61, 0xAF, 0xFF}}},
	{{{-2815, 1207, -844}, 0, {556, 250}, {0x41, 0x63, 0xD2, 0xFF}}},
	{{{-2477, 990, -835}, 0, {862, 96}, {0x41, 0x63, 0xD2, 0xFF}}},
	{{{-2645, 990, -1067}, 0, {606, 0}, {0x41, 0x63, 0xD2, 0xFF}}},
	{{{-2815, 1207, -844}, 0, {556, 250}, {0x3C, 0x70, 0x00, 0xFF}}},
	{{{-2815, 1207, -537}, 0, {698, 522}, {0x3C, 0x70, 0x00, 0xFF}}},
	{{{-2422, 993, -663}, 0, {990, 224}, {0x3C, 0x70, 0x00, 0xFF}}},
	{{{-2540, 1001, -436}, 0, {990, 480}, {0x43, 0x68, 0x1E, 0xFF}}},
	{{{-2422, 993, -663}, 0, {990, 224}, {0x43, 0x68, 0x1E, 0xFF}}},
	{{{-2815, 1207, -537}, 0, {698, 522}, {0x43, 0x68, 0x1E, 0xFF}}},
	{{{-2123, 173, 6244}, 0, {530, 1540}, {0x35, 0x52, 0x52, 0xFF}}},
	{{{-2316, 245, 6300}, 0, {-24, 1254}, {0x35, 0x52, 0x52, 0xFF}}},
	{{{-2357, 134, 6439}, 0, {-8, 1790}, {0x35, 0x52, 0x52, 0xFF}}},
	{{{-2357, 134, 6439}, 0, {-8, 1790}, {0x08, 0x61, 0x51, 0xFF}}},
	{{{-2401, 235, 6323}, 0, {-362, 1348}, {0x08, 0x61, 0x51, 0xFF}}},
	{{{-2579, 111, 6491}, 0, {-400, 1646}, {0x08, 0x61, 0x51, 0xFF}}},
	{{{-2357, 134, 6439}, 0, {-8, 1790}, {0x0A, 0x62, 0x51, 0xFF}}},
	{{{-2316, 245, 6300}, 0, {-24, 1254}, {0x0A, 0x62, 0x51, 0xFF}}},
	{{{-2401, 235, 6323}, 0, {-362, 1348}, {0x0A, 0x62, 0x51, 0xFF}}},
	{{{-2316, 245, 6300}, 0, {-24, 1254}, {0x0A, 0x7E, 0xF2, 0xFF}}},
	{{{-2242, 197, 5944}, 0, {532, 516}, {0x0A, 0x7E, 0xF2, 0xFF}}},
	{{{-2364, 239, 6216}, 0, {-216, 922}, {0x0A, 0x7E, 0xF2, 0xFF}}},
	{{{-2579, 111, 6491}, 0, {-400, 1646}, {0xD7, 0x71, 0x28, 0xFF}}},
	{{{-2401, 235, 6323}, 0, {-362, 1348}, {0xD7, 0x71, 0x28, 0xFF}}},
	{{{-2644, 115, 6413}, 0, {-684, 1410}, {0xD7, 0x71, 0x28, 0xFF}}},
	{{{-2386, 187, 5931}, 0, {-166, 338}, {0xFA, 0x7D, 0xEA, 0xFF}}},
	{{{-2364, 239, 6216}, 0, {-216, 922}, {0xFA, 0x7D, 0xEA, 0xFF}}},
	{{{-2242, 197, 5944}, 0, {532, 516}, {0xFA, 0x7D, 0xEA, 0xFF}}},
	{{{-2401, 235, 6323}, 0, {-362, 1348}, {0xCE, 0x75, 0xFB, 0xFF}}},
	{{{-2542, 161, 6061}, 0, {-612, 702}, {0xCE, 0x75, 0xFB, 0xFF}}},
	{{{-2632, 132, 6269}, 0, {-754, 1094}, {0xCE, 0x75, 0xFB, 0xFF}}},
	{{{-2401, 235, 6323}, 0, {-362, 1348}, {0xD5, 0x77, 0xF6, 0xFF}}},
	{{{-2364, 239, 6216}, 0, {-216, 922}, {0xD5, 0x77, 0xF6, 0xFF}}},
	{{{-2542, 161, 6061}, 0, {-612, 702}, {0xD5, 0x77, 0xF6, 0xFF}}},
	{{{-2542, 161, 6061}, 0, {-612, 702}, {0xDC, 0x78, 0xED, 0xFF}}},
	{{{-2364, 239, 6216}, 0, {-216, 922}, {0xDC, 0x78, 0xED, 0xFF}}},
	{{{-2386, 187, 5931}, 0, {-166, 338}, {0xDC, 0x78, 0xED, 0xFF}}},
	{{{-2644, 115, 6413}, 0, {-684, 1410}, {0xCB, 0x73, 0x09, 0xFF}}},
	{{{-2401, 235, 6323}, 0, {-362, 1348}, {0xCB, 0x73, 0x09, 0xFF}}},
	{{{-2632, 132, 6269}, 0, {-754, 1094}, {0xCB, 0x73, 0x09, 0xFF}}},
	{{{-2364, 239, 6216}, 0, {-216, 922}, {0xF2, 0x7E, 0x00, 0xFF}}},
	{{{-2401, 235, 6323}, 0, {-362, 1348}, {0xF2, 0x7E, 0x00, 0xFF}}},
	{{{-2316, 245, 6300}, 0, {-24, 1254}, {0xF2, 0x7E, 0x00, 0xFF}}},
	{{{-2242, 197, 5944}, 0, {532, 516}, {0x16, 0x7C, 0xF4, 0xFF}}},
	{{{-2316, 245, 6300}, 0, {-24, 1254}, {0x16, 0x7C, 0xF4, 0xFF}}},
	{{{-2110, 189, 6101}, 0, {692, 942}, {0x16, 0x7C, 0xF4, 0xFF}}},
	{{{-2316, 245, 6300}, 0, {-24, 1254}, {0x30, 0x74, 0x11, 0xFF}}},
	{{{-2123, 173, 6244}, 0, {530, 1540}, {0x30, 0x74, 0x11, 0xFF}}},
	{{{-2110, 189, 6101}, 0, {692, 942}, {0x30, 0x74, 0x11, 0xFF}}},
	{{{4827, 1329, 1183}, 0, {1846, 2192}, {0x23, 0x7A, 0x09, 0xFF}}},
	{{{5248, 1249, 675}, 0, {2266, 1686}, {0x23, 0x7A, 0x09, 0xFF}}},
	{{{4966, 1333, 645}, 0, {1984, 1654}, {0x23, 0x7A, 0x09, 0xFF}}},
	{{{4827, 1329, 1183}, 0, {1846, 2192}, {0xB7, 0x28, 0x60, 0xFF}}},
	{{{4582, 747, 1241}, 0, {1416, 2366}, {0xB7, 0x28, 0x60, 0xFF}}},
	{{{4810, 757, 1414}, 0, {1668, 2400}, {0xB7, 0x28, 0x60, 0xFF}}},
	{{{5360, 763, 1257}, 0, {2336, 2232}, {0x20, 0x2D, 0x72, 0xFF}}},
	{{{4827, 1329, 1183}, 0, {1846, 2192}, {0x20, 0x2D, 0x72, 0xFF}}},
	{{{4810, 757, 1414}, 0, {1668, 2400}, {0x20, 0x2D, 0x72, 0xFF}}},
	{{{4827, 1329, 1183}, 0, {1846, 2192}, {0x4A, 0x57, 0x36, 0xFF}}},
	{{{5683, 759, 927}, 0, {2496, 1996}, {0x4A, 0x57, 0x36, 0xFF}}},
	{{{5856, 754, 699}, 0, {2658, 1760}, {0x4A, 0x57, 0x36, 0xFF}}},
	{{{5070, 715, 31}, 0, {1862, 1012}, {0xF3, 0x58, 0xA5, 0xFF}}},
	{{{4966, 1333, 645}, 0, {1984, 1654}, {0xF3, 0x58, 0xA5, 0xFF}}},
	{{{5471, 721, -23}, 0, {2258, 938}, {0xF3, 0x58, 0xA5, 0xFF}}},
	{{{4966, 1333, 645}, 0, {1984, 1654}, {0xA1, 0x51, 0xE9, 0xFF}}},
	{{{4378, 732, 943}, 0, {1324, 2096}, {0xA1, 0x51, 0xE9, 0xFF}}},
	{{{4827, 1329, 1183}, 0, {1846, 2192}, {0xA1, 0x51, 0xE9, 0xFF}}},
	{{{4966, 1333, 645}, 0, {1984, 1654}, {0x25, 0x66, 0xBF, 0xFF}}},
	{{{5248, 1249, 675}, 0, {2266, 1686}, {0x25, 0x66, 0xBF, 0xFF}}},
	{{{5471, 721, -23}, 0, {2258, 938}, {0x25, 0x66, 0xBF, 0xFF}}},
	{{{4378, 732, 943}, 0, {1324, 2096}, {0x9D, 0x2F, 0x40, 0xFF}}},
	{{{4582, 747, 1241}, 0, {1416, 2366}, {0x9D, 0x2F, 0x40, 0xFF}}},
	{{{4827, 1329, 1183}, 0, {1846, 2192}, {0x9D, 0x2F, 0x40, 0xFF}}},
	{{{5248, 1249, 675}, 0, {2266, 1686}, {0x4A, 0x5D, 0x2E, 0xFF}}},
	{{{4827, 1329, 1183}, 0, {1846, 2192}, {0x4A, 0x5D, 0x2E, 0xFF}}},
	{{{5856, 754, 699}, 0, {2658, 1760}, {0x4A, 0x5D, 0x2E, 0xFF}}},
	{{{4966, 1333, 645}, 0, {1984, 1654}, {0xAF, 0x57, 0xD2, 0xFF}}},
	{{{4496, 713, 314}, 0, {1430, 1340}, {0xAF, 0x57, 0xD2, 0xFF}}},
	{{{4299, 721, 668}, 0, {1250, 1702}, {0xAF, 0x57, 0xD2, 0xFF}}},
	{{{5471, 721, -23}, 0, {2258, 938}, {0x43, 0x5F, 0xCE, 0xFF}}},
	{{{5248, 1249, 675}, 0, {2266, 1686}, {0x43, 0x5F, 0xCE, 0xFF}}},
	{{{5777, 743, 424}, 0, {2710, 1382}, {0x43, 0x5F, 0xCE, 0xFF}}},
	{{{5777, 743, 424}, 0, {2710, 1382}, {0x4F, 0x60, 0xE6, 0xFF}}},
	{{{5248, 1249, 675}, 0, {2266, 1686}, {0x4F, 0x60, 0xE6, 0xFF}}},
	{{{5856, 754, 699}, 0, {2658, 1760}, {0x4F, 0x60, 0xE6, 0xFF}}},
	{{{4496, 713, 314}, 0, {1430, 1340}, {0xD5, 0x50, 0xA8, 0xFF}}},
	{{{4966, 1333, 645}, 0, {1984, 1654}, {0xD5, 0x50, 0xA8, 0xFF}}},
	{{{5070, 715, 31}, 0, {1862, 1012}, {0xD5, 0x50, 0xA8, 0xFF}}},
	{{{4378, 732, 943}, 0, {1324, 2096}, {0xAB, 0x5D, 0x14, 0xFF}}},
	{{{4966, 1333, 645}, 0, {1984, 1654}, {0xAB, 0x5D, 0x14, 0xFF}}},
	{{{4299, 721, 668}, 0, {1250, 1702}, {0xAB, 0x5D, 0x14, 0xFF}}},
	{{{5683, 759, 927}, 0, {2496, 1996}, {0x49, 0x4E, 0x46, 0xFF}}},
	{{{4827, 1329, 1183}, 0, {1846, 2192}, {0x49, 0x4E, 0x46, 0xFF}}},
	{{{5360, 763, 1257}, 0, {2336, 2232}, {0x49, 0x4E, 0x46, 0xFF}}},
	{{{-3045, 1207, -895}, 0, {328, 312}, {0x00, 0x7F, 0x00, 0xFF}}},
	{{{-2815, 1207, -537}, 0, {698, 522}, {0x00, 0x7F, 0x00, 0xFF}}},
	{{{-2815, 1207, -844}, 0, {556, 250}, {0x00, 0x7F, 0x00, 0xFF}}},
	{{{-3199, 1207, -562}, 0, {346, 676}, {0x00, 0x7F, 0x00, 0xFF}}},
	{{{-5017, 1331, -3020}, 0, {444, 862}, {0x00, 0x7F, 0x00, 0xFF}}},
	{{{-4573, 1331, -3788}, 0, {666, 478}, {0x00, 0x7F, 0x00, 0xFF}}},
	{{{-4914, 1331, -3429}, 0, {496, 658}, {0x00, 0x7F, 0x00, 0xFF}}},
	{{{-4914, 1331, -3634}, 0, {496, 556}, {0x00, 0x7F, 0x00, 0xFF}}},
	{{{-5119, 1331, -3634}, 0, {394, 556}, {0x00, 0x7F, 0x00, 0xFF}}},
	{{{-5460, 1331, -3788}, 0, {224, 478}, {0x00, 0x7F, 0x00, 0xFF}}},
	{{{-5119, 1331, -3429}, 0, {394, 658}, {0x00, 0x7F, 0x00, 0xFF}}},
};

Gfx bob_dl_bob_seg7_dl_07004390_mesh_mesh_layer_1_tri_13[] = {
	gsSPVertex(bob_dl_bob_seg7_dl_07004390_mesh_mesh_layer_1_vtx_13 + 0, 63, 0),
	gsSP2Triangles(0, 1, 2, 0, 3, 4, 5, 0),
	gsSP2Triangles(6, 7, 8, 0, 9, 10, 11, 0),
	gsSP2Triangles(12, 13, 14, 0, 15, 16, 17, 0),
	gsSP2Triangles(18, 19, 20, 0, 21, 22, 23, 0),
	gsSP2Triangles(24, 25, 26, 0, 27, 28, 29, 0),
	gsSP2Triangles(30, 31, 32, 0, 33, 34, 35, 0),
	gsSP2Triangles(36, 37, 38, 0, 39, 40, 41, 0),
	gsSP2Triangles(42, 43, 44, 0, 45, 46, 47, 0),
	gsSP2Triangles(48, 49, 50, 0, 51, 52, 53, 0),
	gsSP2Triangles(54, 55, 56, 0, 57, 58, 59, 0),
	gsSP1Triangle(60, 61, 62, 0),
	gsSPVertex(bob_dl_bob_seg7_dl_07004390_mesh_mesh_layer_1_vtx_13 + 63, 63, 0),
	gsSP2Triangles(0, 1, 2, 0, 3, 4, 5, 0),
	gsSP2Triangles(6, 7, 8, 0, 9, 10, 11, 0),
	gsSP2Triangles(12, 13, 14, 0, 15, 16, 17, 0),
	gsSP2Triangles(18, 19, 20, 0, 21, 22, 23, 0),
	gsSP2Triangles(24, 25, 26, 0, 27, 28, 29, 0),
	gsSP2Triangles(30, 31, 32, 0, 33, 34, 35, 0),
	gsSP2Triangles(36, 37, 38, 0, 39, 40, 41, 0),
	gsSP2Triangles(42, 43, 44, 0, 45, 46, 47, 0),
	gsSP2Triangles(48, 49, 50, 0, 51, 52, 53, 0),
	gsSP2Triangles(54, 55, 56, 0, 57, 58, 59, 0),
	gsSP1Triangle(60, 61, 62, 0),
	gsSPVertex(bob_dl_bob_seg7_dl_07004390_mesh_mesh_layer_1_vtx_13 + 126, 63, 0),
	gsSP2Triangles(0, 1, 2, 0, 3, 4, 5, 0),
	gsSP2Triangles(6, 7, 8, 0, 9, 10, 11, 0),
	gsSP2Triangles(12, 13, 14, 0, 15, 16, 17, 0),
	gsSP2Triangles(18, 19, 20, 0, 21, 22, 23, 0),
	gsSP2Triangles(24, 25, 26, 0, 27, 28, 29, 0),
	gsSP2Triangles(30, 31, 32, 0, 33, 34, 35, 0),
	gsSP2Triangles(36, 37, 38, 0, 39, 40, 41, 0),
	gsSP2Triangles(42, 43, 44, 0, 45, 46, 47, 0),
	gsSP2Triangles(48, 49, 50, 0, 51, 52, 53, 0),
	gsSP2Triangles(54, 55, 56, 0, 57, 58, 59, 0),
	gsSP1Triangle(60, 61, 62, 0),
	gsSPVertex(bob_dl_bob_seg7_dl_07004390_mesh_mesh_layer_1_vtx_13 + 189, 35, 0),
	gsSP2Triangles(0, 1, 2, 0, 3, 4, 5, 0),
	gsSP2Triangles(6, 7, 8, 0, 9, 10, 11, 0),
	gsSP2Triangles(12, 13, 14, 0, 15, 16, 17, 0),
	gsSP2Triangles(18, 19, 20, 0, 21, 22, 23, 0),
	gsSP2Triangles(24, 25, 26, 0, 24, 27, 25, 0),
	gsSP2Triangles(28, 29, 30, 0, 29, 31, 30, 0),
	gsSP2Triangles(29, 32, 31, 0, 29, 33, 32, 0),
	gsSP2Triangles(33, 34, 32, 0, 33, 28, 34, 0),
	gsSP1Triangle(28, 30, 34, 0),
	gsSPEndDisplayList(),
};

Vtx bob_dl_bob_seg7_dl_07004390_mesh_mesh_layer_1_vtx_14[75] = {
	{{{-2458, 1024, -5155}, 0, {0, -3098}, {0xC8, 0x00, 0x8E, 0xFF}}},
	{{{-2793, 640, -4988}, 0, {1462, -1566}, {0xC8, 0x00, 0x8E, 0xFF}}},
	{{{-3137, 640, -4816}, 0, {2996, -1566}, {0xC8, 0x00, 0x8E, 0xFF}}},
	{{{-2458, 1024, -5155}, 0, {0, -3098}, {0xC8, 0x00, 0x8E, 0xFF}}},
	{{{-2458, 0, -5155}, 0, {0, 990}, {0xC8, 0x00, 0x8E, 0xFF}}},
	{{{-2679, 0, -5045}, 0, {952, 990}, {0xC8, 0x00, 0x8E, 0xFF}}},
	{{{-2458, 1024, -5155}, 0, {0, -3098}, {0xC8, 0x00, 0x8E, 0xFF}}},
	{{{-2679, 0, -5045}, 0, {952, 990}, {0xC8, 0x00, 0x8E, 0xFF}}},
	{{{-2679, 384, -5045}, 0, {952, -544}, {0xC8, 0x00, 0x8E, 0xFF}}},
	{{{-3445, 777, -4662}, 0, {4370, -2110}, {0xC8, 0x00, 0x8E, 0xFF}}},
	{{{-3251, 384, -4759}, 0, {3506, -544}, {0xC8, 0x00, 0x8E, 0xFF}}},
	{{{-3251, 0, -4759}, 0, {3506, 990}, {0xC8, 0x00, 0x8E, 0xFF}}},
	{{{-3445, 777, -4662}, 0, {4370, -2110}, {0xC8, 0x00, 0x8E, 0xFF}}},
	{{{-3251, 0, -4759}, 0, {3506, 990}, {0xC8, 0x00, 0x8E, 0xFF}}},
	{{{-3445, 1, -4662}, 0, {4370, 956}, {0xC8, 0x00, 0x8E, 0xFF}}},
	{{{-3137, 640, -4816}, 0, {2996, -1566}, {0xC8, 0x00, 0x8E, 0xFF}}},
	{{{-3445, 777, -4662}, 0, {4370, -2110}, {0xC8, 0x00, 0x8E, 0xFF}}},
	{{{-2679, 384, -5045}, 0, {952, -544}, {0xC8, 0x00, 0x8E, 0xFF}}},
	{{{-2793, 640, -4988}, 0, {1462, -1566}, {0xC8, 0x00, 0x8E, 0xFF}}},
	{{{-3137, 640, -4816}, 0, {2996, -1566}, {0xC8, 0x00, 0x8E, 0xFF}}},
	{{{-3251, 384, -4759}, 0, {3506, -544}, {0xC8, 0x00, 0x8E, 0xFF}}},
	{{{-3445, 777, -4662}, 0, {-8206, 4564}, {0xE8, 0x7C, 0x0C, 0xFF}}},
	{{{-2559, 768, -2815}, 0, {990, 4698}, {0xE8, 0x7C, 0x0C, 0xFF}}},
	{{{-2458, 1024, -5155}, 0, {-8150, 0}, {0xE8, 0x7C, 0x0C, 0xFF}}},
	{{{-2559, 768, -2815}, 0, {990, 4698}, {0xE8, 0x7C, 0x0C, 0xFF}}},
	{{{-1535, 1024, -3327}, 0, {990, 0}, {0xE8, 0x7C, 0x0C, 0xFF}}},
	{{{-2458, 1024, -5155}, 0, {-8150, 0}, {0xE8, 0x7C, 0x0C, 0xFF}}},
	{{{-1878, 640, -3155}, 0, {-542, -1564}, {0x39, 0x00, 0x71, 0xFF}}},
	{{{-1764, 384, -3213}, 0, {0, -542}, {0x39, 0x00, 0x71, 0xFF}}},
	{{{-1535, 1024, -3327}, 0, {990, -3098}, {0x39, 0x00, 0x71, 0xFF}}},
	{{{-1764, 384, -3213}, 0, {0, -542}, {0x38, 0x00, 0x72, 0xFF}}},
	{{{-1764, 0, -3213}, 0, {0, 990}, {0x38, 0x00, 0x72, 0xFF}}},
	{{{-1535, 1024, -3327}, 0, {990, -3098}, {0x38, 0x00, 0x72, 0xFF}}},
	{{{-1764, 0, -3213}, 0, {0, 990}, {0x38, 0x00, 0x72, 0xFF}}},
	{{{-1535, 0, -3327}, 0, {990, 990}, {0x38, 0x00, 0x72, 0xFF}}},
	{{{-1535, 1024, -3327}, 0, {990, -3098}, {0x38, 0x00, 0x72, 0xFF}}},
	{{{-2222, 640, -2984}, 0, {-2074, -1564}, {0x38, 0x00, 0x72, 0xFF}}},
	{{{-1535, 1024, -3327}, 0, {990, -3098}, {0x38, 0x00, 0x72, 0xFF}}},
	{{{-2559, 768, -2815}, 0, {-3578, -1872}, {0x38, 0x00, 0x72, 0xFF}}},
	{{{-2222, 640, -2984}, 0, {-2074, -1564}, {0x38, 0x00, 0x72, 0xFF}}},
	{{{-1878, 640, -3155}, 0, {-542, -1564}, {0x38, 0x00, 0x72, 0xFF}}},
	{{{-1535, 1024, -3327}, 0, {990, -3098}, {0x38, 0x00, 0x72, 0xFF}}},
	{{{-2336, 384, -2926}, 0, {-2584, -542}, {0x39, 0x00, 0x71, 0xFF}}},
	{{{-2222, 640, -2984}, 0, {-2074, -1564}, {0x39, 0x00, 0x71, 0xFF}}},
	{{{-2559, 768, -2815}, 0, {-3578, -1872}, {0x39, 0x00, 0x71, 0xFF}}},
	{{{-2336, 384, -2926}, 0, {-1052, 990}, {0x66, 0xC7, 0xCE, 0xFF}}},
	{{{-3251, 384, -4759}, 0, {3544, 990}, {0x66, 0xC7, 0xCE, 0xFF}}},
	{{{-3137, 640, -4816}, 0, {3546, -152}, {0x66, 0xC7, 0xCE, 0xFF}}},
	{{{-2336, 384, -2926}, 0, {-1052, 990}, {0x66, 0xC7, 0xCE, 0xFF}}},
	{{{-3137, 640, -4816}, 0, {3546, -152}, {0x66, 0xC7, 0xCE, 0xFF}}},
	{{{-2222, 640, -2984}, 0, {-1052, -152}, {0x66, 0xC7, 0xCE, 0xFF}}},
	{{{-1878, 640, -3155}, 0, {4566, -152}, {0x9A, 0xC7, 0x32, 0xFF}}},
	{{{-2679, 384, -5045}, 0, {0, 990}, {0x9A, 0xC7, 0x32, 0xFF}}},
	{{{-1764, 384, -3213}, 0, {4566, 990}, {0x9A, 0xC7, 0x32, 0xFF}}},
	{{{-1878, 640, -3155}, 0, {4566, -152}, {0x9A, 0xC7, 0x32, 0xFF}}},
	{{{-2793, 640, -4988}, 0, {0, -152}, {0x9A, 0xC7, 0x32, 0xFF}}},
	{{{-2679, 384, -5045}, 0, {0, 990}, {0x9A, 0xC7, 0x32, 0xFF}}},
	{{{-1764, 384, -3213}, 0, {4566, 0}, {0x8E, 0x00, 0x38, 0xFF}}},
	{{{-2679, 384, -5045}, 0, {0, 0}, {0x8E, 0x00, 0x38, 0xFF}}},
	{{{-2679, 0, -5045}, 0, {0, 1498}, {0x8E, 0x00, 0x38, 0xFF}}},
	{{{-1764, 0, -3213}, 0, {4566, 1500}, {0x8E, 0x00, 0x38, 0xFF}}},
	{{{-2559, 0, -2815}, 0, {-3578, 990}, {0x38, 0x00, 0x72, 0xFF}}},
	{{{-2336, 384, -2926}, 0, {-2584, -542}, {0x38, 0x00, 0x72, 0xFF}}},
	{{{-2559, 768, -2815}, 0, {-3578, -1872}, {0x38, 0x00, 0x72, 0xFF}}},
	{{{-2559, 0, -2815}, 0, {-3578, 990}, {0x38, 0x00, 0x72, 0xFF}}},
	{{{-2336, 0, -2926}, 0, {-2584, 990}, {0x38, 0x00, 0x72, 0xFF}}},
	{{{-2336, 384, -2926}, 0, {-2584, -542}, {0x38, 0x00, 0x72, 0xFF}}},
	{{{-2336, 0, -2926}, 0, {0, 1498}, {0x72, 0x00, 0xC8, 0xFF}}},
	{{{-3251, 384, -4759}, 0, {4568, 0}, {0x72, 0x00, 0xC8, 0xFF}}},
	{{{-2336, 384, -2926}, 0, {0, 0}, {0x72, 0x00, 0xC8, 0xFF}}},
	{{{-3251, 0, -4759}, 0, {4566, 1498}, {0x72, 0x00, 0xC8, 0xFF}}},
	{{{-2222, 640, -2984}, 0, {990, 9164}, {0x00, 0x81, 0x00, 0xFF}}},
	{{{-3137, 640, -4816}, 0, {990, 0}, {0x00, 0x81, 0x00, 0xFF}}},
	{{{-2793, 640, -4988}, 0, {-540, 0}, {0x00, 0x81, 0x00, 0xFF}}},
	{{{-1878, 640, -3155}, 0, {-542, 9164}, {0x00, 0x81, 0x00, 0xFF}}},
};

Gfx bob_dl_bob_seg7_dl_07004390_mesh_mesh_layer_1_tri_14[] = {
	gsSPVertex(bob_dl_bob_seg7_dl_07004390_mesh_mesh_layer_1_vtx_14 + 0, 64, 0),
	gsSP2Triangles(0, 1, 2, 0, 3, 4, 5, 0),
	gsSP2Triangles(6, 7, 8, 0, 9, 10, 11, 0),
	gsSP2Triangles(12, 13, 14, 0, 0, 15, 16, 0),
	gsSP2Triangles(3, 17, 18, 0, 19, 20, 12, 0),
	gsSP2Triangles(21, 22, 23, 0, 24, 25, 26, 0),
	gsSP2Triangles(27, 28, 29, 0, 30, 31, 32, 0),
	gsSP2Triangles(33, 34, 35, 0, 36, 37, 38, 0),
	gsSP2Triangles(39, 40, 41, 0, 42, 43, 44, 0),
	gsSP2Triangles(45, 46, 47, 0, 48, 49, 50, 0),
	gsSP2Triangles(51, 52, 53, 0, 54, 55, 56, 0),
	gsSP2Triangles(57, 58, 59, 0, 57, 59, 60, 0),
	gsSP1Triangle(61, 62, 63, 0),
	gsSPVertex(bob_dl_bob_seg7_dl_07004390_mesh_mesh_layer_1_vtx_14 + 64, 11, 0),
	gsSP2Triangles(0, 1, 2, 0, 3, 4, 5, 0),
	gsSP2Triangles(3, 6, 4, 0, 7, 8, 9, 0),
	gsSP1Triangle(7, 9, 10, 0),
	gsSPEndDisplayList(),
};

Vtx bob_dl_bob_seg7_dl_07004390_mesh_mesh_layer_1_vtx_15[75] = {
	{{{1024, 1536, 171}, 0, {-422, -512}, {0xDC, 0x6A, 0xC4, 0xFF}}},
	{{{3097, 1741, -733}, 0, {-4676, 912}, {0xDC, 0x6A, 0xC4, 0xFF}}},
	{{{1186, 1408, -149}, 0, {-880, 0}, {0xDC, 0x6A, 0xC4, 0xFF}}},
	{{{1024, 768, 171}, 0, {642, 990}, {0x6B, 0x00, 0x45, 0xFF}}},
	{{{1212, 1408, -123}, 0, {990, 224}, {0x6B, 0x00, 0x45, 0xFF}}},
	{{{1024, 1408, 171}, 0, {642, 224}, {0x6B, 0x00, 0x45, 0xFF}}},
	{{{1024, 768, 171}, 0, {642, 990}, {0x6B, 0x00, 0x45, 0xFF}}},
	{{{1212, 768, -123}, 0, {990, 990}, {0x6B, 0x00, 0x45, 0xFF}}},
	{{{-1535, 0, 1536}, 0, {6100, 0}, {0xBD, 0x00, 0x94, 0xFF}}},
	{{{-1535, 768, 1536}, 0, {5482, -1436}, {0xBD, 0x00, 0x94, 0xFF}}},
	{{{1186, 1408, -149}, 0, {-880, 0}, {0xBD, 0x00, 0x94, 0xFF}}},
	{{{-1535, 768, 1536}, 0, {5482, -1436}, {0xC2, 0x59, 0xBE, 0xFF}}},
	{{{1024, 1536, 171}, 0, {-422, -512}, {0xC2, 0x59, 0xBE, 0xFF}}},
	{{{1186, 1408, -149}, 0, {-880, 0}, {0xC2, 0x59, 0xBE, 0xFF}}},
	{{{3097, 1741, -733}, 0, {2528, 232}, {0xCD, 0x27, 0x93, 0xFF}}},
	{{{1024, 1536, 171}, 0, {1502, 1074}, {0xCD, 0x27, 0x93, 0xFF}}},
	{{{1950, 2049, -82}, 0, {1974, 934}, {0xCD, 0x27, 0x93, 0xFF}}},
	{{{1888, 1536, 720}, 0, {1932, 1348}, {0x3D, 0x5C, 0x40, 0xFF}}},
	{{{3097, 1741, -733}, 0, {2528, 232}, {0x3D, 0x5C, 0x40, 0xFF}}},
	{{{1950, 2049, -82}, 0, {1974, 934}, {0x3D, 0x5C, 0x40, 0xFF}}},
	{{{1024, 1536, 171}, 0, {1502, 1074}, {0xD9, 0x67, 0x3F, 0xFF}}},
	{{{1888, 1536, 720}, 0, {1932, 1348}, {0xD9, 0x67, 0x3F, 0xFF}}},
	{{{1950, 2049, -82}, 0, {1974, 934}, {0xD9, 0x67, 0x3F, 0xFF}}},
	{{{-1535, 0, 1536}, 0, {6100, 0}, {0xBD, 0x00, 0x94, 0xFF}}},
	{{{1186, 1408, -149}, 0, {-880, 0}, {0xBD, 0x00, 0x94, 0xFF}}},
	{{{1186, 768, -149}, 0, {-366, 1136}, {0xBD, 0x00, 0x94, 0xFF}}},
	{{{1186, 768, -149}, 0, {-366, 1136}, {0xDB, 0x00, 0x87, 0xFF}}},
	{{{1186, 1408, -149}, 0, {-880, 0}, {0xDB, 0x00, 0x87, 0xFF}}},
	{{{3097, 1741, -733}, 0, {-4676, 912}, {0xDB, 0x00, 0x87, 0xFF}}},
	{{{3584, 656, -767}, 0, {2778, 606}, {0x5B, 0x26, 0x50, 0xFF}}},
	{{{3097, 1741, -733}, 0, {2528, 232}, {0x5B, 0x26, 0x50, 0xFF}}},
	{{{1888, 1536, 720}, 0, {1932, 1348}, {0x5B, 0x26, 0x50, 0xFF}}},
	{{{3584, 656, -767}, 0, {2778, 606}, {0x4F, 0x5D, 0x23, 0xFF}}},
	{{{1888, 1536, 720}, 0, {1932, 1348}, {0x4F, 0x5D, 0x23, 0xFF}}},
	{{{1692, 768, 3192}, 0, {1628, 2648}, {0x4F, 0x5D, 0x23, 0xFF}}},
	{{{-1535, 768, 1536}, 0, {-4800, 990}, {0x3B, 0x00, 0x70, 0xFF}}},
	{{{1024, 768, 171}, 0, {990, 990}, {0x3B, 0x00, 0x70, 0xFF}}},
	{{{1024, 1536, 171}, 0, {990, -542}, {0x3B, 0x00, 0x70, 0xFF}}},
	{{{-767, 0, -767}, 0, {0, 1128}, {0xCD, 0x72, 0x15, 0xFF}}},
	{{{1186, 768, -149}, 0, {0, -1054}, {0xCD, 0x72, 0x15, 0xFF}}},
	{{{3097, 1741, -733}, 0, {-1158, -2932}, {0xCD, 0x72, 0x15, 0xFF}}},
	{{{-767, 0, -767}, 0, {0, 1128}, {0xD6, 0x77, 0xF2, 0xFF}}},
	{{{-1535, 0, 1536}, 0, {2392, 1164}, {0xD6, 0x77, 0xF2, 0xFF}}},
	{{{1186, 768, -149}, 0, {0, -1054}, {0xD6, 0x77, 0xF2, 0xFF}}},
	{{{2079, 1368, -1535}, 0, {-1616, -1668}, {0xCC, 0x73, 0x0C, 0xFF}}},
	{{{-767, 0, -767}, 0, {0, 1128}, {0xCC, 0x73, 0x0C, 0xFF}}},
	{{{3097, 1741, -733}, 0, {-1158, -2932}, {0xCC, 0x73, 0x0C, 0xFF}}},
	{{{-767, 0, -767}, 0, {0, 1128}, {0xCC, 0x73, 0x08, 0xFF}}},
	{{{2079, 1368, -1535}, 0, {-1616, -1668}, {0xCC, 0x73, 0x08, 0xFF}}},
	{{{-1016, 0, -2299}, 0, {-1412, 1782}, {0xCC, 0x73, 0x08, 0xFF}}},
	{{{1692, 768, 3192}, 0, {5078, 0}, {0x81, 0x00, 0xF6, 0xFF}}},
	{{{1888, 1536, 720}, 0, {-102, 0}, {0x81, 0x00, 0xF6, 0xFF}}},
	{{{1888, 768, 720}, 0, {350, 1430}, {0x81, 0x00, 0xF6, 0xFF}}},
	{{{1024, 1408, 171}, 0, {0, 0}, {0x00, 0x81, 0x00, 0xFF}}},
	{{{1212, 1408, -123}, 0, {0, 316}, {0x00, 0x81, 0x00, 0xFF}}},
	{{{2076, 1408, 425}, 0, {990, 316}, {0x00, 0x81, 0x00, 0xFF}}},
	{{{1888, 1408, 720}, 0, {990, 0}, {0x00, 0x81, 0x00, 0xFF}}},
	{{{1888, 1536, 720}, 0, {990, -160}, {0xBC, 0x00, 0x6B, 0xFF}}},
	{{{1024, 1408, 171}, 0, {0, 0}, {0xBC, 0x00, 0x6B, 0xFF}}},
	{{{1888, 1408, 720}, 0, {990, 0}, {0xBC, 0x00, 0x6B, 0xFF}}},
	{{{1024, 1536, 171}, 0, {0, -160}, {0xBC, 0x00, 0x6B, 0xFF}}},
	{{{1212, 1408, -123}, 0, {0, 0}, {0xBC, 0x00, 0x6B, 0xFF}}},
	{{{2076, 768, 425}, 0, {990, 734}, {0xBC, 0x00, 0x6B, 0xFF}}},
	{{{2076, 1408, 425}, 0, {990, 0}, {0xBC, 0x00, 0x6B, 0xFF}}},
	{{{1212, 1408, -123}, 0, {0, 0}, {0xBC, 0x00, 0x6B, 0xFF}}},
	{{{1212, 768, -123}, 0, {0, 734}, {0xBC, 0x00, 0x6B, 0xFF}}},
	{{{2076, 768, 425}, 0, {990, 734}, {0xBC, 0x00, 0x6B, 0xFF}}},
	{{{1888, 1408, 720}, 0, {990, 0}, {0x95, 0x00, 0xBC, 0xFF}}},
	{{{2076, 768, 425}, 0, {642, 734}, {0x95, 0x00, 0xBC, 0xFF}}},
	{{{1888, 768, 720}, 0, {990, 734}, {0x95, 0x00, 0xBC, 0xFF}}},
	{{{2076, 1408, 425}, 0, {642, 0}, {0x95, 0x00, 0xBC, 0xFF}}},
	{{{1260, 2918, -2327}, 0, {0, 990}, {0x00, 0x7F, 0x00, 0xFF}}},
	{{{1521, 2918, -2452}, 0, {988, 0}, {0x00, 0x7F, 0x00, 0xFF}}},
	{{{1328, 2918, -2520}, 0, {0, 0}, {0x00, 0x7F, 0x00, 0xFF}}},
	{{{1452, 2918, -2259}, 0, {988, 990}, {0x00, 0x7F, 0x00, 0xFF}}},
};

Gfx bob_dl_bob_seg7_dl_07004390_mesh_mesh_layer_1_tri_15[] = {
	gsSPVertex(bob_dl_bob_seg7_dl_07004390_mesh_mesh_layer_1_vtx_15 + 0, 64, 0),
	gsSP2Triangles(0, 1, 2, 0, 3, 4, 5, 0),
	gsSP2Triangles(6, 7, 4, 0, 8, 9, 10, 0),
	gsSP2Triangles(11, 12, 13, 0, 14, 15, 16, 0),
	gsSP2Triangles(17, 18, 19, 0, 20, 21, 22, 0),
	gsSP2Triangles(23, 24, 25, 0, 26, 27, 28, 0),
	gsSP2Triangles(29, 30, 31, 0, 32, 33, 34, 0),
	gsSP2Triangles(35, 36, 37, 0, 38, 39, 40, 0),
	gsSP2Triangles(41, 42, 43, 0, 44, 45, 46, 0),
	gsSP2Triangles(47, 48, 49, 0, 50, 51, 52, 0),
	gsSP2Triangles(53, 54, 55, 0, 53, 55, 56, 0),
	gsSP2Triangles(57, 58, 59, 0, 57, 60, 58, 0),
	gsSP1Triangle(61, 62, 63, 0),
	gsSPVertex(bob_dl_bob_seg7_dl_07004390_mesh_mesh_layer_1_vtx_15 + 64, 11, 0),
	gsSP2Triangles(0, 1, 2, 0, 3, 4, 5, 0),
	gsSP2Triangles(3, 6, 4, 0, 7, 8, 9, 0),
	gsSP1Triangle(7, 10, 8, 0),
	gsSPEndDisplayList(),
};

Vtx bob_dl_bob_seg7_dl_07004390_mesh_mesh_layer_1_vtx_16[86] = {
	{{{5888, 1024, 5120}, 0, {1502, 1108}, {0x00, 0x38, 0x72, 0xFF}}},
	{{{5632, 1536, 4864}, 0, {990, 0}, {0x00, 0x38, 0x72, 0xFF}}},
	{{{5120, 1536, 4864}, 0, {0, 0}, {0x00, 0x38, 0x72, 0xFF}}},
	{{{5888, 1024, 4096}, 0, {1506, 1108}, {0x72, 0x38, 0x00, 0xFF}}},
	{{{5632, 1536, 4864}, 0, {-26, 0}, {0x72, 0x38, 0x00, 0xFF}}},
	{{{5888, 1024, 5120}, 0, {-536, 1108}, {0x72, 0x38, 0x00, 0xFF}}},
	{{{5888, 1024, 4096}, 0, {1506, 1108}, {0x72, 0x38, 0x00, 0xFF}}},
	{{{5632, 1536, 4352}, 0, {996, 0}, {0x72, 0x38, 0x00, 0xFF}}},
	{{{5632, 1536, 4864}, 0, {-26, 0}, {0x72, 0x38, 0x00, 0xFF}}},
	{{{5888, 1024, 5120}, 0, {1502, 1108}, {0x00, 0x38, 0x72, 0xFF}}},
	{{{5120, 1536, 4864}, 0, {0, 0}, {0x00, 0x38, 0x72, 0xFF}}},
	{{{4864, 1024, 5120}, 0, {-542, 1108}, {0x00, 0x38, 0x72, 0xFF}}},
	{{{4864, 1024, 4096}, 0, {1502, 1108}, {0x00, 0x38, 0x8E, 0xFF}}},
	{{{5632, 1536, 4352}, 0, {0, 0}, {0x00, 0x38, 0x8E, 0xFF}}},
	{{{5888, 1024, 4096}, 0, {-542, 1108}, {0x00, 0x38, 0x8E, 0xFF}}},
	{{{4864, 1024, 4096}, 0, {1502, 1108}, {0x00, 0x38, 0x8E, 0xFF}}},
	{{{5120, 1536, 4352}, 0, {990, 0}, {0x00, 0x38, 0x8E, 0xFF}}},
	{{{5632, 1536, 4352}, 0, {0, 0}, {0x00, 0x38, 0x8E, 0xFF}}},
	{{{-3186, 896, -114}, 0, {990, 316}, {0x5A, 0x02, 0x5A, 0xFF}}},
	{{{-3187, 960, -115}, 0, {990, 90}, {0x5A, 0x02, 0x5A, 0xFF}}},
	{{{-3458, 960, 156}, 0, {-924, 90}, {0x5A, 0x02, 0x5A, 0xFF}}},
	{{{-3186, 896, -114}, 0, {990, 316}, {0x59, 0x00, 0x5A, 0xFF}}},
	{{{-3458, 960, 156}, 0, {-924, 90}, {0x59, 0x00, 0x5A, 0xFF}}},
	{{{-3458, 896, 156}, 0, {-924, 316}, {0x59, 0x00, 0x5A, 0xFF}}},
	{{{-3097, 768, -24}, 0, {990, 1214}, {0x5A, 0x00, 0x5A, 0xFF}}},
	{{{-3097, 832, -24}, 0, {990, 990}, {0x5A, 0x00, 0x5A, 0xFF}}},
	{{{-3368, 832, 246}, 0, {-924, 990}, {0x5A, 0x00, 0x5A, 0xFF}}},
	{{{-3097, 768, -24}, 0, {990, 1214}, {0x5A, 0x00, 0x5A, 0xFF}}},
	{{{-3368, 832, 246}, 0, {-924, 990}, {0x5A, 0x00, 0x5A, 0xFF}}},
	{{{-3368, 768, 246}, 0, {-924, 1214}, {0x5A, 0x00, 0x5A, 0xFF}}},
	{{{5478, 1536, 4506}, 0, {3546, 990}, {0x81, 0x00, 0x00, 0xFF}}},
	{{{5478, 1024, 4506}, 0, {3546, 0}, {0x81, 0x00, 0x00, 0xFF}}},
	{{{5478, 1024, 4710}, 0, {4568, 0}, {0x81, 0x00, 0x00, 0xFF}}},
	{{{5478, 1536, 4710}, 0, {4568, 990}, {0x81, 0x00, 0x00, 0xFF}}},
	{{{5274, 1536, 4506}, 0, {2524, 990}, {0x00, 0x00, 0x7F, 0xFF}}},
	{{{5478, 1024, 4506}, 0, {3546, 0}, {0x00, 0x00, 0x7F, 0xFF}}},
	{{{5478, 1536, 4506}, 0, {3546, 990}, {0x00, 0x00, 0x7F, 0xFF}}},
	{{{5274, 1024, 4506}, 0, {2522, 0}, {0x00, 0x00, 0x7F, 0xFF}}},
	{{{5478, 1536, 4710}, 0, {478, 990}, {0x00, 0x00, 0x81, 0xFF}}},
	{{{5478, 1024, 4710}, 0, {480, 0}, {0x00, 0x00, 0x81, 0xFF}}},
	{{{5274, 1024, 4710}, 0, {1502, 0}, {0x00, 0x00, 0x81, 0xFF}}},
	{{{5274, 1536, 4710}, 0, {1502, 990}, {0x00, 0x00, 0x81, 0xFF}}},
	{{{5274, 1536, 4710}, 0, {1502, 990}, {0x7F, 0x00, 0x00, 0xFF}}},
	{{{5274, 1024, 4710}, 0, {1502, 0}, {0x7F, 0x00, 0x00, 0xFF}}},
	{{{5274, 1024, 4506}, 0, {2522, 0}, {0x7F, 0x00, 0x00, 0xFF}}},
	{{{5274, 1536, 4506}, 0, {2524, 990}, {0x7F, 0x00, 0x00, 0xFF}}},
	{{{5478, 1024, 4506}, 0, {0, 0}, {0x00, 0x7F, 0x00, 0xFF}}},
	{{{5274, 1024, 4710}, 0, {786, 786}, {0x00, 0x7F, 0x00, 0xFF}}},
	{{{5478, 1024, 4710}, 0, {786, 0}, {0x00, 0x7F, 0x00, 0xFF}}},
	{{{5274, 1024, 4506}, 0, {0, 786}, {0x00, 0x7F, 0x00, 0xFF}}},
	{{{-3503, 960, 111}, 0, {-924, -132}, {0x00, 0x7F, 0x00, 0xFF}}},
	{{{-3187, 960, -115}, 0, {990, 90}, {0x00, 0x7F, 0x00, 0xFF}}},
	{{{-3231, 960, -159}, 0, {990, -134}, {0x00, 0x7F, 0x00, 0xFF}}},
	{{{-3458, 960, 156}, 0, {-924, 90}, {0x00, 0x7F, 0x00, 0xFF}}},
	{{{4864, 1024, 5120}, 0, {1500, 1108}, {0x8E, 0x38, 0x00, 0xFF}}},
	{{{5120, 1536, 4352}, 0, {0, 0}, {0x8E, 0x38, 0x00, 0xFF}}},
	{{{4864, 1024, 4096}, 0, {-540, 1108}, {0x8E, 0x38, 0x00, 0xFF}}},
	{{{5120, 1536, 4864}, 0, {990, 0}, {0x8E, 0x38, 0x00, 0xFF}}},
	{{{-3142, 832, -69}, 0, {990, 766}, {0x5A, 0x00, 0x5A, 0xFF}}},
	{{{-3413, 896, 201}, 0, {-924, 540}, {0x5A, 0x00, 0x5A, 0xFF}}},
	{{{-3413, 832, 201}, 0, {-924, 766}, {0x5A, 0x00, 0x5A, 0xFF}}},
	{{{-3142, 896, -69}, 0, {990, 540}, {0x5A, 0x00, 0x5A, 0xFF}}},
	{{{-3458, 896, 156}, 0, {-924, 316}, {0x00, 0x7F, 0x00, 0xFF}}},
	{{{-3413, 896, 201}, 0, {-924, 540}, {0x00, 0x7F, 0x00, 0xFF}}},
	{{{-3142, 896, -69}, 0, {990, 540}, {0x00, 0x7F, 0x00, 0xFF}}},
	{{{-3186, 896, -114}, 0, {990, 316}, {0x00, 0x7F, 0x00, 0xFF}}},
	{{{-3413, 832, 201}, 0, {-924, 766}, {0x00, 0x7F, 0x00, 0xFF}}},
	{{{-3368, 832, 246}, 0, {-924, 990}, {0x00, 0x7F, 0x00, 0xFF}}},
	{{{-3097, 832, -24}, 0, {990, 990}, {0x00, 0x7F, 0x00, 0xFF}}},
	{{{-3142, 832, -69}, 0, {990, 766}, {0x00, 0x7F, 0x00, 0xFF}}},
	{{{-3413, 832, 201}, 0, {672, 636}, {0xA6, 0x00, 0x5A, 0xFF}}},
	{{{-3413, 896, 201}, 0, {672, 280}, {0xA6, 0x00, 0x5A, 0xFF}}},
	{{{-3458, 896, 156}, 0, {318, 280}, {0xA6, 0x00, 0x5A, 0xFF}}},
	{{{-3503, 768, 111}, 0, {0, 990}, {0xA6, 0x00, 0x5A, 0xFF}}},
	{{{-3503, 960, 111}, 0, {0, -74}, {0xA6, 0x00, 0x5A, 0xFF}}},
	{{{-3458, 960, 156}, 0, {318, -74}, {0xA6, 0x00, 0x5A, 0xFF}}},
	{{{-3368, 768, 246}, 0, {1024, 990}, {0xA6, 0x00, 0x5A, 0xFF}}},
	{{{-3368, 832, 246}, 0, {1024, 636}, {0xA6, 0x00, 0x5A, 0xFF}}},
	{{{5120, 1536, 4864}, 0, {0, 990}, {0x00, 0x7F, 0x00, 0xFF}}},
	{{{5632, 1536, 4864}, 0, {990, 990}, {0x00, 0x7F, 0x00, 0xFF}}},
	{{{5478, 1536, 4710}, 0, {684, 684}, {0x00, 0x7F, 0x00, 0xFF}}},
	{{{5478, 1536, 4506}, 0, {684, 274}, {0x00, 0x7F, 0x00, 0xFF}}},
	{{{5632, 1536, 4352}, 0, {990, 0}, {0x00, 0x7F, 0x00, 0xFF}}},
	{{{5274, 1536, 4506}, 0, {274, 274}, {0x00, 0x7F, 0x00, 0xFF}}},
	{{{5120, 1536, 4352}, 0, {0, 0}, {0x00, 0x7F, 0x00, 0xFF}}},
	{{{5274, 1536, 4710}, 0, {274, 684}, {0x00, 0x7F, 0x00, 0xFF}}},
};

Gfx bob_dl_bob_seg7_dl_07004390_mesh_mesh_layer_1_tri_16[] = {
	gsSPVertex(bob_dl_bob_seg7_dl_07004390_mesh_mesh_layer_1_vtx_16 + 0, 62, 0),
	gsSP2Triangles(0, 1, 2, 0, 3, 4, 5, 0),
	gsSP2Triangles(6, 7, 8, 0, 9, 10, 11, 0),
	gsSP2Triangles(12, 13, 14, 0, 15, 16, 17, 0),
	gsSP2Triangles(18, 19, 20, 0, 21, 22, 23, 0),
	gsSP2Triangles(24, 25, 26, 0, 27, 28, 29, 0),
	gsSP2Triangles(30, 31, 32, 0, 30, 32, 33, 0),
	gsSP2Triangles(34, 35, 36, 0, 34, 37, 35, 0),
	gsSP2Triangles(38, 39, 40, 0, 38, 40, 41, 0),
	gsSP2Triangles(42, 43, 44, 0, 42, 44, 45, 0),
	gsSP2Triangles(46, 47, 48, 0, 46, 49, 47, 0),
	gsSP2Triangles(50, 51, 52, 0, 50, 53, 51, 0),
	gsSP2Triangles(54, 55, 56, 0, 54, 57, 55, 0),
	gsSP2Triangles(58, 59, 60, 0, 58, 61, 59, 0),
	gsSPVertex(bob_dl_bob_seg7_dl_07004390_mesh_mesh_layer_1_vtx_16 + 62, 24, 0),
	gsSP2Triangles(0, 1, 2, 0, 0, 2, 3, 0),
	gsSP2Triangles(4, 5, 6, 0, 4, 6, 7, 0),
	gsSP2Triangles(8, 9, 10, 0, 11, 8, 10, 0),
	gsSP2Triangles(11, 10, 12, 0, 10, 13, 12, 0),
	gsSP2Triangles(11, 14, 8, 0, 14, 15, 8, 0),
	gsSP2Triangles(16, 17, 18, 0, 17, 19, 18, 0),
	gsSP2Triangles(17, 20, 19, 0, 20, 21, 19, 0),
	gsSP2Triangles(20, 22, 21, 0, 22, 23, 21, 0),
	gsSP2Triangles(22, 16, 23, 0, 16, 18, 23, 0),
	gsSPEndDisplayList(),
};

Vtx bob_dl_bob_seg7_dl_07004390_mesh_mesh_layer_1_vtx_17[18] = {
	{{{1879, 819, 6421}, 0, {-1052, -3608}, {0x00, 0x7F, 0x00, 0xFF}}},
	{{{2151, 819, 6650}, 0, {5078, 0}, {0x00, 0x7F, 0x00, 0xFF}}},
	{{{2081, 819, 6456}, 0, {3034, -3608}, {0x00, 0x7F, 0x00, 0xFF}}},
	{{{2019, 819, 6807}, 0, {3034, 3506}, {0x00, 0x7F, 0x00, 0xFF}}},
	{{{1817, 819, 6772}, 0, {-1052, 3506}, {0x00, 0x7F, 0x00, 0xFF}}},
	{{{1747, 819, 6579}, 0, {-3096, 0}, {0x00, 0x7F, 0x00, 0xFF}}},
	{{{-6133, 1075, -5503}, 0, {-1052, -3608}, {0x00, 0x7F, 0x00, 0xFF}}},
	{{{-5861, 1075, -5273}, 0, {5078, 0}, {0x00, 0x7F, 0x00, 0xFF}}},
	{{{-5931, 1075, -5468}, 0, {3034, -3608}, {0x00, 0x7F, 0x00, 0xFF}}},
	{{{-5993, 1075, -5116}, 0, {3034, 3506}, {0x00, 0x7F, 0x00, 0xFF}}},
	{{{-6194, 1075, -5152}, 0, {-1052, 3506}, {0x00, 0x7F, 0x00, 0xFF}}},
	{{{-6265, 1075, -5344}, 0, {-3096, 0}, {0x00, 0x7F, 0x00, 0xFF}}},
	{{{-6677, 1075, -3554}, 0, {-1052, -3608}, {0x00, 0x7F, 0x00, 0xFF}}},
	{{{-6809, 1075, -3395}, 0, {-3096, 0}, {0x00, 0x7F, 0x00, 0xFF}}},
	{{{-6739, 1075, -3202}, 0, {-1052, 3506}, {0x00, 0x7F, 0x00, 0xFF}}},
	{{{-6537, 1075, -3167}, 0, {3034, 3506}, {0x00, 0x7F, 0x00, 0xFF}}},
	{{{-6405, 1075, -3324}, 0, {5078, 0}, {0x00, 0x7F, 0x00, 0xFF}}},
	{{{-6475, 1075, -3518}, 0, {3034, -3608}, {0x00, 0x7F, 0x00, 0xFF}}},
};

Gfx bob_dl_bob_seg7_dl_07004390_mesh_mesh_layer_1_tri_17[] = {
	gsSPVertex(bob_dl_bob_seg7_dl_07004390_mesh_mesh_layer_1_vtx_17 + 0, 18, 0),
	gsSP2Triangles(0, 1, 2, 0, 0, 3, 1, 0),
	gsSP2Triangles(0, 4, 3, 0, 0, 5, 4, 0),
	gsSP2Triangles(6, 7, 8, 0, 6, 9, 7, 0),
	gsSP2Triangles(6, 10, 9, 0, 6, 11, 10, 0),
	gsSP2Triangles(12, 13, 14, 0, 12, 14, 15, 0),
	gsSP2Triangles(12, 15, 16, 0, 12, 16, 17, 0),
	gsSPEndDisplayList(),
};

Vtx bob_dl_bob_seg7_dl_07004390_mesh_mesh_layer_1_vtx_18[88] = {
	{{{2151, 768, 6650}, 0, {4056, 990}, {0x61, 0x00, 0x51, 0xFF}}},
	{{{2151, 819, 6650}, 0, {4056, 0}, {0x61, 0x00, 0x51, 0xFF}}},
	{{{2019, 819, 6807}, 0, {0, 0}, {0x61, 0x00, 0x51, 0xFF}}},
	{{{1879, 768, 6421}, 0, {4056, 990}, {0x15, 0x00, 0x83, 0xFF}}},
	{{{1879, 819, 6421}, 0, {4056, 0}, {0x15, 0x00, 0x83, 0xFF}}},
	{{{2081, 819, 6456}, 0, {-214, 0}, {0x15, 0x00, 0x83, 0xFF}}},
	{{{1879, 768, 6421}, 0, {4056, 990}, {0x15, 0x00, 0x83, 0xFF}}},
	{{{2081, 819, 6456}, 0, {-214, 0}, {0x15, 0x00, 0x83, 0xFF}}},
	{{{2081, 768, 6456}, 0, {-214, 990}, {0x15, 0x00, 0x83, 0xFF}}},
	{{{2081, 768, 6456}, 0, {4056, 990}, {0x77, 0x00, 0xD5, 0xFF}}},
	{{{2151, 819, 6650}, 0, {0, 0}, {0x77, 0x00, 0xD5, 0xFF}}},
	{{{2151, 768, 6650}, 0, {0, 990}, {0x77, 0x00, 0xD5, 0xFF}}},
	{{{2081, 768, 6456}, 0, {4056, 990}, {0x77, 0x00, 0xD5, 0xFF}}},
	{{{2081, 819, 6456}, 0, {4056, 0}, {0x77, 0x00, 0xD5, 0xFF}}},
	{{{2151, 819, 6650}, 0, {0, 0}, {0x77, 0x00, 0xD5, 0xFF}}},
	{{{2151, 768, 6650}, 0, {4056, 990}, {0x61, 0x00, 0x51, 0xFF}}},
	{{{2019, 819, 6807}, 0, {0, 0}, {0x61, 0x00, 0x51, 0xFF}}},
	{{{2019, 768, 6807}, 0, {0, 990}, {0x61, 0x00, 0x51, 0xFF}}},
	{{{1817, 768, 6772}, 0, {4056, 990}, {0x89, 0x00, 0x2B, 0xFF}}},
	{{{1817, 819, 6772}, 0, {4056, 0}, {0x89, 0x00, 0x2B, 0xFF}}},
	{{{1747, 819, 6579}, 0, {0, 0}, {0x89, 0x00, 0x2B, 0xFF}}},
	{{{1747, 819, 6579}, 0, {0, 0}, {0x89, 0x00, 0x2B, 0xFF}}},
	{{{1747, 768, 6579}, 0, {0, 990}, {0x89, 0x00, 0x2B, 0xFF}}},
	{{{-5993, 1024, -5116}, 0, {4056, 990}, {0xEA, 0x00, 0x7D, 0xFF}}},
	{{{-6194, 1075, -5152}, 0, {0, 0}, {0xEA, 0x00, 0x7D, 0xFF}}},
	{{{-6194, 1024, -5152}, 0, {0, 990}, {0xEA, 0x00, 0x7D, 0xFF}}},
	{{{-5861, 1024, -5273}, 0, {4056, 990}, {0x61, 0x00, 0x51, 0xFF}}},
	{{{-5861, 1075, -5273}, 0, {4056, 0}, {0x61, 0x00, 0x51, 0xFF}}},
	{{{-5993, 1075, -5116}, 0, {0, 0}, {0x61, 0x00, 0x51, 0xFF}}},
	{{{-5861, 1024, -5273}, 0, {4056, 990}, {0x61, 0x00, 0x51, 0xFF}}},
	{{{-5993, 1075, -5116}, 0, {0, 0}, {0x61, 0x00, 0x51, 0xFF}}},
	{{{-5993, 1024, -5116}, 0, {0, 990}, {0x61, 0x00, 0x51, 0xFF}}},
	{{{-6677, 1024, -3554}, 0, {4056, 990}, {0x16, 0x00, 0x83, 0xFF}}},
	{{{-6475, 1075, -3518}, 0, {-214, 0}, {0x16, 0x00, 0x83, 0xFF}}},
	{{{-6475, 1024, -3518}, 0, {-214, 990}, {0x16, 0x00, 0x83, 0xFF}}},
	{{{-5993, 1024, -5116}, 0, {4056, 990}, {0xEA, 0x00, 0x7D, 0xFF}}},
	{{{-5993, 1075, -5116}, 0, {4056, 0}, {0xEA, 0x00, 0x7D, 0xFF}}},
	{{{-6194, 1075, -5152}, 0, {0, 0}, {0xEA, 0x00, 0x7D, 0xFF}}},
	{{{-6677, 1024, -3554}, 0, {4056, 990}, {0x16, 0x00, 0x83, 0xFF}}},
	{{{-6677, 1075, -3554}, 0, {4056, 0}, {0x16, 0x00, 0x83, 0xFF}}},
	{{{-6739, 1024, -3202}, 0, {4056, 990}, {0x89, 0x00, 0x2B, 0xFF}}},
	{{{-6739, 1075, -3202}, 0, {4056, 0}, {0x89, 0x00, 0x2B, 0xFF}}},
	{{{-6809, 1075, -3395}, 0, {0, 0}, {0x89, 0x00, 0x2B, 0xFF}}},
	{{{-6475, 1024, -3518}, 0, {4056, 990}, {0x77, 0x00, 0xD5, 0xFF}}},
	{{{-6405, 1075, -3324}, 0, {0, 0}, {0x77, 0x00, 0xD5, 0xFF}}},
	{{{-6405, 1024, -3324}, 0, {0, 990}, {0x77, 0x00, 0xD5, 0xFF}}},
	{{{-6475, 1024, -3518}, 0, {4056, 990}, {0x77, 0x00, 0xD5, 0xFF}}},
	{{{-6475, 1075, -3518}, 0, {4056, 0}, {0x77, 0x00, 0xD5, 0xFF}}},
	{{{-6405, 1075, -3324}, 0, {0, 0}, {0x77, 0x00, 0xD5, 0xFF}}},
	{{{-6739, 1024, -3202}, 0, {4056, 990}, {0x89, 0x00, 0x2B, 0xFF}}},
	{{{-6809, 1075, -3395}, 0, {0, 0}, {0x89, 0x00, 0x2B, 0xFF}}},
	{{{-6809, 1024, -3395}, 0, {0, 990}, {0x89, 0x00, 0x2B, 0xFF}}},
	{{{1747, 768, 6579}, 0, {3544, 990}, {0x9F, 0x00, 0xAF, 0xFF}}},
	{{{1747, 819, 6579}, 0, {3544, 0}, {0x9F, 0x00, 0xAF, 0xFF}}},
	{{{1879, 819, 6421}, 0, {-354, 0}, {0x9F, 0x00, 0xAF, 0xFF}}},
	{{{1879, 768, 6421}, 0, {-354, 990}, {0x9F, 0x00, 0xAF, 0xFF}}},
	{{{-6265, 1024, -5344}, 0, {3544, 990}, {0x9F, 0x00, 0xAF, 0xFF}}},
	{{{-6265, 1075, -5344}, 0, {3544, 0}, {0x9F, 0x00, 0xAF, 0xFF}}},
	{{{-6133, 1075, -5503}, 0, {-354, 0}, {0x9F, 0x00, 0xAF, 0xFF}}},
	{{{-6133, 1024, -5503}, 0, {-354, 990}, {0x9F, 0x00, 0xAF, 0xFF}}},
	{{{2019, 768, 6807}, 0, {4056, 990}, {0xEB, 0x00, 0x7D, 0xFF}}},
	{{{2019, 819, 6807}, 0, {4056, 0}, {0xEB, 0x00, 0x7D, 0xFF}}},
	{{{1817, 819, 6772}, 0, {0, 0}, {0xEB, 0x00, 0x7D, 0xFF}}},
	{{{1817, 768, 6772}, 0, {0, 990}, {0xEB, 0x00, 0x7D, 0xFF}}},
	{{{-6133, 1024, -5503}, 0, {4056, 990}, {0x15, 0x00, 0x83, 0xFF}}},
	{{{-5931, 1075, -5468}, 0, {-214, 0}, {0x15, 0x00, 0x83, 0xFF}}},
	{{{-5931, 1024, -5468}, 0, {-214, 990}, {0x15, 0x00, 0x83, 0xFF}}},
	{{{-6133, 1075, -5503}, 0, {4056, 0}, {0x15, 0x00, 0x83, 0xFF}}},
	{{{-5931, 1024, -5468}, 0, {4056, 990}, {0x78, 0x00, 0xD6, 0xFF}}},
	{{{-5931, 1075, -5468}, 0, {4056, 0}, {0x78, 0x00, 0xD6, 0xFF}}},
	{{{-5861, 1075, -5273}, 0, {0, 0}, {0x78, 0x00, 0xD6, 0xFF}}},
	{{{-5861, 1024, -5273}, 0, {0, 990}, {0x78, 0x00, 0xD6, 0xFF}}},
	{{{-6194, 1024, -5152}, 0, {4056, 990}, {0x89, 0x00, 0x2C, 0xFF}}},
	{{{-6194, 1075, -5152}, 0, {4056, 0}, {0x89, 0x00, 0x2C, 0xFF}}},
	{{{-6265, 1075, -5344}, 0, {0, 0}, {0x89, 0x00, 0x2C, 0xFF}}},
	{{{-6265, 1024, -5344}, 0, {0, 990}, {0x89, 0x00, 0x2C, 0xFF}}},
	{{{-6809, 1024, -3395}, 0, {3544, 990}, {0x9F, 0x00, 0xAF, 0xFF}}},
	{{{-6809, 1075, -3395}, 0, {3544, 0}, {0x9F, 0x00, 0xAF, 0xFF}}},
	{{{-6677, 1075, -3554}, 0, {-354, 0}, {0x9F, 0x00, 0xAF, 0xFF}}},
	{{{-6677, 1024, -3554}, 0, {-354, 990}, {0x9F, 0x00, 0xAF, 0xFF}}},
	{{{-6405, 1024, -3324}, 0, {4056, 990}, {0x61, 0x00, 0x51, 0xFF}}},
	{{{-6405, 1075, -3324}, 0, {4056, 0}, {0x61, 0x00, 0x51, 0xFF}}},
	{{{-6537, 1075, -3167}, 0, {0, 0}, {0x61, 0x00, 0x51, 0xFF}}},
	{{{-6537, 1024, -3167}, 0, {0, 990}, {0x61, 0x00, 0x51, 0xFF}}},
	{{{-6537, 1024, -3167}, 0, {4056, 990}, {0xEB, 0x00, 0x7D, 0xFF}}},
	{{{-6739, 1075, -3202}, 0, {0, 0}, {0xEB, 0x00, 0x7D, 0xFF}}},
	{{{-6739, 1024, -3202}, 0, {0, 990}, {0xEB, 0x00, 0x7D, 0xFF}}},
	{{{-6537, 1075, -3167}, 0, {4056, 0}, {0xEB, 0x00, 0x7D, 0xFF}}},
};

Gfx bob_dl_bob_seg7_dl_07004390_mesh_mesh_layer_1_tri_18[] = {
	gsSPVertex(bob_dl_bob_seg7_dl_07004390_mesh_mesh_layer_1_vtx_18 + 0, 64, 0),
	gsSP2Triangles(0, 1, 2, 0, 3, 4, 5, 0),
	gsSP2Triangles(6, 7, 8, 0, 9, 10, 11, 0),
	gsSP2Triangles(12, 13, 14, 0, 15, 16, 17, 0),
	gsSP2Triangles(18, 19, 20, 0, 18, 21, 22, 0),
	gsSP2Triangles(23, 24, 25, 0, 26, 27, 28, 0),
	gsSP2Triangles(29, 30, 31, 0, 32, 33, 34, 0),
	gsSP2Triangles(35, 36, 37, 0, 38, 39, 33, 0),
	gsSP2Triangles(40, 41, 42, 0, 43, 44, 45, 0),
	gsSP2Triangles(46, 47, 48, 0, 49, 50, 51, 0),
	gsSP2Triangles(52, 53, 54, 0, 52, 54, 55, 0),
	gsSP2Triangles(56, 57, 58, 0, 56, 58, 59, 0),
	gsSP2Triangles(60, 61, 62, 0, 60, 62, 63, 0),
	gsSPVertex(bob_dl_bob_seg7_dl_07004390_mesh_mesh_layer_1_vtx_18 + 64, 24, 0),
	gsSP2Triangles(0, 1, 2, 0, 0, 3, 1, 0),
	gsSP2Triangles(4, 5, 6, 0, 4, 6, 7, 0),
	gsSP2Triangles(8, 9, 10, 0, 8, 10, 11, 0),
	gsSP2Triangles(12, 13, 14, 0, 12, 14, 15, 0),
	gsSP2Triangles(16, 17, 18, 0, 16, 18, 19, 0),
	gsSP2Triangles(20, 21, 22, 0, 20, 23, 21, 0),
	gsSPEndDisplayList(),
};

Vtx bob_dl_bob_seg7_dl_07004390_mesh_mesh_layer_1_vtx_19[25] = {
	{{{-4466, 1052, -1975}, 0, {0, 990}, {0x55, 0x00, 0x5E, 0xFF}}},
	{{{-4402, 1138, -2033}, 0, {990, 0}, {0x55, 0x00, 0x5E, 0xFF}}},
	{{{-4466, 1138, -1975}, 0, {0, 0}, {0x55, 0x00, 0x5E, 0xFF}}},
	{{{-4466, 1052, -1975}, 0, {0, 990}, {0x55, 0x00, 0x5F, 0xFF}}},
	{{{-4401, 1052, -2033}, 0, {990, 990}, {0x55, 0x00, 0x5F, 0xFF}}},
	{{{-4402, 1138, -2033}, 0, {990, 0}, {0x55, 0x00, 0x5F, 0xFF}}},
	{{{-3543, 857, -4185}, 0, {0, 990}, {0x34, 0x07, 0x74, 0xFF}}},
	{{{-3465, 943, -4226}, 0, {990, 0}, {0x34, 0x07, 0x74, 0xFF}}},
	{{{-3544, 943, -4190}, 0, {0, 0}, {0x34, 0x07, 0x74, 0xFF}}},
	{{{-3543, 857, -4185}, 0, {0, 990}, {0x34, 0x07, 0x74, 0xFF}}},
	{{{-3464, 856, -4221}, 0, {990, 990}, {0x34, 0x07, 0x74, 0xFF}}},
	{{{-3465, 943, -4226}, 0, {990, 0}, {0x34, 0x07, 0x74, 0xFF}}},
	{{{6205, 907, -1524}, 0, {990, 990}, {0x58, 0x00, 0x5B, 0xFF}}},
	{{{6267, 907, -1584}, 0, {-24, 990}, {0x58, 0x00, 0x5B, 0xFF}}},
	{{{6267, 993, -1584}, 0, {-24, -24}, {0x58, 0x00, 0x5B, 0xFF}}},
	{{{6267, 993, -1584}, 0, {-24, -24}, {0x58, 0x00, 0x5B, 0xFF}}},
	{{{6205, 993, -1524}, 0, {990, -24}, {0x58, 0x00, 0x5B, 0xFF}}},
	{{{2276, 802, 4352}, 0, {990, 990}, {0x81, 0x00, 0x00, 0xFF}}},
	{{{2276, 802, 4438}, 0, {0, 990}, {0x81, 0x00, 0x00, 0xFF}}},
	{{{2276, 888, 4438}, 0, {0, 0}, {0x81, 0x00, 0x00, 0xFF}}},
	{{{2276, 888, 4352}, 0, {990, 0}, {0x81, 0x00, 0x00, 0xFF}}},
	{{{-4247, 1058, -763}, 0, {0, 990}, {0x5A, 0x00, 0x5A, 0xFF}}},
	{{{-4186, 1058, -824}, 0, {990, 990}, {0x5A, 0x00, 0x5A, 0xFF}}},
	{{{-4186, 1144, -824}, 0, {990, 0}, {0x5A, 0x00, 0x5A, 0xFF}}},
	{{{-4247, 1144, -763}, 0, {0, 0}, {0x5A, 0x00, 0x5A, 0xFF}}},
};

Gfx bob_dl_bob_seg7_dl_07004390_mesh_mesh_layer_1_tri_19[] = {
	gsSPVertex(bob_dl_bob_seg7_dl_07004390_mesh_mesh_layer_1_vtx_19 + 0, 25, 0),
	gsSP2Triangles(0, 1, 2, 0, 3, 4, 5, 0),
	gsSP2Triangles(6, 7, 8, 0, 9, 10, 11, 0),
	gsSP2Triangles(12, 13, 14, 0, 12, 15, 16, 0),
	gsSP2Triangles(17, 18, 19, 0, 17, 19, 20, 0),
	gsSP2Triangles(21, 22, 23, 0, 21, 23, 24, 0),
	gsSPEndDisplayList(),
};

Vtx bob_dl_bob_seg7_dl_07004390_mesh_mesh_layer_1_vtx_20[258] = {
	{{{-4442, 1145, -2005}, 0, {990, 0}, {0xD1, 0xFC, 0x76, 0xFF}}},
	{{{-4448, 1018, -2012}, 0, {654, 2000}, {0xD1, 0xFC, 0x76, 0xFF}}},
	{{{-4438, 1018, -2008}, 0, {880, 1996}, {0xD1, 0xFC, 0x76, 0xFF}}},
	{{{-4445, 1145, -2016}, 0, {538, 0}, {0x9B, 0x48, 0x1B, 0xFF}}},
	{{{-4442, 1145, -2005}, 0, {990, 0}, {0x9B, 0x48, 0x1B, 0xFF}}},
	{{{-4441, 1149, -2012}, 0, {752, -88}, {0x9B, 0x48, 0x1B, 0xFF}}},
	{{{-4448, 1018, -2012}, 0, {654, 2000}, {0x85, 0x03, 0x21, 0xFF}}},
	{{{-4442, 1145, -2005}, 0, {990, 0}, {0x85, 0x03, 0x21, 0xFF}}},
	{{{-4445, 1145, -2016}, 0, {538, 0}, {0x85, 0x03, 0x21, 0xFF}}},
	{{{-4434, 1145, -2013}, 0, {764, -36}, {0x7D, 0xFC, 0xEA, 0xFF}}},
	{{{-4438, 1018, -2008}, 0, {880, 1996}, {0x7D, 0xFC, 0xEA, 0xFF}}},
	{{{-4440, 1018, -2019}, 0, {428, 1996}, {0x7D, 0xFC, 0xEA, 0xFF}}},
	{{{-4440, 1018, -2019}, 0, {428, 1996}, {0x21, 0x04, 0x85, 0xFF}}},
	{{{-4445, 1145, -2016}, 0, {538, 0}, {0x21, 0x04, 0x85, 0xFF}}},
	{{{-4434, 1145, -2013}, 0, {764, -36}, {0x21, 0x04, 0x85, 0xFF}}},
	{{{-4441, 1149, -2012}, 0, {752, -88}, {0x1B, 0x48, 0x9B, 0xFF}}},
	{{{-4434, 1145, -2013}, 0, {764, -36}, {0x1B, 0x48, 0x9B, 0xFF}}},
	{{{-4445, 1145, -2016}, 0, {538, 0}, {0x1B, 0x48, 0x9B, 0xFF}}},
	{{{-4445, 1145, -2016}, 0, {194, -20}, {0xAC, 0xFF, 0xA0, 0xFF}}},
	{{{-4440, 1018, -2019}, 0, {0, 2012}, {0xAC, 0xFF, 0xA0, 0xFF}}},
	{{{-4448, 1018, -2012}, 0, {420, 2012}, {0xAC, 0xFF, 0xA0, 0xFF}}},
	{{{-4438, 1018, -2008}, 0, {194, 2000}, {0x5A, 0x00, 0x5A, 0xFF}}},
	{{{-4434, 1145, -2013}, 0, {420, 0}, {0x5A, 0x00, 0x5A, 0xFF}}},
	{{{-4442, 1145, -2005}, 0, {0, 0}, {0x5A, 0x00, 0x5A, 0xFF}}},
	{{{-4408, 1052, -2040}, 0, {1884, 0}, {0xAB, 0x00, 0xA2, 0xFF}}},
	{{{-4472, 1138, -1982}, 0, {0, 1692}, {0xAB, 0x00, 0xA2, 0xFF}}},
	{{{-4408, 1138, -2040}, 0, {0, 0}, {0xAB, 0x00, 0xA2, 0xFF}}},
	{{{-4441, 1149, -2012}, 0, {194, -84}, {0x3D, 0x5D, 0x3D, 0xFF}}},
	{{{-4442, 1145, -2005}, 0, {0, 0}, {0x3D, 0x5D, 0x3D, 0xFF}}},
	{{{-4434, 1145, -2013}, 0, {420, 0}, {0x3D, 0x5D, 0x3D, 0xFF}}},
	{{{-4472, 1138, -1982}, 0, {990, 2012}, {0x00, 0x7F, 0x00, 0xFF}}},
	{{{-4402, 1138, -2033}, 0, {606, 288}, {0x00, 0x7F, 0x00, 0xFF}}},
	{{{-4408, 1138, -2040}, 0, {990, 288}, {0x00, 0x7F, 0x00, 0xFF}}},
	{{{-4472, 1138, -1982}, 0, {990, 2012}, {0x00, 0x7F, 0x00, 0xFF}}},
	{{{-4466, 1138, -1975}, 0, {606, 2012}, {0x00, 0x7F, 0x00, 0xFF}}},
	{{{-4402, 1138, -2033}, 0, {606, 288}, {0x00, 0x7F, 0x00, 0xFF}}},
	{{{-4408, 1052, -2040}, 0, {1884, 0}, {0xAB, 0x00, 0xA2, 0xFF}}},
	{{{-4472, 1052, -1982}, 0, {1884, 1692}, {0xAB, 0x00, 0xA2, 0xFF}}},
	{{{-4472, 1138, -1982}, 0, {0, 1692}, {0xAB, 0x00, 0xA2, 0xFF}}},
	{{{-3515, 822, -4213}, 0, {654, 2000}, {0x81, 0x02, 0xF5, 0xFF}}},
	{{{-3513, 950, -4212}, 0, {990, 0}, {0x81, 0x02, 0xF5, 0xFF}}},
	{{{-3512, 949, -4223}, 0, {538, 0}, {0x81, 0x02, 0xF5, 0xFF}}},
	{{{-4401, 1052, -2033}, 0, {352, 2012}, {0x61, 0x01, 0xAE, 0xFF}}},
	{{{-4408, 1138, -2040}, 0, {0, 96}, {0x61, 0x01, 0xAE, 0xFF}}},
	{{{-4402, 1138, -2033}, 0, {352, 96}, {0x61, 0x01, 0xAE, 0xFF}}},
	{{{-4401, 1052, -2033}, 0, {352, 2012}, {0x5A, 0x00, 0xA6, 0xFF}}},
	{{{-4408, 1052, -2040}, 0, {0, 2012}, {0x5A, 0x00, 0xA6, 0xFF}}},
	{{{-4408, 1138, -2040}, 0, {0, 96}, {0x5A, 0x00, 0xA6, 0xFF}}},
	{{{-4472, 1052, -1982}, 0, {0, 2012}, {0x9F, 0x00, 0x52, 0xFF}}},
	{{{-4466, 1052, -1975}, 0, {352, 2012}, {0x9F, 0x00, 0x52, 0xFF}}},
	{{{-4466, 1138, -1975}, 0, {352, 96}, {0x9F, 0x00, 0x52, 0xFF}}},
	{{{-4472, 1052, -1982}, 0, {0, 2012}, {0x9F, 0x00, 0x52, 0xFF}}},
	{{{-4472, 1138, -1982}, 0, {0, 96}, {0x9F, 0x00, 0x52, 0xFF}}},
	{{{-3513, 950, -4212}, 0, {990, 0}, {0xB8, 0x00, 0x68, 0xFF}}},
	{{{-3515, 822, -4213}, 0, {654, 2000}, {0xB8, 0x00, 0x68, 0xFF}}},
	{{{-3505, 823, -4206}, 0, {880, 1996}, {0xB8, 0x00, 0x68, 0xFF}}},
	{{{-3512, 949, -4223}, 0, {538, 0}, {0xA5, 0x58, 0xF0, 0xFF}}},
	{{{-3513, 950, -4212}, 0, {990, 0}, {0xA5, 0x58, 0xF0, 0xFF}}},
	{{{-3509, 953, -4218}, 0, {752, -88}, {0xA5, 0x58, 0xF0, 0xFF}}},
	{{{-3548, 943, -4199}, 0, {990, 2012}, {0x00, 0x7F, 0x00, 0xFF}}},
	{{{-3544, 943, -4190}, 0, {606, 2012}, {0x00, 0x7F, 0x00, 0xFF}}},
	{{{-3465, 943, -4226}, 0, {606, 288}, {0x00, 0x7F, 0x00, 0xFF}}},
	{{{-3502, 950, -4217}, 0, {764, -36}, {0x7F, 0xFE, 0x0A, 0xFF}}},
	{{{-3505, 823, -4206}, 0, {880, 1996}, {0x7F, 0xFE, 0x0A, 0xFF}}},
	{{{-3504, 822, -4218}, 0, {428, 1996}, {0x7F, 0xFE, 0x0A, 0xFF}}},
	{{{-3509, 953, -4218}, 0, {752, -88}, {0x2D, 0x4E, 0xA6, 0xFF}}},
	{{{-3502, 950, -4217}, 0, {764, -36}, {0x2D, 0x4E, 0xA6, 0xFF}}},
	{{{-3512, 949, -4223}, 0, {538, 0}, {0x2D, 0x4E, 0xA6, 0xFF}}},
	{{{-3504, 822, -4218}, 0, {428, 1996}, {0x41, 0x00, 0x93, 0xFF}}},
	{{{-3512, 949, -4223}, 0, {538, 0}, {0x41, 0x00, 0x93, 0xFF}}},
	{{{-3502, 950, -4217}, 0, {764, -36}, {0x41, 0x00, 0x93, 0xFF}}},
	{{{-3512, 949, -4223}, 0, {194, -20}, {0xCC, 0xF9, 0x8C, 0xFF}}},
	{{{-3504, 822, -4218}, 0, {0, 2012}, {0xCC, 0xF9, 0x8C, 0xFF}}},
	{{{-3515, 822, -4213}, 0, {420, 2012}, {0xCC, 0xF9, 0x8C, 0xFF}}},
	{{{-3505, 823, -4206}, 0, {194, 2000}, {0x34, 0x08, 0x73, 0xFF}}},
	{{{-3502, 950, -4217}, 0, {420, 0}, {0x34, 0x08, 0x73, 0xFF}}},
	{{{-3513, 950, -4212}, 0, {0, 0}, {0x34, 0x08, 0x73, 0xFF}}},
	{{{-3509, 953, -4218}, 0, {194, -84}, {0x20, 0x64, 0x48, 0xFF}}},
	{{{-3513, 950, -4212}, 0, {0, 0}, {0x20, 0x64, 0x48, 0xFF}}},
	{{{-3502, 950, -4217}, 0, {420, 0}, {0x20, 0x64, 0x48, 0xFF}}},
	{{{-3464, 856, -4221}, 0, {352, 2012}, {0x74, 0xFF, 0xCD, 0xFF}}},
	{{{-3469, 942, -4235}, 0, {0, 96}, {0x74, 0xFF, 0xCD, 0xFF}}},
	{{{-3465, 943, -4226}, 0, {352, 96}, {0x74, 0xFF, 0xCD, 0xFF}}},
	{{{-3548, 943, -4199}, 0, {990, 2012}, {0xFD, 0x7E, 0xF4, 0xFF}}},
	{{{-3465, 943, -4226}, 0, {606, 288}, {0xFD, 0x7E, 0xF4, 0xFF}}},
	{{{-3469, 942, -4235}, 0, {990, 288}, {0xFD, 0x7E, 0xF4, 0xFF}}},
	{{{-3468, 856, -4229}, 0, {990, 288}, {0xFF, 0x81, 0x00, 0xFF}}},
	{{{-3464, 856, -4221}, 0, {606, 288}, {0xFF, 0x81, 0x00, 0xFF}}},
	{{{-3543, 857, -4185}, 0, {606, 2012}, {0xFF, 0x81, 0x00, 0xFF}}},
	{{{-3468, 856, -4229}, 0, {990, 288}, {0xFF, 0x81, 0x00, 0xFF}}},
	{{{-3543, 857, -4185}, 0, {606, 2012}, {0xFF, 0x81, 0x00, 0xFF}}},
	{{{-3547, 857, -4194}, 0, {990, 2012}, {0xFF, 0x81, 0x00, 0xFF}}},
	{{{-3468, 856, -4229}, 0, {1884, 0}, {0xCC, 0xF8, 0x8D, 0xFF}}},
	{{{-3548, 943, -4199}, 0, {0, 1692}, {0xCC, 0xF8, 0x8D, 0xFF}}},
	{{{-3469, 942, -4235}, 0, {0, 0}, {0xCC, 0xF8, 0x8D, 0xFF}}},
	{{{-3468, 856, -4229}, 0, {1884, 0}, {0xCD, 0xF9, 0x8C, 0xFF}}},
	{{{-3547, 857, -4194}, 0, {1884, 1692}, {0xCD, 0xF9, 0x8C, 0xFF}}},
	{{{-3548, 943, -4199}, 0, {0, 1692}, {0xCD, 0xF9, 0x8C, 0xFF}}},
	{{{-3464, 856, -4221}, 0, {352, 2012}, {0x72, 0xFE, 0xC8, 0xFF}}},
	{{{-3468, 856, -4229}, 0, {0, 2012}, {0x72, 0xFE, 0xC8, 0xFF}}},
	{{{-3469, 942, -4235}, 0, {0, 96}, {0x72, 0xFE, 0xC8, 0xFF}}},
	{{{-4228, 1151, -804}, 0, {194, -20}, {0xA6, 0x00, 0xA6, 0xFF}}},
	{{{-4224, 1024, -808}, 0, {0, 2012}, {0xA6, 0x00, 0xA6, 0xFF}}},
	{{{-4232, 1024, -800}, 0, {420, 2012}, {0xA6, 0x00, 0xA6, 0xFF}}},
	{{{-3547, 857, -4194}, 0, {0, 2012}, {0x8C, 0x01, 0x33, 0xFF}}},
	{{{-3543, 857, -4185}, 0, {352, 2012}, {0x8C, 0x01, 0x33, 0xFF}}},
	{{{-3544, 943, -4190}, 0, {352, 96}, {0x8C, 0x01, 0x33, 0xFF}}},
	{{{-3547, 857, -4194}, 0, {0, 2012}, {0x8C, 0x01, 0x33, 0xFF}}},
	{{{-3544, 943, -4190}, 0, {352, 96}, {0x8C, 0x01, 0x33, 0xFF}}},
	{{{-3548, 943, -4199}, 0, {0, 96}, {0x8C, 0x01, 0x33, 0xFF}}},
	{{{-4232, 1024, -800}, 0, {654, 2000}, {0x86, 0x04, 0x24, 0xFF}}},
	{{{-4225, 1151, -794}, 0, {990, 0}, {0x86, 0x04, 0x24, 0xFF}}},
	{{{-4228, 1151, -804}, 0, {538, 0}, {0x86, 0x04, 0x24, 0xFF}}},
	{{{-4225, 1151, -794}, 0, {990, 0}, {0xDF, 0xFD, 0x7B, 0xFF}}},
	{{{-4232, 1024, -800}, 0, {654, 2000}, {0xDF, 0xFD, 0x7B, 0xFF}}},
	{{{-4221, 1024, -797}, 0, {880, 1996}, {0xDF, 0xFD, 0x7B, 0xFF}}},
	{{{-4228, 1151, -804}, 0, {538, 0}, {0x9B, 0x46, 0x1E, 0xFF}}},
	{{{-4225, 1151, -794}, 0, {990, 0}, {0x9B, 0x46, 0x1E, 0xFF}}},
	{{{-4224, 1155, -800}, 0, {752, -88}, {0x9B, 0x46, 0x1E, 0xFF}}},
	{{{-4217, 1151, -802}, 0, {764, -36}, {0x7A, 0xFB, 0xDF, 0xFF}}},
	{{{-4221, 1024, -797}, 0, {880, 1996}, {0x7A, 0xFB, 0xDF, 0xFF}}},
	{{{-4224, 1024, -808}, 0, {428, 1996}, {0x7A, 0xFB, 0xDF, 0xFF}}},
	{{{-4224, 1155, -800}, 0, {752, -88}, {0x11, 0x4F, 0x9E, 0xFF}}},
	{{{-4217, 1151, -802}, 0, {764, -36}, {0x11, 0x4F, 0x9E, 0xFF}}},
	{{{-4228, 1151, -804}, 0, {538, 0}, {0x11, 0x4F, 0x9E, 0xFF}}},
	{{{-4224, 1024, -808}, 0, {428, 1996}, {0x16, 0x04, 0x83, 0xFF}}},
	{{{-4228, 1151, -804}, 0, {538, 0}, {0x16, 0x04, 0x83, 0xFF}}},
	{{{-4217, 1151, -802}, 0, {764, -36}, {0x16, 0x04, 0x83, 0xFF}}},
	{{{-4221, 1024, -797}, 0, {194, 2000}, {0x5A, 0x00, 0x5A, 0xFF}}},
	{{{-4217, 1151, -802}, 0, {420, 0}, {0x5A, 0x00, 0x5A, 0xFF}}},
	{{{-4225, 1151, -794}, 0, {0, 0}, {0x5A, 0x00, 0x5A, 0xFF}}},
	{{{-4224, 1155, -800}, 0, {194, -84}, {0x43, 0x54, 0x43, 0xFF}}},
	{{{-4225, 1151, -794}, 0, {0, 0}, {0x43, 0x54, 0x43, 0xFF}}},
	{{{-4217, 1151, -802}, 0, {420, 0}, {0x43, 0x54, 0x43, 0xFF}}},
	{{{-4186, 1058, -824}, 0, {352, 2012}, {0x52, 0x00, 0x9F, 0xFF}}},
	{{{-4193, 1058, -830}, 0, {0, 2012}, {0x52, 0x00, 0x9F, 0xFF}}},
	{{{-4193, 1144, -830}, 0, {0, 96}, {0x52, 0x00, 0x9F, 0xFF}}},
	{{{-4186, 1058, -824}, 0, {352, 2012}, {0x52, 0x00, 0x9F, 0xFF}}},
	{{{-4193, 1144, -830}, 0, {0, 96}, {0x52, 0x00, 0x9F, 0xFF}}},
	{{{-4186, 1144, -824}, 0, {352, 96}, {0x52, 0x00, 0x9F, 0xFF}}},
	{{{-4254, 1058, -769}, 0, {0, 2012}, {0xAE, 0x00, 0x61, 0xFF}}},
	{{{-4247, 1058, -763}, 0, {352, 2012}, {0xAE, 0x00, 0x61, 0xFF}}},
	{{{-4247, 1144, -763}, 0, {352, 96}, {0xAE, 0x00, 0x61, 0xFF}}},
	{{{-4254, 1058, -769}, 0, {0, 2012}, {0xAE, 0x00, 0x61, 0xFF}}},
	{{{-4247, 1144, -763}, 0, {352, 96}, {0xAE, 0x00, 0x61, 0xFF}}},
	{{{-4254, 1144, -769}, 0, {0, 96}, {0xAE, 0x00, 0x61, 0xFF}}},
	{{{2286, 899, 4395}, 0, {752, -88}, {0x36, 0x51, 0x51, 0xFF}}},
	{{{2283, 895, 4401}, 0, {764, -36}, {0x36, 0x51, 0x51, 0xFF}}},
	{{{2292, 895, 4395}, 0, {538, 0}, {0x36, 0x51, 0x51, 0xFF}}},
	{{{2292, 895, 4395}, 0, {538, 0}, {0x32, 0x4B, 0xA6, 0xFF}}},
	{{{2283, 895, 4390}, 0, {990, 0}, {0x32, 0x4B, 0xA6, 0xFF}}},
	{{{2286, 899, 4395}, 0, {752, -88}, {0x32, 0x4B, 0xA6, 0xFF}}},
	{{{2283, 895, 4401}, 0, {764, -36}, {0xBA, 0xFC, 0x6A, 0xFF}}},
	{{{2283, 768, 4395}, 0, {880, 1996}, {0xBA, 0xFC, 0x6A, 0xFF}}},
	{{{2292, 768, 4401}, 0, {428, 1996}, {0xBA, 0xFC, 0x6A, 0xFF}}},
	{{{2292, 768, 4401}, 0, {428, 1996}, {0x46, 0x04, 0x6A, 0xFF}}},
	{{{2292, 895, 4395}, 0, {538, 0}, {0x46, 0x04, 0x6A, 0xFF}}},
	{{{2283, 895, 4401}, 0, {764, -36}, {0x46, 0x04, 0x6A, 0xFF}}},
	{{{2292, 768, 4390}, 0, {654, 2000}, {0x3E, 0x04, 0x91, 0xFF}}},
	{{{2283, 895, 4390}, 0, {990, 0}, {0x3E, 0x04, 0x91, 0xFF}}},
	{{{2292, 895, 4395}, 0, {538, 0}, {0x3E, 0x04, 0x91, 0xFF}}},
	{{{2286, 899, 4395}, 0, {194, -84}, {0x9B, 0x4C, 0x00, 0xFF}}},
	{{{2283, 895, 4390}, 0, {0, 0}, {0x9B, 0x4C, 0x00, 0xFF}}},
	{{{2283, 895, 4401}, 0, {420, 0}, {0x9B, 0x4C, 0x00, 0xFF}}},
	{{{2283, 895, 4390}, 0, {990, 0}, {0xC2, 0xFC, 0x91, 0xFF}}},
	{{{2292, 768, 4390}, 0, {654, 2000}, {0xC2, 0xFC, 0x91, 0xFF}}},
	{{{2283, 768, 4395}, 0, {880, 1996}, {0xC2, 0xFC, 0x91, 0xFF}}},
	{{{2283, 768, 4395}, 0, {194, 2000}, {0x81, 0x00, 0x00, 0xFF}}},
	{{{2283, 895, 4401}, 0, {420, 0}, {0x81, 0x00, 0x00, 0xFF}}},
	{{{2283, 895, 4390}, 0, {0, 0}, {0x81, 0x00, 0x00, 0xFF}}},
	{{{2292, 895, 4395}, 0, {194, -20}, {0x7F, 0x00, 0x00, 0xFF}}},
	{{{2292, 768, 4401}, 0, {0, 2012}, {0x7F, 0x00, 0x00, 0xFF}}},
	{{{2292, 768, 4390}, 0, {420, 2012}, {0x7F, 0x00, 0x00, 0xFF}}},
	{{{6221, 873, -1562}, 0, {654, 2000}, {0x83, 0x04, 0x16, 0xFF}}},
	{{{6227, 1000, -1555}, 0, {990, 0}, {0x83, 0x04, 0x16, 0xFF}}},
	{{{6225, 1000, -1566}, 0, {538, 0}, {0x83, 0x04, 0x16, 0xFF}}},
	{{{6225, 1000, -1566}, 0, {538, 0}, {0x9E, 0x4F, 0x11, 0xFF}}},
	{{{6227, 1000, -1555}, 0, {990, 0}, {0x9E, 0x4F, 0x11, 0xFF}}},
	{{{6229, 1004, -1562}, 0, {752, -88}, {0x9E, 0x4F, 0x11, 0xFF}}},
	{{{6227, 1000, -1555}, 0, {990, 0}, {0xDF, 0xFB, 0x7A, 0xFF}}},
	{{{6221, 873, -1562}, 0, {654, 2000}, {0xDF, 0xFB, 0x7A, 0xFF}}},
	{{{6232, 873, -1559}, 0, {880, 1996}, {0xDF, 0xFB, 0x7A, 0xFF}}},
	{{{6236, 1000, -1563}, 0, {764, -36}, {0x7B, 0xFC, 0xDF, 0xFF}}},
	{{{6232, 873, -1559}, 0, {880, 1996}, {0x7B, 0xFC, 0xDF, 0xFF}}},
	{{{6229, 873, -1570}, 0, {428, 1996}, {0x7B, 0xFC, 0xDF, 0xFF}}},
	{{{6229, 1004, -1562}, 0, {752, -88}, {0x1B, 0x48, 0x9B, 0xFF}}},
	{{{6236, 1000, -1563}, 0, {764, -36}, {0x1B, 0x48, 0x9B, 0xFF}}},
	{{{6225, 1000, -1566}, 0, {538, 0}, {0x1B, 0x48, 0x9B, 0xFF}}},
	{{{6229, 873, -1570}, 0, {428, 1996}, {0x21, 0x04, 0x85, 0xFF}}},
	{{{6225, 1000, -1566}, 0, {538, 0}, {0x21, 0x04, 0x85, 0xFF}}},
	{{{6236, 1000, -1563}, 0, {764, -36}, {0x21, 0x04, 0x85, 0xFF}}},
	{{{6225, 1000, -1566}, 0, {194, -20}, {0xA6, 0x00, 0xA6, 0xFF}}},
	{{{6229, 873, -1570}, 0, {0, 2012}, {0xA6, 0x00, 0xA6, 0xFF}}},
	{{{6221, 873, -1562}, 0, {420, 2012}, {0xA6, 0x00, 0xA6, 0xFF}}},
	{{{6232, 873, -1559}, 0, {194, 2000}, {0x55, 0x00, 0x5F, 0xFF}}},
	{{{6236, 1000, -1563}, 0, {420, 0}, {0x55, 0x00, 0x5F, 0xFF}}},
	{{{6227, 1000, -1555}, 0, {0, 0}, {0x55, 0x00, 0x5F, 0xFF}}},
	{{{6229, 1004, -1562}, 0, {194, -84}, {0x3D, 0x59, 0x44, 0xFF}}},
	{{{6227, 1000, -1555}, 0, {0, 0}, {0x3D, 0x59, 0x44, 0xFF}}},
	{{{6236, 1000, -1563}, 0, {420, 0}, {0x3D, 0x59, 0x44, 0xFF}}},
	{{{6267, 907, -1584}, 0, {352, 2012}, {0x5A, 0x00, 0xA6, 0xFF}}},
	{{{6260, 907, -1591}, 0, {0, 2012}, {0x5A, 0x00, 0xA6, 0xFF}}},
	{{{6260, 993, -1591}, 0, {0, 96}, {0x5A, 0x00, 0xA6, 0xFF}}},
	{{{6267, 907, -1584}, 0, {352, 2012}, {0x5A, 0x00, 0xA6, 0xFF}}},
	{{{6260, 993, -1591}, 0, {0, 96}, {0x5A, 0x00, 0xA6, 0xFF}}},
	{{{6267, 993, -1584}, 0, {352, 96}, {0x5A, 0x00, 0xA6, 0xFF}}},
	{{{-4408, 1052, -2040}, 0, {990, 288}, {0x00, 0x81, 0x00, 0xFF}}},
	{{{-4401, 1052, -2033}, 0, {606, 288}, {0x00, 0x81, 0x00, 0xFF}}},
	{{{-4466, 1052, -1975}, 0, {606, 2012}, {0x00, 0x81, 0x00, 0xFF}}},
	{{{-4472, 1052, -1982}, 0, {990, 2012}, {0x00, 0x81, 0x00, 0xFF}}},
	{{{-4193, 1058, -830}, 0, {1884, 0}, {0xA6, 0x00, 0xA6, 0xFF}}},
	{{{-4254, 1144, -769}, 0, {0, 1692}, {0xA6, 0x00, 0xA6, 0xFF}}},
	{{{-4193, 1144, -830}, 0, {0, 0}, {0xA6, 0x00, 0xA6, 0xFF}}},
	{{{-4254, 1058, -769}, 0, {1884, 1692}, {0xA6, 0x00, 0xA6, 0xFF}}},
	{{{-4254, 1144, -769}, 0, {990, 2012}, {0x00, 0x7F, 0x00, 0xFF}}},
	{{{-4186, 1144, -824}, 0, {606, 288}, {0x00, 0x7F, 0x00, 0xFF}}},
	{{{-4193, 1144, -830}, 0, {990, 288}, {0x00, 0x7F, 0x00, 0xFF}}},
	{{{-4247, 1144, -763}, 0, {606, 2012}, {0x00, 0x7F, 0x00, 0xFF}}},
	{{{-4193, 1058, -830}, 0, {990, 288}, {0x00, 0x81, 0x00, 0xFF}}},
	{{{-4247, 1058, -763}, 0, {606, 2012}, {0x00, 0x81, 0x00, 0xFF}}},
	{{{-4254, 1058, -769}, 0, {990, 2012}, {0x00, 0x81, 0x00, 0xFF}}},
	{{{-4186, 1058, -824}, 0, {606, 288}, {0x00, 0x81, 0x00, 0xFF}}},
	{{{2286, 802, 4352}, 0, {0, 2012}, {0x00, 0x00, 0x81, 0xFF}}},
	{{{2276, 888, 4352}, 0, {352, 96}, {0x00, 0x00, 0x81, 0xFF}}},
	{{{2286, 888, 4352}, 0, {0, 96}, {0x00, 0x00, 0x81, 0xFF}}},
	{{{2276, 802, 4352}, 0, {352, 2012}, {0x00, 0x00, 0x81, 0xFF}}},
	{{{2286, 888, 4352}, 0, {990, 2012}, {0x00, 0x7F, 0x00, 0xFF}}},
	{{{2276, 888, 4352}, 0, {606, 2012}, {0x00, 0x7F, 0x00, 0xFF}}},
	{{{2276, 888, 4438}, 0, {606, 288}, {0x00, 0x7F, 0x00, 0xFF}}},
	{{{2286, 888, 4438}, 0, {990, 288}, {0x00, 0x7F, 0x00, 0xFF}}},
	{{{2276, 802, 4438}, 0, {352, 2012}, {0x00, 0x00, 0x7F, 0xFF}}},
	{{{2286, 802, 4438}, 0, {0, 2012}, {0x00, 0x00, 0x7F, 0xFF}}},
	{{{2286, 888, 4438}, 0, {0, 96}, {0x00, 0x00, 0x7F, 0xFF}}},
	{{{2276, 888, 4438}, 0, {352, 96}, {0x00, 0x00, 0x7F, 0xFF}}},
	{{{2286, 802, 4438}, 0, {1884, 0}, {0x7F, 0x00, 0x00, 0xFF}}},
	{{{2286, 888, 4352}, 0, {0, 1692}, {0x7F, 0x00, 0x00, 0xFF}}},
	{{{2286, 888, 4438}, 0, {0, 0}, {0x7F, 0x00, 0x00, 0xFF}}},
	{{{2286, 802, 4352}, 0, {1884, 1692}, {0x7F, 0x00, 0x00, 0xFF}}},
	{{{2286, 802, 4438}, 0, {990, 288}, {0x00, 0x81, 0x00, 0xFF}}},
	{{{2276, 802, 4352}, 0, {606, 2012}, {0x00, 0x81, 0x00, 0xFF}}},
	{{{2286, 802, 4352}, 0, {990, 2012}, {0x00, 0x81, 0x00, 0xFF}}},
	{{{2276, 802, 4438}, 0, {606, 288}, {0x00, 0x81, 0x00, 0xFF}}},
	{{{6260, 907, -1591}, 0, {990, 288}, {0x00, 0x81, 0x00, 0xFF}}},
	{{{6267, 907, -1584}, 0, {606, 288}, {0x00, 0x81, 0x00, 0xFF}}},
	{{{6205, 907, -1524}, 0, {606, 2012}, {0x00, 0x81, 0x00, 0xFF}}},
	{{{6198, 907, -1531}, 0, {990, 2012}, {0x00, 0x81, 0x00, 0xFF}}},
	{{{6198, 993, -1531}, 0, {990, 2012}, {0x00, 0x7F, 0x00, 0xFF}}},
	{{{6205, 993, -1524}, 0, {606, 2012}, {0x00, 0x7F, 0x00, 0xFF}}},
	{{{6267, 993, -1584}, 0, {606, 288}, {0x00, 0x7F, 0x00, 0xFF}}},
	{{{6260, 993, -1591}, 0, {990, 288}, {0x00, 0x7F, 0x00, 0xFF}}},
	{{{6260, 907, -1591}, 0, {1884, 0}, {0xA8, 0x00, 0xA5, 0xFF}}},
	{{{6198, 993, -1531}, 0, {0, 1692}, {0xA8, 0x00, 0xA5, 0xFF}}},
	{{{6260, 993, -1591}, 0, {0, 0}, {0xA8, 0x00, 0xA5, 0xFF}}},
	{{{6198, 907, -1531}, 0, {1884, 1692}, {0xA8, 0x00, 0xA5, 0xFF}}},
	{{{6198, 907, -1531}, 0, {0, 2012}, {0xA6, 0x00, 0x5A, 0xFF}}},
	{{{6205, 907, -1524}, 0, {352, 2012}, {0xA6, 0x00, 0x5A, 0xFF}}},
	{{{6205, 993, -1524}, 0, {352, 96}, {0xA6, 0x00, 0x5A, 0xFF}}},
	{{{6198, 993, -1531}, 0, {0, 96}, {0xA6, 0x00, 0x5A, 0xFF}}},
};

Gfx bob_dl_bob_seg7_dl_07004390_mesh_mesh_layer_1_tri_20[] = {
	gsSPVertex(bob_dl_bob_seg7_dl_07004390_mesh_mesh_layer_1_vtx_20 + 0, 62, 0),
	gsSP2Triangles(0, 1, 2, 0, 3, 4, 5, 0),
	gsSP2Triangles(6, 7, 8, 0, 9, 10, 11, 0),
	gsSP2Triangles(12, 13, 14, 0, 15, 16, 17, 0),
	gsSP2Triangles(18, 19, 20, 0, 21, 22, 23, 0),
	gsSP2Triangles(24, 25, 26, 0, 27, 28, 29, 0),
	gsSP2Triangles(30, 31, 32, 0, 33, 34, 35, 0),
	gsSP2Triangles(36, 37, 38, 0, 39, 40, 41, 0),
	gsSP2Triangles(42, 43, 44, 0, 45, 46, 47, 0),
	gsSP2Triangles(48, 49, 50, 0, 51, 50, 52, 0),
	gsSP2Triangles(53, 54, 55, 0, 56, 57, 58, 0),
	gsSP1Triangle(59, 60, 61, 0),
	gsSPVertex(bob_dl_bob_seg7_dl_07004390_mesh_mesh_layer_1_vtx_20 + 62, 63, 0),
	gsSP2Triangles(0, 1, 2, 0, 3, 4, 5, 0),
	gsSP2Triangles(6, 7, 8, 0, 9, 10, 11, 0),
	gsSP2Triangles(12, 13, 14, 0, 15, 16, 17, 0),
	gsSP2Triangles(18, 19, 20, 0, 21, 22, 23, 0),
	gsSP2Triangles(24, 25, 26, 0, 27, 28, 29, 0),
	gsSP2Triangles(30, 31, 32, 0, 33, 34, 35, 0),
	gsSP2Triangles(36, 37, 38, 0, 39, 40, 41, 0),
	gsSP2Triangles(42, 43, 44, 0, 45, 46, 47, 0),
	gsSP2Triangles(48, 49, 50, 0, 51, 52, 53, 0),
	gsSP2Triangles(54, 55, 56, 0, 57, 58, 59, 0),
	gsSP1Triangle(60, 61, 62, 0),
	gsSPVertex(bob_dl_bob_seg7_dl_07004390_mesh_mesh_layer_1_vtx_20 + 125, 63, 0),
	gsSP2Triangles(0, 1, 2, 0, 3, 4, 5, 0),
	gsSP2Triangles(6, 7, 8, 0, 9, 10, 11, 0),
	gsSP2Triangles(12, 13, 14, 0, 15, 16, 17, 0),
	gsSP2Triangles(18, 19, 20, 0, 21, 22, 23, 0),
	gsSP2Triangles(24, 25, 26, 0, 27, 28, 29, 0),
	gsSP2Triangles(30, 31, 32, 0, 33, 34, 35, 0),
	gsSP2Triangles(36, 37, 38, 0, 39, 40, 41, 0),
	gsSP2Triangles(42, 43, 44, 0, 45, 46, 47, 0),
	gsSP2Triangles(48, 49, 50, 0, 51, 52, 53, 0),
	gsSP2Triangles(54, 55, 56, 0, 57, 58, 59, 0),
	gsSP1Triangle(60, 61, 62, 0),
	gsSPVertex(bob_dl_bob_seg7_dl_07004390_mesh_mesh_layer_1_vtx_20 + 188, 62, 0),
	gsSP2Triangles(0, 1, 2, 0, 3, 4, 5, 0),
	gsSP2Triangles(6, 7, 8, 0, 9, 10, 11, 0),
	gsSP2Triangles(12, 13, 14, 0, 15, 16, 17, 0),
	gsSP2Triangles(18, 19, 20, 0, 18, 20, 21, 0),
	gsSP2Triangles(22, 23, 24, 0, 22, 25, 23, 0),
	gsSP2Triangles(26, 27, 28, 0, 26, 29, 27, 0),
	gsSP2Triangles(30, 31, 32, 0, 30, 33, 31, 0),
	gsSP2Triangles(34, 35, 36, 0, 34, 37, 35, 0),
	gsSP2Triangles(38, 39, 40, 0, 38, 40, 41, 0),
	gsSP2Triangles(42, 43, 44, 0, 42, 44, 45, 0),
	gsSP2Triangles(46, 47, 48, 0, 46, 49, 47, 0),
	gsSP2Triangles(50, 51, 52, 0, 50, 53, 51, 0),
	gsSP2Triangles(54, 55, 56, 0, 54, 56, 57, 0),
	gsSP2Triangles(58, 59, 60, 0, 58, 60, 61, 0),
	gsSPVertex(bob_dl_bob_seg7_dl_07004390_mesh_mesh_layer_1_vtx_20 + 250, 8, 0),
	gsSP2Triangles(0, 1, 2, 0, 0, 3, 1, 0),
	gsSP2Triangles(4, 5, 6, 0, 4, 6, 7, 0),
	gsSPEndDisplayList(),
};

Vtx bob_dl_bob_seg7_dl_07004390_mesh_mesh_layer_4_vtx_cull[8] = {
	{{{-8191, -383, 8192}, 0, {0, 0}, {0x00, 0x00, 0x00, 0x00}}},
	{{{-8191, 4294, 8192}, 0, {0, 0}, {0x00, 0x00, 0x00, 0x00}}},
	{{{-8191, 4294, -8191}, 0, {0, 0}, {0x00, 0x00, 0x00, 0x00}}},
	{{{-8191, -383, -8191}, 0, {0, 0}, {0x00, 0x00, 0x00, 0x00}}},
	{{{8192, -383, 8192}, 0, {0, 0}, {0x00, 0x00, 0x00, 0x00}}},
	{{{8192, 4294, 8192}, 0, {0, 0}, {0x00, 0x00, 0x00, 0x00}}},
	{{{8192, 4294, -8191}, 0, {0, 0}, {0x00, 0x00, 0x00, 0x00}}},
	{{{8192, -383, -8191}, 0, {0, 0}, {0x00, 0x00, 0x00, 0x00}}},
};

Vtx bob_dl_bob_seg7_dl_07004390_mesh_mesh_layer_4_vtx_0[8] = {
	{{{-993, 1690, -2310}, 0, {22656, 0}, {0xFF, 0xFF, 0xFF, 0xFF}}},
	{{{-2262, 1690, -4824}, 0, {172, 0}, {0xFF, 0xFF, 0xFF, 0xFF}}},
	{{{-2262, 1075, -4824}, 0, {172, 950}, {0xFF, 0xFF, 0xFF, 0xFF}}},
	{{{-993, 1075, -2310}, 0, {22656, 950}, {0xFF, 0xFF, 0xFF, 0xFF}}},
	{{{-3128, 1690, -6537}, 0, {-11272, 0}, {0xFF, 0xFF, 0xFF, 0xFF}}},
	{{{-3128, 1075, -6537}, 0, {-11272, 950}, {0xFF, 0xFF, 0xFF, 0xFF}}},
	{{{-2436, 1075, -5167}, 0, {990, 950}, {0xFF, 0xFF, 0xFF, 0xFF}}},
	{{{-2436, 1690, -5167}, 0, {990, 0}, {0xFF, 0xFF, 0xFF, 0xFF}}},
};

Gfx bob_dl_bob_seg7_dl_07004390_mesh_mesh_layer_4_tri_0[] = {
	gsSPVertex(bob_dl_bob_seg7_dl_07004390_mesh_mesh_layer_4_vtx_0 + 0, 8, 0),
	gsSP2Triangles(0, 1, 2, 0, 0, 2, 3, 0),
	gsSP2Triangles(4, 5, 6, 0, 7, 4, 6, 0),
	gsSPEndDisplayList(),
};

Vtx bob_dl_bob_seg7_dl_07004390_mesh_mesh_layer_4_vtx_1[40] = {
	{{{-3071, 768, 1536}, 0, {6100, 990}, {0xFF, 0xFF, 0xFF, 0xFF}}},
	{{{-3071, 1024, 3072}, 0, {0, 0}, {0xFF, 0xFF, 0xFF, 0xFF}}},
	{{{-3071, 768, 3072}, 0, {0, 990}, {0xFF, 0xFF, 0xFF, 0xFF}}},
	{{{-3071, 1024, 1536}, 0, {6100, 0}, {0xFF, 0xFF, 0xFF, 0xFF}}},
	{{{768, 870, 5847}, 0, {990, 0}, {0xFF, 0xFF, 0xFF, 0xFF}}},
	{{{1751, 768, 5335}, 0, {-10434, 990}, {0xFF, 0xFF, 0xFF, 0xFF}}},
	{{{768, 768, 5847}, 0, {990, 990}, {0xFF, 0xFF, 0xFF, 0xFF}}},
	{{{1751, 870, 5335}, 0, {-10434, 0}, {0xFF, 0xFF, 0xFF, 0xFF}}},
	{{{1751, 870, 5335}, 0, {808, 0}, {0xFF, 0xFF, 0xFF, 0xFF}}},
	{{{2263, 768, 4864}, 0, {-6418, 990}, {0xFF, 0xFF, 0xFF, 0xFF}}},
	{{{1751, 768, 5335}, 0, {808, 990}, {0xFF, 0xFF, 0xFF, 0xFF}}},
	{{{2263, 870, 4864}, 0, {-6418, 0}, {0xFF, 0xFF, 0xFF, 0xFF}}},
	{{{2263, 870, 4864}, 0, {3800, 0}, {0xFF, 0xFF, 0xFF, 0xFF}}},
	{{{2263, 870, 4480}, 0, {0, 0}, {0xFF, 0xFF, 0xFF, 0xFF}}},
	{{{2262, 768, 4480}, 0, {0, 990}, {0xFF, 0xFF, 0xFF, 0xFF}}},
	{{{2263, 768, 4864}, 0, {3800, 990}, {0xFF, 0xFF, 0xFF, 0xFF}}},
	{{{3078, 1741, -756}, 0, {990, 990}, {0xFF, 0xFF, 0xFF, 0xFF}}},
	{{{3078, 1869, -756}, 0, {990, 0}, {0xFF, 0xFF, 0xFF, 0xFF}}},
	{{{6271, 2064, -2677}, 0, {-23536, 0}, {0xFF, 0xFF, 0xFF, 0xFF}}},
	{{{6270, 1936, -2677}, 0, {-23536, 990}, {0xFF, 0xFF, 0xFF, 0xFF}}},
	{{{-4095, 1024, 4096}, 0, {990, 0}, {0xFF, 0xFF, 0xFF, 0xFF}}},
	{{{-7167, 1024, 4096}, 0, {-11272, 0}, {0xFF, 0xFF, 0xFF, 0xFF}}},
	{{{-7167, 768, 4096}, 0, {-11274, 990}, {0xFF, 0xFF, 0xFF, 0xFF}}},
	{{{-4095, 768, 4096}, 0, {988, 990}, {0xFF, 0xFF, 0xFF, 0xFF}}},
	{{{-4095, 768, 4096}, 0, {318, 996}, {0xFF, 0xFF, 0xFF, 0xFF}}},
	{{{-3071, 768, 3072}, 0, {6100, 990}, {0xFF, 0xFF, 0xFF, 0xFF}}},
	{{{-3071, 1024, 3072}, 0, {6100, 0}, {0xFF, 0xFF, 0xFF, 0xFF}}},
	{{{-4095, 1024, 4096}, 0, {318, -24}, {0xFF, 0xFF, 0xFF, 0xFF}}},
	{{{6271, 2064, -2677}, 0, {11912, 0}, {0xFF, 0xFF, 0xFF, 0xFF}}},
	{{{8093, 2064, -5982}, 0, {-18564, 0}, {0xFF, 0xFF, 0xFF, 0xFF}}},
	{{{6270, 1936, -2677}, 0, {11890, 990}, {0xFF, 0xFF, 0xFF, 0xFF}}},
	{{{8093, 1936, -5982}, 0, {-18588, 990}, {0xFF, 0xFF, 0xFF, 0xFF}}},
	{{{-1521, 891, 2034}, 0, {-8206, 0}, {0xFF, 0xFF, 0xFF, 0xFF}}},
	{{{1288, 768, 3820}, 0, {19480, 990}, {0xFF, 0xFF, 0xFF, 0xFF}}},
	{{{1288, 891, 3820}, 0, {19480, 0}, {0xFF, 0xFF, 0xFF, 0xFF}}},
	{{{-1521, 768, 2034}, 0, {-8206, 990}, {0xFF, 0xFF, 0xFF, 0xFF}}},
	{{{768, 768, 7168}, 0, {990, 990}, {0xFF, 0xFF, 0xFF, 0xFF}}},
	{{{768, 870, 7168}, 0, {990, 0}, {0xFF, 0xFF, 0xFF, 0xFF}}},
	{{{768, 870, 5847}, 0, {-12192, 0}, {0xFF, 0xFF, 0xFF, 0xFF}}},
	{{{768, 768, 5847}, 0, {-12192, 990}, {0xFF, 0xFF, 0xFF, 0xFF}}},
};

Gfx bob_dl_bob_seg7_dl_07004390_mesh_mesh_layer_4_tri_1[] = {
	gsSPVertex(bob_dl_bob_seg7_dl_07004390_mesh_mesh_layer_4_vtx_1 + 0, 40, 0),
	gsSP2Triangles(0, 1, 2, 0, 0, 3, 1, 0),
	gsSP2Triangles(4, 5, 6, 0, 4, 7, 5, 0),
	gsSP2Triangles(8, 9, 10, 0, 8, 11, 9, 0),
	gsSP2Triangles(12, 13, 14, 0, 15, 12, 14, 0),
	gsSP2Triangles(16, 17, 18, 0, 19, 16, 18, 0),
	gsSP2Triangles(20, 21, 22, 0, 20, 22, 23, 0),
	gsSP2Triangles(24, 25, 26, 0, 24, 26, 27, 0),
	gsSP2Triangles(28, 29, 30, 0, 29, 31, 30, 0),
	gsSP2Triangles(32, 33, 34, 0, 32, 35, 33, 0),
	gsSP2Triangles(36, 37, 38, 0, 36, 38, 39, 0),
	gsSPEndDisplayList(),
};

Vtx bob_dl_bob_seg7_dl_07004390_mesh_mesh_layer_5_vtx_cull[8] = {
	{{{-8191, -383, 8192}, 0, {0, 0}, {0x00, 0x00, 0x00, 0x00}}},
	{{{-8191, 4294, 8192}, 0, {0, 0}, {0x00, 0x00, 0x00, 0x00}}},
	{{{-8191, 4294, -8191}, 0, {0, 0}, {0x00, 0x00, 0x00, 0x00}}},
	{{{-8191, -383, -8191}, 0, {0, 0}, {0x00, 0x00, 0x00, 0x00}}},
	{{{8192, -383, 8192}, 0, {0, 0}, {0x00, 0x00, 0x00, 0x00}}},
	{{{8192, 4294, 8192}, 0, {0, 0}, {0x00, 0x00, 0x00, 0x00}}},
	{{{8192, 4294, -8191}, 0, {0, 0}, {0x00, 0x00, 0x00, 0x00}}},
	{{{8192, -383, -8191}, 0, {0, 0}, {0x00, 0x00, 0x00, 0x00}}},
};

Vtx bob_dl_bob_seg7_dl_07004390_mesh_mesh_layer_5_vtx_0[64] = {
	{{{-3890, 769, 2867}, 0, {990, 990}, {0xFF, 0xFF, 0xFF, 0xB4}}},
	{{{-4300, 769, 2867}, 0, {990, 0}, {0xFF, 0xFF, 0xFF, 0xB4}}},
	{{{-4300, 769, 3277}, 0, {0, 0}, {0xFF, 0xFF, 0xFF, 0xB4}}},
	{{{-3890, 769, 3277}, 0, {0, 990}, {0xFF, 0xFF, 0xFF, 0xB4}}},
	{{{4485, 964, 3846}, 0, {990, 990}, {0xFF, 0xFF, 0xFF, 0xB4}}},
	{{{3930, 892, 3698}, 0, {0, 0}, {0xFF, 0xFF, 0xFF, 0xB4}}},
	{{{4132, 942, 4051}, 0, {0, 990}, {0xFF, 0xFF, 0xFF, 0xB4}}},
	{{{4284, 913, 3493}, 0, {990, 0}, {0xFF, 0xFF, 0xFF, 0xB4}}},
	{{{3165, 769, 5778}, 0, {990, 990}, {0xFF, 0xFF, 0xFF, 0xB4}}},
	{{{2657, 769, 6056}, 0, {0, 0}, {0xFF, 0xFF, 0xFF, 0xB4}}},
	{{{3050, 769, 6171}, 0, {0, 990}, {0xFF, 0xFF, 0xFF, 0xB4}}},
	{{{2772, 769, 5663}, 0, {990, 0}, {0xFF, 0xFF, 0xFF, 0xB4}}},
	{{{-4001, 1, 4882}, 0, {990, 990}, {0xFF, 0xFF, 0xFF, 0xB4}}},
	{{{-4153, 1, 4501}, 0, {990, 0}, {0xFF, 0xFF, 0xFF, 0xB4}}},
	{{{-4534, 1, 4653}, 0, {0, 0}, {0xFF, 0xFF, 0xFF, 0xB4}}},
	{{{-4382, 1, 5034}, 0, {0, 990}, {0xFF, 0xFF, 0xFF, 0xB4}}},
	{{{-5761, 1025, -4942}, 0, {990, 0}, {0xFF, 0xFF, 0xFF, 0xB4}}},
	{{{-5822, 1025, -4366}, 0, {0, 990}, {0xFF, 0xFF, 0xFF, 0xB4}}},
	{{{-5504, 1025, -4624}, 0, {990, 990}, {0xFF, 0xFF, 0xFF, 0xB4}}},
	{{{-6080, 1025, -4685}, 0, {0, 0}, {0xFF, 0xFF, 0xFF, 0xB4}}},
	{{{5729, 892, 5972}, 0, {990, 990}, {0xFF, 0xFF, 0xFF, 0xB4}}},
	{{{5160, 836, 6061}, 0, {0, 0}, {0xFF, 0xFF, 0xFF, 0xB4}}},
	{{{5494, 805, 6296}, 0, {0, 990}, {0xFF, 0xFF, 0xFF, 0xB4}}},
	{{{5395, 923, 5737}, 0, {990, 0}, {0xFF, 0xFF, 0xFF, 0xB4}}},
	{{{-3890, 769, 1331}, 0, {990, 0}, {0xFF, 0xFF, 0xFF, 0xB4}}},
	{{{-4300, 769, 1331}, 0, {0, 0}, {0xFF, 0xFF, 0xFF, 0xB4}}},
	{{{-4300, 769, 1741}, 0, {0, 990}, {0xFF, 0xFF, 0xFF, 0xB4}}},
	{{{-3890, 769, 1741}, 0, {990, 990}, {0xFF, 0xFF, 0xFF, 0xB4}}},
	{{{-5857, 822, -6563}, 0, {990, 990}, {0xFF, 0xFF, 0xFF, 0xB4}}},
	{{{-6199, 862, -6786}, 0, {990, 0}, {0xFF, 0xFF, 0xFF, 0xB4}}},
	{{{-6403, 980, -6450}, 0, {0, 0}, {0xFF, 0xFF, 0xFF, 0xB4}}},
	{{{-6061, 940, -6228}, 0, {0, 990}, {0xFF, 0xFF, 0xFF, 0xB4}}},
	{{{-6677, 1025, -5127}, 0, {990, 0}, {0xFF, 0xFF, 0xFF, 0xB4}}},
	{{{-7065, 1025, -4993}, 0, {0, 0}, {0xFF, 0xFF, 0xFF, 0xB4}}},
	{{{-6931, 1025, -4606}, 0, {0, 990}, {0xFF, 0xFF, 0xFF, 0xB4}}},
	{{{-6543, 1025, -4740}, 0, {990, 990}, {0xFF, 0xFF, 0xFF, 0xB4}}},
	{{{6261, 2214, -7837}, 0, {990, 0}, {0xFF, 0xFF, 0xFF, 0xB4}}},
	{{{5856, 2252, -7882}, 0, {0, 0}, {0xFF, 0xFF, 0xFF, 0xB4}}},
	{{{5804, 2176, -7483}, 0, {0, 990}, {0xFF, 0xFF, 0xFF, 0xB4}}},
	{{{6210, 2138, -7438}, 0, {990, 990}, {0xFF, 0xFF, 0xFF, 0xB4}}},
	{{{-5967, 1025, -635}, 0, {990, 0}, {0xFF, 0xFF, 0xFF, 0xB4}}},
	{{{-6377, 1025, -635}, 0, {0, 0}, {0xFF, 0xFF, 0xFF, 0xB4}}},
	{{{-6377, 1025, -225}, 0, {0, 990}, {0xFF, 0xFF, 0xFF, 0xB4}}},
	{{{-5967, 1025, -225}, 0, {990, 990}, {0xFF, 0xFF, 0xFF, 0xB4}}},
	{{{-6450, 769, 3379}, 0, {990, 0}, {0xFF, 0xFF, 0xFF, 0xB4}}},
	{{{-6860, 769, 3379}, 0, {0, 0}, {0xFF, 0xFF, 0xFF, 0xB4}}},
	{{{-6860, 769, 3789}, 0, {0, 990}, {0xFF, 0xFF, 0xFF, 0xB4}}},
	{{{-6450, 769, 3789}, 0, {990, 990}, {0xFF, 0xFF, 0xFF, 0xB4}}},
	{{{-3378, 769, 2355}, 0, {990, 0}, {0xFF, 0xFF, 0xFF, 0xB4}}},
	{{{-3788, 769, 2765}, 0, {0, 990}, {0xFF, 0xFF, 0xFF, 0xB4}}},
	{{{-3378, 769, 2765}, 0, {990, 990}, {0xFF, 0xFF, 0xFF, 0xB4}}},
	{{{-3788, 769, 2355}, 0, {0, 0}, {0xFF, 0xFF, 0xFF, 0xB4}}},
	{{{7040, 1999, -5748}, 0, {990, 0}, {0xFF, 0xFF, 0xFF, 0xB4}}},
	{{{6559, 2019, -5426}, 0, {0, 990}, {0xFF, 0xFF, 0xFF, 0xB4}}},
	{{{6960, 1989, -5347}, 0, {990, 990}, {0xFF, 0xFF, 0xFF, 0xB4}}},
	{{{6639, 2029, -5827}, 0, {0, 0}, {0xFF, 0xFF, 0xFF, 0xB4}}},
	{{{4301, 3073, 1434}, 0, {990, 0}, {0xFF, 0xFF, 0xFF, 0xB4}}},
	{{{3891, 3073, 1434}, 0, {0, 0}, {0xFF, 0xFF, 0xFF, 0xB4}}},
	{{{3891, 3073, 1843}, 0, {0, 990}, {0xFF, 0xFF, 0xFF, 0xB4}}},
	{{{4301, 3073, 1843}, 0, {990, 990}, {0xFF, 0xFF, 0xFF, 0xB4}}},
	{{{-1497, 40, 4825}, 0, {0, 990}, {0xFF, 0xFF, 0xFF, 0xB4}}},
	{{{-1797, 164, 5074}, 0, {990, 990}, {0xFF, 0xFF, 0xFF, 0xB4}}},
	{{{-1220, 126, 5114}, 0, {0, 0}, {0xFF, 0xFF, 0xFF, 0xB4}}},
	{{{-1520, 251, 5364}, 0, {990, 0}, {0xFF, 0xFF, 0xFF, 0xB4}}},
};

Gfx bob_dl_bob_seg7_dl_07004390_mesh_mesh_layer_5_tri_0[] = {
	gsSPVertex(bob_dl_bob_seg7_dl_07004390_mesh_mesh_layer_5_vtx_0 + 0, 64, 0),
	gsSP2Triangles(0, 1, 2, 0, 0, 2, 3, 0),
	gsSP2Triangles(4, 5, 6, 0, 4, 7, 5, 0),
	gsSP2Triangles(8, 9, 10, 0, 8, 11, 9, 0),
	gsSP2Triangles(12, 13, 14, 0, 12, 14, 15, 0),
	gsSP2Triangles(16, 17, 18, 0, 16, 19, 17, 0),
	gsSP2Triangles(20, 21, 22, 0, 20, 23, 21, 0),
	gsSP2Triangles(24, 25, 26, 0, 24, 26, 27, 0),
	gsSP2Triangles(28, 29, 30, 0, 28, 30, 31, 0),
	gsSP2Triangles(32, 33, 34, 0, 32, 34, 35, 0),
	gsSP2Triangles(36, 37, 38, 0, 36, 38, 39, 0),
	gsSP2Triangles(40, 41, 42, 0, 40, 42, 43, 0),
	gsSP2Triangles(44, 45, 46, 0, 44, 46, 47, 0),
	gsSP2Triangles(48, 49, 50, 0, 48, 51, 49, 0),
	gsSP2Triangles(52, 53, 54, 0, 52, 55, 53, 0),
	gsSP2Triangles(56, 57, 58, 0, 56, 58, 59, 0),
	gsSP2Triangles(60, 61, 62, 0, 61, 63, 62, 0),
	gsSPEndDisplayList(),
};

Gfx mat_bob_dl_f3dlite_material_001_layer1_area1[] = {
	gsSPSetGeometryMode(G_FOG),
	gsSPSetLights1(bob_dl_f3dlite_material_001_layer1_area1_lights),
	gsDPPipeSync(),
	gsDPSetCombineLERP(TEXEL0, 0, SHADE, 0, 0, 0, 0, SHADE, 0, 0, 0, COMBINED, 0, 0, 0, COMBINED),
	gsDPSetFogColor(160, 160, 160, 255),
	gsSPFogPosition(980, 1000),
	gsDPSetAlphaDither(G_AD_NOISE),
	gsDPSetTextureLUT(G_TT_RGBA16),
	gsDPSetCycleType(G_CYC_2CYCLE),
	gsDPSetRenderMode(G_RM_FOG_SHADE_A, G_RM_AA_ZB_OPA_SURF2),
	gsSPTexture(65535, 65535, 0, 0, 1),
	gsDPSetTextureImage(G_IM_FMT_RGBA, G_IM_SIZ_16b, 1, bob_dl_bob_textures_05800_rgba16_pal_rgba16),
	gsDPSetTile(0, 0, 0, 256, 5, 0, G_TX_WRAP | G_TX_NOMIRROR, 0, 0, G_TX_WRAP | G_TX_NOMIRROR, 0, 0),
	gsDPLoadTLUTCmd(5, 100),
	gsDPSetTextureImage(G_IM_FMT_CI, G_IM_SIZ_8b_LOAD_BLOCK, 1, bob_dl_bob_textures_05800_rgba16_ci8),
	gsDPSetTile(G_IM_FMT_CI, G_IM_SIZ_8b_LOAD_BLOCK, 0, 0, 7, 0, G_TX_WRAP | G_TX_NOMIRROR, 0, 0, G_TX_WRAP | G_TX_NOMIRROR, 0, 0),
	gsDPLoadBlock(7, 0, 0, 511, 512),
	gsDPSetTile(G_IM_FMT_CI, G_IM_SIZ_8b, 4, 0, 0, 0, G_TX_WRAP | G_TX_NOMIRROR, 5, 0, G_TX_WRAP | G_TX_NOMIRROR, 5, 0),
	gsDPSetTileSize(0, 0, 0, 124, 124),
	gsSPEndDisplayList(),
};

Gfx mat_revert_bob_dl_f3dlite_material_001_layer1_area1[] = {
	gsSPClearGeometryMode(G_FOG),
	gsDPPipeSync(),
	gsDPSetAlphaDither(G_AD_DISABLE),
	gsDPSetTextureLUT(G_TT_NONE),
	gsDPSetCycleType(G_CYC_1CYCLE),
	gsDPSetRenderMode(G_RM_AA_ZB_OPA_SURF, G_RM_AA_ZB_OPA_SURF2),
	gsSPEndDisplayList(),
};

Gfx mat_bob_dl_f3dlite_material_002_layer1_area1[] = {
	gsSPSetGeometryMode(G_FOG),
	gsSPSetLights1(bob_dl_f3dlite_material_002_layer1_area1_lights),
	gsDPPipeSync(),
	gsDPSetCombineLERP(TEXEL0, 0, SHADE, 0, 0, 0, 0, SHADE, 0, 0, 0, COMBINED, 0, 0, 0, COMBINED),
	gsDPSetFogColor(160, 160, 160, 255),
	gsSPFogPosition(980, 1000),
	gsDPSetAlphaDither(G_AD_NOISE),
	gsDPSetCycleType(G_CYC_2CYCLE),
	gsDPSetRenderMode(G_RM_FOG_SHADE_A, G_RM_AA_ZB_OPA_SURF2),
	gsSPTexture(65535, 65535, 0, 0, 1),
	gsDPSetTextureImage(G_IM_FMT_RGBA, G_IM_SIZ_16b_LOAD_BLOCK, 1, bob_dl_bob_textures_09800_rgba16_rgba16),
	gsDPSetTile(G_IM_FMT_RGBA, G_IM_SIZ_16b_LOAD_BLOCK, 0, 0, 7, 0, G_TX_WRAP | G_TX_NOMIRROR, 0, 0, G_TX_WRAP | G_TX_NOMIRROR, 0, 0),
	gsDPLoadBlock(7, 0, 0, 1023, 256),
	gsDPSetTile(G_IM_FMT_RGBA, G_IM_SIZ_16b, 8, 0, 0, 0, G_TX_WRAP | G_TX_NOMIRROR, 5, 0, G_TX_CLAMP | G_TX_NOMIRROR, 5, 0),
	gsDPSetTileSize(0, 0, 0, 124, 124),
	gsSPEndDisplayList(),
};

Gfx mat_revert_bob_dl_f3dlite_material_002_layer1_area1[] = {
	gsSPClearGeometryMode(G_FOG),
	gsDPPipeSync(),
	gsDPSetAlphaDither(G_AD_DISABLE),
	gsDPSetCycleType(G_CYC_1CYCLE),
	gsDPSetRenderMode(G_RM_AA_ZB_OPA_SURF, G_RM_AA_ZB_OPA_SURF2),
	gsSPEndDisplayList(),
};

Gfx mat_bob_dl_f3dlite_material_003_layer1_area1[] = {
	gsSPSetGeometryMode(G_FOG),
	gsSPSetLights1(bob_dl_f3dlite_material_003_layer1_area1_lights),
	gsDPPipeSync(),
	gsDPSetCombineLERP(TEXEL0, 0, SHADE, 0, 0, 0, 0, SHADE, 0, 0, 0, COMBINED, 0, 0, 0, COMBINED),
	gsDPSetFogColor(160, 160, 160, 255),
	gsSPFogPosition(980, 1000),
	gsDPSetAlphaDither(G_AD_NOISE),
	gsDPSetTextureLUT(G_TT_RGBA16),
	gsDPSetCycleType(G_CYC_2CYCLE),
	gsDPSetRenderMode(G_RM_FOG_SHADE_A, G_RM_AA_ZB_OPA_SURF2),
	gsSPTexture(65535, 65535, 0, 0, 1),
	gsDPSetTextureImage(G_IM_FMT_RGBA, G_IM_SIZ_16b, 1, bob_dl_bob_textures_06000_rgba16_pal_rgba16),
	gsDPSetTile(0, 0, 0, 256, 5, 0, G_TX_WRAP | G_TX_NOMIRROR, 0, 0, G_TX_WRAP | G_TX_NOMIRROR, 0, 0),
	gsDPLoadTLUTCmd(5, 240),
	gsDPSetTextureImage(G_IM_FMT_CI, G_IM_SIZ_8b_LOAD_BLOCK, 1, bob_dl_bob_textures_06000_rgba16_ci8),
	gsDPSetTile(G_IM_FMT_CI, G_IM_SIZ_8b_LOAD_BLOCK, 0, 0, 7, 0, G_TX_WRAP | G_TX_NOMIRROR, 0, 0, G_TX_WRAP | G_TX_NOMIRROR, 0, 0),
	gsDPLoadBlock(7, 0, 0, 1023, 512),
	gsDPSetTile(G_IM_FMT_CI, G_IM_SIZ_8b, 4, 0, 0, 0, G_TX_WRAP | G_TX_NOMIRROR, 6, 0, G_TX_WRAP | G_TX_NOMIRROR, 5, 0),
	gsDPSetTileSize(0, 0, 0, 124, 252),
	gsSPEndDisplayList(),
};

Gfx mat_revert_bob_dl_f3dlite_material_003_layer1_area1[] = {
	gsSPClearGeometryMode(G_FOG),
	gsDPPipeSync(),
	gsDPSetAlphaDither(G_AD_DISABLE),
	gsDPSetTextureLUT(G_TT_NONE),
	gsDPSetCycleType(G_CYC_1CYCLE),
	gsDPSetRenderMode(G_RM_AA_ZB_OPA_SURF, G_RM_AA_ZB_OPA_SURF2),
	gsSPEndDisplayList(),
};

Gfx mat_bob_dl_f3dlite_material_025_layer1_area1[] = {
	gsSPSetGeometryMode(G_FOG),
	gsSPSetLights1(bob_dl_f3dlite_material_025_layer1_area1_lights),
	gsDPPipeSync(),
	gsDPSetCombineLERP(TEXEL0, 0, SHADE, 0, 0, 0, 0, SHADE, 0, 0, 0, COMBINED, 0, 0, 0, COMBINED),
	gsDPSetFogColor(160, 160, 160, 255),
	gsSPFogPosition(980, 1000),
	gsDPSetAlphaDither(G_AD_NOISE),
	gsDPSetTextureLUT(G_TT_RGBA16),
	gsDPSetCycleType(G_CYC_2CYCLE),
	gsDPSetRenderMode(G_RM_FOG_SHADE_A, G_RM_AA_ZB_OPA_SURF2),
	gsSPTexture(65535, 65535, 0, 0, 1),
	gsDPSetTextureImage(G_IM_FMT_RGBA, G_IM_SIZ_16b, 1, bob_dl_bob_textures_09000_rgba16_pal_rgba16),
	gsDPSetTile(0, 0, 0, 256, 5, 0, G_TX_WRAP | G_TX_NOMIRROR, 0, 0, G_TX_WRAP | G_TX_NOMIRROR, 0, 0),
	gsDPLoadTLUTCmd(5, 83),
	gsDPSetTextureImage(G_IM_FMT_CI, G_IM_SIZ_8b_LOAD_BLOCK, 1, bob_dl_bob_textures_09000_rgba16_ci8),
	gsDPSetTile(G_IM_FMT_CI, G_IM_SIZ_8b_LOAD_BLOCK, 0, 0, 7, 0, G_TX_WRAP | G_TX_NOMIRROR, 0, 0, G_TX_WRAP | G_TX_NOMIRROR, 0, 0),
	gsDPLoadBlock(7, 0, 0, 511, 512),
	gsDPSetTile(G_IM_FMT_CI, G_IM_SIZ_8b, 4, 0, 0, 0, G_TX_WRAP | G_TX_NOMIRROR, 5, 0, G_TX_WRAP | G_TX_NOMIRROR, 5, 0),
	gsDPSetTileSize(0, 0, 0, 124, 124),
	gsSPEndDisplayList(),
};

Gfx mat_revert_bob_dl_f3dlite_material_025_layer1_area1[] = {
	gsSPClearGeometryMode(G_FOG),
	gsDPPipeSync(),
	gsDPSetAlphaDither(G_AD_DISABLE),
	gsDPSetTextureLUT(G_TT_NONE),
	gsDPSetCycleType(G_CYC_1CYCLE),
	gsDPSetRenderMode(G_RM_AA_ZB_OPA_SURF, G_RM_AA_ZB_OPA_SURF2),
	gsSPEndDisplayList(),
};

Gfx mat_bob_dl_f3dlite_material_018_layer1_area1[] = {
	gsSPSetGeometryMode(G_FOG),
	gsSPSetLights1(bob_dl_f3dlite_material_018_layer1_area1_lights),
	gsDPPipeSync(),
	gsDPSetCombineLERP(TEXEL0, 0, SHADE, 0, 0, 0, 0, SHADE, 0, 0, 0, COMBINED, 0, 0, 0, COMBINED),
	gsDPSetFogColor(160, 160, 160, 255),
	gsSPFogPosition(980, 1000),
	gsDPSetAlphaDither(G_AD_NOISE),
	gsDPSetTextureLUT(G_TT_RGBA16),
	gsDPSetCycleType(G_CYC_2CYCLE),
	gsDPSetRenderMode(G_RM_FOG_SHADE_A, G_RM_AA_ZB_OPA_SURF2),
	gsSPTexture(65535, 65535, 0, 0, 1),
	gsDPSetTextureImage(G_IM_FMT_RGBA, G_IM_SIZ_16b, 1, bob_dl_bob_textures_09000_rgba16_pal_rgba16),
	gsDPSetTile(0, 0, 0, 256, 5, 0, G_TX_WRAP | G_TX_NOMIRROR, 0, 0, G_TX_WRAP | G_TX_NOMIRROR, 0, 0),
	gsDPLoadTLUTCmd(5, 83),
	gsDPSetTextureImage(G_IM_FMT_CI, G_IM_SIZ_8b_LOAD_BLOCK, 1, bob_dl_bob_textures_09000_rgba16_ci8),
	gsDPSetTile(G_IM_FMT_CI, G_IM_SIZ_8b_LOAD_BLOCK, 0, 0, 7, 0, G_TX_WRAP | G_TX_NOMIRROR, 0, 0, G_TX_WRAP | G_TX_NOMIRROR, 0, 0),
	gsDPLoadBlock(7, 0, 0, 511, 512),
	gsDPSetTile(G_IM_FMT_CI, G_IM_SIZ_8b, 4, 0, 0, 0, G_TX_WRAP | G_TX_NOMIRROR, 5, 0, G_TX_WRAP | G_TX_NOMIRROR, 5, 0),
	gsDPSetTileSize(0, 0, 0, 124, 124),
	gsSPEndDisplayList(),
};

Gfx mat_revert_bob_dl_f3dlite_material_018_layer1_area1[] = {
	gsSPClearGeometryMode(G_FOG),
	gsDPPipeSync(),
	gsDPSetAlphaDither(G_AD_DISABLE),
	gsDPSetTextureLUT(G_TT_NONE),
	gsDPSetCycleType(G_CYC_1CYCLE),
	gsDPSetRenderMode(G_RM_AA_ZB_OPA_SURF, G_RM_AA_ZB_OPA_SURF2),
	gsSPEndDisplayList(),
};

Gfx mat_bob_dl_f3dlite_material_019_layer1_area1[] = {
	gsSPSetGeometryMode(G_FOG),
	gsSPSetLights1(bob_dl_f3dlite_material_019_layer1_area1_lights),
	gsDPPipeSync(),
	gsDPSetCombineLERP(TEXEL0, 0, SHADE, 0, 0, 0, 0, SHADE, 0, 0, 0, COMBINED, 0, 0, 0, COMBINED),
	gsDPSetFogColor(160, 160, 160, 255),
	gsSPFogPosition(980, 1000),
	gsDPSetAlphaDither(G_AD_NOISE),
	gsDPSetTextureLUT(G_TT_RGBA16),
	gsDPSetCycleType(G_CYC_2CYCLE),
	gsDPSetRenderMode(G_RM_FOG_SHADE_A, G_RM_AA_ZB_OPA_SURF2),
	gsSPTexture(65535, 65535, 0, 0, 1),
	gsDPSetTextureImage(G_IM_FMT_RGBA, G_IM_SIZ_16b, 1, bob_dl_bob_textures_09000_rgba16_pal_rgba16),
	gsDPSetTile(0, 0, 0, 256, 5, 0, G_TX_WRAP | G_TX_NOMIRROR, 0, 0, G_TX_WRAP | G_TX_NOMIRROR, 0, 0),
	gsDPLoadTLUTCmd(5, 83),
	gsDPSetTextureImage(G_IM_FMT_CI, G_IM_SIZ_8b_LOAD_BLOCK, 1, bob_dl_bob_textures_09000_rgba16_ci8),
	gsDPSetTile(G_IM_FMT_CI, G_IM_SIZ_8b_LOAD_BLOCK, 0, 0, 7, 0, G_TX_WRAP | G_TX_NOMIRROR, 0, 0, G_TX_WRAP | G_TX_NOMIRROR, 0, 0),
	gsDPLoadBlock(7, 0, 0, 511, 512),
	gsDPSetTile(G_IM_FMT_CI, G_IM_SIZ_8b, 4, 0, 0, 0, G_TX_WRAP | G_TX_NOMIRROR, 5, 0, G_TX_WRAP | G_TX_NOMIRROR, 5, 0),
	gsDPSetTileSize(0, 0, 0, 124, 124),
	gsSPEndDisplayList(),
};

Gfx mat_revert_bob_dl_f3dlite_material_019_layer1_area1[] = {
	gsSPClearGeometryMode(G_FOG),
	gsDPPipeSync(),
	gsDPSetAlphaDither(G_AD_DISABLE),
	gsDPSetTextureLUT(G_TT_NONE),
	gsDPSetCycleType(G_CYC_1CYCLE),
	gsDPSetRenderMode(G_RM_AA_ZB_OPA_SURF, G_RM_AA_ZB_OPA_SURF2),
	gsSPEndDisplayList(),
};

Gfx mat_bob_dl_f3dlite_material_020_layer1_area1[] = {
	gsSPSetGeometryMode(G_FOG),
	gsSPSetLights1(bob_dl_f3dlite_material_020_layer1_area1_lights),
	gsDPPipeSync(),
	gsDPSetCombineLERP(TEXEL0, 0, SHADE, 0, 0, 0, 0, SHADE, 0, 0, 0, COMBINED, 0, 0, 0, COMBINED),
	gsDPSetFogColor(160, 160, 160, 255),
	gsSPFogPosition(980, 1000),
	gsDPSetAlphaDither(G_AD_NOISE),
	gsDPSetTextureLUT(G_TT_RGBA16),
	gsDPSetCycleType(G_CYC_2CYCLE),
	gsDPSetRenderMode(G_RM_FOG_SHADE_A, G_RM_AA_ZB_OPA_SURF2),
	gsSPTexture(65535, 65535, 0, 0, 1),
	gsDPSetTextureImage(G_IM_FMT_RGBA, G_IM_SIZ_16b, 1, bob_dl_bob_textures_05800_rgba16_pal_rgba16),
	gsDPSetTile(0, 0, 0, 256, 5, 0, G_TX_WRAP | G_TX_NOMIRROR, 0, 0, G_TX_WRAP | G_TX_NOMIRROR, 0, 0),
	gsDPLoadTLUTCmd(5, 100),
	gsDPSetTextureImage(G_IM_FMT_CI, G_IM_SIZ_8b_LOAD_BLOCK, 1, bob_dl_bob_textures_05800_rgba16_ci8),
	gsDPSetTile(G_IM_FMT_CI, G_IM_SIZ_8b_LOAD_BLOCK, 0, 0, 7, 0, G_TX_WRAP | G_TX_NOMIRROR, 0, 0, G_TX_WRAP | G_TX_NOMIRROR, 0, 0),
	gsDPLoadBlock(7, 0, 0, 511, 512),
	gsDPSetTile(G_IM_FMT_CI, G_IM_SIZ_8b, 4, 0, 0, 0, G_TX_WRAP | G_TX_NOMIRROR, 5, 0, G_TX_WRAP | G_TX_NOMIRROR, 5, 0),
	gsDPSetTileSize(0, 0, 0, 124, 124),
	gsSPEndDisplayList(),
};

Gfx mat_revert_bob_dl_f3dlite_material_020_layer1_area1[] = {
	gsSPClearGeometryMode(G_FOG),
	gsDPPipeSync(),
	gsDPSetAlphaDither(G_AD_DISABLE),
	gsDPSetTextureLUT(G_TT_NONE),
	gsDPSetCycleType(G_CYC_1CYCLE),
	gsDPSetRenderMode(G_RM_AA_ZB_OPA_SURF, G_RM_AA_ZB_OPA_SURF2),
	gsSPEndDisplayList(),
};

Gfx mat_bob_dl_f3dlite_material_021_layer1_area1[] = {
	gsSPSetGeometryMode(G_FOG),
	gsSPSetLights1(bob_dl_f3dlite_material_021_layer1_area1_lights),
	gsDPPipeSync(),
	gsDPSetCombineLERP(TEXEL0, 0, SHADE, 0, 0, 0, 0, SHADE, 0, 0, 0, COMBINED, 0, 0, 0, COMBINED),
	gsDPSetFogColor(160, 160, 160, 255),
	gsSPFogPosition(980, 1000),
	gsDPSetAlphaDither(G_AD_NOISE),
	gsDPSetCycleType(G_CYC_2CYCLE),
	gsDPSetRenderMode(G_RM_FOG_SHADE_A, G_RM_AA_ZB_OPA_SURF2),
	gsSPTexture(65535, 65535, 0, 0, 1),
	gsDPSetTextureImage(G_IM_FMT_RGBA, G_IM_SIZ_16b_LOAD_BLOCK, 1, bob_dl_bob_textures_09800_rgba16_rgba16),
	gsDPSetTile(G_IM_FMT_RGBA, G_IM_SIZ_16b_LOAD_BLOCK, 0, 0, 7, 0, G_TX_WRAP | G_TX_NOMIRROR, 0, 0, G_TX_WRAP | G_TX_NOMIRROR, 0, 0),
	gsDPLoadBlock(7, 0, 0, 1023, 256),
	gsDPSetTile(G_IM_FMT_RGBA, G_IM_SIZ_16b, 8, 0, 0, 0, G_TX_WRAP | G_TX_NOMIRROR, 5, 0, G_TX_CLAMP | G_TX_NOMIRROR, 5, 0),
	gsDPSetTileSize(0, 0, 0, 124, 124),
	gsSPEndDisplayList(),
};

Gfx mat_revert_bob_dl_f3dlite_material_021_layer1_area1[] = {
	gsSPClearGeometryMode(G_FOG),
	gsDPPipeSync(),
	gsDPSetAlphaDither(G_AD_DISABLE),
	gsDPSetCycleType(G_CYC_1CYCLE),
	gsDPSetRenderMode(G_RM_AA_ZB_OPA_SURF, G_RM_AA_ZB_OPA_SURF2),
	gsSPEndDisplayList(),
};

Gfx mat_bob_dl_f3dlite_material_022_layer1_area1[] = {
	gsSPSetGeometryMode(G_FOG),
	gsSPSetLights1(bob_dl_f3dlite_material_022_layer1_area1_lights),
	gsDPPipeSync(),
	gsDPSetCombineLERP(TEXEL0, 0, SHADE, 0, 0, 0, 0, SHADE, 0, 0, 0, COMBINED, 0, 0, 0, COMBINED),
	gsDPSetFogColor(160, 160, 160, 255),
	gsSPFogPosition(980, 1000),
	gsDPSetAlphaDither(G_AD_NOISE),
	gsDPSetTextureLUT(G_TT_RGBA16),
	gsDPSetCycleType(G_CYC_2CYCLE),
	gsDPSetRenderMode(G_RM_FOG_SHADE_A, G_RM_AA_ZB_OPA_SURF2),
	gsSPTexture(65535, 65535, 0, 0, 1),
	gsDPSetTextureImage(G_IM_FMT_RGBA, G_IM_SIZ_16b, 1, bob_dl__4_rgba16_pal_rgba16),
	gsDPSetTile(0, 0, 0, 256, 5, 0, G_TX_WRAP | G_TX_NOMIRROR, 0, 0, G_TX_WRAP | G_TX_NOMIRROR, 0, 0),
	gsDPLoadTLUTCmd(5, 197),
	gsDPSetTextureImage(G_IM_FMT_CI, G_IM_SIZ_8b_LOAD_BLOCK, 1, bob_dl__4_rgba16_ci8),
	gsDPSetTile(G_IM_FMT_CI, G_IM_SIZ_8b_LOAD_BLOCK, 0, 0, 7, 0, G_TX_WRAP | G_TX_NOMIRROR, 0, 0, G_TX_WRAP | G_TX_NOMIRROR, 0, 0),
	gsDPLoadBlock(7, 0, 0, 511, 512),
	gsDPSetTile(G_IM_FMT_CI, G_IM_SIZ_8b, 4, 0, 0, 0, G_TX_WRAP | G_TX_NOMIRROR, 5, 0, G_TX_CLAMP | G_TX_NOMIRROR, 5, 0),
	gsDPSetTileSize(0, 0, 0, 124, 124),
	gsSPEndDisplayList(),
};

Gfx mat_revert_bob_dl_f3dlite_material_022_layer1_area1[] = {
	gsSPClearGeometryMode(G_FOG),
	gsDPPipeSync(),
	gsDPSetAlphaDither(G_AD_DISABLE),
	gsDPSetTextureLUT(G_TT_NONE),
	gsDPSetCycleType(G_CYC_1CYCLE),
	gsDPSetRenderMode(G_RM_AA_ZB_OPA_SURF, G_RM_AA_ZB_OPA_SURF2),
	gsSPEndDisplayList(),
};

Gfx mat_bob_dl_f3dlite_material_023_layer1_area1[] = {
	gsSPSetGeometryMode(G_FOG),
	gsSPSetLights1(bob_dl_f3dlite_material_023_layer1_area1_lights),
	gsDPPipeSync(),
	gsDPSetCombineLERP(TEXEL0, 0, SHADE, 0, 0, 0, 0, SHADE, 0, 0, 0, COMBINED, 0, 0, 0, COMBINED),
	gsDPSetFogColor(160, 160, 160, 255),
	gsSPFogPosition(980, 1000),
	gsDPSetAlphaDither(G_AD_NOISE),
	gsDPSetTextureLUT(G_TT_RGBA16),
	gsDPSetCycleType(G_CYC_2CYCLE),
	gsDPSetRenderMode(G_RM_FOG_SHADE_A, G_RM_AA_ZB_OPA_SURF2),
	gsSPTexture(65535, 65535, 0, 0, 1),
	gsDPSetTextureImage(G_IM_FMT_RGBA, G_IM_SIZ_16b, 1, bob_dl_bob_textures_0A000_rgba16_pal_rgba16),
	gsDPSetTile(0, 0, 0, 256, 5, 0, G_TX_WRAP | G_TX_NOMIRROR, 0, 0, G_TX_WRAP | G_TX_NOMIRROR, 0, 0),
	gsDPLoadTLUTCmd(5, 135),
	gsDPSetTextureImage(G_IM_FMT_CI, G_IM_SIZ_8b_LOAD_BLOCK, 1, bob_dl_bob_textures_0A000_rgba16_ci8),
	gsDPSetTile(G_IM_FMT_CI, G_IM_SIZ_8b_LOAD_BLOCK, 0, 0, 7, 0, G_TX_WRAP | G_TX_NOMIRROR, 0, 0, G_TX_WRAP | G_TX_NOMIRROR, 0, 0),
	gsDPLoadBlock(7, 0, 0, 511, 512),
	gsDPSetTile(G_IM_FMT_CI, G_IM_SIZ_8b, 4, 0, 0, 0, G_TX_WRAP | G_TX_NOMIRROR, 5, 0, G_TX_WRAP | G_TX_NOMIRROR, 5, 0),
	gsDPSetTileSize(0, 0, 0, 124, 124),
	gsSPEndDisplayList(),
};

Gfx mat_revert_bob_dl_f3dlite_material_023_layer1_area1[] = {
	gsSPClearGeometryMode(G_FOG),
	gsDPPipeSync(),
	gsDPSetAlphaDither(G_AD_DISABLE),
	gsDPSetTextureLUT(G_TT_NONE),
	gsDPSetCycleType(G_CYC_1CYCLE),
	gsDPSetRenderMode(G_RM_AA_ZB_OPA_SURF, G_RM_AA_ZB_OPA_SURF2),
	gsSPEndDisplayList(),
};

Gfx mat_bob_dl_f3dlite_material_024_layer1_area1[] = {
	gsSPSetGeometryMode(G_FOG),
	gsSPSetLights1(bob_dl_f3dlite_material_024_layer1_area1_lights),
	gsDPPipeSync(),
	gsDPSetCombineLERP(TEXEL0, 0, SHADE, 0, 0, 0, 0, SHADE, 0, 0, 0, COMBINED, 0, 0, 0, COMBINED),
	gsDPSetFogColor(160, 160, 160, 255),
	gsSPFogPosition(980, 1000),
	gsDPSetAlphaDither(G_AD_NOISE),
	gsDPSetTextureLUT(G_TT_RGBA16),
	gsDPSetCycleType(G_CYC_2CYCLE),
	gsDPSetRenderMode(G_RM_FOG_SHADE_A, G_RM_AA_ZB_OPA_SURF2),
	gsSPTexture(65535, 65535, 0, 0, 1),
	gsDPSetTextureImage(G_IM_FMT_RGBA, G_IM_SIZ_16b, 1, bob_dl_bob_textures_06000_rgba16_pal_rgba16),
	gsDPSetTile(0, 0, 0, 256, 5, 0, G_TX_WRAP | G_TX_NOMIRROR, 0, 0, G_TX_WRAP | G_TX_NOMIRROR, 0, 0),
	gsDPLoadTLUTCmd(5, 240),
	gsDPSetTextureImage(G_IM_FMT_CI, G_IM_SIZ_8b_LOAD_BLOCK, 1, bob_dl_bob_textures_06000_rgba16_ci8),
	gsDPSetTile(G_IM_FMT_CI, G_IM_SIZ_8b_LOAD_BLOCK, 0, 0, 7, 0, G_TX_WRAP | G_TX_NOMIRROR, 0, 0, G_TX_WRAP | G_TX_NOMIRROR, 0, 0),
	gsDPLoadBlock(7, 0, 0, 1023, 512),
	gsDPSetTile(G_IM_FMT_CI, G_IM_SIZ_8b, 4, 0, 0, 0, G_TX_WRAP | G_TX_NOMIRROR, 6, 0, G_TX_WRAP | G_TX_NOMIRROR, 5, 0),
	gsDPSetTileSize(0, 0, 0, 124, 252),
	gsSPEndDisplayList(),
};

Gfx mat_revert_bob_dl_f3dlite_material_024_layer1_area1[] = {
	gsSPClearGeometryMode(G_FOG),
	gsDPPipeSync(),
	gsDPSetAlphaDither(G_AD_DISABLE),
	gsDPSetTextureLUT(G_TT_NONE),
	gsDPSetCycleType(G_CYC_1CYCLE),
	gsDPSetRenderMode(G_RM_AA_ZB_OPA_SURF, G_RM_AA_ZB_OPA_SURF2),
	gsSPEndDisplayList(),
};

Gfx mat_bob_dl_f3dlite_material_015_layer4_area1[] = {
	gsSPGeometryMode(G_CULL_BACK | G_LIGHTING, G_FOG),
	gsDPPipeSync(),
	gsDPSetCombineLERP(0, 0, 0, TEXEL0, 0, 0, 0, TEXEL0, 0, 0, 0, COMBINED, 0, 0, 0, COMBINED),
	gsDPSetFogColor(160, 160, 160, 255),
	gsSPFogPosition(980, 1000),
	gsDPSetAlphaDither(G_AD_NOISE),
	gsDPSetTextureLUT(G_TT_RGBA16),
	gsDPSetCycleType(G_CYC_2CYCLE),
	gsDPSetRenderMode(G_RM_FOG_SHADE_A, G_RM_AA_ZB_TEX_EDGE2),
	gsSPTexture(65535, 65535, 0, 0, 1),
	gsDPSetTextureImage(G_IM_FMT_RGBA, G_IM_SIZ_16b, 1, bob_dl_bob_textures_08800_rgba16_pal_rgba16),
	gsDPSetTile(0, 0, 0, 256, 5, 0, G_TX_WRAP | G_TX_NOMIRROR, 0, 0, G_TX_WRAP | G_TX_NOMIRROR, 0, 0),
	gsDPLoadTLUTCmd(5, 7),
	gsDPSetTextureImage(G_IM_FMT_CI, G_IM_SIZ_16b, 1, bob_dl_bob_textures_08800_rgba16_ci4),
	gsDPSetTile(G_IM_FMT_CI, G_IM_SIZ_16b, 0, 0, 7, 0, G_TX_WRAP | G_TX_NOMIRROR, 0, 0, G_TX_WRAP | G_TX_NOMIRROR, 0, 0),
	gsDPLoadBlock(7, 0, 0, 255, 1024),
	gsDPSetTile(G_IM_FMT_CI, G_IM_SIZ_4b, 2, 0, 0, 0, G_TX_WRAP | G_TX_NOMIRROR, 5, 0, G_TX_WRAP | G_TX_NOMIRROR, 5, 0),
	gsDPSetTileSize(0, 0, 0, 124, 124),
	gsSPEndDisplayList(),
};

Gfx mat_revert_bob_dl_f3dlite_material_015_layer4_area1[] = {
	gsSPGeometryMode(G_FOG, G_CULL_BACK | G_LIGHTING),
	gsDPPipeSync(),
	gsDPSetAlphaDither(G_AD_DISABLE),
	gsDPSetTextureLUT(G_TT_NONE),
	gsDPSetCycleType(G_CYC_1CYCLE),
	gsDPSetRenderMode(G_RM_AA_ZB_TEX_EDGE, G_RM_AA_ZB_TEX_EDGE2),
	gsSPEndDisplayList(),
};

Gfx mat_bob_dl_f3dlite_material_016_layer4_area1[] = {
	gsSPGeometryMode(G_CULL_BACK | G_LIGHTING, G_FOG),
	gsDPPipeSync(),
	gsDPSetCombineLERP(0, 0, 0, TEXEL0, 0, 0, 0, TEXEL0, 0, 0, 0, COMBINED, 0, 0, 0, COMBINED),
	gsDPSetFogColor(160, 160, 160, 255),
	gsSPFogPosition(980, 1000),
	gsDPSetAlphaDither(G_AD_NOISE),
	gsDPSetTextureLUT(G_TT_RGBA16),
	gsDPSetCycleType(G_CYC_2CYCLE),
	gsDPSetRenderMode(G_RM_FOG_SHADE_A, G_RM_AA_ZB_TEX_EDGE2),
	gsSPTexture(65535, 65535, 0, 0, 1),
	gsDPSetTextureImage(G_IM_FMT_RGBA, G_IM_SIZ_16b, 1, bob_dl__0_rgba16_pal_rgba16),
	gsDPSetTile(0, 0, 0, 256, 5, 0, G_TX_WRAP | G_TX_NOMIRROR, 0, 0, G_TX_WRAP | G_TX_NOMIRROR, 0, 0),
	gsDPLoadTLUTCmd(5, 189),
	gsDPSetTextureImage(G_IM_FMT_CI, G_IM_SIZ_8b_LOAD_BLOCK, 1, bob_dl__0_rgba16_ci8),
	gsDPSetTile(G_IM_FMT_CI, G_IM_SIZ_8b_LOAD_BLOCK, 0, 0, 7, 0, G_TX_WRAP | G_TX_NOMIRROR, 0, 0, G_TX_WRAP | G_TX_NOMIRROR, 0, 0),
	gsDPLoadBlock(7, 0, 0, 511, 512),
	gsDPSetTile(G_IM_FMT_CI, G_IM_SIZ_8b, 4, 0, 0, 0, G_TX_WRAP | G_TX_NOMIRROR, 5, 0, G_TX_WRAP | G_TX_NOMIRROR, 5, 0),
	gsDPSetTileSize(0, 0, 0, 124, 124),
	gsSPEndDisplayList(),
};

Gfx mat_revert_bob_dl_f3dlite_material_016_layer4_area1[] = {
	gsSPGeometryMode(G_FOG, G_CULL_BACK | G_LIGHTING),
	gsDPPipeSync(),
	gsDPSetAlphaDither(G_AD_DISABLE),
	gsDPSetTextureLUT(G_TT_NONE),
	gsDPSetCycleType(G_CYC_1CYCLE),
	gsDPSetRenderMode(G_RM_AA_ZB_TEX_EDGE, G_RM_AA_ZB_TEX_EDGE2),
	gsSPEndDisplayList(),
};

Gfx mat_bob_dl_f3dlite_material_014[] = {
	gsSPClearGeometryMode(G_LIGHTING),
	gsDPPipeSync(),
	gsDPSetCombineLERP(TEXEL0, 0, SHADE, 0, TEXEL0, 0, SHADE, 0, TEXEL0, 0, SHADE, 0, TEXEL0, 0, SHADE, 0),
	gsDPSetAlphaDither(G_AD_NOISE),
	gsSPTexture(65535, 65535, 0, 0, 1),
	gsDPSetTextureImage(G_IM_FMT_IA, G_IM_SIZ_8b_LOAD_BLOCK, 1, bob_dl_bob_textures_0B000_ia16_ia8),
	gsDPSetTile(G_IM_FMT_IA, G_IM_SIZ_8b_LOAD_BLOCK, 0, 0, 7, 0, G_TX_WRAP | G_TX_NOMIRROR, 0, 0, G_TX_WRAP | G_TX_NOMIRROR, 0, 0),
	gsDPLoadBlock(7, 0, 0, 511, 512),
	gsDPSetTile(G_IM_FMT_IA, G_IM_SIZ_8b, 4, 0, 0, 0, G_TX_CLAMP | G_TX_NOMIRROR, 5, 0, G_TX_CLAMP | G_TX_NOMIRROR, 5, 0),
	gsDPSetTileSize(0, 0, 0, 124, 124),
	gsSPEndDisplayList(),
};

Gfx mat_revert_bob_dl_f3dlite_material_014[] = {
	gsSPSetGeometryMode(G_LIGHTING),
	gsDPPipeSync(),
	gsDPSetAlphaDither(G_AD_DISABLE),
	gsSPEndDisplayList(),
};

Gfx mat_bob_dl_f3dlite_material_004_layer1_area1[] = {
	gsSPGeometryMode(G_SHADING_SMOOTH, G_FOG),
	gsSPSetLights1(bob_dl_f3dlite_material_004_layer1_area1_lights),
	gsDPPipeSync(),
	gsDPSetCombineLERP(TEXEL0, 0, SHADE, 0, 0, 0, 0, SHADE, 0, 0, 0, COMBINED, 0, 0, 0, COMBINED),
	gsDPSetFogColor(160, 160, 160, 255),
	gsSPFogPosition(980, 1000),
	gsDPSetAlphaDither(G_AD_NOISE),
	gsDPSetTextureLUT(G_TT_RGBA16),
	gsDPSetCycleType(G_CYC_2CYCLE),
	gsDPSetRenderMode(G_RM_FOG_SHADE_A, G_RM_AA_ZB_OPA_SURF2),
	gsSPTexture(65535, 65535, 0, 0, 1),
	gsDPSetTextureImage(G_IM_FMT_RGBA, G_IM_SIZ_16b, 1, bob_dl_bob_textures_03800_rgba16_pal_rgba16),
	gsDPSetTile(0, 0, 0, 256, 5, 0, G_TX_WRAP | G_TX_NOMIRROR, 0, 0, G_TX_WRAP | G_TX_NOMIRROR, 0, 0),
	gsDPLoadTLUTCmd(5, 208),
	gsDPSetTextureImage(G_IM_FMT_CI, G_IM_SIZ_8b_LOAD_BLOCK, 1, bob_dl_bob_textures_03800_rgba16_ci8),
	gsDPSetTile(G_IM_FMT_CI, G_IM_SIZ_8b_LOAD_BLOCK, 0, 0, 7, 0, G_TX_WRAP | G_TX_NOMIRROR, 0, 0, G_TX_WRAP | G_TX_NOMIRROR, 0, 0),
	gsDPLoadBlock(7, 0, 0, 511, 512),
	gsDPSetTile(G_IM_FMT_CI, G_IM_SIZ_8b, 4, 0, 0, 0, G_TX_WRAP | G_TX_NOMIRROR, 5, 0, G_TX_WRAP | G_TX_NOMIRROR, 5, 0),
	gsDPSetTileSize(0, 0, 0, 124, 124),
	gsSPEndDisplayList(),
};

Gfx mat_revert_bob_dl_f3dlite_material_004_layer1_area1[] = {
	gsSPGeometryMode(G_FOG, G_SHADING_SMOOTH),
	gsDPPipeSync(),
	gsDPSetAlphaDither(G_AD_DISABLE),
	gsDPSetTextureLUT(G_TT_NONE),
	gsDPSetCycleType(G_CYC_1CYCLE),
	gsDPSetRenderMode(G_RM_AA_ZB_OPA_SURF, G_RM_AA_ZB_OPA_SURF2),
	gsSPEndDisplayList(),
};

Gfx mat_bob_dl_f3dlite_material_005_layer1_area1[] = {
	gsSPGeometryMode(G_SHADING_SMOOTH, G_FOG),
	gsSPSetLights1(bob_dl_f3dlite_material_005_layer1_area1_lights),
	gsDPPipeSync(),
	gsDPSetCombineLERP(TEXEL0, 0, SHADE, 0, 0, 0, 0, SHADE, 0, 0, 0, COMBINED, 0, 0, 0, COMBINED),
	gsDPSetFogColor(160, 160, 160, 255),
	gsSPFogPosition(980, 1000),
	gsDPSetAlphaDither(G_AD_NOISE),
	gsDPSetTextureLUT(G_TT_RGBA16),
	gsDPSetCycleType(G_CYC_2CYCLE),
	gsDPSetRenderMode(G_RM_FOG_SHADE_A, G_RM_AA_ZB_OPA_SURF2),
	gsSPTexture(65535, 65535, 0, 0, 1),
	gsDPSetTextureImage(G_IM_FMT_RGBA, G_IM_SIZ_16b, 1, bob_dl_bob_textures_02000_rgba16_pal_rgba16),
	gsDPSetTile(0, 0, 0, 256, 5, 0, G_TX_WRAP | G_TX_NOMIRROR, 0, 0, G_TX_WRAP | G_TX_NOMIRROR, 0, 0),
	gsDPLoadTLUTCmd(5, 209),
	gsDPSetTextureImage(G_IM_FMT_CI, G_IM_SIZ_8b_LOAD_BLOCK, 1, bob_dl_bob_textures_02000_rgba16_ci8),
	gsDPSetTile(G_IM_FMT_CI, G_IM_SIZ_8b_LOAD_BLOCK, 0, 0, 7, 0, G_TX_WRAP | G_TX_NOMIRROR, 0, 0, G_TX_WRAP | G_TX_NOMIRROR, 0, 0),
	gsDPLoadBlock(7, 0, 0, 511, 512),
	gsDPSetTile(G_IM_FMT_CI, G_IM_SIZ_8b, 4, 0, 0, 0, G_TX_WRAP | G_TX_NOMIRROR, 5, 0, G_TX_WRAP | G_TX_NOMIRROR, 5, 0),
	gsDPSetTileSize(0, 0, 0, 124, 124),
	gsSPEndDisplayList(),
};

Gfx mat_revert_bob_dl_f3dlite_material_005_layer1_area1[] = {
	gsSPGeometryMode(G_FOG, G_SHADING_SMOOTH),
	gsDPPipeSync(),
	gsDPSetAlphaDither(G_AD_DISABLE),
	gsDPSetTextureLUT(G_TT_NONE),
	gsDPSetCycleType(G_CYC_1CYCLE),
	gsDPSetRenderMode(G_RM_AA_ZB_OPA_SURF, G_RM_AA_ZB_OPA_SURF2),
	gsSPEndDisplayList(),
};

Gfx mat_bob_dl_f3dlite_material_006_layer1_area1[] = {
	gsSPGeometryMode(G_SHADING_SMOOTH, G_FOG),
	gsSPSetLights1(bob_dl_f3dlite_material_006_layer1_area1_lights),
	gsDPPipeSync(),
	gsDPSetCombineLERP(TEXEL0, 0, SHADE, 0, 0, 0, 0, SHADE, 0, 0, 0, COMBINED, 0, 0, 0, COMBINED),
	gsDPSetFogColor(160, 160, 160, 255),
	gsSPFogPosition(980, 1000),
	gsDPSetAlphaDither(G_AD_NOISE),
	gsDPSetTextureLUT(G_TT_RGBA16),
	gsDPSetCycleType(G_CYC_2CYCLE),
	gsDPSetRenderMode(G_RM_FOG_SHADE_A, G_RM_AA_ZB_OPA_SURF2),
	gsSPTexture(65535, 65535, 0, 0, 1),
	gsDPSetTextureImage(G_IM_FMT_RGBA, G_IM_SIZ_16b, 1, bob_dl_bob_textures_01800_rgba16_pal_rgba16),
	gsDPSetTile(0, 0, 0, 256, 5, 0, G_TX_WRAP | G_TX_NOMIRROR, 0, 0, G_TX_WRAP | G_TX_NOMIRROR, 0, 0),
	gsDPLoadTLUTCmd(5, 135),
	gsDPSetTextureImage(G_IM_FMT_CI, G_IM_SIZ_8b_LOAD_BLOCK, 1, bob_dl_bob_textures_01800_rgba16_ci8),
	gsDPSetTile(G_IM_FMT_CI, G_IM_SIZ_8b_LOAD_BLOCK, 0, 0, 7, 0, G_TX_WRAP | G_TX_NOMIRROR, 0, 0, G_TX_WRAP | G_TX_NOMIRROR, 0, 0),
	gsDPLoadBlock(7, 0, 0, 511, 512),
	gsDPSetTile(G_IM_FMT_CI, G_IM_SIZ_8b, 4, 0, 0, 0, G_TX_WRAP | G_TX_NOMIRROR, 5, 0, G_TX_WRAP | G_TX_NOMIRROR, 5, 0),
	gsDPSetTileSize(0, 0, 0, 124, 124),
	gsSPEndDisplayList(),
};

Gfx mat_revert_bob_dl_f3dlite_material_006_layer1_area1[] = {
	gsSPGeometryMode(G_FOG, G_SHADING_SMOOTH),
	gsDPPipeSync(),
	gsDPSetAlphaDither(G_AD_DISABLE),
	gsDPSetTextureLUT(G_TT_NONE),
	gsDPSetCycleType(G_CYC_1CYCLE),
	gsDPSetRenderMode(G_RM_AA_ZB_OPA_SURF, G_RM_AA_ZB_OPA_SURF2),
	gsSPEndDisplayList(),
};

Gfx mat_bob_dl_f3dlite_material_007_layer1_area1[] = {
	gsSPGeometryMode(G_SHADING_SMOOTH, G_FOG),
	gsSPSetLights1(bob_dl_f3dlite_material_007_layer1_area1_lights),
	gsDPPipeSync(),
	gsDPSetCombineLERP(TEXEL0, 0, SHADE, 0, 0, 0, 0, SHADE, 0, 0, 0, COMBINED, 0, 0, 0, COMBINED),
	gsDPSetFogColor(160, 160, 160, 255),
	gsSPFogPosition(980, 1000),
	gsDPSetAlphaDither(G_AD_NOISE),
	gsDPSetTextureLUT(G_TT_RGBA16),
	gsDPSetCycleType(G_CYC_2CYCLE),
	gsDPSetRenderMode(G_RM_FOG_SHADE_A, G_RM_AA_ZB_OPA_SURF2),
	gsSPTexture(65535, 65535, 0, 0, 1),
	gsDPSetTextureImage(G_IM_FMT_RGBA, G_IM_SIZ_16b, 1, bob_dl_bob_textures_05000_rgba16_pal_rgba16),
	gsDPSetTile(0, 0, 0, 256, 5, 0, G_TX_WRAP | G_TX_NOMIRROR, 0, 0, G_TX_WRAP | G_TX_NOMIRROR, 0, 0),
	gsDPLoadTLUTCmd(5, 171),
	gsDPSetTextureImage(G_IM_FMT_CI, G_IM_SIZ_8b_LOAD_BLOCK, 1, bob_dl_bob_textures_05000_rgba16_ci8),
	gsDPSetTile(G_IM_FMT_CI, G_IM_SIZ_8b_LOAD_BLOCK, 0, 0, 7, 0, G_TX_WRAP | G_TX_NOMIRROR, 0, 0, G_TX_WRAP | G_TX_NOMIRROR, 0, 0),
	gsDPLoadBlock(7, 0, 0, 511, 512),
	gsDPSetTile(G_IM_FMT_CI, G_IM_SIZ_8b, 4, 0, 0, 0, G_TX_WRAP | G_TX_NOMIRROR, 5, 0, G_TX_WRAP | G_TX_NOMIRROR, 5, 0),
	gsDPSetTileSize(0, 0, 0, 124, 124),
	gsSPEndDisplayList(),
};

Gfx mat_revert_bob_dl_f3dlite_material_007_layer1_area1[] = {
	gsSPGeometryMode(G_FOG, G_SHADING_SMOOTH),
	gsDPPipeSync(),
	gsDPSetAlphaDither(G_AD_DISABLE),
	gsDPSetTextureLUT(G_TT_NONE),
	gsDPSetCycleType(G_CYC_1CYCLE),
	gsDPSetRenderMode(G_RM_AA_ZB_OPA_SURF, G_RM_AA_ZB_OPA_SURF2),
	gsSPEndDisplayList(),
};

Gfx mat_bob_dl_f3dlite_material_008_layer1_area1[] = {
	gsSPGeometryMode(G_SHADING_SMOOTH, G_FOG),
	gsSPSetLights1(bob_dl_f3dlite_material_008_layer1_area1_lights),
	gsDPPipeSync(),
	gsDPSetCombineLERP(TEXEL0, 0, SHADE, 0, 0, 0, 0, SHADE, 0, 0, 0, COMBINED, 0, 0, 0, COMBINED),
	gsDPSetFogColor(160, 160, 160, 255),
	gsSPFogPosition(980, 1000),
	gsDPSetAlphaDither(G_AD_NOISE),
	gsDPSetTextureLUT(G_TT_RGBA16),
	gsDPSetCycleType(G_CYC_2CYCLE),
	gsDPSetRenderMode(G_RM_FOG_SHADE_A, G_RM_AA_ZB_OPA_SURF2),
	gsSPTexture(65535, 65535, 0, 0, 1),
	gsDPSetTextureImage(G_IM_FMT_RGBA, G_IM_SIZ_16b, 1, bob_dl_bob_textures_04800_rgba16_pal_rgba16),
	gsDPSetTile(0, 0, 0, 256, 5, 0, G_TX_WRAP | G_TX_NOMIRROR, 0, 0, G_TX_WRAP | G_TX_NOMIRROR, 0, 0),
	gsDPLoadTLUTCmd(5, 90),
	gsDPSetTextureImage(G_IM_FMT_CI, G_IM_SIZ_8b_LOAD_BLOCK, 1, bob_dl_bob_textures_04800_rgba16_ci8),
	gsDPSetTile(G_IM_FMT_CI, G_IM_SIZ_8b_LOAD_BLOCK, 0, 0, 7, 0, G_TX_WRAP | G_TX_NOMIRROR, 0, 0, G_TX_WRAP | G_TX_NOMIRROR, 0, 0),
	gsDPLoadBlock(7, 0, 0, 511, 512),
	gsDPSetTile(G_IM_FMT_CI, G_IM_SIZ_8b, 4, 0, 0, 0, G_TX_WRAP | G_TX_NOMIRROR, 5, 0, G_TX_WRAP | G_TX_NOMIRROR, 5, 0),
	gsDPSetTileSize(0, 0, 0, 124, 124),
	gsSPEndDisplayList(),
};

Gfx mat_revert_bob_dl_f3dlite_material_008_layer1_area1[] = {
	gsSPGeometryMode(G_FOG, G_SHADING_SMOOTH),
	gsDPPipeSync(),
	gsDPSetAlphaDither(G_AD_DISABLE),
	gsDPSetTextureLUT(G_TT_NONE),
	gsDPSetCycleType(G_CYC_1CYCLE),
	gsDPSetRenderMode(G_RM_AA_ZB_OPA_SURF, G_RM_AA_ZB_OPA_SURF2),
	gsSPEndDisplayList(),
};

Gfx mat_bob_dl_f3dlite_material_009_layer1_area1[] = {
	gsSPGeometryMode(G_SHADING_SMOOTH, G_FOG),
	gsSPSetLights1(bob_dl_f3dlite_material_009_layer1_area1_lights),
	gsDPPipeSync(),
	gsDPSetCombineLERP(TEXEL0, 0, SHADE, 0, 0, 0, 0, SHADE, 0, 0, 0, COMBINED, 0, 0, 0, COMBINED),
	gsDPSetFogColor(160, 160, 160, 255),
	gsSPFogPosition(980, 1000),
	gsDPSetAlphaDither(G_AD_NOISE),
	gsDPSetCycleType(G_CYC_2CYCLE),
	gsDPSetRenderMode(G_RM_FOG_SHADE_A, G_RM_AA_ZB_OPA_SURF2),
	gsSPTexture(65535, 65535, 0, 0, 1),
	gsDPSetTextureImage(G_IM_FMT_I, G_IM_SIZ_8b_LOAD_BLOCK, 1, bob_dl_bob_textures_03000_rgba16_i8),
	gsDPSetTile(G_IM_FMT_I, G_IM_SIZ_8b_LOAD_BLOCK, 0, 0, 7, 0, G_TX_WRAP | G_TX_NOMIRROR, 0, 0, G_TX_WRAP | G_TX_NOMIRROR, 0, 0),
	gsDPLoadBlock(7, 0, 0, 511, 512),
	gsDPSetTile(G_IM_FMT_I, G_IM_SIZ_8b, 4, 0, 0, 0, G_TX_WRAP | G_TX_NOMIRROR, 5, 0, G_TX_WRAP | G_TX_NOMIRROR, 5, 0),
	gsDPSetTileSize(0, 0, 0, 124, 124),
	gsSPEndDisplayList(),
};

Gfx mat_revert_bob_dl_f3dlite_material_009_layer1_area1[] = {
	gsSPGeometryMode(G_FOG, G_SHADING_SMOOTH),
	gsDPPipeSync(),
	gsDPSetAlphaDither(G_AD_DISABLE),
	gsDPSetCycleType(G_CYC_1CYCLE),
	gsDPSetRenderMode(G_RM_AA_ZB_OPA_SURF, G_RM_AA_ZB_OPA_SURF2),
	gsSPEndDisplayList(),
};

Gfx mat_bob_dl_f3dlite_material_010_layer1_area1[] = {
	gsSPGeometryMode(G_SHADING_SMOOTH, G_FOG),
	gsSPSetLights1(bob_dl_f3dlite_material_010_layer1_area1_lights),
	gsDPPipeSync(),
	gsDPSetCombineLERP(TEXEL0, 0, SHADE, 0, 0, 0, 0, SHADE, 0, 0, 0, COMBINED, 0, 0, 0, COMBINED),
	gsDPSetFogColor(160, 160, 160, 255),
	gsSPFogPosition(980, 1000),
	gsDPSetAlphaDither(G_AD_NOISE),
	gsDPSetCycleType(G_CYC_2CYCLE),
	gsDPSetRenderMode(G_RM_FOG_SHADE_A, G_RM_AA_ZB_OPA_SURF2),
	gsSPTexture(65535, 65535, 0, 0, 1),
	gsDPSetTextureImage(G_IM_FMT_RGBA, G_IM_SIZ_16b_LOAD_BLOCK, 1, bob_dl__2_rgba16_rgba16),
	gsDPSetTile(G_IM_FMT_RGBA, G_IM_SIZ_16b_LOAD_BLOCK, 0, 0, 7, 0, G_TX_WRAP | G_TX_NOMIRROR, 0, 0, G_TX_WRAP | G_TX_NOMIRROR, 0, 0),
	gsDPLoadBlock(7, 0, 0, 1023, 256),
	gsDPSetTile(G_IM_FMT_RGBA, G_IM_SIZ_16b, 8, 0, 0, 0, G_TX_WRAP | G_TX_NOMIRROR, 5, 0, G_TX_WRAP | G_TX_NOMIRROR, 5, 0),
	gsDPSetTileSize(0, 0, 0, 124, 124),
	gsSPEndDisplayList(),
};

Gfx mat_revert_bob_dl_f3dlite_material_010_layer1_area1[] = {
	gsSPGeometryMode(G_FOG, G_SHADING_SMOOTH),
	gsDPPipeSync(),
	gsDPSetAlphaDither(G_AD_DISABLE),
	gsDPSetCycleType(G_CYC_1CYCLE),
	gsDPSetRenderMode(G_RM_AA_ZB_OPA_SURF, G_RM_AA_ZB_OPA_SURF2),
	gsSPEndDisplayList(),
};

Gfx mat_bob_dl_f3dlite_material_011_layer1_area1[] = {
	gsSPGeometryMode(G_SHADING_SMOOTH, G_FOG),
	gsSPSetLights1(bob_dl_f3dlite_material_011_layer1_area1_lights),
	gsDPPipeSync(),
	gsDPSetCombineLERP(TEXEL0, 0, SHADE, 0, 0, 0, 0, SHADE, 0, 0, 0, COMBINED, 0, 0, 0, COMBINED),
	gsDPSetFogColor(160, 160, 160, 255),
	gsSPFogPosition(980, 1000),
	gsDPSetAlphaDither(G_AD_NOISE),
	gsDPSetCycleType(G_CYC_2CYCLE),
	gsDPSetRenderMode(G_RM_FOG_SHADE_A, G_RM_AA_ZB_OPA_SURF2),
	gsSPTexture(65535, 65535, 0, 0, 1),
	gsDPSetTextureImage(G_IM_FMT_RGBA, G_IM_SIZ_16b_LOAD_BLOCK, 1, bob_dl__3_rgba16_rgba16),
	gsDPSetTile(G_IM_FMT_RGBA, G_IM_SIZ_16b_LOAD_BLOCK, 0, 0, 7, 0, G_TX_WRAP | G_TX_NOMIRROR, 0, 0, G_TX_WRAP | G_TX_NOMIRROR, 0, 0),
	gsDPLoadBlock(7, 0, 0, 1023, 256),
	gsDPSetTile(G_IM_FMT_RGBA, G_IM_SIZ_16b, 8, 0, 0, 0, G_TX_WRAP | G_TX_NOMIRROR, 5, 0, G_TX_WRAP | G_TX_NOMIRROR, 5, 0),
	gsDPSetTileSize(0, 0, 0, 124, 124),
	gsSPEndDisplayList(),
};

Gfx mat_revert_bob_dl_f3dlite_material_011_layer1_area1[] = {
	gsSPGeometryMode(G_FOG, G_SHADING_SMOOTH),
	gsDPPipeSync(),
	gsDPSetAlphaDither(G_AD_DISABLE),
	gsDPSetCycleType(G_CYC_1CYCLE),
	gsDPSetRenderMode(G_RM_AA_ZB_OPA_SURF, G_RM_AA_ZB_OPA_SURF2),
	gsSPEndDisplayList(),
};

Gfx mat_bob_dl_f3dlite_material_012_layer1_area1[] = {
	gsSPGeometryMode(G_SHADING_SMOOTH, G_FOG),
	gsSPSetLights1(bob_dl_f3dlite_material_012_layer1_area1_lights),
	gsDPPipeSync(),
	gsDPSetCombineLERP(TEXEL0, 0, SHADE, 0, 0, 0, 0, SHADE, 0, 0, 0, COMBINED, 0, 0, 0, COMBINED),
	gsDPSetFogColor(160, 160, 160, 255),
	gsSPFogPosition(980, 1000),
	gsDPSetAlphaDither(G_AD_NOISE),
	gsDPSetTextureLUT(G_TT_RGBA16),
	gsDPSetCycleType(G_CYC_2CYCLE),
	gsDPSetRenderMode(G_RM_FOG_SHADE_A, G_RM_AA_ZB_OPA_SURF2),
	gsSPTexture(65535, 65535, 0, 0, 1),
	gsDPSetTextureImage(G_IM_FMT_RGBA, G_IM_SIZ_16b, 1, bob_dl__1_rgba16_pal_rgba16),
	gsDPSetTile(0, 0, 0, 256, 5, 0, G_TX_WRAP | G_TX_NOMIRROR, 0, 0, G_TX_WRAP | G_TX_NOMIRROR, 0, 0),
	gsDPLoadTLUTCmd(5, 179),
	gsDPSetTextureImage(G_IM_FMT_CI, G_IM_SIZ_8b_LOAD_BLOCK, 1, bob_dl__1_rgba16_ci8),
	gsDPSetTile(G_IM_FMT_CI, G_IM_SIZ_8b_LOAD_BLOCK, 0, 0, 7, 0, G_TX_WRAP | G_TX_NOMIRROR, 0, 0, G_TX_WRAP | G_TX_NOMIRROR, 0, 0),
	gsDPLoadBlock(7, 0, 0, 511, 512),
	gsDPSetTile(G_IM_FMT_CI, G_IM_SIZ_8b, 4, 0, 0, 0, G_TX_WRAP | G_TX_NOMIRROR, 5, 0, G_TX_WRAP | G_TX_NOMIRROR, 5, 0),
	gsDPSetTileSize(0, 0, 0, 124, 124),
	gsSPEndDisplayList(),
};

Gfx mat_revert_bob_dl_f3dlite_material_012_layer1_area1[] = {
	gsSPGeometryMode(G_FOG, G_SHADING_SMOOTH),
	gsDPPipeSync(),
	gsDPSetAlphaDither(G_AD_DISABLE),
	gsDPSetTextureLUT(G_TT_NONE),
	gsDPSetCycleType(G_CYC_1CYCLE),
	gsDPSetRenderMode(G_RM_AA_ZB_OPA_SURF, G_RM_AA_ZB_OPA_SURF2),
	gsSPEndDisplayList(),
};

Gfx mat_bob_dl_f3dlite_material_013_layer1_area1[] = {
	gsSPGeometryMode(G_SHADING_SMOOTH, G_FOG),
	gsSPSetLights1(bob_dl_f3dlite_material_013_layer1_area1_lights),
	gsDPPipeSync(),
	gsDPSetCombineLERP(TEXEL0, 0, SHADE, 0, 0, 0, 0, SHADE, 0, 0, 0, COMBINED, 0, 0, 0, COMBINED),
	gsDPSetFogColor(160, 160, 160, 255),
	gsSPFogPosition(980, 1000),
	gsDPSetAlphaDither(G_AD_NOISE),
	gsDPSetTextureLUT(G_TT_RGBA16),
	gsDPSetCycleType(G_CYC_2CYCLE),
	gsDPSetRenderMode(G_RM_FOG_SHADE_A, G_RM_AA_ZB_OPA_SURF2),
	gsSPTexture(65535, 65535, 0, 0, 1),
	gsDPSetTextureImage(G_IM_FMT_RGBA, G_IM_SIZ_16b, 1, bob_dl_bob_textures_06000_rgba16_pal_rgba16),
	gsDPSetTile(0, 0, 0, 256, 5, 0, G_TX_WRAP | G_TX_NOMIRROR, 0, 0, G_TX_WRAP | G_TX_NOMIRROR, 0, 0),
	gsDPLoadTLUTCmd(5, 240),
	gsDPSetTextureImage(G_IM_FMT_CI, G_IM_SIZ_8b_LOAD_BLOCK, 1, bob_dl_bob_textures_06000_rgba16_ci8),
	gsDPSetTile(G_IM_FMT_CI, G_IM_SIZ_8b_LOAD_BLOCK, 0, 0, 7, 0, G_TX_WRAP | G_TX_NOMIRROR, 0, 0, G_TX_WRAP | G_TX_NOMIRROR, 0, 0),
	gsDPLoadBlock(7, 0, 0, 1023, 512),
	gsDPSetTile(G_IM_FMT_CI, G_IM_SIZ_8b, 4, 0, 0, 0, G_TX_WRAP | G_TX_NOMIRROR, 6, 0, G_TX_WRAP | G_TX_NOMIRROR, 5, 0),
	gsDPSetTileSize(0, 0, 0, 124, 252),
	gsSPEndDisplayList(),
};

Gfx mat_revert_bob_dl_f3dlite_material_013_layer1_area1[] = {
	gsSPGeometryMode(G_FOG, G_SHADING_SMOOTH),
	gsDPPipeSync(),
	gsDPSetAlphaDither(G_AD_DISABLE),
	gsDPSetTextureLUT(G_TT_NONE),
	gsDPSetCycleType(G_CYC_1CYCLE),
	gsDPSetRenderMode(G_RM_AA_ZB_OPA_SURF, G_RM_AA_ZB_OPA_SURF2),
	gsSPEndDisplayList(),
};

Gfx bob_dl_bob_seg7_dl_07004390_mesh_mesh_layer_1[] = {
	gsSPClearGeometryMode(G_LIGHTING),
	gsSPVertex(bob_dl_bob_seg7_dl_07004390_mesh_mesh_layer_1_vtx_cull + 0, 8, 0),
	gsSPSetGeometryMode(G_LIGHTING),
	gsSPCullDisplayList(0, 7),
	gsSPDisplayList(mat_bob_dl_f3dlite_material_001_layer1_area1),
	gsSPDisplayList(bob_dl_bob_seg7_dl_07004390_mesh_mesh_layer_1_tri_0),
	gsSPDisplayList(mat_revert_bob_dl_f3dlite_material_001_layer1_area1),
	gsSPDisplayList(mat_bob_dl_f3dlite_material_002_layer1_area1),
	gsSPDisplayList(bob_dl_bob_seg7_dl_07004390_mesh_mesh_layer_1_tri_1),
	gsSPDisplayList(mat_revert_bob_dl_f3dlite_material_002_layer1_area1),
	gsSPDisplayList(mat_bob_dl_f3dlite_material_003_layer1_area1),
	gsSPDisplayList(bob_dl_bob_seg7_dl_07004390_mesh_mesh_layer_1_tri_2),
	gsSPDisplayList(mat_revert_bob_dl_f3dlite_material_003_layer1_area1),
	gsSPDisplayList(mat_bob_dl_f3dlite_material_025_layer1_area1),
	gsSPDisplayList(bob_dl_bob_seg7_dl_07004390_mesh_mesh_layer_1_tri_3),
	gsSPDisplayList(mat_revert_bob_dl_f3dlite_material_025_layer1_area1),
	gsSPDisplayList(mat_bob_dl_f3dlite_material_018_layer1_area1),
	gsSPDisplayList(bob_dl_bob_seg7_dl_07004390_mesh_mesh_layer_1_tri_4),
	gsSPDisplayList(mat_revert_bob_dl_f3dlite_material_018_layer1_area1),
	gsSPDisplayList(mat_bob_dl_f3dlite_material_019_layer1_area1),
	gsSPDisplayList(bob_dl_bob_seg7_dl_07004390_mesh_mesh_layer_1_tri_5),
	gsSPDisplayList(mat_revert_bob_dl_f3dlite_material_019_layer1_area1),
	gsSPDisplayList(mat_bob_dl_f3dlite_material_020_layer1_area1),
	gsSPDisplayList(bob_dl_bob_seg7_dl_07004390_mesh_mesh_layer_1_tri_6),
	gsSPDisplayList(mat_revert_bob_dl_f3dlite_material_020_layer1_area1),
	gsSPDisplayList(mat_bob_dl_f3dlite_material_021_layer1_area1),
	gsSPDisplayList(bob_dl_bob_seg7_dl_07004390_mesh_mesh_layer_1_tri_7),
	gsSPDisplayList(mat_revert_bob_dl_f3dlite_material_021_layer1_area1),
	gsSPDisplayList(mat_bob_dl_f3dlite_material_022_layer1_area1),
	gsSPDisplayList(bob_dl_bob_seg7_dl_07004390_mesh_mesh_layer_1_tri_8),
	gsSPDisplayList(mat_revert_bob_dl_f3dlite_material_022_layer1_area1),
	gsSPDisplayList(mat_bob_dl_f3dlite_material_023_layer1_area1),
	gsSPDisplayList(bob_dl_bob_seg7_dl_07004390_mesh_mesh_layer_1_tri_9),
	gsSPDisplayList(mat_revert_bob_dl_f3dlite_material_023_layer1_area1),
	gsSPDisplayList(mat_bob_dl_f3dlite_material_024_layer1_area1),
	gsSPDisplayList(bob_dl_bob_seg7_dl_07004390_mesh_mesh_layer_1_tri_10),
	gsSPDisplayList(mat_revert_bob_dl_f3dlite_material_024_layer1_area1),
	gsSPDisplayList(mat_bob_dl_f3dlite_material_004_layer1_area1),
	gsSPDisplayList(bob_dl_bob_seg7_dl_07004390_mesh_mesh_layer_1_tri_11),
	gsSPDisplayList(mat_revert_bob_dl_f3dlite_material_004_layer1_area1),
	gsSPDisplayList(mat_bob_dl_f3dlite_material_005_layer1_area1),
	gsSPDisplayList(bob_dl_bob_seg7_dl_07004390_mesh_mesh_layer_1_tri_12),
	gsSPDisplayList(mat_revert_bob_dl_f3dlite_material_005_layer1_area1),
	gsSPDisplayList(mat_bob_dl_f3dlite_material_006_layer1_area1),
	gsSPDisplayList(bob_dl_bob_seg7_dl_07004390_mesh_mesh_layer_1_tri_13),
	gsSPDisplayList(mat_revert_bob_dl_f3dlite_material_006_layer1_area1),
	gsSPDisplayList(mat_bob_dl_f3dlite_material_007_layer1_area1),
	gsSPDisplayList(bob_dl_bob_seg7_dl_07004390_mesh_mesh_layer_1_tri_14),
	gsSPDisplayList(mat_revert_bob_dl_f3dlite_material_007_layer1_area1),
	gsSPDisplayList(mat_bob_dl_f3dlite_material_008_layer1_area1),
	gsSPDisplayList(bob_dl_bob_seg7_dl_07004390_mesh_mesh_layer_1_tri_15),
	gsSPDisplayList(mat_revert_bob_dl_f3dlite_material_008_layer1_area1),
	gsSPDisplayList(mat_bob_dl_f3dlite_material_009_layer1_area1),
	gsSPDisplayList(bob_dl_bob_seg7_dl_07004390_mesh_mesh_layer_1_tri_16),
	gsSPDisplayList(mat_revert_bob_dl_f3dlite_material_009_layer1_area1),
	gsSPDisplayList(mat_bob_dl_f3dlite_material_010_layer1_area1),
	gsSPDisplayList(bob_dl_bob_seg7_dl_07004390_mesh_mesh_layer_1_tri_17),
	gsSPDisplayList(mat_revert_bob_dl_f3dlite_material_010_layer1_area1),
	gsSPDisplayList(mat_bob_dl_f3dlite_material_011_layer1_area1),
	gsSPDisplayList(bob_dl_bob_seg7_dl_07004390_mesh_mesh_layer_1_tri_18),
	gsSPDisplayList(mat_revert_bob_dl_f3dlite_material_011_layer1_area1),
	gsSPDisplayList(mat_bob_dl_f3dlite_material_012_layer1_area1),
	gsSPDisplayList(bob_dl_bob_seg7_dl_07004390_mesh_mesh_layer_1_tri_19),
	gsSPDisplayList(mat_revert_bob_dl_f3dlite_material_012_layer1_area1),
	gsSPDisplayList(mat_bob_dl_f3dlite_material_013_layer1_area1),
	gsSPDisplayList(bob_dl_bob_seg7_dl_07004390_mesh_mesh_layer_1_tri_20),
	gsSPDisplayList(mat_revert_bob_dl_f3dlite_material_013_layer1_area1),
	gsSPEndDisplayList(),
};

Gfx bob_dl_bob_seg7_dl_07004390_mesh_mesh_layer_4[] = {
	gsSPClearGeometryMode(G_LIGHTING),
	gsSPVertex(bob_dl_bob_seg7_dl_07004390_mesh_mesh_layer_4_vtx_cull + 0, 8, 0),
	gsSPSetGeometryMode(G_LIGHTING),
	gsSPCullDisplayList(0, 7),
	gsSPDisplayList(mat_bob_dl_f3dlite_material_015_layer4_area1),
	gsSPDisplayList(bob_dl_bob_seg7_dl_07004390_mesh_mesh_layer_4_tri_0),
	gsSPDisplayList(mat_revert_bob_dl_f3dlite_material_015_layer4_area1),
	gsSPDisplayList(mat_bob_dl_f3dlite_material_016_layer4_area1),
	gsSPDisplayList(bob_dl_bob_seg7_dl_07004390_mesh_mesh_layer_4_tri_1),
	gsSPDisplayList(mat_revert_bob_dl_f3dlite_material_016_layer4_area1),
	gsSPEndDisplayList(),
};

Gfx bob_dl_bob_seg7_dl_07004390_mesh_mesh_layer_5[] = {
	gsSPClearGeometryMode(G_LIGHTING),
	gsSPVertex(bob_dl_bob_seg7_dl_07004390_mesh_mesh_layer_5_vtx_cull + 0, 8, 0),
	gsSPSetGeometryMode(G_LIGHTING),
	gsSPCullDisplayList(0, 7),
	gsSPDisplayList(mat_bob_dl_f3dlite_material_014),
	gsSPDisplayList(bob_dl_bob_seg7_dl_07004390_mesh_mesh_layer_5_tri_0),
	gsSPDisplayList(mat_revert_bob_dl_f3dlite_material_014),
	gsSPEndDisplayList(),
};

Gfx bob_dl_final_revert_mesh_layer_1[] = {
	gsDPPipeSync(),
	gsSPSetGeometryMode(G_LIGHTING),
	gsSPClearGeometryMode(G_TEXTURE_GEN),
	gsDPSetCombineLERP(0, 0, 0, SHADE, 0, 0, 0, ENVIRONMENT, 0, 0, 0, SHADE, 0, 0, 0, ENVIRONMENT),
	gsSPTexture(65535, 65535, 0, 0, 0),
	gsDPSetEnvColor(255, 255, 255, 255),
	gsDPSetAlphaCompare(G_AC_NONE),
	gsSPEndDisplayList(),
};

Gfx bob_dl_final_revert_mesh_layer_4[] = {
	gsDPPipeSync(),
	gsSPSetGeometryMode(G_LIGHTING),
	gsSPClearGeometryMode(G_TEXTURE_GEN),
	gsDPSetCombineLERP(0, 0, 0, SHADE, 0, 0, 0, ENVIRONMENT, 0, 0, 0, SHADE, 0, 0, 0, ENVIRONMENT),
	gsSPTexture(65535, 65535, 0, 0, 0),
	gsDPSetEnvColor(255, 255, 255, 255),
	gsDPSetAlphaCompare(G_AC_NONE),
	gsSPEndDisplayList(),
};

Gfx bob_dl_final_revert_mesh_layer_5[] = {
	gsDPPipeSync(),
	gsSPSetGeometryMode(G_LIGHTING),
	gsSPClearGeometryMode(G_TEXTURE_GEN),
	gsDPSetCombineLERP(0, 0, 0, SHADE, 0, 0, 0, ENVIRONMENT, 0, 0, 0, SHADE, 0, 0, 0, ENVIRONMENT),
	gsSPTexture(65535, 65535, 0, 0, 0),
	gsDPSetEnvColor(255, 255, 255, 255),
	gsDPSetAlphaCompare(G_AC_NONE),
	gsSPEndDisplayList(),
};

