Gfx wf_dl_wf_textures_00000_rgba16_ci8_aligner[] = {gsSPEndDisplayList()};
u8 wf_dl_wf_textures_00000_rgba16_ci8[] = {
	0x00, 0x00, 0x01, 0x01, 0x01, 0x00, 0x00, 0x02, 
	0x03, 0x00, 0x00, 0x01, 0x04, 0x04, 0x01, 0x00, 
	0x00, 0x00, 0x00, 0x00, 0x01, 0x00, 0x00, 0x05, 
	0x00, 0x01, 0x00, 0x01, 0x00, 0x00, 0x06, 0x07, 
	0x00, 0x08, 0x08, 0x08, 0x08, 0x08, 0x08, 0x09, 
	0x0a, 0x08, 0x08, 0x08, 0x08, 0x08, 0x08, 0x0b, 
	0x00, 0x08, 0x08, 0x08, 0x08, 0x08, 0x08, 0x0c, 
	0x00, 0x08, 0x08, 0x08, 0x08, 0x08, 0x08, 0x0b, 
	0x00, 0x08, 0x08, 0x08, 0x08, 0x08, 0x08, 0x0d, 
	0x0e, 0x08, 0x08, 0x08, 0x08, 0x08, 0x08, 0x0b, 
	0x00, 0x08, 0x08, 0x08, 0x08, 0x08, 0x08, 0x0f, 
	0x00, 0x08, 0x08, 0x08, 0x08, 0x08, 0x08, 0x10, 
	0x04, 0x08, 0x08, 0x08, 0x08, 0x08, 0x08, 0x11, 
	0x0e, 0x08, 0x08, 0x08, 0x08, 0x08, 0x08, 0x12, 
	0x04, 0x08, 0x08, 0x08, 0x08, 0x08, 0x08, 0x13, 
	0x04, 0x08, 0x08, 0x08, 0x08, 0x08, 0x08, 0x12, 
	0x14, 0x08, 0x08, 0x08, 0x08, 0x08, 0x08, 0x15, 
	0x0a, 0x08, 0x08, 0x08, 0x08, 0x08, 0x08, 0x16, 
	0x14, 0x08, 0x08, 0x08, 0x08, 0x08, 0x08, 0x17, 
	0x14, 0x08, 0x08, 0x08, 0x08, 0x08, 0x08, 0x16, 
	0x00, 0x08, 0x08, 0x08, 0x08, 0x08, 0x08, 0x18, 
	0x01, 0x08, 0x08, 0x08, 0x08, 0x08, 0x08, 0x19, 
	0x00, 0x08, 0x08, 0x08, 0x08, 0x08, 0x08, 0x1a, 
	0x04, 0x08, 0x08, 0x08, 0x08, 0x08, 0x08, 0x19, 
	0x00, 0x08, 0x08, 0x08, 0x08, 0x08, 0x08, 0x1b, 
	0x00, 0x08, 0x08, 0x08, 0x08, 0x08, 0x08, 0x1c, 
	0x00, 0x08, 0x08, 0x08, 0x08, 0x08, 0x08, 0x1d, 
	0x04, 0x08, 0x08, 0x08, 0x08, 0x08, 0x08, 0x1e, 
	0x00, 0x1f, 0x20, 0x21, 0x22, 0x23, 0x24, 0x25, 
	0x26, 0x27, 0x28, 0x29, 0x20, 0x2a, 0x2a, 0x2b, 
	0x00, 0x2c, 0x2d, 0x2e, 0x2f, 0x30, 0x31, 0x32, 
	0x33, 0x34, 0x35, 0x36, 0x37, 0x01, 0x1b, 0x38, 
	0x06, 0x00, 0x00, 0x01, 0x01, 0x00, 0x00, 0x00, 
	0x00, 0x00, 0x00, 0x00, 0x01, 0x01, 0x00, 0x39, 
	0x01, 0x00, 0x00, 0x00, 0x04, 0x04, 0x01, 0x01, 
	0x00, 0x00, 0x00, 0x00, 0x00, 0x00, 0x00, 0x3a, 
	0x00, 0x08, 0x08, 0x08, 0x08, 0x08, 0x08, 0x3b, 
	0x04, 0x08, 0x08, 0x08, 0x08, 0x08, 0x08, 0x3c, 
	0x00, 0x08, 0x08, 0x08, 0x08, 0x08, 0x08, 0x3d, 
	0x00, 0x08, 0x08, 0x08, 0x08, 0x08, 0x08, 0x19, 
	0x00, 0x08, 0x08, 0x08, 0x08, 0x08, 0x08, 0x3e, 
	0x00, 0x08, 0x08, 0x08, 0x08, 0x08, 0x08, 0x3f, 
	0x00, 0x08, 0x08, 0x08, 0x08, 0x08, 0x08, 0x17, 
	0x00, 0x08, 0x08, 0x08, 0x08, 0x08, 0x08, 0x40, 
	0x04, 0x08, 0x08, 0x08, 0x08, 0x08, 0x08, 0x41, 
	0x04, 0x08, 0x08, 0x08, 0x08, 0x08, 0x08, 0x36, 
	0x04, 0x08, 0x08, 0x08, 0x08, 0x08, 0x08, 0x1f, 
	0x04, 0x08, 0x08, 0x08, 0x08, 0x08, 0x08, 0x36, 
	0x14, 0x08, 0x08, 0x08, 0x08, 0x08, 0x08, 0x42, 
	0x14, 0x08, 0x08, 0x08, 0x08, 0x08, 0x08, 0x43, 
	0x14, 0x08, 0x08, 0x08, 0x08, 0x08, 0x08, 0x29, 
	0x14, 0x08, 0x08, 0x08, 0x08, 0x08, 0x08, 0x2d, 
	0x00, 0x08, 0x08, 0x08, 0x08, 0x08, 0x08, 0x44, 
	0x45, 0x08, 0x08, 0x08, 0x08, 0x08, 0x08, 0x46, 
	0x00, 0x08, 0x08, 0x08, 0x08, 0x08, 0x08, 0x47, 
	0x04, 0x08, 0x08, 0x08, 0x08, 0x08, 0x08, 0x48, 
	0x00, 0x08, 0x08, 0x08, 0x08, 0x08, 0x08, 0x49, 
	0x01, 0x08, 0x08, 0x08, 0x08, 0x08, 0x08, 0x07, 
	0x00, 0x08, 0x08, 0x08, 0x08, 0x08, 0x08, 0x4a, 
	0x04, 0x08, 0x08, 0x08, 0x08, 0x08, 0x08, 0x4b, 
	0x4a, 0x4c, 0x4d, 0x36, 0x4e, 0x01, 0x4b, 0x4f, 
	0x00, 0x10, 0x2d, 0x13, 0x50, 0x22, 0x27, 0x51, 
	0x4a, 0x4c, 0x4d, 0x36, 0x17, 0x01, 0x01, 0x38, 
	0x01, 0x4b, 0x2c, 0x13, 0x21, 0x52, 0x31, 0x38, 
	0x00, 0x00, 0x01, 0x01, 0x01, 0x00, 0x00, 0x53, 
	0x00, 0x00, 0x00, 0x01, 0x04, 0x04, 0x01, 0x00, 
	0x00, 0x00, 0x00, 0x00, 0x14, 0x00, 0x00, 0x3a, 
	0x01, 0x07, 0x00, 0x01, 0x00, 0x00, 0x06, 0x07, 
	0x00, 0x08, 0x08, 0x08, 0x08, 0x08, 0x08, 0x54, 
	0x04, 0x08, 0x08, 0x08, 0x08, 0x08, 0x08, 0x0b, 
	0x00, 0x08, 0x08, 0x08, 0x08, 0x08, 0x08, 0x55, 
	0x00, 0x08, 0x08, 0x08, 0x08, 0x08, 0x08, 0x0b, 
	0x00, 0x08, 0x08, 0x08, 0x08, 0x08, 0x08, 0x56, 
	0x00, 0x08, 0x08, 0x08, 0x08, 0x08, 0x08, 0x0b, 
	0x00, 0x08, 0x08, 0x08, 0x08, 0x08, 0x08, 0x21, 
	0x00, 0x08, 0x08, 0x08, 0x08, 0x08, 0x08, 0x0b, 
	0x04, 0x08, 0x08, 0x08, 0x08, 0x08, 0x08, 0x57, 
	0x04, 0x08, 0x08, 0x08, 0x08, 0x08, 0x08, 0x12, 
	0x04, 0x08, 0x08, 0x08, 0x08, 0x08, 0x08, 0x13, 
	0x04, 0x08, 0x08, 0x08, 0x08, 0x08, 0x08, 0x12, 
	0x14, 0x08, 0x08, 0x08, 0x08, 0x08, 0x08, 0x09, 
	0x14, 0x08, 0x08, 0x08, 0x08, 0x08, 0x08, 0x16, 
	0x14, 0x08, 0x08, 0x08, 0x08, 0x08, 0x08, 0x37, 
	0x14, 0x08, 0x08, 0x08, 0x08, 0x08, 0x08, 0x16, 
	0x00, 0x08, 0x08, 0x08, 0x08, 0x08, 0x08, 0x3e, 
	0x01, 0x08, 0x08, 0x08, 0x08, 0x08, 0x08, 0x19, 
	0x01, 0x08, 0x08, 0x08, 0x08, 0x08, 0x08, 0x58, 
	0x04, 0x08, 0x08, 0x08, 0x08, 0x08, 0x08, 0x19, 
	0x00, 0x08, 0x08, 0x08, 0x08, 0x08, 0x08, 0x4b, 
	0x00, 0x08, 0x08, 0x08, 0x08, 0x08, 0x08, 0x1e, 
	0x04, 0x08, 0x08, 0x08, 0x08, 0x08, 0x08, 0x1a, 
	0x04, 0x08, 0x08, 0x08, 0x08, 0x08, 0x08, 0x1e, 
	0x00, 0x1f, 0x20, 0x21, 0x22, 0x23, 0x24, 0x59, 
	0x25, 0x24, 0x40, 0x36, 0x37, 0x3d, 0x1b, 0x5a, 
	0x5b, 0x5c, 0x3e, 0x50, 0x5d, 0x5e, 0x5f, 0x5a, 
	0x60, 0x30, 0x40, 0x36, 0x37, 0x3d, 0x4b, 0x32, 
	0x01, 0x00, 0x00, 0x01, 0x01, 0x00, 0x00, 0x00, 
	0x00, 0x00, 0x00, 0x01, 0x04, 0x04, 0x00, 0x61, 
	0x04, 0x00, 0x00, 0x00, 0x01, 0x0e, 0x0e, 0x0e, 
	0x0e, 0x0e, 0x00, 0x00, 0x00, 0x00, 0x00, 0x62, 
	0x01, 0x08, 0x08, 0x08, 0x08, 0x08, 0x08, 0x63, 
	0x01, 0x08, 0x08, 0x08, 0x08, 0x08, 0x08, 0x30, 
	0x01, 0x08, 0x08, 0x08, 0x08, 0x08, 0x08, 0x64, 
	0x00, 0x08, 0x08, 0x08, 0x08, 0x08, 0x08, 0x3c, 
	0x00, 0x08, 0x08, 0x08, 0x08, 0x08, 0x08, 0x37, 
	0x01, 0x08, 0x08, 0x08, 0x08, 0x08, 0x08, 0x29, 
	0x01, 0x08, 0x08, 0x08, 0x08, 0x08, 0x08, 0x1b, 
	0x00, 0x08, 0x08, 0x08, 0x08, 0x08, 0x08, 0x3f, 
	0x04, 0x08, 0x08, 0x08, 0x08, 0x08, 0x08, 0x65, 
	0x01, 0x08, 0x08, 0x08, 0x08, 0x08, 0x08, 0x36, 
	0x04, 0x08, 0x08, 0x08, 0x08, 0x08, 0x08, 0x66, 
	0x04, 0x08, 0x08, 0x08, 0x08, 0x08, 0x08, 0x36, 
	0x14, 0x08, 0x08, 0x08, 0x08, 0x08, 0x08, 0x67, 
	0x68, 0x08, 0x08, 0x08, 0x08, 0x08, 0x08, 0x2d, 
	0x01, 0x08, 0x08, 0x08, 0x08, 0x08, 0x08, 0x30, 
	0x14, 0x08, 0x08, 0x08, 0x08, 0x08, 0x08, 0x69, 
	0x00, 0x08, 0x08, 0x08, 0x08, 0x08, 0x08, 0x30, 
	0x6a, 0x08, 0x08, 0x08, 0x08, 0x08, 0x08, 0x6b, 
	0x00, 0x08, 0x08, 0x08, 0x08, 0x08, 0x08, 0x3a, 
	0x04, 0x08, 0x08, 0x08, 0x08, 0x08, 0x08, 0x48, 
	0x00, 0x08, 0x08, 0x08, 0x08, 0x08, 0x08, 0x61, 
	0x6c, 0x08, 0x08, 0x08, 0x08, 0x08, 0x08, 0x07, 
	0x00, 0x08, 0x08, 0x08, 0x08, 0x08, 0x08, 0x32, 
	0x01, 0x08, 0x08, 0x08, 0x08, 0x08, 0x08, 0x07, 
	0x4a, 0x4c, 0x4d, 0x36, 0x4e, 0x01, 0x4b, 0x6d, 
	0x6e, 0x2c, 0x2c, 0x13, 0x50, 0x23, 0x24, 0x6d, 
	0x6f, 0x70, 0x71, 0x36, 0x4e, 0x01, 0x01, 0x33, 
	0x00, 0x4b, 0x2d, 0x13, 0x21, 0x52, 0x31, 0x38, 
	
};

Gfx wf_dl_wf_textures_00000_rgba16_pal_rgba16_aligner[] = {gsSPEndDisplayList()};
u8 wf_dl_wf_textures_00000_rgba16_pal_rgba16[] = {
	0x00, 0x05, 0x00, 0x45, 0x6b, 0xdb, 0x00, 0x89, 
	0x00, 0x85, 0x7b, 0xd5, 0x08, 0x45, 0x10, 0x85, 
	0x00, 0x04, 0x42, 0x51, 0x00, 0x87, 0x51, 0x85, 
	0x52, 0x91, 0x31, 0x8b, 0x00, 0x47, 0x42, 0x0d, 
	0x5a, 0x07, 0x29, 0x09, 0x62, 0x49, 0x41, 0x89, 
	0x08, 0xc5, 0x31, 0x07, 0x6a, 0xcd, 0x41, 0x87, 
	0x39, 0x07, 0x6b, 0x55, 0x51, 0xc5, 0x31, 0x05, 
	0x85, 0x29, 0x62, 0x05, 0x6c, 0x63, 0x51, 0xc9, 
	0x49, 0xcb, 0x39, 0xcd, 0x3a, 0x11, 0x3a, 0x55, 
	0x74, 0xa3, 0x85, 0x6b, 0x64, 0x63, 0x5b, 0x59, 
	0x5a, 0xd3, 0x5a, 0x4d, 0x29, 0x07, 0x9e, 0x2d, 
	0x62, 0x45, 0x51, 0xc7, 0x49, 0xc9, 0x4a, 0x4d, 
	0x63, 0x15, 0x84, 0xe3, 0xa6, 0x71, 0x84, 0x5b, 
	0x73, 0x51, 0x6a, 0xcb, 0x5a, 0x09, 0x41, 0x47, 
	0xbf, 0xff, 0x7c, 0x1b, 0x8c, 0xe3, 0x20, 0xc9, 
	0x6b, 0x15, 0x20, 0xc7, 0x41, 0xcb, 0x62, 0x4d, 
	0x62, 0x8d, 0x52, 0x4f, 0x5b, 0x17, 0x62, 0x47, 
	0x6c, 0x1f, 0x08, 0x85, 0x6a, 0x47, 0x73, 0x55, 
	0x41, 0x85, 0x7d, 0x6b, 0x8d, 0x23, 0x29, 0x05, 
	0x7b, 0x95, 0x72, 0xcd, 0x28, 0xc5, 0x8e, 0x31, 
	0x31, 0x8d, 0x8d, 0xad, 0x52, 0xd5, 0x7d, 0xad, 
	0x64, 0xa7, 0x3a, 0x95, 0x4b, 0x9f, 0x42, 0xd7, 
	0x49, 0x87, 0x9e, 0xb5, 0x96, 0x31, 0x21, 0x05, 
	0x4a, 0x09, 0x31, 0xd1, 0x32, 0x55, 0x64, 0x23, 
	0x5c, 0x23, 0x7c, 0xa3, 0x84, 0xa3, 0x20, 0x87, 
	0x18, 0x85, 0x49, 0x89, 0x5a, 0x0d, 0x52, 0x0d, 
	0x08, 0xc7, 0x62, 0x07, 0x11, 0x0b, 0x39, 0x85, 
	0x11, 0x4b, 0x9e, 0x71, 0x09, 0x0b, 0x9d, 0xeb, 
	0x95, 0x23, 0x84, 0x17, 
};

Gfx wf_dl_wf_textures_04800_rgba16_ci8_aligner[] = {gsSPEndDisplayList()};
u8 wf_dl_wf_textures_04800_rgba16_ci8[] = {
	0x00, 0x01, 0x02, 0x03, 0x04, 0x05, 0x06, 0x07, 
	0x08, 0x09, 0x0a, 0x0b, 0x0c, 0x0d, 0x04, 0x0e, 
	0x0f, 0x10, 0x11, 0x12, 0x13, 0x14, 0x0e, 0x06, 
	0x15, 0x16, 0x17, 0x18, 0x08, 0x19, 0x1a, 0x1b, 
	0x1c, 0x09, 0x1d, 0x1e, 0x04, 0x0e, 0x1f, 0x20, 
	0x08, 0x21, 0x22, 0x23, 0x23, 0x03, 0x24, 0x23, 
	0x25, 0x26, 0x03, 0x00, 0x27, 0x28, 0x29, 0x2a, 
	0x2b, 0x2c, 0x17, 0x18, 0x1b, 0x2d, 0x2e, 0x00, 
	0x00, 0x2f, 0x09, 0x0f, 0x1c, 0x30, 0x31, 0x13, 
	0x32, 0x1d, 0x33, 0x22, 0x23, 0x00, 0x23, 0x1b, 
	0x0d, 0x1d, 0x34, 0x2e, 0x35, 0x36, 0x03, 0x03, 
	0x37, 0x02, 0x38, 0x08, 0x0b, 0x1c, 0x2f, 0x39, 
	0x00, 0x22, 0x3a, 0x3b, 0x29, 0x3c, 0x00, 0x06, 
	0x20, 0x22, 0x3d, 0x3e, 0x23, 0x07, 0x3f, 0x40, 
	0x41, 0x42, 0x1b, 0x27, 0x40, 0x1b, 0x1b, 0x1b, 
	0x09, 0x09, 0x43, 0x2a, 0x0e, 0x44, 0x45, 0x18, 
	0x46, 0x37, 0x47, 0x18, 0x23, 0x07, 0x06, 0x48, 
	0x36, 0x03, 0x49, 0x37, 0x03, 0x28, 0x4a, 0x4b, 
	0x41, 0x4c, 0x07, 0x2e, 0x20, 0x13, 0x46, 0x23, 
	0x0f, 0x34, 0x07, 0x4d, 0x4e, 0x4f, 0x49, 0x50, 
	0x36, 0x1d, 0x37, 0x51, 0x11, 0x11, 0x4e, 0x04, 
	0x46, 0x03, 0x38, 0x18, 0x07, 0x06, 0x52, 0x4a, 
	0x53, 0x54, 0x32, 0x30, 0x2e, 0x55, 0x2f, 0x00, 
	0x35, 0x2f, 0x06, 0x46, 0x11, 0x54, 0x08, 0x14, 
	0x11, 0x08, 0x56, 0x22, 0x11, 0x11, 0x4d, 0x29, 
	0x0e, 0x2a, 0x49, 0x18, 0x03, 0x0b, 0x05, 0x57, 
	0x55, 0x4e, 0x06, 0x0e, 0x14, 0x58, 0x37, 0x0f, 
	0x23, 0x23, 0x59, 0x31, 0x54, 0x55, 0x11, 0x03, 
	0x30, 0x59, 0x41, 0x5a, 0x08, 0x34, 0x07, 0x27, 
	0x29, 0x41, 0x5b, 0x17, 0x08, 0x29, 0x5c, 0x05, 
	0x30, 0x0e, 0x5d, 0x2f, 0x55, 0x38, 0x22, 0x51, 
	0x09, 0x08, 0x29, 0x5d, 0x1b, 0x30, 0x1f, 0x07, 
	0x02, 0x18, 0x37, 0x3a, 0x11, 0x11, 0x07, 0x00, 
	0x2e, 0x46, 0x49, 0x3e, 0x00, 0x0e, 0x0e, 0x29, 
	0x0b, 0x06, 0x5e, 0x5f, 0x19, 0x21, 0x1e, 0x22, 
	0x60, 0x0f, 0x61, 0x24, 0x20, 0x04, 0x62, 0x04, 
	0x45, 0x63, 0x64, 0x37, 0x07, 0x4d, 0x32, 0x23, 
	0x46, 0x65, 0x4f, 0x21, 0x23, 0x14, 0x35, 0x2e, 
	0x52, 0x61, 0x35, 0x22, 0x42, 0x22, 0x08, 0x08, 
	0x43, 0x66, 0x67, 0x68, 0x28, 0x35, 0x06, 0x40, 
	0x17, 0x37, 0x17, 0x22, 0x69, 0x0b, 0x14, 0x6a, 
	0x3a, 0x22, 0x08, 0x34, 0x11, 0x00, 0x35, 0x28, 
	0x06, 0x6b, 0x66, 0x09, 0x1e, 0x08, 0x55, 0x07, 
	0x12, 0x28, 0x68, 0x61, 0x6c, 0x03, 0x07, 0x55, 
	0x34, 0x02, 0x1a, 0x21, 0x03, 0x29, 0x46, 0x6d, 
	0x6e, 0x6f, 0x55, 0x3a, 0x21, 0x28, 0x0e, 0x40, 
	0x35, 0x34, 0x38, 0x70, 0x32, 0x2c, 0x18, 0x00, 
	0x0b, 0x06, 0x06, 0x0e, 0x0c, 0x11, 0x1b, 0x07, 
	0x30, 0x00, 0x54, 0x17, 0x11, 0x27, 0x71, 0x72, 
	0x73, 0x02, 0x58, 0x3d, 0x11, 0x4e, 0x59, 0x23, 
	0x13, 0x32, 0x6b, 0x23, 0x1b, 0x19, 0x74, 0x0b, 
	0x0b, 0x75, 0x00, 0x40, 0x2f, 0x0f, 0x09, 0x09, 
	0x29, 0x76, 0x2c, 0x1d, 0x32, 0x00, 0x77, 0x78, 
	0x1a, 0x11, 0x54, 0x21, 0x32, 0x4e, 0x35, 0x29, 
	0x07, 0x07, 0x4e, 0x79, 0x1b, 0x29, 0x61, 0x4a, 
	0x34, 0x19, 0x46, 0x46, 0x55, 0x55, 0x22, 0x6b, 
	0x29, 0x31, 0x09, 0x55, 0x29, 0x75, 0x26, 0x51, 
	0x1b, 0x2f, 0x1b, 0x30, 0x35, 0x13, 0x59, 0x0e, 
	0x55, 0x20, 0x46, 0x04, 0x48, 0x61, 0x62, 0x24, 
	0x2f, 0x22, 0x40, 0x7a, 0x43, 0x03, 0x07, 0x06, 
	0x28, 0x53, 0x2f, 0x1b, 0x32, 0x2c, 0x7b, 0x7c, 
	0x03, 0x07, 0x7d, 0x61, 0x7e, 0x07, 0x76, 0x46, 
	0x7f, 0x34, 0x5d, 0x30, 0x48, 0x7e, 0x7e, 0x5d, 
	0x39, 0x41, 0x55, 0x09, 0x54, 0x4d, 0x54, 0x39, 
	0x4a, 0x5d, 0x40, 0x53, 0x41, 0x49, 0x08, 0x34, 
	0x22, 0x11, 0x07, 0x0b, 0x0e, 0x01, 0x43, 0x23, 
	0x23, 0x2f, 0x07, 0x5d, 0x30, 0x04, 0x48, 0x48, 
	0x80, 0x2a, 0x2a, 0x7f, 0x55, 0x0f, 0x30, 0x00, 
	0x7a, 0x40, 0x23, 0x55, 0x81, 0x18, 0x82, 0x2a, 
	0x06, 0x5d, 0x35, 0x0e, 0x04, 0x0d, 0x0f, 0x46, 
	0x41, 0x55, 0x00, 0x28, 0x35, 0x7e, 0x52, 0x52, 
	0x80, 0x65, 0x53, 0x41, 0x00, 0x14, 0x0e, 0x35, 
	0x23, 0x36, 0x2f, 0x11, 0x42, 0x0f, 0x30, 0x06, 
	0x61, 0x5d, 0x76, 0x1f, 0x2f, 0x09, 0x55, 0x22, 
	0x08, 0x55, 0x23, 0x46, 0x04, 0x83, 0x2e, 0x35, 
	0x1f, 0x40, 0x0d, 0x2a, 0x35, 0x5d, 0x0e, 0x68, 
	0x84, 0x09, 0x41, 0x58, 0x7c, 0x0b, 0x5c, 0x0e, 
	0x0c, 0x09, 0x09, 0x14, 0x24, 0x20, 0x03, 0x0f, 
	0x42, 0x21, 0x23, 0x28, 0x0e, 0x80, 0x85, 0x32, 
	0x20, 0x0d, 0x1d, 0x39, 0x01, 0x08, 0x0b, 0x0e, 
	0x0d, 0x5a, 0x03, 0x38, 0x08, 0x06, 0x62, 0x06, 
	0x38, 0x22, 0x07, 0x0b, 0x1f, 0x07, 0x2e, 0x46, 
	0x1b, 0x32, 0x32, 0x13, 0x14, 0x14, 0x19, 0x5a, 
	0x1b, 0x23, 0x03, 0x42, 0x3a, 0x0f, 0x29, 0x35, 
	0x09, 0x86, 0x1d, 0x87, 0x22, 0x35, 0x4a, 0x53, 
	0x22, 0x2a, 0x59, 0x31, 0x46, 0x06, 0x31, 0x34, 
	0x07, 0x23, 0x88, 0x1b, 0x55, 0x22, 0x89, 0x5a, 
	0x00, 0x1c, 0x11, 0x8a, 0x1a, 0x00, 0x1c, 0x5d, 
	0x38, 0x17, 0x37, 0x26, 0x51, 0x1f, 0x20, 0x1b, 
	0x0f, 0x31, 0x07, 0x2f, 0x6b, 0x8b, 0x4c, 0x22, 
	0x32, 0x31, 0x13, 0x23, 0x8c, 0x09, 0x11, 0x08, 
	0x27, 0x35, 0x34, 0x54, 0x03, 0x88, 0x14, 0x7d, 
	0x09, 0x37, 0x21, 0x08, 0x0b, 0x80, 0x8d, 0x11, 
	0x34, 0x1b, 0x28, 0x1c, 0x7d, 0x8e, 0x8f, 0x03, 
	0x03, 0x00, 0x14, 0x41, 0x37, 0x55, 0x55, 0x07, 
	0x03, 0x07, 0x0b, 0x28, 0x08, 0x23, 0x29, 0x28, 
	0x41, 0x19, 0x0a, 0x28, 0x14, 0x90, 0x08, 0x18, 
	0x09, 0x32, 0x0e, 0x48, 0x0d, 0x3d, 0x7f, 0x91, 
	0x17, 0x55, 0x2f, 0x92, 0x8f, 0x51, 0x00, 0x13, 
	0x3c, 0x07, 0x6b, 0x46, 0x34, 0x23, 0x35, 0x23, 
	0x20, 0x55, 0x1c, 0x5d, 0x12, 0x27, 0x2f, 0x3a, 
	0x08, 0x1b, 0x27, 0x65, 0x2c, 0x93, 0x32, 0x00, 
	0x92, 0x02, 0x32, 0x17, 0x17, 0x2f, 0x35, 0x48, 
	0x28, 0x88, 0x7a, 0x13, 0x0f, 0x22, 0x55, 0x00, 
	0x94, 0x3f, 0x7e, 0x40, 0x00, 0x08, 0x3d, 0x4c, 
	0x08, 0x23, 0x59, 0x6b, 0x8d, 0x95, 0x75, 0x30, 
	0x70, 0x13, 0x5d, 0x96, 0x1a, 0x46, 0x29, 0x61, 
	0x04, 0x20, 0x0f, 0x07, 0x09, 0x54, 0x00, 0x0e, 
	0x48, 0x31, 0x23, 0x20, 0x97, 0x63, 0x6e, 0x78, 
	0x08, 0x32, 0x0b, 0x04, 0x40, 0x46, 0x11, 0x09, 
	0x09, 0x32, 0x01, 0x19, 0x0f, 0x3c, 0x30, 0x1c, 
	0x14, 0x4c, 0x17, 0x26, 0x5a, 0x1e, 0x6b, 0x61, 
	0x65, 0x8e, 0x70, 0x55, 0x22, 0x3d, 0x98, 0x5a, 
	0x11, 0x03, 0x00, 0x0e, 0x48, 0x42, 0x16, 0x1d, 
	0x11, 0x2e, 0x20, 0x03, 0x13, 0x03, 0x13, 0x29, 
	0x46, 0x92, 0x3e, 0x18, 0x43, 0x07, 0x0e, 0x61, 
	0x53, 0x3a, 0x51, 0x09, 0x18, 0x39, 0x22, 0x02, 
	0x1b, 0x88, 0x28, 0x0e, 0x80, 0x60, 0x33, 0x18, 
	0x24, 0x14, 0x32, 0x02, 0x23, 0x23, 0x13, 0x59, 
	0x99, 0x1e, 0x14, 0x35, 0x02, 0x2a, 0x6b, 0x29, 
	0x1b, 0x91, 0x09, 0x17, 0x00, 0x0b, 0x53, 0x1d, 
	0x03, 0x12, 0x46, 0x0b, 0x30, 0x34, 0x08, 0x2f, 
	0x14, 0x14, 0x18, 0x3d, 0x2a, 0x06, 0x94, 0x35, 
	0x46, 0x46, 0x0e, 0x9a, 0x19, 0x02, 0x3a, 0x22, 
	0x43, 0x55, 0x11, 0x55, 0x29, 0x61, 0x9b, 0x1d, 
	0x07, 0x20, 0x46, 0x0e, 0x83, 0x11, 0x07, 0x28, 
	0x59, 0x8c, 0x9c, 0x9d, 0x32, 0x1c, 0x52, 0x06, 
	0x24, 0x23, 0x40, 0x18, 0x18, 0x37, 0x9e, 0x3e, 
	
};

Gfx wf_dl_wf_textures_04800_rgba16_pal_rgba16_aligner[] = {gsSPEndDisplayList()};
u8 wf_dl_wf_textures_04800_rgba16_pal_rgba16[] = {
	0x61, 0x43, 0x9a, 0x8b, 0x92, 0x47, 0x7a, 0x05, 
	0x48, 0xc3, 0x20, 0x03, 0x38, 0x41, 0x71, 0xc5, 
	0x8a, 0x47, 0xa2, 0xcb, 0x69, 0x43, 0x40, 0x41, 
	0x69, 0x87, 0xab, 0x0d, 0x30, 0x01, 0x79, 0xc5, 
	0xdc, 0x53, 0x92, 0x89, 0x69, 0xc3, 0x61, 0x83, 
	0x48, 0x81, 0xc3, 0x91, 0xe4, 0x11, 0xcb, 0x4d, 
	0xaa, 0xcb, 0xcb, 0x8f, 0xa2, 0x89, 0x82, 0x47, 
	0x38, 0x01, 0xb3, 0x0b, 0x92, 0x87, 0x61, 0x85, 
	0x8a, 0x89, 0xa2, 0xc9, 0x9a, 0x89, 0x7a, 0x07, 
	0x59, 0x45, 0xdc, 0x95, 0xcb, 0x8d, 0x51, 0x01, 
	0x59, 0x43, 0x40, 0x81, 0x71, 0x85, 0xec, 0xd7, 
	0xc3, 0x8f, 0x61, 0x41, 0x69, 0xc5, 0x8a, 0x49, 
	0x59, 0x03, 0x82, 0x49, 0x69, 0x83, 0xcb, 0x4b, 
	0x9a, 0xcb, 0x51, 0x03, 0x92, 0x8b, 0xc3, 0x4d, 
	0xb3, 0x0d, 0x8a, 0x07, 0xd3, 0x8f, 0x81, 0xc7, 
	0x7a, 0x47, 0xe3, 0xcf, 0xb2, 0xcb, 0x49, 0x03, 
	0x71, 0xc7, 0x92, 0x49, 0xbb, 0x4d, 0x9a, 0xc9, 
	0x82, 0x0b, 0xfc, 0x95, 0x69, 0x85, 0xeb, 0xd1, 
	0x40, 0x83, 0xdb, 0x8f, 0x51, 0x05, 0x50, 0xc5, 
	0xbb, 0x0d, 0x59, 0x01, 0x50, 0xc1, 0xbb, 0x8f, 
	0x71, 0x43, 0x82, 0x05, 0x30, 0x43, 0x79, 0xc7, 
	0xab, 0x0b, 0x82, 0x07, 0xc3, 0x4f, 0x18, 0x43, 
	0xb3, 0x4d, 0x48, 0xc1, 0xbb, 0x0b, 0xf4, 0x0f, 
	0x28, 0x03, 0x61, 0x45, 0x92, 0xcb, 0xd4, 0x11, 
	0xdb, 0xd1, 0x28, 0x01, 0x20, 0x01, 0xd3, 0x4d, 
	0xec, 0x53, 0x69, 0x45, 0x61, 0x03, 0x30, 0x03, 
	0x38, 0x43, 0x59, 0x41, 0x9a, 0x87, 0x50, 0xc3, 
	0x59, 0x47, 0xfc, 0xd5, 0xfc, 0x51, 0x92, 0x05, 
	0x8a, 0x05, 0xba, 0xcb, 0xfc, 0x93, 0xe3, 0x8d, 
	0x81, 0xc5, 0x82, 0x09, 0x72, 0x07, 0xe3, 0xd1, 
	0xc3, 0x0b, 0x61, 0x87, 0x82, 0x89, 0xf4, 0x53, 
	0x9a, 0x47, 0x48, 0x83, 0x38, 0x83, 0xaa, 0xc9, 
	0x59, 0x05, 0xd3, 0xd1, 0x92, 0xc9, 0x48, 0xc5, 
	0x81, 0xc9, 0x8a, 0x87, 0xaa, 0x89, 0xf4, 0xd5, 
	0x72, 0x05, 0xe3, 0x8f, 0xf4, 0x95, 0x8a, 0x09, 
	0xa3, 0x0d, 0xa3, 0x0b, 0xec, 0x11, 0xdb, 0x8d, 
	0x69, 0xc7, 0x71, 0xc3, 0xdb, 0xcf, 0x71, 0x83, 
	0x40, 0xc3, 0x50, 0x81, 0xcb, 0x4f, 0x69, 0x81, 
	0xeb, 0xcf, 0x82, 0x4b, 0x7a, 0x09, 0x8a, 0x4b, 
	0xd3, 0xcf, 0x92, 0x45, 0xf4, 0x11, 
};

Gfx wf_dl_wf_textures_07800_rgba16_ci8_aligner[] = {gsSPEndDisplayList()};
u8 wf_dl_wf_textures_07800_rgba16_ci8[] = {
	0x00, 0x01, 0x02, 0x00, 0x00, 0x00, 0x01, 0x00, 
	0x03, 0x00, 0x03, 0x00, 0x04, 0x05, 0x00, 0x06, 
	0x07, 0x01, 0x08, 0x09, 0x00, 0x05, 0x00, 0x01, 
	0x00, 0x00, 0x05, 0x05, 0x04, 0x00, 0x00, 0x00, 
	0x00, 0x0a, 0x0b, 0x0b, 0x00, 0x00, 0x01, 0x0c, 
	0x0a, 0x00, 0x03, 0x00, 0x0a, 0x0a, 0x0d, 0x0e, 
	0x0f, 0x10, 0x0a, 0x01, 0x03, 0x05, 0x11, 0x01, 
	0x01, 0x11, 0x05, 0x05, 0x00, 0x01, 0x03, 0x03, 
	0x00, 0x01, 0x12, 0x13, 0x00, 0x11, 0x00, 0x13, 
	0x13, 0x00, 0x03, 0x11, 0x00, 0x0d, 0x14, 0x15, 
	0x16, 0x17, 0x18, 0x05, 0x00, 0x19, 0x03, 0x00, 
	0x05, 0x0d, 0x03, 0x05, 0x00, 0x05, 0x05, 0x05, 
	0x00, 0x01, 0x00, 0x0d, 0x01, 0x02, 0x01, 0x00, 
	0x00, 0x13, 0x02, 0x00, 0x00, 0x10, 0x1a, 0x1a, 
	0x15, 0x1a, 0x0f, 0x18, 0x01, 0x00, 0x00, 0x11, 
	0x11, 0x0d, 0x04, 0x1b, 0x03, 0x05, 0x05, 0x05, 
	0x0a, 0x13, 0x00, 0x01, 0x0c, 0x0c, 0x0a, 0x00, 
	0x00, 0x13, 0x1c, 0x0b, 0x1d, 0x1e, 0x15, 0x1f, 
	0x1f, 0x15, 0x16, 0x0f, 0x10, 0x13, 0x00, 0x03, 
	0x11, 0x11, 0x01, 0x00, 0x03, 0x05, 0x05, 0x05, 
	0x0c, 0x04, 0x00, 0x00, 0x13, 0x0a, 0x01, 0x00, 
	0x00, 0x00, 0x01, 0x10, 0x20, 0x16, 0x21, 0x22, 
	0x16, 0x15, 0x16, 0x21, 0x23, 0x18, 0x11, 0x00, 
	0x19, 0x00, 0x05, 0x05, 0x04, 0x19, 0x02, 0x02, 
	0x01, 0x13, 0x00, 0x00, 0x01, 0x00, 0x01, 0x04, 
	0x08, 0x01, 0x24, 0x20, 0x1a, 0x15, 0x1a, 0x22, 
	0x16, 0x1a, 0x1a, 0x25, 0x15, 0x23, 0x26, 0x13, 
	0x1b, 0x00, 0x03, 0x05, 0x01, 0x13, 0x01, 0x01, 
	0x01, 0x0c, 0x1c, 0x04, 0x01, 0x00, 0x04, 0x27, 
	0x1c, 0x0c, 0x1e, 0x15, 0x1a, 0x28, 0x1a, 0x22, 
	0x16, 0x15, 0x1f, 0x1a, 0x16, 0x16, 0x23, 0x29, 
	0x01, 0x00, 0x03, 0x05, 0x00, 0x00, 0x00, 0x00, 
	0x1b, 0x19, 0x04, 0x0b, 0x00, 0x02, 0x05, 0x0a, 
	0x2a, 0x15, 0x16, 0x16, 0x12, 0x12, 0x15, 0x15, 
	0x16, 0x12, 0x2b, 0x2c, 0x2d, 0x16, 0x2b, 0x29, 
	0x18, 0x04, 0x00, 0x19, 0x19, 0x00, 0x04, 0x04, 
	0x04, 0x00, 0x04, 0x27, 0x0c, 0x05, 0x18, 0x2e, 
	0x2f, 0x15, 0x1a, 0x2a, 0x2b, 0x2b, 0x16, 0x15, 
	0x2a, 0x2a, 0x2a, 0x2a, 0x16, 0x2a, 0x2f, 0x2f, 
	0x14, 0x06, 0x19, 0x19, 0x19, 0x05, 0x19, 0x1b, 
	0x0b, 0x0b, 0x30, 0x04, 0x05, 0x18, 0x16, 0x2f, 
	0x2a, 0x2a, 0x12, 0x16, 0x2a, 0x16, 0x2a, 0x12, 
	0x23, 0x16, 0x23, 0x2a, 0x27, 0x2a, 0x22, 0x31, 
	0x16, 0x14, 0x06, 0x04, 0x00, 0x02, 0x00, 0x00, 
	0x1b, 0x00, 0x00, 0x00, 0x18, 0x2e, 0x15, 0x1a, 
	0x2c, 0x2a, 0x12, 0x23, 0x1a, 0x2c, 0x2a, 0x12, 
	0x32, 0x1a, 0x15, 0x2a, 0x2b, 0x2f, 0x15, 0x15, 
	0x2f, 0x2a, 0x14, 0x33, 0x00, 0x03, 0x03, 0x00, 
	0x04, 0x00, 0x01, 0x18, 0x2a, 0x2a, 0x2a, 0x15, 
	0x23, 0x2a, 0x2f, 0x2a, 0x32, 0x2a, 0x2a, 0x2f, 
	0x2a, 0x2a, 0x2b, 0x2a, 0x2b, 0x2a, 0x12, 0x12, 
	0x16, 0x2f, 0x2a, 0x0e, 0x34, 0x00, 0x03, 0x00, 
	0x0c, 0x01, 0x13, 0x35, 0x16, 0x2a, 0x16, 0x2b, 
	0x2a, 0x15, 0x31, 0x21, 0x2b, 0x2f, 0x15, 0x16, 
	0x21, 0x2b, 0x12, 0x15, 0x15, 0x21, 0x2f, 0x12, 
	0x16, 0x2d, 0x15, 0x2a, 0x14, 0x33, 0x01, 0x01, 
	0x0c, 0x0d, 0x2a, 0x16, 0x1a, 0x36, 0x16, 0x2a, 
	0x2a, 0x15, 0x1a, 0x16, 0x2a, 0x2b, 0x16, 0x1a, 
	0x16, 0x2b, 0x2b, 0x2a, 0x21, 0x2a, 0x2a, 0x2b, 
	0x2b, 0x31, 0x2a, 0x2a, 0x2a, 0x14, 0x33, 0x37, 
	0x0d, 0x2e, 0x2a, 0x16, 0x16, 0x16, 0x2a, 0x2a, 
	0x32, 0x2a, 0x2a, 0x2a, 0x2a, 0x2a, 0x2a, 0x12, 
	0x2a, 0x16, 0x2f, 0x32, 0x12, 0x2b, 0x22, 0x2f, 
	0x16, 0x12, 0x2b, 0x15, 0x2a, 0x22, 0x38, 0x10, 
	0x0e, 0x2d, 0x31, 0x15, 0x16, 0x2a, 0x15, 0x22, 
	0x15, 0x2a, 0x2b, 0x16, 0x1a, 0x15, 0x32, 0x2b, 
	0x2a, 0x1a, 0x15, 0x31, 0x2b, 0x2b, 0x15, 0x1a, 
	0x31, 0x2b, 0x2b, 0x16, 0x1a, 0x2e, 0x18, 0x39, 
	0x06, 0x16, 0x1f, 0x25, 0x2a, 0x2a, 0x16, 0x1a, 
	0x22, 0x2a, 0x2a, 0x2a, 0x15, 0x16, 0x2a, 0x2a, 
	0x2a, 0x2a, 0x2a, 0x2a, 0x2f, 0x2a, 0x2f, 0x2a, 
	0x2a, 0x2a, 0x2f, 0x2a, 0x14, 0x11, 0x19, 0x19, 
	0x19, 0x06, 0x2e, 0x16, 0x16, 0x2a, 0x16, 0x2a, 
	0x2a, 0x16, 0x2f, 0x16, 0x2a, 0x2b, 0x15, 0x2a, 
	0x16, 0x2a, 0x12, 0x21, 0x16, 0x16, 0x2a, 0x12, 
	0x2a, 0x2c, 0x16, 0x35, 0x11, 0x19, 0x04, 0x04, 
	0x1b, 0x00, 0x06, 0x2a, 0x1a, 0x2c, 0x15, 0x2a, 
	0x2a, 0x1a, 0x1a, 0x15, 0x2a, 0x2b, 0x15, 0x36, 
	0x15, 0x2a, 0x2a, 0x2a, 0x1a, 0x20, 0x2a, 0x2a, 
	0x2a, 0x15, 0x20, 0x33, 0x19, 0x3a, 0x02, 0x02, 
	0x0c, 0x00, 0x05, 0x06, 0x1e, 0x1a, 0x16, 0x2a, 
	0x2a, 0x16, 0x16, 0x2a, 0x2a, 0x2a, 0x2a, 0x2a, 
	0x2a, 0x2a, 0x2a, 0x2a, 0x2b, 0x2b, 0x16, 0x2f, 
	0x2a, 0x2a, 0x18, 0x05, 0x3b, 0x19, 0x19, 0x19, 
	0x03, 0x00, 0x19, 0x02, 0x18, 0x23, 0x15, 0x2a, 
	0x16, 0x16, 0x2f, 0x16, 0x15, 0x31, 0x16, 0x2f, 
	0x2a, 0x2c, 0x16, 0x21, 0x2a, 0x2b, 0x15, 0x15, 
	0x15, 0x10, 0x3a, 0x02, 0x04, 0x00, 0x19, 0x19, 
	0x11, 0x13, 0x0b, 0x13, 0x11, 0x13, 0x20, 0x1f, 
	0x1a, 0x2a, 0x2a, 0x2a, 0x1a, 0x25, 0x2a, 0x2a, 
	0x2a, 0x21, 0x1a, 0x2a, 0x2a, 0x2a, 0x2a, 0x15, 
	0x14, 0x05, 0x19, 0x19, 0x03, 0x03, 0x05, 0x05, 
	0x05, 0x00, 0x18, 0x00, 0x03, 0x05, 0x0d, 0x23, 
	0x16, 0x16, 0x2a, 0x32, 0x2a, 0x2a, 0x23, 0x2a, 
	0x16, 0x2a, 0x2b, 0x16, 0x31, 0x2f, 0x23, 0x14, 
	0x09, 0x00, 0x3b, 0x05, 0x3a, 0x19, 0x1b, 0x1b, 
	0x03, 0x00, 0x05, 0x00, 0x1b, 0x05, 0x00, 0x0d, 
	0x23, 0x1a, 0x16, 0x15, 0x2a, 0x2f, 0x15, 0x15, 
	0x15, 0x2a, 0x2a, 0x16, 0x1a, 0x2c, 0x23, 0x06, 
	0x19, 0x01, 0x01, 0x11, 0x19, 0x19, 0x00, 0x00, 
	0x0c, 0x0d, 0x11, 0x00, 0x0a, 0x10, 0x00, 0x05, 
	0x0d, 0x20, 0x1f, 0x15, 0x2a, 0x2a, 0x2a, 0x25, 
	0x16, 0x2a, 0x2a, 0x2a, 0x21, 0x23, 0x18, 0x19, 
	0x19, 0x05, 0x11, 0x05, 0x19, 0x19, 0x05, 0x05, 
	0x01, 0x00, 0x05, 0x00, 0x00, 0x00, 0x00, 0x05, 
	0x05, 0x33, 0x2e, 0x16, 0x16, 0x2a, 0x16, 0x2a, 
	0x2a, 0x21, 0x2a, 0x16, 0x23, 0x0d, 0x00, 0x19, 
	0x03, 0x05, 0x19, 0x00, 0x1b, 0x05, 0x00, 0x00, 
	0x00, 0x04, 0x00, 0x04, 0x00, 0x03, 0x04, 0x1b, 
	0x04, 0x00, 0x06, 0x2e, 0x3c, 0x15, 0x15, 0x2a, 
	0x2a, 0x2c, 0x1a, 0x20, 0x18, 0x05, 0x00, 0x13, 
	0x01, 0x05, 0x05, 0x05, 0x04, 0x01, 0x05, 0x05, 
	0x00, 0x13, 0x1c, 0x13, 0x11, 0x11, 0x00, 0x0a, 
	0x13, 0x11, 0x05, 0x06, 0x23, 0x25, 0x16, 0x2a, 
	0x32, 0x16, 0x1e, 0x10, 0x05, 0x19, 0x05, 0x05, 
	0x05, 0x03, 0x19, 0x05, 0x05, 0x19, 0x00, 0x00, 
	0x02, 0x00, 0x0d, 0x00, 0x00, 0x05, 0x00, 0x11, 
	0x11, 0x0d, 0x05, 0x03, 0x06, 0x0e, 0x15, 0x16, 
	0x16, 0x1e, 0x10, 0x11, 0x00, 0x19, 0x11, 0x05, 
	0x19, 0x04, 0x00, 0x00, 0x05, 0x19, 0x00, 0x00, 
	0x04, 0x18, 0x00, 0x0d, 0x13, 0x1b, 0x01, 0x00, 
	0x11, 0x13, 0x04, 0x04, 0x11, 0x06, 0x23, 0x1f, 
	0x1a, 0x14, 0x11, 0x05, 0x01, 0x13, 0x00, 0x05, 
	0x05, 0x00, 0x13, 0x00, 0x05, 0x19, 0x05, 0x05, 
	0x27, 0x0d, 0x00, 0x00, 0x13, 0x0c, 0x0d, 0x00, 
	0x03, 0x00, 0x01, 0x00, 0x03, 0x05, 0x06, 0x23, 
	0x2e, 0x09, 0x19, 0x05, 0x09, 0x05, 0x03, 0x03, 
	0x19, 0x00, 0x05, 0x05, 0x09, 0x3b, 0x03, 0x03, 
	
};

Gfx wf_dl_wf_textures_07800_rgba16_pal_rgba16_aligner[] = {gsSPEndDisplayList()};
u8 wf_dl_wf_textures_07800_rgba16_pal_rgba16[] = {
	0x94, 0xa7, 0x94, 0x65, 0x94, 0xa9, 0x94, 0xe9, 
	0x8c, 0x65, 0x9c, 0xe9, 0x9c, 0xa5, 0x9c, 0x63, 
	0x9c, 0xa9, 0x9c, 0xa7, 0x8c, 0x23, 0x84, 0x23, 
	0x84, 0x21, 0x94, 0xa5, 0x83, 0xdd, 0x7b, 0x9b, 
	0x8c, 0x21, 0x9c, 0xe7, 0x7b, 0xdf, 0x8c, 0x63, 
	0x83, 0xdf, 0x63, 0x19, 0x6b, 0x5b, 0x7b, 0x5b, 
	0x94, 0x63, 0x9c, 0xeb, 0x5a, 0xd7, 0x8c, 0xa7, 
	0x7b, 0xe1, 0x8c, 0x1f, 0x6b, 0x59, 0x52, 0x95, 
	0x6b, 0x19, 0x6b, 0x1b, 0x63, 0x1b, 0x73, 0x5b, 
	0x8c, 0x61, 0x62, 0xd7, 0x94, 0x21, 0x83, 0xe1, 
	0x4a, 0x53, 0x84, 0x1f, 0x73, 0x9d, 0x7b, 0x9f, 
	0x62, 0xd9, 0x5a, 0xd9, 0x7b, 0x9d, 0x73, 0x9f, 
	0x94, 0xeb, 0x6b, 0x5d, 0x73, 0x5d, 0x9c, 0xa3, 
	0xa4, 0xe5, 0x73, 0x9b, 0x52, 0x97, 0x94, 0xa3, 
	0x7b, 0xdd, 0xa4, 0xe9, 0xa5, 0x2b, 0x9d, 0x2d, 
	0x5a, 0x97, 
};

Gfx wf_dl_wf_textures_01000_rgba16_ci8_aligner[] = {gsSPEndDisplayList()};
u8 wf_dl_wf_textures_01000_rgba16_ci8[] = {
	0x00, 0x01, 0x02, 0x03, 0x01, 0x04, 0x04, 0x04, 
	0x05, 0x06, 0x06, 0x03, 0x07, 0x07, 0x00, 0x03, 
	0x08, 0x08, 0x09, 0x0a, 0x0b, 0x03, 0x02, 0x01, 
	0x01, 0x0c, 0x00, 0x01, 0x0b, 0x09, 0x01, 0x01, 
	0x0d, 0x0e, 0x0f, 0x10, 0x11, 0x12, 0x13, 0x13, 
	0x12, 0x13, 0x13, 0x14, 0x11, 0x11, 0x15, 0x16, 
	0x17, 0x09, 0x18, 0x18, 0x19, 0x18, 0x1a, 0x1b, 
	0x1c, 0x19, 0x1d, 0x1e, 0x18, 0x1e, 0x1f, 0x19, 
	0x0d, 0x0e, 0x0f, 0x10, 0x11, 0x12, 0x13, 0x13, 
	0x12, 0x13, 0x13, 0x14, 0x11, 0x11, 0x20, 0x16, 
	0x21, 0x03, 0x22, 0x23, 0x19, 0x19, 0x1a, 0x1b, 
	0x1c, 0x19, 0x1d, 0x1e, 0x18, 0x1e, 0x1f, 0x19, 
	0x03, 0x24, 0x25, 0x26, 0x15, 0x20, 0x13, 0x13, 
	0x20, 0x13, 0x13, 0x12, 0x12, 0x12, 0x12, 0x27, 
	0x28, 0x03, 0x18, 0x29, 0x2a, 0x2b, 0x2c, 0x19, 
	0x2a, 0x18, 0x2d, 0x18, 0x2e, 0x22, 0x19, 0x1f, 
	0x0b, 0x14, 0x13, 0x12, 0x12, 0x10, 0x13, 0x13, 
	0x10, 0x13, 0x13, 0x14, 0x11, 0x11, 0x16, 0x16, 
	0x2f, 0x0a, 0x2c, 0x18, 0x1f, 0x18, 0x2c, 0x18, 
	0x1f, 0x2b, 0x2c, 0x1c, 0x19, 0x19, 0x30, 0x2b, 
	0x01, 0x12, 0x13, 0x24, 0x31, 0x32, 0x27, 0x33, 
	0x32, 0x27, 0x33, 0x14, 0x11, 0x11, 0x12, 0x12, 
	0x31, 0x07, 0x22, 0x17, 0x18, 0x18, 0x34, 0x35, 
	0x36, 0x18, 0x1f, 0x19, 0x18, 0x1c, 0x1e, 0x18, 
	0x01, 0x12, 0x13, 0x24, 0x31, 0x32, 0x27, 0x33, 
	0x32, 0x27, 0x33, 0x14, 0x11, 0x11, 0x12, 0x12, 
	0x31, 0x07, 0x22, 0x17, 0x18, 0x18, 0x34, 0x35, 
	0x36, 0x18, 0x1f, 0x19, 0x18, 0x1c, 0x1e, 0x18, 
	0x00, 0x13, 0x12, 0x12, 0x13, 0x33, 0x24, 0x15, 
	0x33, 0x24, 0x15, 0x13, 0x11, 0x37, 0x37, 0x11, 
	0x38, 0x09, 0x1f, 0x39, 0x1b, 0x19, 0x19, 0x19, 
	0x3a, 0x3b, 0x22, 0x3c, 0x1e, 0x2b, 0x22, 0x30, 
	0x3d, 0x1b, 0x3e, 0x12, 0x37, 0x3f, 0x15, 0x33, 
	0x3f, 0x15, 0x33, 0x14, 0x38, 0x15, 0x15, 0x24, 
	0x2f, 0x40, 0x1f, 0x41, 0x19, 0x22, 0x19, 0x18, 
	0x36, 0x22, 0x42, 0x22, 0x22, 0x09, 0x3c, 0x36, 
	0x29, 0x43, 0x44, 0x28, 0x45, 0x45, 0x38, 0x20, 
	0x45, 0x38, 0x20, 0x46, 0x47, 0x48, 0x49, 0x28, 
	0x49, 0x4a, 0x4b, 0x4b, 0x4c, 0x1e, 0x29, 0x2b, 
	0x15, 0x2c, 0x29, 0x15, 0x4d, 0x4e, 0x17, 0x4f, 
	0x50, 0x51, 0x52, 0x53, 0x52, 0x52, 0x51, 0x50, 
	0x54, 0x55, 0x56, 0x57, 0x58, 0x59, 0x5a, 0x5b, 
	0x5c, 0x5d, 0x5e, 0x50, 0x50, 0x57, 0x5f, 0x60, 
	0x61, 0x62, 0x1d, 0x50, 0x63, 0x64, 0x54, 0x51, 
	0x54, 0x65, 0x3a, 0x3a, 0x66, 0x67, 0x68, 0x69, 
	0x6a, 0x2b, 0x63, 0x6b, 0x6c, 0x6d, 0x6b, 0x0c, 
	0x6e, 0x06, 0x6f, 0x6b, 0x70, 0x71, 0x72, 0x71, 
	0x72, 0x73, 0x6e, 0x06, 0x3a, 0x3a, 0x63, 0x54, 
	0x74, 0x18, 0x75, 0x18, 0x1f, 0x2b, 0x34, 0x34, 
	0x75, 0x1b, 0x34, 0x09, 0x4f, 0x15, 0x33, 0x35, 
	0x4e, 0x33, 0x4e, 0x20, 0x17, 0x16, 0x3b, 0x16, 
	0x3b, 0x37, 0x33, 0x1e, 0x35, 0x35, 0x1e, 0x29, 
	0x3a, 0x18, 0x08, 0x3a, 0x1f, 0x18, 0x6a, 0x34, 
	0x76, 0x2b, 0x18, 0x01, 0x1b, 0x3b, 0x17, 0x35, 
	0x17, 0x2b, 0x35, 0x77, 0x29, 0x29, 0x35, 0x29, 
	0x35, 0x1b, 0x35, 0x15, 0x13, 0x74, 0x74, 0x36, 
	0x09, 0x6a, 0x6a, 0x3a, 0x3a, 0x3a, 0x34, 0x34, 
	0x69, 0x2b, 0x34, 0x78, 0x29, 0x1b, 0x3e, 0x17, 
	0x39, 0x4f, 0x15, 0x2c, 0x4b, 0x15, 0x29, 0x15, 
	0x29, 0x33, 0x2b, 0x27, 0x14, 0x34, 0x6a, 0x79, 
	0x09, 0x6a, 0x6a, 0x3a, 0x3a, 0x3a, 0x34, 0x34, 
	0x69, 0x2b, 0x34, 0x78, 0x29, 0x1b, 0x3e, 0x17, 
	0x39, 0x4f, 0x15, 0x2c, 0x4b, 0x15, 0x29, 0x15, 
	0x29, 0x33, 0x2b, 0x27, 0x14, 0x34, 0x6a, 0x79, 
	0x18, 0x18, 0x6a, 0x1f, 0x08, 0x18, 0x3a, 0x69, 
	0x1d, 0x19, 0x54, 0x7a, 0x33, 0x2c, 0x35, 0x17, 
	0x30, 0x17, 0x35, 0x1e, 0x2c, 0x4b, 0x19, 0x4b, 
	0x19, 0x7b, 0x17, 0x37, 0x11, 0x1d, 0x08, 0x36, 
	0x18, 0x22, 0x34, 0x7c, 0x74, 0x34, 0x3a, 0x34, 
	0x3a, 0x2b, 0x5f, 0x00, 0x35, 0x2c, 0x15, 0x35, 
	0x2c, 0x4f, 0x2c, 0x15, 0x2c, 0x4f, 0x33, 0x4f, 
	0x33, 0x34, 0x1b, 0x13, 0x11, 0x18, 0x36, 0x3a, 
	0x69, 0x36, 0x1f, 0x79, 0x7c, 0x1d, 0x6a, 0x3a, 
	0x3a, 0x54, 0x54, 0x02, 0x1b, 0x3b, 0x17, 0x1b, 
	0x17, 0x1b, 0x39, 0x1b, 0x29, 0x35, 0x35, 0x35, 
	0x35, 0x17, 0x15, 0x33, 0x11, 0x34, 0x36, 0x6a, 
	0x1f, 0x3a, 0x3a, 0x36, 0x18, 0x1f, 0x08, 0x34, 
	0x6a, 0x1f, 0x34, 0x0c, 0x4f, 0x2c, 0x15, 0x3b, 
	0x39, 0x39, 0x1b, 0x2b, 0x2b, 0x1b, 0x18, 0x1b, 
	0x18, 0x29, 0x19, 0x15, 0x14, 0x18, 0x3a, 0x36, 
	0x6a, 0x18, 0x3a, 0x22, 0x2b, 0x1c, 0x36, 0x1d, 
	0x18, 0x7c, 0x34, 0x7d, 0x28, 0x45, 0x28, 0x38, 
	0x45, 0x45, 0x45, 0x48, 0x2f, 0x7e, 0x48, 0x7e, 
	0x48, 0x2f, 0x7f, 0x20, 0x26, 0x7c, 0x3a, 0x74, 
	0x55, 0x63, 0x50, 0x50, 0x5d, 0x55, 0x50, 0x56, 
	0x69, 0x50, 0x5c, 0x56, 0x80, 0x56, 0x81, 0x82, 
	0x83, 0x5e, 0x82, 0x84, 0x82, 0x85, 0x86, 0x85, 
	0x85, 0x57, 0x56, 0x56, 0x5c, 0x50, 0x55, 0x55, 
	0x2c, 0x18, 0x18, 0x18, 0x18, 0x1e, 0x2b, 0x06, 
	0x78, 0x87, 0x42, 0x09, 0x07, 0x01, 0x03, 0x01, 
	0x04, 0x0a, 0x88, 0x01, 0x04, 0x89, 0x6b, 0x6c, 
	0x2c, 0x4b, 0x76, 0x1b, 0x1b, 0x1b, 0x39, 0x6a, 
	0x15, 0x1b, 0x15, 0x1b, 0x15, 0x37, 0x4b, 0x17, 
	0x18, 0x22, 0x1a, 0x3a, 0x18, 0x7d, 0x1a, 0x18, 
	0x36, 0x18, 0x18, 0x18, 0x1b, 0x2b, 0x09, 0x4f, 
	0x15, 0x27, 0x1b, 0x15, 0x37, 0x34, 0x37, 0x17, 
	0x29, 0x1b, 0x33, 0x1b, 0x33, 0x2c, 0x1e, 0x21, 
	0x08, 0x36, 0x08, 0x36, 0x22, 0x79, 0x6a, 0x1f, 
	0x08, 0x36, 0x3a, 0x08, 0x18, 0x08, 0x01, 0x1b, 
	0x27, 0x7b, 0x15, 0x15, 0x3e, 0x33, 0x33, 0x15, 
	0x27, 0x4b, 0x35, 0x4b, 0x35, 0x15, 0x19, 0x28, 
	0x08, 0x09, 0x36, 0x78, 0x36, 0x08, 0x2b, 0x42, 
	0x09, 0x08, 0x09, 0x22, 0x08, 0x8a, 0x78, 0x29, 
	0x15, 0x8b, 0x17, 0x2b, 0x17, 0x1b, 0x19, 0x4b, 
	0x1e, 0x4f, 0x35, 0x4f, 0x35, 0x29, 0x35, 0x2f, 
	0x0b, 0x22, 0x36, 0x42, 0x08, 0x08, 0x22, 0x08, 
	0x18, 0x36, 0x0a, 0x1c, 0x22, 0x6a, 0x78, 0x29, 
	0x17, 0x24, 0x35, 0x24, 0x14, 0x17, 0x4b, 0x1b, 
	0x13, 0x8c, 0x33, 0x8c, 0x33, 0x2b, 0x17, 0x31, 
	0x79, 0x09, 0x22, 0x6a, 0x09, 0x23, 0x22, 0x2b, 
	0x79, 0x3a, 0x6a, 0x08, 0x1c, 0x6a, 0x7a, 0x33, 
	0x35, 0x37, 0x15, 0x0f, 0x15, 0x35, 0x37, 0x15, 
	0x15, 0x29, 0x33, 0x29, 0x33, 0x2b, 0x27, 0x31, 
	0x89, 0x2b, 0x8d, 0x42, 0x8d, 0x8e, 0x36, 0x08, 
	0x08, 0x41, 0x79, 0x1a, 0x1f, 0x08, 0x00, 0x35, 
	0x15, 0x16, 0x1b, 0x4e, 0x14, 0x35, 0x15, 0x17, 
	0x2c, 0x8f, 0x2b, 0x8f, 0x2b, 0x33, 0x2c, 0x38, 
	0x0a, 0x18, 0x1c, 0x66, 0x18, 0x0a, 0x1c, 0x1f, 
	0x08, 0x18, 0x36, 0x22, 0x2b, 0x6a, 0x02, 0x1b, 
	0x20, 0x37, 0x24, 0x1b, 0x35, 0x1e, 0x15, 0x37, 
	0x2c, 0x2b, 0x4f, 0x2b, 0x4f, 0x1b, 0x1d, 0x2f, 
	0x0a, 0x22, 0x08, 0x3c, 0x90, 0x22, 0x36, 0x91, 
	0x0a, 0x90, 0x36, 0x18, 0x19, 0x18, 0x0c, 0x4f, 
	0x15, 0x3b, 0x4f, 0x2b, 0x33, 0x39, 0x1b, 0x17, 
	0x92, 0x93, 0x94, 0x93, 0x94, 0x95, 0x96, 0x49, 
	0x97, 0x98, 0x5f, 0x60, 0x60, 0x50, 0x75, 0x65, 
	0x69, 0x54, 0x80, 0x55, 0x55, 0x54, 0x7d, 0x28, 
	0x99, 0x9a, 0x9b, 0x94, 0x92, 0x94, 0x92, 0x9c, 
	
};

Gfx wf_dl_wf_textures_01000_rgba16_pal_rgba16_aligner[] = {gsSPEndDisplayList()};
u8 wf_dl_wf_textures_01000_rgba16_pal_rgba16[] = {
	0x7b, 0x15, 0x7b, 0x57, 0x7b, 0x17, 0x73, 0x15, 
	0x7b, 0x59, 0x93, 0xdb, 0x8b, 0xdb, 0x83, 0x57, 
	0x62, 0x91, 0x6a, 0x93, 0x6a, 0xd3, 0x72, 0xd5, 
	0x83, 0x59, 0x73, 0x13, 0x38, 0xc5, 0x39, 0x87, 
	0x41, 0x85, 0x31, 0x05, 0x39, 0x05, 0x39, 0x47, 
	0x39, 0x07, 0x41, 0x89, 0x31, 0x07, 0x49, 0x89, 
	0x5a, 0x4f, 0x5a, 0x0d, 0x5a, 0x4d, 0x49, 0x8b, 
	0x62, 0x8f, 0x52, 0x4f, 0x51, 0xcd, 0x5a, 0x0f, 
	0x30, 0xc5, 0x39, 0x03, 0x62, 0x4f, 0x5a, 0x8f, 
	0x41, 0x87, 0x39, 0x45, 0x28, 0xc5, 0x41, 0x47, 
	0x20, 0x41, 0x49, 0xcd, 0x62, 0x4d, 0x52, 0x0d, 
	0x51, 0xcb, 0x5a, 0x0b, 0x51, 0x8b, 0x28, 0x83, 
	0x59, 0xcb, 0x30, 0xc3, 0x41, 0x05, 0x41, 0x49, 
	0x52, 0x0f, 0x49, 0xcb, 0x62, 0x51, 0x39, 0x49, 
	0x28, 0xc3, 0x52, 0x0b, 0x5a, 0x51, 0x51, 0xc9, 
	0x6a, 0x4f, 0x83, 0x15, 0x49, 0x87, 0x49, 0x49, 
	0x73, 0x55, 0x62, 0x0f, 0x6a, 0x91, 0x20, 0xc1, 
	0x18, 0x01, 0x28, 0x81, 0x10, 0x01, 0x08, 0x01, 
	0x20, 0x81, 0x18, 0x41, 0x6b, 0x15, 0x41, 0x8b, 
	0x4a, 0x0d, 0x39, 0x4b, 0x41, 0xcb, 0x49, 0xc9, 
	0x5a, 0x95, 0x52, 0x95, 0x4a, 0x53, 0x52, 0xd9, 
	0x52, 0x51, 0x52, 0x53, 0x62, 0xd7, 0x6b, 0x19, 
	0x73, 0x59, 0x6b, 0x59, 0x6b, 0x17, 0x63, 0x19, 
	0x5a, 0xd7, 0x62, 0x95, 0x7b, 0x9f, 0x4a, 0x0f, 
	0x4a, 0x11, 0x52, 0x93, 0x39, 0x89, 0x5a, 0x93, 
	0x39, 0xcb, 0x52, 0x11, 0x62, 0x53, 0x73, 0x17, 
	0x62, 0xd5, 0x5a, 0x53, 0x62, 0x93, 0x93, 0xdd, 
	0x83, 0x97, 0x83, 0x9b, 0x94, 0x1d, 0x9c, 0xa1, 
	0x83, 0x99, 0x8c, 0x1b, 0x8b, 0xdd, 0x83, 0xdb, 
	0x5a, 0x91, 0x49, 0xcf, 0x41, 0x8d, 0x51, 0x89, 
	0x72, 0xd3, 0x6a, 0xd1, 0x7b, 0x13, 0x39, 0x09, 
	0x5a, 0x11, 0x62, 0x0d, 0x29, 0x03, 0x28, 0xc1, 
	0x5a, 0xd5, 0x63, 0x5b, 0x7b, 0xdf, 0x8c, 0x1f, 
	0x84, 0x21, 0x6b, 0x5b, 0x73, 0x5b, 0x7b, 0x99, 
	0x7b, 0x55, 0x6a, 0xd5, 0x62, 0xd3, 0x41, 0x4b, 
	0x51, 0xcf, 0x62, 0xd1, 0x59, 0xcd, 0x49, 0x8d, 
	0x6a, 0x8f, 0x72, 0xd1, 0x20, 0x85, 0x18, 0x83, 
	0x20, 0xc5, 0x21, 0x07, 0x20, 0xc7, 0x39, 0x8f, 
	0x41, 0x8f, 0x31, 0x49, 0x28, 0xc7, 0x18, 0x85, 
	0x18, 0x87, 
};

Gfx wf_dl_wf_textures_00800_rgba16_ci8_aligner[] = {gsSPEndDisplayList()};
u8 wf_dl_wf_textures_00800_rgba16_ci8[] = {
	0x00, 0x01, 0x02, 0x03, 0x02, 0x04, 0x05, 0x05, 
	0x05, 0x06, 0x07, 0x08, 0x09, 0x0a, 0x08, 0x0b, 
	0x0c, 0x0a, 0x0d, 0x0e, 0x09, 0x0f, 0x01, 0x10, 
	0x0a, 0x11, 0x0a, 0x12, 0x00, 0x01, 0x13, 0x05, 
	0x14, 0x15, 0x16, 0x17, 0x18, 0x19, 0x1a, 0x1b, 
	0x19, 0x1c, 0x1d, 0x1e, 0x1e, 0x1f, 0x20, 0x21, 
	0x15, 0x22, 0x16, 0x21, 0x23, 0x24, 0x22, 0x25, 
	0x21, 0x1d, 0x24, 0x26, 0x25, 0x1d, 0x15, 0x27, 
	0x1d, 0x15, 0x28, 0x1d, 0x25, 0x1e, 0x29, 0x2a, 
	0x2b, 0x1e, 0x2c, 0x1d, 0x28, 0x16, 0x21, 0x2d, 
	0x24, 0x24, 0x14, 0x2c, 0x23, 0x14, 0x2e, 0x2f, 
	0x21, 0x24, 0x16, 0x30, 0x27, 0x28, 0x25, 0x14, 
	0x15, 0x17, 0x2c, 0x22, 0x25, 0x14, 0x31, 0x32, 
	0x19, 0x1d, 0x24, 0x15, 0x2c, 0x16, 0x15, 0x1d, 
	0x28, 0x1f, 0x1d, 0x24, 0x28, 0x22, 0x28, 0x22, 
	0x25, 0x21, 0x16, 0x16, 0x24, 0x24, 0x33, 0x15, 
	0x1d, 0x24, 0x25, 0x24, 0x14, 0x16, 0x34, 0x35, 
	0x36, 0x24, 0x1e, 0x1e, 0x1d, 0x1e, 0x2b, 0x37, 
	0x15, 0x37, 0x2f, 0x21, 0x21, 0x24, 0x25, 0x23, 
	0x33, 0x16, 0x24, 0x24, 0x23, 0x1e, 0x33, 0x16, 
	0x1d, 0x24, 0x25, 0x24, 0x14, 0x16, 0x34, 0x35, 
	0x36, 0x24, 0x1e, 0x1e, 0x1d, 0x1e, 0x2b, 0x37, 
	0x15, 0x37, 0x2f, 0x21, 0x21, 0x24, 0x25, 0x23, 
	0x33, 0x16, 0x24, 0x24, 0x23, 0x1e, 0x33, 0x16, 
	0x25, 0x38, 0x21, 0x2c, 0x24, 0x14, 0x2d, 0x01, 
	0x25, 0x27, 0x1e, 0x17, 0x16, 0x23, 0x22, 0x27, 
	0x22, 0x15, 0x16, 0x25, 0x23, 0x15, 0x15, 0x16, 
	0x15, 0x23, 0x1e, 0x22, 0x37, 0x15, 0x25, 0x23, 
	0x1f, 0x24, 0x20, 0x14, 0x15, 0x15, 0x39, 0x05, 
	0x17, 0x1d, 0x3a, 0x1e, 0x24, 0x1d, 0x15, 0x24, 
	0x2c, 0x21, 0x30, 0x24, 0x22, 0x25, 0x3b, 0x3b, 
	0x1d, 0x24, 0x21, 0x2b, 0x23, 0x21, 0x1e, 0x21, 
	0x3b, 0x37, 0x20, 0x16, 0x21, 0x37, 0x3c, 0x3d, 
	0x25, 0x2e, 0x3e, 0x1e, 0x1d, 0x15, 0x3f, 0x22, 
	0x28, 0x21, 0x15, 0x23, 0x22, 0x23, 0x3b, 0x21, 
	0x37, 0x34, 0x40, 0x41, 0x21, 0x23, 0x28, 0x42, 
	0x3b, 0x37, 0x20, 0x16, 0x21, 0x37, 0x3c, 0x3d, 
	0x25, 0x2e, 0x3e, 0x1e, 0x1d, 0x15, 0x3f, 0x22, 
	0x28, 0x21, 0x15, 0x23, 0x22, 0x23, 0x3b, 0x21, 
	0x37, 0x34, 0x40, 0x41, 0x21, 0x23, 0x28, 0x42, 
	0x43, 0x44, 0x45, 0x2b, 0x25, 0x1e, 0x46, 0x2a, 
	0x47, 0x19, 0x48, 0x25, 0x1e, 0x1f, 0x27, 0x49, 
	0x1e, 0x1e, 0x49, 0x1e, 0x36, 0x1e, 0x49, 0x27, 
	0x4a, 0x49, 0x25, 0x25, 0x24, 0x24, 0x44, 0x44, 
	0x08, 0x0d, 0x4b, 0x4c, 0x4d, 0x4e, 0x4f, 0x50, 
	0x1a, 0x51, 0x1b, 0x52, 0x53, 0x54, 0x55, 0x56, 
	0x32, 0x32, 0x57, 0x04, 0x0e, 0x0e, 0x58, 0x04, 
	0x59, 0x56, 0x55, 0x59, 0x32, 0x1b, 0x1b, 0x5a, 
	0x5b, 0x21, 0x3a, 0x34, 0x2e, 0x5c, 0x5d, 0x5e, 
	0x5f, 0x2e, 0x60, 0x60, 0x41, 0x61, 0x41, 0x61, 
	0x62, 0x63, 0x23, 0x21, 0x3a, 0x34, 0x2e, 0x5c, 
	0x5d, 0x5e, 0x5f, 0x2e, 0x60, 0x60, 0x41, 0x61, 
	0x15, 0x14, 0x1e, 0x1d, 0x15, 0x39, 0x1d, 0x39, 
	0x44, 0x24, 0x64, 0x28, 0x49, 0x1d, 0x49, 0x1d, 
	0x44, 0x65, 0x44, 0x14, 0x1e, 0x1d, 0x15, 0x39, 
	0x1d, 0x39, 0x44, 0x24, 0x64, 0x28, 0x49, 0x1d, 
	0x1e, 0x16, 0x28, 0x24, 0x15, 0x24, 0x23, 0x15, 
	0x33, 0x2e, 0x2e, 0x15, 0x16, 0x15, 0x16, 0x15, 
	0x27, 0x08, 0x24, 0x16, 0x28, 0x24, 0x15, 0x24, 
	0x23, 0x15, 0x33, 0x2e, 0x2e, 0x15, 0x16, 0x15, 
	0x16, 0x21, 0x21, 0x16, 0x14, 0x24, 0x22, 0x17, 
	0x15, 0x1f, 0x2e, 0x16, 0x15, 0x15, 0x15, 0x15, 
	0x2c, 0x05, 0x2f, 0x21, 0x21, 0x16, 0x14, 0x24, 
	0x22, 0x17, 0x15, 0x1f, 0x2e, 0x16, 0x15, 0x15, 
	0x1f, 0x1d, 0x21, 0x15, 0x24, 0x42, 0x24, 0x15, 
	0x22, 0x21, 0x1f, 0x3b, 0x66, 0x24, 0x66, 0x24, 
	0x25, 0x57, 0x20, 0x1d, 0x21, 0x15, 0x24, 0x42, 
	0x24, 0x15, 0x22, 0x21, 0x1f, 0x3b, 0x66, 0x24, 
	0x39, 0x15, 0x21, 0x1e, 0x15, 0x21, 0x14, 0x21, 
	0x1e, 0x21, 0x14, 0x1d, 0x41, 0x16, 0x41, 0x16, 
	0x27, 0x2a, 0x1e, 0x15, 0x21, 0x1e, 0x15, 0x21, 
	0x14, 0x21, 0x1e, 0x21, 0x14, 0x1d, 0x41, 0x16, 
	0x16, 0x16, 0x28, 0x24, 0x16, 0x24, 0x16, 0x37, 
	0x16, 0x2e, 0x15, 0x15, 0x24, 0x1e, 0x24, 0x1e, 
	0x62, 0x67, 0x24, 0x16, 0x28, 0x24, 0x16, 0x24, 
	0x16, 0x37, 0x16, 0x2e, 0x15, 0x15, 0x24, 0x1e, 
	0x23, 0x14, 0x21, 0x1e, 0x28, 0x37, 0x37, 0x16, 
	0x23, 0x23, 0x16, 0x34, 0x2e, 0x3b, 0x2e, 0x3b, 
	0x2c, 0x2a, 0x22, 0x14, 0x21, 0x1e, 0x28, 0x37, 
	0x37, 0x16, 0x23, 0x23, 0x16, 0x34, 0x2e, 0x3b, 
	0x15, 0x2b, 0x14, 0x1f, 0x27, 0x68, 0x1e, 0x2e, 
	0x2c, 0x1e, 0x1e, 0x27, 0x38, 0x69, 0x49, 0x25, 
	0x6a, 0x6b, 0x25, 0x27, 0x25, 0x2c, 0x1e, 0x1d, 
	0x25, 0x25, 0x2c, 0x1d, 0x14, 0x49, 0x1e, 0x17, 
	0x6c, 0x6d, 0x6e, 0x6f, 0x70, 0x54, 0x4f, 0x51, 
	0x71, 0x72, 0x54, 0x53, 0x72, 0x50, 0x54, 0x4c, 
	0x1b, 0x4b, 0x4b, 0x56, 0x4d, 0x4d, 0x4d, 0x50, 
	0x53, 0x53, 0x70, 0x73, 0x18, 0x74, 0x6e, 0x75, 
	0x16, 0x16, 0x16, 0x37, 0x76, 0x21, 0x34, 0x34, 
	0x22, 0x23, 0x77, 0x21, 0x21, 0x26, 0x76, 0x15, 
	0x22, 0x29, 0x29, 0x5d, 0x34, 0x78, 0x23, 0x79, 
	0x5c, 0x29, 0x7a, 0x7b, 0x1f, 0x21, 0x1f, 0x7c, 
	0x1e, 0x49, 0x41, 0x49, 0x24, 0x1e, 0x16, 0x1e, 
	0x49, 0x1f, 0x2c, 0x62, 0x44, 0x1d, 0x17, 0x25, 
	0x1e, 0x25, 0x20, 0x25, 0x49, 0x1e, 0x1d, 0x1e, 
	0x62, 0x7d, 0x36, 0x54, 0x16, 0x1e, 0x25, 0x16, 
	0x1e, 0x2b, 0x1d, 0x1d, 0x1e, 0x2e, 0x16, 0x1d, 
	0x21, 0x22, 0x15, 0x1e, 0x21, 0x16, 0x1e, 0x15, 
	0x24, 0x25, 0x21, 0x15, 0x2c, 0x16, 0x16, 0x1d, 
	0x14, 0x25, 0x27, 0x08, 0x24, 0x25, 0x66, 0x1e, 
	0x23, 0x24, 0x16, 0x3b, 0x1f, 0x25, 0x1f, 0x15, 
	0x1e, 0x3b, 0x1d, 0x24, 0x37, 0x15, 0x15, 0x1f, 
	0x40, 0x24, 0x14, 0x64, 0x15, 0x15, 0x15, 0x2e, 
	0x1e, 0x24, 0x27, 0x4c, 0x44, 0x1e, 0x1c, 0x24, 
	0x17, 0x27, 0x24, 0x1f, 0x16, 0x22, 0x14, 0x15, 
	0x2e, 0x15, 0x37, 0x15, 0x14, 0x23, 0x24, 0x1e, 
	0x16, 0x15, 0x16, 0x17, 0x14, 0x1d, 0x24, 0x21, 
	0x24, 0x1d, 0x1d, 0x57, 0x1d, 0x24, 0x17, 0x15, 
	0x43, 0x1e, 0x15, 0x49, 0x1e, 0x2c, 0x7e, 0x1d, 
	0x23, 0x24, 0x15, 0x22, 0x24, 0x21, 0x21, 0x2b, 
	0x16, 0x21, 0x1e, 0x2b, 0x27, 0x21, 0x1f, 0x7c, 
	0x15, 0x17, 0x16, 0x7f, 0x1d, 0x15, 0x49, 0x1e, 
	0x39, 0x27, 0x15, 0x1e, 0x24, 0x1e, 0x2e, 0x1d, 
	0x23, 0x25, 0x1e, 0x15, 0x24, 0x23, 0x36, 0x15, 
	0x24, 0x15, 0x36, 0x16, 0x16, 0x16, 0x25, 0x15, 
	0x25, 0x25, 0x16, 0x65, 0x25, 0x1e, 0x64, 0x16, 
	0x16, 0x15, 0x22, 0x1e, 0x49, 0x21, 0x80, 0x23, 
	0x1d, 0x21, 0x16, 0x16, 0x15, 0x21, 0x1e, 0x14, 
	0x16, 0x1d, 0x15, 0x2b, 0x1d, 0x24, 0x17, 0x24, 
	0x1e, 0x1e, 0x16, 0x05, 0x16, 0x44, 0x49, 0x17, 
	0x23, 0x1d, 0x37, 0x16, 0x24, 0x21, 0x23, 0x14, 
	0x16, 0x60, 0x24, 0x1e, 0x24, 0x21, 0x2b, 0x24, 
	0x24, 0x14, 0x24, 0x16, 0x40, 0x2e, 0x33, 0x24, 
	0x1d, 0x81, 0x15, 0x82, 0x24, 0x1e, 0x28, 0x14, 
	0x83, 0x84, 0x85, 0x84, 0x86, 0x84, 0x85, 0x83, 
	0x87, 0x88, 0x89, 0x83, 0x8a, 0x88, 0x88, 0x8b, 
	0x8c, 0x8d, 0x8e, 0x8a, 0x49, 0x8e, 0x8f, 0x90, 
	0x8f, 0x6a, 0x8e, 0x56, 0x8f, 0x91, 0x92, 0x89, 
	
};

Gfx wf_dl_wf_textures_00800_rgba16_pal_rgba16_aligner[] = {gsSPEndDisplayList()};
u8 wf_dl_wf_textures_00800_rgba16_pal_rgba16[] = {
	0xad, 0x25, 0xa4, 0xe5, 0xa4, 0xe3, 0xa4, 0xa3, 
	0x94, 0x63, 0x94, 0x61, 0xa4, 0xa5, 0x94, 0x5d, 
	0x9c, 0xa3, 0x9c, 0xa5, 0x9c, 0x61, 0x73, 0x19, 
	0x8c, 0x1d, 0x94, 0x1f, 0x94, 0xa5, 0xac, 0xa3, 
	0xa4, 0x9f, 0x9c, 0xe1, 0xa4, 0xe7, 0xac, 0xe7, 
	0x49, 0xc9, 0x49, 0xcb, 0x49, 0x8b, 0x41, 0x87, 
	0x6a, 0xd7, 0x39, 0x45, 0x73, 0x9b, 0x83, 0xdf, 
	0x41, 0x4b, 0x41, 0x49, 0x41, 0x89, 0x41, 0x8b, 
	0x49, 0x47, 0x51, 0xcb, 0x51, 0xcd, 0x52, 0x0d, 
	0x49, 0x89, 0x41, 0x47, 0x59, 0xcd, 0x39, 0x07, 
	0x51, 0xc9, 0x62, 0x91, 0x83, 0xdd, 0x49, 0x87, 
	0x39, 0x47, 0x4a, 0x0d, 0x49, 0xcd, 0x49, 0x49, 
	0x51, 0x8b, 0x52, 0x51, 0x8c, 0x61, 0x51, 0x89, 
	0x5a, 0x4f, 0x9c, 0xa1, 0x39, 0x05, 0x52, 0x0b, 
	0x41, 0xc9, 0x41, 0xcb, 0x49, 0xcf, 0x5a, 0x0d, 
	0x4a, 0x0f, 0x94, 0x1d, 0x52, 0x4d, 0x51, 0x8d, 
	0x5a, 0x0b, 0x52, 0x0f, 0x59, 0xcb, 0x39, 0x87, 
	0x30, 0xc5, 0x41, 0x07, 0x5a, 0x91, 0x20, 0x81, 
	0x31, 0x05, 0x39, 0x49, 0x30, 0xc7, 0x84, 0x21, 
	0x7b, 0xdd, 0x7b, 0xdf, 0x7b, 0x9f, 0x7b, 0x5b, 
	0x73, 0x9d, 0x7b, 0x9b, 0x73, 0x59, 0x73, 0x5b, 
	0x7b, 0x9d, 0x8c, 0x21, 0x84, 0x1f, 0x8c, 0x1f, 
	0x94, 0x65, 0x8c, 0x63, 0x7b, 0xe1, 0x5a, 0x0f, 
	0x62, 0x51, 0x5a, 0x4d, 0x62, 0xd3, 0x5a, 0x11, 
	0x52, 0x4f, 0x5a, 0x8f, 0x39, 0x89, 0x94, 0xa3, 
	0x31, 0x07, 0x9c, 0xe3, 0x39, 0x09, 0x8b, 0xdf, 
	0x39, 0x8b, 0x49, 0x4b, 0x39, 0x4b, 0x83, 0xdb, 
	0x5a, 0x95, 0x52, 0x53, 0x62, 0xd7, 0x62, 0xd5, 
	0x6b, 0x5b, 0x6b, 0x59, 0x73, 0x5d, 0x6b, 0x1b, 
	0x5a, 0xd7, 0x52, 0x95, 0x62, 0x93, 0x6a, 0xd5, 
	0x5a, 0x51, 0x62, 0x4d, 0x6a, 0xd3, 0x83, 0x9b, 
	0x41, 0x8d, 0x30, 0xc3, 0x51, 0xcf, 0x83, 0xe1, 
	0x49, 0x8d, 0x41, 0x45, 0x73, 0x17, 0x20, 0xc5, 
	0x20, 0x85, 0x18, 0x83, 0x18, 0x87, 0x21, 0x07, 
	0x20, 0xc7, 0x18, 0x85, 0x29, 0x07, 0x29, 0x47, 
	0x31, 0x4b, 0x29, 0x09, 0x39, 0x8d, 0x31, 0x8b, 
	0x41, 0xcd, 0x31, 0x49, 0x28, 0xc7, 
};

Gfx wf_dl_wf_textures_09800_rgba16_ci8_aligner[] = {gsSPEndDisplayList()};
u8 wf_dl_wf_textures_09800_rgba16_ci8[] = {
	0x00, 0x01, 0x02, 0x03, 0x04, 0x05, 0x06, 0x07, 
	0x08, 0x07, 0x09, 0x0a, 0x0b, 0x0c, 0x0d, 0x0e, 
	0x0f, 0x10, 0x11, 0x12, 0x13, 0x14, 0x05, 0x08, 
	0x07, 0x15, 0x08, 0x16, 0x07, 0x17, 0x18, 0x19, 
	0x1a, 0x1b, 0x05, 0x02, 0x1c, 0x1d, 0x1e, 0x15, 
	0x1f, 0x18, 0x06, 0x20, 0x21, 0x22, 0x1f, 0x23, 
	0x24, 0x18, 0x25, 0x26, 0x27, 0x28, 0x24, 0x00, 
	0x03, 0x29, 0x07, 0x2a, 0x2b, 0x1b, 0x22, 0x22, 
	0x05, 0x22, 0x22, 0x2c, 0x0e, 0x08, 0x18, 0x1b, 
	0x2d, 0x1f, 0x07, 0x2e, 0x2f, 0x30, 0x23, 0x03, 
	0x31, 0x24, 0x32, 0x33, 0x34, 0x35, 0x36, 0x03, 
	0x08, 0x14, 0x2d, 0x23, 0x22, 0x16, 0x18, 0x18, 
	0x02, 0x0d, 0x37, 0x07, 0x08, 0x05, 0x03, 0x14, 
	0x2c, 0x06, 0x38, 0x39, 0x3a, 0x3b, 0x3c, 0x05, 
	0x2b, 0x06, 0x14, 0x34, 0x3d, 0x3e, 0x36, 0x04, 
	0x3f, 0x0d, 0x03, 0x18, 0x14, 0x31, 0x16, 0x16, 
	0x2c, 0x40, 0x04, 0x1f, 0x02, 0x05, 0x23, 0x41, 
	0x1d, 0x08, 0x22, 0x2d, 0x14, 0x22, 0x22, 0x0e, 
	0x42, 0x36, 0x2c, 0x05, 0x43, 0x44, 0x3e, 0x07, 
	0x45, 0x46, 0x2d, 0x45, 0x47, 0x3e, 0x41, 0x48, 
	0x14, 0x49, 0x04, 0x14, 0x24, 0x36, 0x4a, 0x4b, 
	0x4c, 0x0b, 0x1f, 0x06, 0x02, 0x06, 0x02, 0x0d, 
	0x4d, 0x1f, 0x0d, 0x03, 0x3f, 0x2d, 0x06, 0x2d, 
	0x18, 0x3e, 0x0d, 0x1b, 0x14, 0x18, 0x31, 0x08, 
	0x0a, 0x4e, 0x02, 0x4f, 0x07, 0x1d, 0x50, 0x1f, 
	0x05, 0x4c, 0x02, 0x46, 0x00, 0x22, 0x18, 0x03, 
	0x43, 0x29, 0x18, 0x23, 0x02, 0x31, 0x04, 0x14, 
	0x03, 0x18, 0x3e, 0x1e, 0x18, 0x16, 0x51, 0x2a, 
	0x45, 0x02, 0x2c, 0x2c, 0x07, 0x48, 0x14, 0x2c, 
	0x06, 0x2a, 0x2c, 0x06, 0x06, 0x2d, 0x06, 0x18, 
	0x03, 0x0b, 0x07, 0x04, 0x08, 0x24, 0x07, 0x14, 
	0x00, 0x2b, 0x04, 0x50, 0x32, 0x4f, 0x4c, 0x07, 
	0x2c, 0x12, 0x3f, 0x1d, 0x0c, 0x22, 0x04, 0x14, 
	0x1f, 0x52, 0x08, 0x07, 0x3e, 0x53, 0x08, 0x50, 
	0x05, 0x14, 0x04, 0x46, 0x1e, 0x07, 0x07, 0x54, 
	0x0b, 0x04, 0x31, 0x04, 0x1d, 0x31, 0x0b, 0x22, 
	0x22, 0x04, 0x08, 0x55, 0x23, 0x4e, 0x22, 0x0b, 
	0x08, 0x50, 0x22, 0x03, 0x0d, 0x04, 0x07, 0x41, 
	0x56, 0x14, 0x57, 0x18, 0x05, 0x58, 0x59, 0x24, 
	0x00, 0x46, 0x00, 0x5a, 0x22, 0x5b, 0x07, 0x18, 
	0x49, 0x07, 0x5c, 0x08, 0x54, 0x56, 0x07, 0x2c, 
	0x06, 0x07, 0x5d, 0x03, 0x03, 0x31, 0x50, 0x02, 
	0x46, 0x0b, 0x48, 0x22, 0x0d, 0x46, 0x5e, 0x05, 
	0x24, 0x19, 0x19, 0x5a, 0x3f, 0x19, 0x1c, 0x19, 
	0x05, 0x04, 0x06, 0x5f, 0x60, 0x61, 0x07, 0x05, 
	0x31, 0x62, 0x18, 0x31, 0x03, 0x18, 0x63, 0x2d, 
	0x03, 0x16, 0x08, 0x1c, 0x00, 0x2d, 0x64, 0x65, 
	0x15, 0x14, 0x0d, 0x66, 0x1c, 0x08, 0x18, 0x19, 
	0x4e, 0x22, 0x3e, 0x05, 0x03, 0x67, 0x14, 0x05, 
	0x14, 0x08, 0x3f, 0x2b, 0x68, 0x07, 0x04, 0x2b, 
	0x03, 0x22, 0x08, 0x23, 0x46, 0x03, 0x00, 0x69, 
	0x25, 0x0b, 0x41, 0x16, 0x2b, 0x29, 0x66, 0x41, 
	0x22, 0x1d, 0x00, 0x1f, 0x23, 0x1d, 0x3e, 0x14, 
	0x2c, 0x08, 0x15, 0x5f, 0x22, 0x18, 0x31, 0x41, 
	0x29, 0x16, 0x22, 0x2b, 0x18, 0x18, 0x24, 0x6a, 
	0x22, 0x24, 0x07, 0x4c, 0x64, 0x41, 0x46, 0x45, 
	0x20, 0x37, 0x0b, 0x1f, 0x22, 0x0c, 0x04, 0x6b, 
	0x22, 0x23, 0x0d, 0x22, 0x22, 0x00, 0x04, 0x2b, 
	0x6c, 0x18, 0x18, 0x2b, 0x00, 0x07, 0x16, 0x11, 
	0x29, 0x31, 0x22, 0x00, 0x66, 0x3f, 0x16, 0x46, 
	0x4a, 0x6d, 0x6e, 0x41, 0x5f, 0x03, 0x05, 0x46, 
	0x18, 0x41, 0x00, 0x07, 0x00, 0x00, 0x04, 0x1d, 
	0x08, 0x23, 0x24, 0x0b, 0x6f, 0x08, 0x2d, 0x70, 
	0x59, 0x16, 0x46, 0x19, 0x71, 0x2b, 0x19, 0x45, 
	0x57, 0x57, 0x2f, 0x13, 0x17, 0x08, 0x3f, 0x18, 
	0x0d, 0x1d, 0x46, 0x23, 0x06, 0x67, 0x5f, 0x18, 
	0x03, 0x72, 0x22, 0x0b, 0x56, 0x18, 0x19, 0x19, 
	0x3e, 0x73, 0x04, 0x74, 0x50, 0x35, 0x46, 0x45, 
	0x75, 0x33, 0x11, 0x1b, 0x0f, 0x24, 0x23, 0x22, 
	0x14, 0x2d, 0x5e, 0x73, 0x07, 0x22, 0x22, 0x48, 
	0x3e, 0x0b, 0x50, 0x66, 0x31, 0x66, 0x19, 0x54, 
	0x14, 0x19, 0x23, 0x07, 0x0b, 0x22, 0x16, 0x19, 
	0x14, 0x76, 0x62, 0x4e, 0x22, 0x18, 0x07, 0x77, 
	0x0d, 0x2d, 0x39, 0x33, 0x75, 0x59, 0x05, 0x03, 
	0x18, 0x03, 0x41, 0x3e, 0x23, 0x03, 0x18, 0x68, 
	0x00, 0x18, 0x78, 0x0e, 0x19, 0x0e, 0x22, 0x03, 
	0x4e, 0x67, 0x08, 0x24, 0x18, 0x08, 0x08, 0x16, 
	0x2d, 0x22, 0x79, 0x7a, 0x20, 0x13, 0x06, 0x00, 
	0x18, 0x07, 0x35, 0x02, 0x41, 0x52, 0x0b, 0x29, 
	0x19, 0x18, 0x4d, 0x04, 0x31, 0x7b, 0x13, 0x21, 
	0x24, 0x18, 0x50, 0x22, 0x2d, 0x04, 0x14, 0x00, 
	0x05, 0x5f, 0x27, 0x75, 0x34, 0x11, 0x2c, 0x2b, 
	0x0d, 0x41, 0x14, 0x46, 0x14, 0x08, 0x26, 0x2b, 
	0x18, 0x18, 0x0e, 0x0d, 0x7c, 0x61, 0x65, 0x6d, 
	0x0d, 0x04, 0x2d, 0x72, 0x08, 0x22, 0x06, 0x00, 
	0x24, 0x4a, 0x3d, 0x21, 0x13, 0x61, 0x2c, 0x5a, 
	0x07, 0x3f, 0x24, 0x00, 0x18, 0x31, 0x31, 0x41, 
	0x61, 0x7d, 0x7e, 0x0e, 0x7f, 0x1e, 0x52, 0x24, 
	0x08, 0x18, 0x24, 0x80, 0x81, 0x5a, 0x46, 0x2d, 
	0x00, 0x82, 0x43, 0x22, 0x05, 0x0d, 0x5a, 0x58, 
	0x4a, 0x23, 0x04, 0x04, 0x0e, 0x59, 0x0e, 0x52, 
	0x08, 0x16, 0x46, 0x04, 0x67, 0x08, 0x5b, 0x80, 
	0x66, 0x02, 0x0d, 0x5a, 0x23, 0x72, 0x0d, 0x3f, 
	0x50, 0x02, 0x07, 0x08, 0x2c, 0x00, 0x5a, 0x2b, 
	0x24, 0x31, 0x53, 0x54, 0x04, 0x46, 0x16, 0x0b, 
	0x18, 0x46, 0x66, 0x16, 0x83, 0x08, 0x84, 0x45, 
	0x83, 0x66, 0x05, 0x03, 0x2a, 0x7e, 0x02, 0x5a, 
	0x04, 0x2d, 0x00, 0x7e, 0x08, 0x04, 0x46, 0x0e, 
	0x03, 0x18, 0x01, 0x08, 0x16, 0x19, 0x5a, 0x23, 
	0x00, 0x45, 0x45, 0x00, 0x67, 0x2b, 0x78, 0x70, 
	0x0f, 0x4f, 0x12, 0x4e, 0x04, 0x14, 0x5a, 0x58, 
	0x05, 0x18, 0x05, 0x0a, 0x4d, 0x06, 0x04, 0x0b, 
	0x18, 0x18, 0x5a, 0x41, 0x18, 0x00, 0x49, 0x72, 
	0x19, 0x45, 0x45, 0x18, 0x85, 0x23, 0x4f, 0x4c, 
	0x86, 0x50, 0x87, 0x88, 0x66, 0x0f, 0x2c, 0x57, 
	0x5a, 0x1d, 0x07, 0x64, 0x5a, 0x02, 0x45, 0x0b, 
	0x03, 0x22, 0x89, 0x4f, 0x22, 0x16, 0x58, 0x03, 
	0x66, 0x45, 0x45, 0x18, 0x0b, 0x2d, 0x05, 0x5b, 
	0x46, 0x43, 0x8a, 0x8b, 0x06, 0x08, 0x4d, 0x23, 
	0x49, 0x72, 0x08, 0x02, 0x3e, 0x4c, 0x16, 0x07, 
	0x31, 0x52, 0x14, 0x0b, 0x08, 0x80, 0x6d, 0x18, 
	0x16, 0x46, 0x45, 0x31, 0x26, 0x76, 0x53, 0x78, 
	0x8c, 0x8d, 0x8d, 0x40, 0x22, 0x04, 0x3f, 0x2d, 
	0x0d, 0x23, 0x03, 0x0d, 0x58, 0x50, 0x22, 0x14, 
	0x67, 0x07, 0x2d, 0x4c, 0x54, 0x01, 0x46, 0x75, 
	0x40, 0x80, 0x19, 0x24, 0x26, 0x8e, 0x3d, 0x08, 
	0x05, 0x33, 0x57, 0x09, 0x24, 0x31, 0x3f, 0x03, 
	0x46, 0x3f, 0x24, 0x18, 0x3e, 0x0d, 0x0a, 0x75, 
	0x23, 0x18, 0x19, 0x45, 0x2e, 0x29, 0x51, 0x0e, 
	0x5a, 0x25, 0x48, 0x31, 0x26, 0x8f, 0x27, 0x24, 
	0x7d, 0x06, 0x7f, 0x90, 0x2c, 0x07, 0x04, 0x91, 
	0x08, 0x50, 0x46, 0x04, 0x29, 0x03, 0x46, 0x4f, 
	0x02, 0x46, 0x46, 0x08, 0x52, 0x2d, 0x80, 0x15, 
	0x18, 0x19, 0x4c, 0x04, 0x20, 0x87, 0x27, 0x05, 
	0x92, 0x1f, 0x02, 0x52, 0x0b, 0x67, 0x08, 0x66, 
	0x5a, 0x12, 0x4d, 0x58, 0x2d, 0x08, 0x18, 0x04, 
	0x23, 0x19, 0x18, 0x4d, 0x08, 0x46, 0x45, 0x0e, 
	0x08, 0x5a, 0x19, 0x84, 0x4a, 0x26, 0x93, 0x66, 
	
};

Gfx wf_dl_wf_textures_09800_rgba16_pal_rgba16_aligner[] = {gsSPEndDisplayList()};
u8 wf_dl_wf_textures_09800_rgba16_pal_rgba16[] = {
	0x39, 0xcd, 0x5a, 0x53, 0x29, 0x09, 0x31, 0x8b, 
	0x52, 0x51, 0x21, 0x07, 0x31, 0x49, 0x5a, 0x93, 
	0x4a, 0x0f, 0x18, 0x41, 0x7b, 0x9d, 0x62, 0xd5, 
	0x18, 0x85, 0x31, 0x4b, 0x6a, 0xd5, 0x18, 0xc7, 
	0x83, 0x59, 0xac, 0xe7, 0x7b, 0x5b, 0xbd, 0xaf, 
	0x39, 0x8b, 0x62, 0xd3, 0x31, 0x8d, 0x39, 0x49, 
	0x39, 0x8d, 0x39, 0xcf, 0x8c, 0x1d, 0x4a, 0x0d, 
	0x52, 0x4f, 0x29, 0x07, 0x7b, 0x99, 0x18, 0xc5, 
	0xad, 0x29, 0xb5, 0x6b, 0x41, 0xcd, 0x62, 0x93, 
	0x21, 0x09, 0x83, 0x9b, 0x8c, 0x21, 0xb5, 0x6d, 
	0x41, 0xcb, 0x49, 0xcd, 0x62, 0x95, 0x5a, 0x51, 
	0x20, 0xc7, 0x29, 0x49, 0xb5, 0xaf, 0xac, 0xe9, 
	0xbd, 0xad, 0x29, 0x4b, 0x6a, 0xd3, 0xa4, 0xe9, 
	0xad, 0x2b, 0x52, 0x0d, 0x20, 0xc5, 0x8c, 0x1f, 
	0xa4, 0xe3, 0xb5, 0x29, 0xa4, 0xe5, 0xc5, 0xad, 
	0xad, 0x27, 0xc6, 0x33, 0x73, 0x17, 0x52, 0x0f, 
	0x6a, 0xd7, 0x6b, 0x17, 0x7b, 0x17, 0x9c, 0xa3, 
	0xa4, 0xa3, 0x4a, 0x11, 0x41, 0xcf, 0x94, 0x1d, 
	0x7b, 0x59, 0x6b, 0x19, 0x94, 0x1f, 0x6b, 0x59, 
	0x5a, 0x95, 0x73, 0x19, 0x18, 0x83, 0x73, 0x59, 
	0x83, 0xdd, 0x21, 0x4b, 0x7b, 0x9b, 0x83, 0x9d, 
	0x6b, 0x15, 0x94, 0x5f, 0x41, 0x8b, 0x8b, 0xdf, 
	0x83, 0xdf, 0x7b, 0x57, 0x52, 0x53, 0x29, 0x8d, 
	0x18, 0x43, 0x39, 0xcb, 0x8b, 0xdd, 0x5a, 0x91, 
	0x20, 0x83, 0x94, 0x61, 0x41, 0x8d, 0x83, 0x99, 
	0x94, 0x63, 0xd6, 0x75, 0x42, 0x0f, 0x62, 0xd7, 
	0x73, 0x15, 0xde, 0xf7, 0xce, 0x33, 0xa4, 0xa1, 
	0x72, 0xd5, 0x9c, 0xa5, 0xa4, 0xe7, 0x8b, 0xdb, 
	0x52, 0x93, 0x5a, 0xd7, 0x52, 0x11, 0x73, 0x57, 
	0x31, 0x8f, 0x94, 0x21, 0xc5, 0xef, 0x39, 0x4b, 
	0x4a, 0x53, 0xbd, 0x6d, 0x9c, 0x65, 0xbd, 0x6b, 
	0x19, 0x0b, 0x73, 0x5b, 0x83, 0xdb, 0x4a, 0x51, 
	0x42, 0x11, 0x7b, 0xdf, 0x9c, 0x61, 0x52, 0x95, 
	0x3a, 0x11, 0x62, 0xd9, 0x20, 0x85, 0xbd, 0xb1, 
	0x83, 0x9f, 0x7b, 0x5d, 0xa4, 0xa7, 0xbd, 0xf1, 
	0x6b, 0x5d, 0xb5, 0x2b, 0xb5, 0x6f, 0x9c, 0xe9, 
	0x63, 0x19, 0x21, 0x49, 0x49, 0xcf, 0x9c, 0xa7, 
	
};

Gfx wf_dl_wf_textures_04000_rgba16_ci8_aligner[] = {gsSPEndDisplayList()};
u8 wf_dl_wf_textures_04000_rgba16_ci8[] = {
	0x00, 0x01, 0x01, 0x01, 0x02, 0x03, 0x04, 0x00, 
	0x00, 0x02, 0x00, 0x02, 0x03, 0x04, 0x05, 0x02, 
	0x05, 0x06, 0x06, 0x06, 0x06, 0x07, 0x06, 0x04, 
	0x04, 0x02, 0x02, 0x02, 0x03, 0x06, 0x05, 0x02, 
	0x04, 0x02, 0x02, 0x04, 0x02, 0x01, 0x00, 0x00, 
	0x00, 0x00, 0x00, 0x00, 0x00, 0x01, 0x02, 0x08, 
	0x00, 0x00, 0x01, 0x02, 0x00, 0x00, 0x00, 0x00, 
	0x00, 0x00, 0x00, 0x00, 0x01, 0x02, 0x02, 0x09, 
	0x01, 0x02, 0x02, 0x02, 0x02, 0x02, 0x02, 0x00, 
	0x00, 0x00, 0x00, 0x00, 0x00, 0x02, 0x02, 0x00, 
	0x02, 0x01, 0x02, 0x02, 0x02, 0x02, 0x02, 0x0a, 
	0x02, 0x00, 0x00, 0x00, 0x02, 0x02, 0x02, 0x00, 
	0x01, 0x02, 0x02, 0x02, 0x02, 0x02, 0x02, 0x00, 
	0x00, 0x00, 0x00, 0x00, 0x0a, 0x02, 0x02, 0x0b, 
	0x0c, 0x01, 0x02, 0x02, 0x02, 0x02, 0x02, 0x02, 
	0x02, 0x00, 0x00, 0x00, 0x02, 0x02, 0x02, 0x0d, 
	0x02, 0x02, 0x02, 0x02, 0x02, 0x02, 0x00, 0x00, 
	0x00, 0x00, 0x00, 0x00, 0x00, 0x02, 0x02, 0x08, 
	0x02, 0x00, 0x02, 0x0c, 0x0c, 0x02, 0x02, 0x00, 
	0x00, 0x00, 0x00, 0x01, 0x02, 0x02, 0x02, 0x00, 
	0x02, 0x02, 0x02, 0x02, 0x02, 0x01, 0x0e, 0x00, 
	0x00, 0x00, 0x00, 0x00, 0x00, 0x02, 0x02, 0x00, 
	0x02, 0x02, 0x00, 0x00, 0x0c, 0x02, 0x02, 0x02, 
	0x0e, 0x00, 0x00, 0x0e, 0x02, 0x02, 0x02, 0x00, 
	0x02, 0x02, 0x0e, 0x01, 0x01, 0x02, 0x01, 0x00, 
	0x00, 0x00, 0x00, 0x00, 0x01, 0x01, 0x02, 0x00, 
	0x01, 0x01, 0x00, 0x00, 0x0c, 0x02, 0x02, 0x01, 
	0x01, 0x01, 0x00, 0x01, 0x02, 0x02, 0x02, 0x09, 
	0x02, 0x01, 0x02, 0x0e, 0x01, 0x01, 0x01, 0x00, 
	0x00, 0x00, 0x00, 0x00, 0x01, 0x01, 0x02, 0x00, 
	0x02, 0x01, 0x00, 0x00, 0x00, 0x01, 0x01, 0x00, 
	0x01, 0x00, 0x00, 0x00, 0x02, 0x01, 0x02, 0x0d, 
	0x02, 0x01, 0x01, 0x0e, 0x01, 0x01, 0x00, 0x00, 
	0x00, 0x00, 0x00, 0x00, 0x01, 0x02, 0x02, 0x00, 
	0x01, 0x01, 0x00, 0x00, 0x00, 0x00, 0x01, 0x01, 
	0x01, 0x01, 0x00, 0x01, 0x01, 0x01, 0x02, 0x09, 
	0x02, 0x01, 0x01, 0x01, 0x01, 0x01, 0x00, 0x00, 
	0x00, 0x01, 0x00, 0x00, 0x01, 0x02, 0x04, 0x00, 
	0x00, 0x01, 0x00, 0x00, 0x00, 0x00, 0x01, 0x00, 
	0x01, 0x00, 0x00, 0x01, 0x01, 0x01, 0x01, 0x0d, 
	0x02, 0x00, 0x00, 0x00, 0x00, 0x00, 0x00, 0x00, 
	0x00, 0x00, 0x01, 0x00, 0x01, 0x02, 0x04, 0x00, 
	0x00, 0x00, 0x00, 0x00, 0x00, 0x00, 0x01, 0x00, 
	0x00, 0x00, 0x00, 0x00, 0x01, 0x00, 0x0a, 0x0d, 
	0x01, 0x01, 0x00, 0x00, 0x00, 0x00, 0x00, 0x00, 
	0x00, 0x00, 0x00, 0x00, 0x01, 0x02, 0x02, 0x00, 
	0x00, 0x01, 0x00, 0x00, 0x00, 0x00, 0x00, 0x00, 
	0x00, 0x00, 0x00, 0x0a, 0x01, 0x01, 0x02, 0x0d, 
	0x0e, 0x00, 0x01, 0x01, 0x00, 0x00, 0x00, 0x00, 
	0x00, 0x01, 0x00, 0x00, 0x0a, 0x02, 0x02, 0x00, 
	0x00, 0x00, 0x00, 0x00, 0x00, 0x00, 0x00, 0x00, 
	0x02, 0x00, 0x00, 0x0a, 0x00, 0x00, 0x02, 0x0d, 
	0x02, 0x00, 0x0e, 0x0e, 0x01, 0x01, 0x00, 0x00, 
	0x00, 0x00, 0x00, 0x02, 0x02, 0x02, 0x02, 0x0b, 
	0x00, 0x00, 0x00, 0x00, 0x00, 0x00, 0x00, 0x01, 
	0x01, 0x00, 0x00, 0x01, 0x00, 0x00, 0x02, 0x00, 
	0x00, 0x01, 0x0e, 0x0e, 0x01, 0x00, 0x00, 0x00, 
	0x00, 0x00, 0x00, 0x00, 0x00, 0x00, 0x02, 0x0d, 
	0x00, 0x00, 0x01, 0x00, 0x00, 0x00, 0x00, 0x00, 
	0x00, 0x00, 0x00, 0x00, 0x0f, 0x00, 0x00, 0x0d, 
	0x10, 0x11, 0x11, 0x12, 0x12, 0x10, 0x13, 0x13, 
	0x11, 0x11, 0x12, 0x12, 0x11, 0x12, 0x14, 0x11, 
	0x14, 0x12, 0x11, 0x11, 0x12, 0x15, 0x10, 0x14, 
	0x14, 0x14, 0x12, 0x12, 0x10, 0x12, 0x14, 0x11, 
	0x02, 0x0d, 0x0d, 0x00, 0x00, 0x00, 0x0d, 0x16, 
	0x16, 0x0d, 0x0d, 0x16, 0x16, 0x0d, 0x0f, 0x0d, 
	0x02, 0x02, 0x00, 0x0f, 0x00, 0x02, 0x02, 0x02, 
	0x02, 0x00, 0x00, 0x0f, 0x00, 0x02, 0x03, 0x00, 
	0x02, 0x02, 0x02, 0x02, 0x02, 0x00, 0x02, 0x00, 
	0x00, 0x00, 0x00, 0x00, 0x00, 0x00, 0x0e, 0x09, 
	0x02, 0x02, 0x02, 0x02, 0x02, 0x01, 0x00, 0x02, 
	0x02, 0x02, 0x00, 0x0f, 0x08, 0x0c, 0x02, 0x0d, 
	0x02, 0x00, 0x01, 0x01, 0x00, 0x00, 0x00, 0x00, 
	0x0f, 0x00, 0x00, 0x00, 0x00, 0x00, 0x00, 0x0d, 
	0x02, 0x01, 0x00, 0x02, 0x02, 0x02, 0x0e, 0x01, 
	0x00, 0x01, 0x00, 0x0f, 0x00, 0x00, 0x02, 0x0d, 
	0x00, 0x00, 0x01, 0x01, 0x00, 0x00, 0x00, 0x00, 
	0x00, 0x00, 0x00, 0x00, 0x00, 0x00, 0x00, 0x0d, 
	0x02, 0x01, 0x01, 0x0a, 0x02, 0x02, 0x01, 0x00, 
	0x00, 0x02, 0x00, 0x0f, 0x00, 0x00, 0x0e, 0x0d, 
	0x00, 0x00, 0x01, 0x00, 0x01, 0x00, 0x00, 0x00, 
	0x00, 0x00, 0x00, 0x00, 0x00, 0x00, 0x00, 0x0d, 
	0x02, 0x00, 0x00, 0x00, 0x00, 0x00, 0x01, 0x00, 
	0x00, 0x01, 0x00, 0x00, 0x00, 0x00, 0x00, 0x0d, 
	0x00, 0x00, 0x00, 0x00, 0x00, 0x00, 0x00, 0x00, 
	0x0f, 0x00, 0x00, 0x00, 0x00, 0x00, 0x00, 0x0d, 
	0x02, 0x00, 0x00, 0x01, 0x00, 0x01, 0x01, 0x00, 
	0x01, 0x00, 0x00, 0x0f, 0x00, 0x00, 0x00, 0x0d, 
	0x00, 0x00, 0x00, 0x00, 0x00, 0x00, 0x00, 0x08, 
	0x0f, 0x00, 0x0f, 0x00, 0x00, 0x00, 0x00, 0x00, 
	0x02, 0x01, 0x01, 0x00, 0x00, 0x01, 0x00, 0x00, 
	0x00, 0x00, 0x00, 0x0f, 0x0f, 0x00, 0x00, 0x08, 
	0x00, 0x00, 0x00, 0x00, 0x00, 0x00, 0x00, 0x08, 
	0x0f, 0x00, 0x08, 0x0d, 0x00, 0x00, 0x00, 0x00, 
	0x02, 0x00, 0x00, 0x00, 0x00, 0x00, 0x00, 0x00, 
	0x00, 0x00, 0x00, 0x0f, 0x00, 0x00, 0x00, 0x0d, 
	0x00, 0x00, 0x00, 0x00, 0x00, 0x00, 0x00, 0x08, 
	0x00, 0x00, 0x0f, 0x0f, 0x00, 0x00, 0x00, 0x0b, 
	0x02, 0x00, 0x00, 0x00, 0x00, 0x00, 0x00, 0x00, 
	0x00, 0x00, 0x00, 0x0f, 0x00, 0x0f, 0x00, 0x0d, 
	0x00, 0x00, 0x00, 0x00, 0x00, 0x00, 0x0f, 0x0d, 
	0x0f, 0x00, 0x00, 0x0f, 0x00, 0x00, 0x00, 0x00, 
	0x02, 0x00, 0x00, 0x00, 0x00, 0x00, 0x00, 0x00, 
	0x00, 0x00, 0x00, 0x08, 0x08, 0x0f, 0x00, 0x0d, 
	0x00, 0x00, 0x00, 0x00, 0x0f, 0x0f, 0x00, 0x08, 
	0x0f, 0x00, 0x0f, 0x0f, 0x00, 0x00, 0x00, 0x0d, 
	0x02, 0x00, 0x00, 0x00, 0x00, 0x00, 0x00, 0x00, 
	0x00, 0x00, 0x00, 0x0d, 0x0f, 0x00, 0x00, 0x0d, 
	0x00, 0x00, 0x00, 0x00, 0x08, 0x00, 0x00, 0x0d, 
	0x08, 0x00, 0x0f, 0x08, 0x00, 0x00, 0x00, 0x00, 
	0x0c, 0x00, 0x00, 0x00, 0x00, 0x00, 0x00, 0x00, 
	0x00, 0x00, 0x00, 0x0f, 0x00, 0x0f, 0x00, 0x0d, 
	0x00, 0x00, 0x00, 0x00, 0x0f, 0x00, 0x0f, 0x0d, 
	0x0d, 0x08, 0x08, 0x08, 0x08, 0x00, 0x00, 0x08, 
	0x00, 0x00, 0x0f, 0x00, 0x00, 0x00, 0x00, 0x00, 
	0x08, 0x00, 0x00, 0x08, 0x08, 0x0f, 0x00, 0x0d, 
	0x00, 0x00, 0x00, 0x00, 0x0d, 0x00, 0x0f, 0x0d, 
	0x0d, 0x0f, 0x0d, 0x0d, 0x0f, 0x0f, 0x00, 0x0d, 
	0x00, 0x00, 0x00, 0x00, 0x00, 0x00, 0x00, 0x00, 
	0x0d, 0x0d, 0x0f, 0x0d, 0x08, 0x00, 0x00, 0x08, 
	0x00, 0x00, 0x00, 0x01, 0x00, 0x00, 0x00, 0x0f, 
	0x00, 0x00, 0x0f, 0x08, 0x00, 0x00, 0x00, 0x0d, 
	0x00, 0x00, 0x00, 0x00, 0x17, 0x00, 0x00, 0x00, 
	0x00, 0x00, 0x00, 0x0f, 0x00, 0x00, 0x0a, 0x08, 
	0x18, 0x10, 0x10, 0x19, 0x19, 0x19, 0x12, 0x11, 
	0x13, 0x11, 0x11, 0x13, 0x11, 0x12, 0x14, 0x11, 
	0x10, 0x12, 0x11, 0x11, 0x12, 0x11, 0x13, 0x11, 
	0x11, 0x12, 0x12, 0x13, 0x13, 0x13, 0x12, 0x11, 
	
};

Gfx wf_dl_wf_textures_04000_rgba16_pal_rgba16_aligner[] = {gsSPEndDisplayList()};
u8 wf_dl_wf_textures_04000_rgba16_pal_rgba16[] = {
	0x84, 0x21, 0x84, 0x23, 0x8c, 0x63, 0x94, 0xa5, 
	0x8c, 0x65, 0x9c, 0xe7, 0x94, 0xa7, 0x94, 0xe7, 
	0x83, 0xdf, 0x7b, 0xe1, 0x8c, 0x23, 0x83, 0xe1, 
	0x8c, 0x21, 0x7b, 0xdf, 0x84, 0x63, 0x84, 0x1f, 
	0x73, 0x5b, 0x6b, 0x19, 0x6b, 0x59, 0x6b, 0x17, 
	0x73, 0x59, 0x73, 0x9b, 0x7b, 0xdd, 0x84, 0x61, 
	0x7b, 0x9d, 0x6b, 0x5b, 
};

Gfx wf_dl_wf_textures_05000_rgba16_ci8_aligner[] = {gsSPEndDisplayList()};
u8 wf_dl_wf_textures_05000_rgba16_ci8[] = {
	0x00, 0x01, 0x02, 0x01, 0x03, 0x04, 0x05, 0x06, 
	0x06, 0x06, 0x06, 0x06, 0x06, 0x03, 0x03, 0x07, 
	0x06, 0x06, 0x06, 0x06, 0x06, 0x06, 0x06, 0x06, 
	0x06, 0x06, 0x06, 0x06, 0x06, 0x08, 0x04, 0x05, 
	0x01, 0x06, 0x02, 0x01, 0x03, 0x04, 0x05, 0x06, 
	0x06, 0x06, 0x06, 0x06, 0x06, 0x03, 0x03, 0x07, 
	0x06, 0x06, 0x06, 0x06, 0x06, 0x06, 0x06, 0x06, 
	0x06, 0x06, 0x06, 0x06, 0x09, 0x06, 0x06, 0x05, 
	0x0a, 0x01, 0x03, 0x01, 0x06, 0x0b, 0x0c, 0x0d, 
	0x0e, 0x06, 0x0f, 0x0a, 0x06, 0x10, 0x11, 0x12, 
	0x13, 0x14, 0x08, 0x06, 0x11, 0x15, 0x12, 0x12, 
	0x16, 0x10, 0x17, 0x0d, 0x18, 0x06, 0x19, 0x0c, 
	0x1a, 0x1b, 0x13, 0x1c, 0x1d, 0x1e, 0x1f, 0x20, 
	0x21, 0x13, 0x22, 0x23, 0x0c, 0x1e, 0x24, 0x25, 
	0x26, 0x27, 0x12, 0x20, 0x28, 0x29, 0x2a, 0x2b, 
	0x2c, 0x2d, 0x1b, 0x19, 0x2e, 0x2f, 0x30, 0x31, 
	0x32, 0x33, 0x34, 0x35, 0x36, 0x37, 0x38, 0x39, 
	0x35, 0x3a, 0x3b, 0x3c, 0x30, 0x3d, 0x3e, 0x3f, 
	0x33, 0x40, 0x41, 0x42, 0x43, 0x44, 0x45, 0x44, 
	0x46, 0x47, 0x33, 0x48, 0x49, 0x4a, 0x4b, 0x23, 
	0x4c, 0x4d, 0x4e, 0x4f, 0x50, 0x30, 0x39, 0x3e, 
	0x51, 0x52, 0x53, 0x54, 0x1c, 0x55, 0x56, 0x57, 
	0x58, 0x4d, 0x59, 0x5a, 0x4f, 0x5b, 0x5c, 0x37, 
	0x35, 0x5d, 0x5e, 0x5f, 0x60, 0x61, 0x62, 0x63, 
	0x25, 0x64, 0x65, 0x44, 0x66, 0x51, 0x67, 0x68, 
	0x5c, 0x69, 0x6a, 0x6b, 0x37, 0x39, 0x6c, 0x56, 
	0x6d, 0x6e, 0x55, 0x4c, 0x63, 0x6f, 0x70, 0x71, 
	0x55, 0x72, 0x39, 0x5c, 0x73, 0x74, 0x6e, 0x4c, 
	0x75, 0x6f, 0x76, 0x77, 0x35, 0x78, 0x79, 0x7a, 
	0x7b, 0x7c, 0x7d, 0x7e, 0x7f, 0x80, 0x81, 0x82, 
	0x44, 0x67, 0x83, 0x84, 0x85, 0x86, 0x87, 0x88, 
	0x89, 0x89, 0x8a, 0x6d, 0x8b, 0x73, 0x73, 0x8c, 
	0x8c, 0x8a, 0x8b, 0x8d, 0x8e, 0x58, 0x5e, 0x8f, 
	0x90, 0x91, 0x92, 0x93, 0x6f, 0x94, 0x95, 0x81, 
	0x96, 0x97, 0x98, 0x99, 0x9a, 0x9b, 0x73, 0x9c, 
	0x9d, 0x6f, 0x94, 0x9e, 0x44, 0x96, 0x9f, 0x5e, 
	0xa0, 0x7e, 0x87, 0xa1, 0x4f, 0x73, 0x5e, 0x84, 
	0x71, 0x5c, 0xa2, 0xa3, 0x38, 0x7b, 0x7b, 0x94, 
	0x80, 0x56, 0xa4, 0xa5, 0xa6, 0xa7, 0x73, 0x77, 
	0xa8, 0x88, 0xa9, 0x98, 0x4f, 0xaa, 0xab, 0xaa, 
	0xac, 0x87, 0xac, 0x77, 0xad, 0x80, 0x85, 0xae, 
	0x77, 0x77, 0x6f, 0x6e, 0x73, 0x38, 0x84, 0xaf, 
	0x39, 0xb0, 0xb1, 0x9d, 0xb2, 0x6f, 0x9a, 0x5e, 
	0xb3, 0xaf, 0xb4, 0xa9, 0xb5, 0xb6, 0x5e, 0x9a, 
	0x5d, 0xa0, 0xb7, 0xa7, 0xb6, 0x94, 0x5c, 0xb8, 
	0xb9, 0xa0, 0x9a, 0xba, 0xa7, 0xaf, 0x7b, 0xbb, 
	0x84, 0x5d, 0x9b, 0xbc, 0xbd, 0xbe, 0x7e, 0x38, 
	0x80, 0x39, 0x39, 0x7b, 0x97, 0x73, 0x44, 0x5e, 
	0x96, 0x38, 0x8b, 0xac, 0x73, 0xbf, 0xc0, 0xc1, 
	0xc2, 0xa0, 0x86, 0xc3, 0x73, 0x67, 0x8a, 0x89, 
	0x5b, 0xbd, 0xb0, 0x89, 0x44, 0xa6, 0xc4, 0x80, 
	0x80, 0xc5, 0x38, 0xbb, 0x72, 0x88, 0x9d, 0x9d, 
	0x94, 0x99, 0xbe, 0xc6, 0xbd, 0x38, 0xc7, 0xc8, 
	0xb7, 0x73, 0x8b, 0xa7, 0xbd, 0x67, 0x84, 0x94, 
	0x5e, 0x5e, 0x67, 0xc9, 0x44, 0x94, 0xa9, 0x56, 
	0x5d, 0xa6, 0x5c, 0x5c, 0x9a, 0x9a, 0x77, 0xb0, 
	0x94, 0x6d, 0x9d, 0x9a, 0x94, 0xc5, 0xca, 0x9c, 
	0x44, 0x72, 0x44, 0x96, 0x84, 0x5b, 0x8a, 0x7b, 
	0x9a, 0x4f, 0x5c, 0xaa, 0xcb, 0xa9, 0xab, 0x98, 
	0x72, 0x77, 0xbb, 0xcc, 0xcd, 0xb6, 0x5e, 0x39, 
	0xaf, 0xce, 0x72, 0x44, 0xbd, 0xbe, 0xcf, 0xd0, 
	0xb6, 0x5e, 0xd1, 0xa9, 0xd2, 0x5e, 0x99, 0x5c, 
	0xd3, 0x5d, 0x9e, 0x96, 0xcb, 0xd2, 0xd2, 0x9e, 
	0xd4, 0x91, 0x9a, 0x9d, 0x8b, 0x79, 0x8b, 0xd4, 
	0x56, 0x9e, 0xbb, 0xce, 0x91, 0xd5, 0x6f, 0x5d, 
	0x77, 0x73, 0x5e, 0x80, 0x7b, 0xd6, 0xcd, 0x89, 
	0x89, 0x72, 0x5e, 0x9e, 0x96, 0xaa, 0xcb, 0xcb, 
	0xd7, 0x7c, 0x7c, 0xd3, 0x9a, 0x88, 0x96, 0x38, 
	0xcc, 0xbb, 0x89, 0x9a, 0xd8, 0x7e, 0xd9, 0x7c, 
	0x39, 0x9e, 0x84, 0x7b, 0xaa, 0xda, 0x88, 0x5c, 
	0x91, 0x9a, 0x38, 0xaf, 0x84, 0xd2, 0x6c, 0x6c, 
	0xd7, 0xdb, 0xce, 0x91, 0x38, 0x85, 0x7b, 0x84, 
	0x89, 0xdc, 0x72, 0x73, 0xba, 0x88, 0x96, 0x39, 
	0xa9, 0x9e, 0x99, 0x9f, 0x72, 0x9d, 0x9a, 0x77, 
	0x6f, 0x9a, 0x89, 0x5c, 0xaa, 0xdd, 0x63, 0x84, 
	0x9f, 0xbb, 0xda, 0x7c, 0x84, 0x9e, 0x7b, 0xb4, 
	0xde, 0x9d, 0x91, 0x86, 0xd0, 0x80, 0x95, 0x7b, 
	0x97, 0x9d, 0x9d, 0x85, 0x98, 0x4f, 0xb6, 0x88, 
	0xba, 0xa7, 0x89, 0xaf, 0x7b, 0xd7, 0xdf, 0xbd, 
	0x4f, 0xda, 0xc6, 0xd4, 0xd6, 0x6f, 0x80, 0x7b, 
	0xda, 0x8d, 0xb6, 0x9b, 0x6f, 0x39, 0xab, 0x39, 
	0x9b, 0x77, 0x5e, 0x80, 0x9f, 0x5e, 0x63, 0x5c, 
	0x44, 0xbd, 0xbd, 0x5b, 0x85, 0x85, 0xa6, 0x8d, 
	0x44, 0x89, 0xb6, 0xba, 0xa1, 0x88, 0x94, 0x84, 
	0x9d, 0xe0, 0xc6, 0xe1, 0x77, 0x84, 0x56, 0xce, 
	0x77, 0x7c, 0x8a, 0x6d, 0x5c, 0x39, 0x6d, 0x5d, 
	0x5e, 0x89, 0xe2, 0x44, 0x9a, 0x77, 0xe3, 0x8d, 
	0x38, 0xe4, 0x73, 0xe5, 0xb7, 0x38, 0xe4, 0x9e, 
	0x9b, 0xac, 0x87, 0xca, 0x9c, 0x9f, 0x4f, 0x44, 
	0x88, 0x6d, 0x5e, 0x72, 0xb0, 0xe6, 0xe7, 0x77, 
	0xbd, 0x6d, 0x5b, 0x89, 0xe8, 0x9d, 0x73, 0x6f, 
	0xbf, 0x84, 0x5d, 0x8b, 0xb6, 0xe2, 0x85, 0xd1, 
	0x9d, 0x87, 0xa7, 0x6f, 0x80, 0xd7, 0x6e, 0x73, 
	0x5d, 0x44, 0xaf, 0xe4, 0xd1, 0xe9, 0xea, 0xb6, 
	0xb6, 0x38, 0x85, 0x91, 0x87, 0x9a, 0x9a, 0x5e, 
	0xb6, 0x5e, 0x80, 0xaf, 0x6f, 0x89, 0x94, 0xaf, 
	0x91, 0xa6, 0xeb, 0xaf, 0x85, 0xec, 0x6f, 0x7e, 
	0x9d, 0xbd, 0x7b, 0xcb, 0xda, 0xc3, 0xd3, 0xed, 
	0xac, 0x9a, 0x72, 0xee, 0xea, 0x9c, 0x38, 0x5b, 
	0xef, 0x5e, 0xb0, 0x5c, 0x5d, 0x89, 0x84, 0x89, 
	0x4f, 0x9a, 0xe4, 0x9e, 0xb3, 0xbf, 0x72, 0xa1, 
	0x6f, 0x44, 0xbf, 0xdb, 0xbe, 0xf0, 0xbd, 0x38, 
	0xee, 0xa0, 0xbd, 0xac, 0xac, 0x72, 0x84, 0xcb, 
	0xaf, 0xe2, 0xcc, 0x5b, 0x88, 0x77, 0x9a, 0x38, 
	0xf1, 0x8f, 0xd2, 0xbb, 0x38, 0x6f, 0xc3, 0xe7, 
	0x6f, 0x89, 0x8a, 0xb0, 0x6e, 0xf2, 0xc5, 0x96, 
	0xbc, 0x5b, 0x9e, 0xf3, 0xb7, 0x5c, 0x94, 0xa9, 
	0xaa, 0x4f, 0x88, 0x5e, 0x9d, 0x8b, 0x38, 0x7b, 
	0xcb, 0x6d, 0x89, 0x4f, 0xf4, 0xf5, 0xb9, 0xc8, 
	0x6f, 0xbd, 0x80, 0xaa, 0xbb, 0x5c, 0x73, 0x9d, 
	0x9d, 0xbd, 0xd6, 0xa6, 0x88, 0xef, 0x96, 0xe4, 
	0x85, 0xe7, 0xac, 0xca, 0x8d, 0xb2, 0xb0, 0xa9, 
	0xdb, 0xe9, 0xbc, 0x9a, 0x77, 0xc3, 0xf6, 0x8d, 
	0x73, 0xb6, 0x38, 0x7b, 0xcb, 0xba, 0xf7, 0xc6, 
	0x73, 0x63, 0x4f, 0xb6, 0x5b, 0xb6, 0x5b, 0x94, 
	0x5c, 0xee, 0xa3, 0x7e, 0xcd, 0x5e, 0x7b, 0xa9, 
	0xce, 0xa1, 0x9c, 0x9d, 0x7e, 0xd4, 0x77, 0xa0, 
	0x44, 0xe2, 0xaf, 0x7b, 0xd7, 0xa8, 0xf8, 0x7e, 
	0x98, 0x85, 0xbd, 0xa0, 0x89, 0x89, 0x5b, 0x8a, 
	0xf9, 0xb2, 0x85, 0x84, 0xa0, 0x7c, 0xb0, 0x94, 
	0x44, 0xed, 0x9d, 0xac, 0x38, 0x80, 0xce, 0xc6, 
	0xb6, 0xb3, 0x5c, 0x80, 0x96, 0x5d, 0x6f, 0x72, 
	0x85, 0x85, 0x7e, 0xc3, 0x7c, 0x39, 0xf1, 0x84, 
	0x5c, 0x5c, 0x7b, 0xfa, 0xa6, 0xa0, 0xa1, 0x77, 
	0xcd, 0x9a, 0x73, 0x9a, 0x94, 0xa9, 0xfb, 0xc6, 
	0x5e, 0x4f, 0x5c, 0x7b, 0xdd, 0x73, 0x5e, 0xaf, 
	0x8a, 0xe8, 0xa2, 0xfc, 0xbd, 0xe4, 0x6c, 0x39, 
	0x98, 0x89, 0xbb, 0x7e, 0x7e, 0x87, 0xfd, 0xa3, 
	
};

Gfx wf_dl_wf_textures_05000_rgba16_pal_rgba16_aligner[] = {gsSPEndDisplayList()};
u8 wf_dl_wf_textures_05000_rgba16_pal_rgba16[] = {
	0x24, 0x09, 0x1c, 0xc7, 0x1c, 0x47, 0x15, 0x47, 
	0x1d, 0x47, 0x25, 0x07, 0x15, 0x85, 0x15, 0x87, 
	0x1d, 0x85, 0x1d, 0x05, 0x1d, 0x07, 0x24, 0xc7, 
	0x2c, 0x87, 0x24, 0xc5, 0x24, 0x87, 0x15, 0x45, 
	0x2c, 0xc7, 0x2d, 0x07, 0x3c, 0x47, 0x3c, 0xc7, 
	0x34, 0xc7, 0x3c, 0x87, 0x4c, 0x47, 0x44, 0x89, 
	0x1c, 0x85, 0x2c, 0x47, 0x3b, 0x85, 0x54, 0x07, 
	0x4b, 0x07, 0x1c, 0x45, 0x34, 0x47, 0x53, 0x87, 
	0x3c, 0x05, 0x3c, 0x07, 0x25, 0x47, 0x5b, 0x49, 
	0x2a, 0x89, 0x53, 0x07, 0x54, 0x09, 0x53, 0xc9, 
	0x3b, 0x05, 0x63, 0x89, 0x4b, 0xc7, 0x53, 0xc7, 
	0x4c, 0x09, 0x5b, 0x89, 0x2b, 0xc5, 0x2c, 0x05, 
	0x43, 0x87, 0x5a, 0x87, 0x33, 0xc5, 0x73, 0x49, 
	0x6c, 0x49, 0x6a, 0x87, 0x31, 0xc3, 0x62, 0x87, 
	0x61, 0x43, 0x38, 0x41, 0x83, 0x07, 0x4c, 0xc9, 
	0x54, 0x49, 0x62, 0x47, 0x42, 0x45, 0x6a, 0x07, 
	0x7b, 0x8b, 0x53, 0x89, 0x4a, 0xc5, 0x5a, 0x85, 
	0x82, 0x47, 0x6b, 0x07, 0x6b, 0x89, 0x8b, 0x09, 
	0x4b, 0x05, 0x2a, 0xc5, 0x53, 0x09, 0xa4, 0x0d, 
	0x5a, 0x05, 0x9b, 0x4b, 0x94, 0x0b, 0x8a, 0x89, 
	0x4b, 0x45, 0x5b, 0x47, 0x7a, 0x87, 0x74, 0x4b, 
	0xa3, 0x4b, 0x62, 0x05, 0x51, 0x05, 0x50, 0xc5, 
	0x82, 0xc9, 0x62, 0xc7, 0x5a, 0x45, 0x61, 0x83, 
	0x69, 0x85, 0x9a, 0xcb, 0x71, 0xc5, 0x52, 0x03, 
	0x3a, 0x03, 0x8b, 0x4b, 0xbb, 0xcf, 0x69, 0xc5, 
	0xab, 0x4b, 0xab, 0xcd, 0x5a, 0xc7, 0x50, 0xc1, 
	0x41, 0x83, 0x93, 0x09, 0xab, 0x8d, 0x7b, 0x89, 
	0x30, 0x43, 0x82, 0x49, 0xa3, 0x0b, 0x8a, 0x47, 
	0x7a, 0xc9, 0x61, 0xc5, 0x8a, 0x49, 0x92, 0x89, 
	0x9b, 0x0b, 0x72, 0xc9, 0xbb, 0x8d, 0x9a, 0x89, 
	0x73, 0x09, 0x59, 0x01, 0x41, 0x03, 0x30, 0x01, 
	0x71, 0x85, 0xac, 0x0d, 0xaa, 0xcb, 0x6a, 0x45, 
	0x40, 0x41, 0x20, 0x03, 0x18, 0x43, 0x51, 0x43, 
	0x51, 0x03, 0x48, 0x81, 0xb3, 0x4d, 0xc3, 0x4d, 
	0x79, 0xc5, 0x7a, 0x07, 0x48, 0xc1, 0xab, 0x0b, 
	0x6a, 0x05, 0xbb, 0x0b, 0x72, 0x87, 0x49, 0x03, 
	0x52, 0x05, 0x92, 0x49, 0xd4, 0x0f, 0xa3, 0x8b, 
	0x40, 0x81, 0x28, 0x03, 0x59, 0x03, 0x69, 0x87, 
	0x59, 0x45, 0x72, 0x07, 0x82, 0x07, 0xb3, 0x0d, 
	0x82, 0x05, 0xa2, 0xcb, 0x61, 0x45, 0x61, 0x85, 
	0x92, 0x47, 0xd3, 0x8f, 0xd3, 0xcf, 0xb2, 0xcb, 
	0x92, 0xcb, 0xd4, 0x11, 0xcb, 0x8f, 0xa2, 0xc9, 
	0xdb, 0xd1, 0x28, 0x01, 0x48, 0xc3, 0x20, 0x01, 
	0xcb, 0x4d, 0x59, 0x41, 0x9a, 0x87, 0x59, 0x43, 
	0x50, 0xc3, 0x61, 0x03, 0x92, 0x87, 0x69, 0xc3, 
	0x38, 0x43, 0x59, 0x47, 0x7a, 0x05, 0xa2, 0x89, 
	0xfc, 0xd5, 0xfc, 0x51, 0xbb, 0x4d, 0x71, 0xc7, 
	0x8a, 0x05, 0x69, 0x83, 0xc3, 0x8f, 0x51, 0x01, 
	0xba, 0xcb, 0xfc, 0x93, 0xe3, 0x8d, 0xe3, 0xcf, 
	0x81, 0xc5, 0x82, 0x09, 0xb3, 0x0b, 0xe3, 0xd1, 
	0xc3, 0x0b, 0x61, 0x87, 0xcb, 0x8d, 0x40, 0x83, 
	0x82, 0x89, 0x9a, 0xc9, 0x79, 0xc7, 0xf4, 0x53, 
	0x9a, 0x47, 0x48, 0x83, 0x38, 0x83, 0xaa, 0xc9, 
	0x8a, 0x07, 0xdb, 0x8f, 0x9a, 0x8b, 0x59, 0x05, 
	0xd3, 0xd1, 0x92, 0xc9, 0xab, 0x0d, 0x69, 0x45, 
	0x92, 0x8b, 0x48, 0xc5, 0x81, 0xc9, 0x8a, 0x87, 
	0xaa, 0x89, 0xf4, 0xd5, 0x72, 0x05, 0xe3, 0x8f, 
	0x38, 0x01, 0xf4, 0x95, 0x8a, 0x09, 0xbb, 0x0d, 
	0xa3, 0x0d, 0xec, 0x11, 0xdb, 0x8d, 0x69, 0x43, 
	0x69, 0xc7, 0x71, 0xc3, 0xdb, 0xcf, 0x7a, 0x47, 
	0x71, 0x83, 0x40, 0xc3, 0x50, 0x81, 0xcb, 0x4f, 
	0x69, 0x81, 0xd3, 0x4d, 0xeb, 0xcf, 0xe4, 0x11, 
	0xcb, 0x4b, 0x82, 0x4b, 0x7a, 0x09, 0x8a, 0x4b, 
	0x92, 0x45, 0xf4, 0x11, 
};

Gfx wf_dl_wf_textures_08800_rgba16_ci8_aligner[] = {gsSPEndDisplayList()};
u8 wf_dl_wf_textures_08800_rgba16_ci8[] = {
	0x00, 0x01, 0x02, 0x03, 0x00, 0x03, 0x03, 0x04, 
	0x05, 0x06, 0x07, 0x08, 0x09, 0x00, 0x0a, 0x0a, 
	0x00, 0x01, 0x02, 0x03, 0x00, 0x03, 0x03, 0x0b, 
	0x05, 0x06, 0x07, 0x08, 0x09, 0x00, 0x0a, 0x0a, 
	0x0c, 0x0d, 0x0e, 0x0f, 0x10, 0x11, 0x0d, 0x12, 
	0x10, 0x01, 0x13, 0x0d, 0x14, 0x15, 0x14, 0x0c, 
	0x0c, 0x0d, 0x0e, 0x0f, 0x10, 0x11, 0x0d, 0x16, 
	0x10, 0x01, 0x13, 0x0d, 0x14, 0x15, 0x14, 0x0c, 
	0x10, 0x17, 0x18, 0x05, 0x11, 0x13, 0x05, 0x19, 
	0x14, 0x03, 0x1a, 0x0e, 0x1b, 0x0f, 0x0d, 0x0f, 
	0x10, 0x17, 0x18, 0x05, 0x11, 0x13, 0x05, 0x12, 
	0x14, 0x03, 0x1a, 0x0e, 0x1b, 0x0f, 0x0d, 0x0f, 
	0x1b, 0x11, 0x0d, 0x1c, 0x0c, 0x1d, 0x1e, 0x1f, 
	0x20, 0x0a, 0x1d, 0x1b, 0x14, 0x21, 0x16, 0x0f, 
	0x1b, 0x11, 0x0d, 0x1c, 0x0c, 0x1d, 0x1b, 0x22, 
	0x20, 0x0a, 0x1d, 0x1b, 0x14, 0x21, 0x16, 0x0f, 
	0x14, 0x0d, 0x0c, 0x23, 0x21, 0x1b, 0x24, 0x19, 
	0x20, 0x08, 0x0d, 0x0d, 0x0d, 0x25, 0x26, 0x18, 
	0x14, 0x0d, 0x0c, 0x23, 0x21, 0x1b, 0x0b, 0x1e, 
	0x20, 0x08, 0x0d, 0x0d, 0x0d, 0x25, 0x26, 0x18, 
	0x10, 0x27, 0x24, 0x28, 0x0c, 0x14, 0x29, 0x2a, 
	0x2b, 0x08, 0x11, 0x18, 0x11, 0x02, 0x0d, 0x23, 
	0x10, 0x27, 0x24, 0x28, 0x0c, 0x0c, 0x10, 0x1f, 
	0x2b, 0x08, 0x11, 0x18, 0x11, 0x02, 0x0d, 0x23, 
	0x19, 0x2c, 0x2d, 0x2e, 0x2f, 0x2f, 0x2e, 0x30, 
	0x20, 0x10, 0x2f, 0x2e, 0x31, 0x32, 0x2d, 0x2c, 
	0x33, 0x2f, 0x34, 0x35, 0x36, 0x2e, 0x2d, 0x2f, 
	0x20, 0x15, 0x2f, 0x33, 0x2e, 0x32, 0x32, 0x34, 
	0x1b, 0x19, 0x19, 0x37, 0x1e, 0x27, 0x38, 0x39, 
	0x3a, 0x14, 0x27, 0x16, 0x2b, 0x37, 0x37, 0x37, 
	0x16, 0x1e, 0x1e, 0x37, 0x1e, 0x27, 0x38, 0x39, 
	0x3a, 0x14, 0x27, 0x16, 0x2b, 0x37, 0x16, 0x37, 
	0x3b, 0x3c, 0x3c, 0x2e, 0x3d, 0x2e, 0x2e, 0x34, 
	0x2f, 0x34, 0x36, 0x32, 0x34, 0x2f, 0x19, 0x24, 
	0x10, 0x06, 0x07, 0x08, 0x09, 0x00, 0x0a, 0x0a, 
	0x00, 0x01, 0x02, 0x03, 0x00, 0x03, 0x03, 0x0b, 
	0x3e, 0x3f, 0x39, 0x10, 0x1b, 0x10, 0x14, 0x0e, 
	0x23, 0x0d, 0x02, 0x11, 0x18, 0x11, 0x21, 0x01, 
	0x10, 0x01, 0x13, 0x0d, 0x14, 0x15, 0x14, 0x0c, 
	0x0c, 0x0d, 0x0e, 0x0f, 0x10, 0x11, 0x0d, 0x16, 
	0x3f, 0x2b, 0x20, 0x21, 0x23, 0x0c, 0x0d, 0x14, 
	0x18, 0x26, 0x25, 0x0d, 0x0d, 0x0d, 0x13, 0x40, 
	0x1b, 0x03, 0x28, 0x0e, 0x1b, 0x0f, 0x0d, 0x0f, 
	0x10, 0x17, 0x18, 0x05, 0x11, 0x13, 0x05, 0x41, 
	0x39, 0x1b, 0x05, 0x0c, 0x1c, 0x0d, 0x11, 0x1b, 
	0x0f, 0x16, 0x21, 0x14, 0x1b, 0x13, 0x26, 0x42, 
	0x24, 0x0a, 0x13, 0x1b, 0x14, 0x21, 0x16, 0x0f, 
	0x1b, 0x11, 0x0d, 0x1c, 0x0c, 0x1d, 0x1b, 0x04, 
	0x1e, 0x05, 0x13, 0x11, 0x05, 0x18, 0x17, 0x10, 
	0x0f, 0x0d, 0x0f, 0x1b, 0x0e, 0x28, 0x0c, 0x43, 
	0x25, 0x08, 0x0d, 0x0d, 0x0d, 0x25, 0x26, 0x18, 
	0x14, 0x0d, 0x0c, 0x23, 0x21, 0x1b, 0x0b, 0x1e, 
	0x37, 0x0d, 0x11, 0x10, 0x0f, 0x0e, 0x0d, 0x0c, 
	0x0c, 0x14, 0x0f, 0x1b, 0x0d, 0x13, 0x21, 0x03, 
	0x41, 0x01, 0x11, 0x18, 0x11, 0x17, 0x0c, 0x23, 
	0x0e, 0x27, 0x24, 0x28, 0x0c, 0x0c, 0x10, 0x05, 
	0x24, 0x03, 0x03, 0x00, 0x03, 0x02, 0x01, 0x00, 
	0x0a, 0x0a, 0x00, 0x09, 0x08, 0x07, 0x02, 0x44, 
	0x2f, 0x16, 0x2f, 0x33, 0x35, 0x31, 0x31, 0x36, 
	0x34, 0x1f, 0x45, 0x34, 0x35, 0x2d, 0x46, 0x47, 
	0x48, 0x19, 0x19, 0x19, 0x19, 0x1e, 0x37, 0x37, 
	0x1e, 0x37, 0x27, 0x19, 0x38, 0x19, 0x39, 0x1e, 
	0x48, 0x19, 0x19, 0x19, 0x19, 0x1e, 0x37, 0x37, 
	0x1e, 0x37, 0x27, 0x19, 0x38, 0x19, 0x39, 0x1e, 
	0x00, 0x01, 0x02, 0x03, 0x00, 0x03, 0x03, 0x0c, 
	0x05, 0x03, 0x21, 0x49, 0x4a, 0x26, 0x4a, 0x15, 
	0x0b, 0x1d, 0x0c, 0x17, 0x0b, 0x17, 0x26, 0x10, 
	0x05, 0x06, 0x43, 0x08, 0x09, 0x00, 0x0a, 0x0a, 
	0x0c, 0x0d, 0x0e, 0x0f, 0x10, 0x11, 0x0d, 0x22, 
	0x10, 0x13, 0x4b, 0x1c, 0x19, 0x11, 0x46, 0x10, 
	0x1b, 0x14, 0x22, 0x14, 0x1e, 0x4c, 0x14, 0x2f, 
	0x10, 0x01, 0x13, 0x0d, 0x14, 0x15, 0x14, 0x0c, 
	0x10, 0x17, 0x18, 0x05, 0x11, 0x13, 0x05, 0x12, 
	0x14, 0x0b, 0x24, 0x22, 0x37, 0x04, 0x14, 0x14, 
	0x14, 0x0e, 0x37, 0x14, 0x14, 0x18, 0x16, 0x4d, 
	0x14, 0x03, 0x1a, 0x0e, 0x1b, 0x0f, 0x0d, 0x0f, 
	0x1b, 0x11, 0x0d, 0x1c, 0x0c, 0x1d, 0x1b, 0x22, 
	0x20, 0x4e, 0x24, 0x37, 0x19, 0x1c, 0x45, 0x14, 
	0x2b, 0x16, 0x1c, 0x46, 0x10, 0x18, 0x37, 0x2e, 
	0x20, 0x0a, 0x1d, 0x1b, 0x14, 0x21, 0x16, 0x0f, 
	0x14, 0x0d, 0x0c, 0x23, 0x21, 0x1b, 0x0b, 0x1e, 
	0x20, 0x4f, 0x1c, 0x10, 0x14, 0x41, 0x0e, 0x37, 
	0x37, 0x14, 0x1b, 0x16, 0x1c, 0x37, 0x05, 0x50, 
	0x16, 0x08, 0x0d, 0x0d, 0x0d, 0x25, 0x26, 0x18, 
	0x10, 0x27, 0x24, 0x28, 0x0c, 0x0c, 0x10, 0x1e, 
	0x2b, 0x4f, 0x04, 0x37, 0x04, 0x0c, 0x1c, 0x51, 
	0x37, 0x19, 0x1e, 0x24, 0x10, 0x10, 0x1e, 0x3b, 
	0x52, 0x08, 0x11, 0x18, 0x11, 0x02, 0x0d, 0x23, 
	0x19, 0x2c, 0x2d, 0x2e, 0x2f, 0x2f, 0x2e, 0x30, 
	0x20, 0x37, 0x2a, 0x53, 0x4d, 0x2a, 0x54, 0x55, 
	0x56, 0x57, 0x57, 0x3b, 0x3b, 0x3b, 0x3b, 0x3b, 
	0x20, 0x11, 0x2f, 0x32, 0x30, 0x30, 0x31, 0x34, 
	0x37, 0x19, 0x19, 0x37, 0x1e, 0x27, 0x38, 0x39, 
	0x3a, 0x14, 0x27, 0x16, 0x2b, 0x37, 0x37, 0x37, 
	0x27, 0x19, 0x19, 0x37, 0x1e, 0x27, 0x38, 0x39, 
	0x3a, 0x14, 0x27, 0x16, 0x2b, 0x37, 0x16, 0x37, 
	0x14, 0x58, 0x59, 0x59, 0x0a, 0x08, 0x0a, 0x0a, 
	0x00, 0x01, 0x02, 0x03, 0x00, 0x03, 0x15, 0x1b, 
	0x48, 0x2c, 0x33, 0x2f, 0x2f, 0x2f, 0x2f, 0x2e, 
	0x2e, 0x2e, 0x3d, 0x34, 0x2f, 0x33, 0x2f, 0x0f, 
	0x05, 0x59, 0x13, 0x0d, 0x14, 0x15, 0x14, 0x0c, 
	0x0c, 0x0d, 0x0e, 0x0f, 0x10, 0x11, 0x0d, 0x1e, 
	0x5a, 0x41, 0x10, 0x0c, 0x0c, 0x28, 0x24, 0x27, 
	0x0e, 0x23, 0x0d, 0x02, 0x11, 0x18, 0x11, 0x01, 
	0x11, 0x5b, 0x28, 0x0e, 0x1b, 0x0f, 0x0d, 0x0f, 
	0x10, 0x17, 0x18, 0x05, 0x11, 0x13, 0x05, 0x1f, 
	0x5c, 0x1e, 0x0b, 0x1b, 0x21, 0x23, 0x0c, 0x0d, 
	0x14, 0x18, 0x26, 0x25, 0x0d, 0x0d, 0x0d, 0x08, 
	0x11, 0x03, 0x13, 0x1b, 0x14, 0x21, 0x10, 0x11, 
	0x05, 0x11, 0x0d, 0x1c, 0x0c, 0x1d, 0x1b, 0x04, 
	0x54, 0x37, 0x1b, 0x1d, 0x0c, 0x1c, 0x0d, 0x11, 
	0x1b, 0x0f, 0x16, 0x21, 0x14, 0x1b, 0x13, 0x0a, 
	0x1b, 0x02, 0x17, 0x0d, 0x0d, 0x25, 0x26, 0x1b, 
	0x1b, 0x0d, 0x0c, 0x23, 0x21, 0x1b, 0x0b, 0x1e, 
	0x56, 0x37, 0x05, 0x13, 0x11, 0x05, 0x18, 0x17, 
	0x10, 0x0f, 0x0d, 0x0f, 0x1b, 0x0e, 0x28, 0x03, 
	0x16, 0x0b, 0x11, 0x18, 0x11, 0x02, 0x0d, 0x23, 
	0x0e, 0x14, 0x10, 0x28, 0x0c, 0x0c, 0x10, 0x05, 
	0x50, 0x5d, 0x0d, 0x11, 0x10, 0x0f, 0x0e, 0x0d, 
	0x0c, 0x0c, 0x14, 0x15, 0x14, 0x0d, 0x13, 0x5e, 
	0x1e, 0x1e, 0x2e, 0x5f, 0x32, 0x36, 0x34, 0x2d, 
	0x2f, 0x2f, 0x4d, 0x53, 0x4d, 0x4d, 0x5c, 0x54, 
	0x3b, 0x23, 0x03, 0x03, 0x00, 0x03, 0x02, 0x01, 
	0x00, 0x0a, 0x0a, 0x00, 0x09, 0x08, 0x07, 0x06, 
	0x48, 0x19, 0x19, 0x19, 0x19, 0x1e, 0x37, 0x37, 
	0x1e, 0x37, 0x27, 0x19, 0x38, 0x19, 0x39, 0x1e, 
	0x48, 0x19, 0x19, 0x19, 0x19, 0x1e, 0x37, 0x37, 
	0x1e, 0x37, 0x27, 0x19, 0x38, 0x19, 0x39, 0x1e, 
	
};

Gfx wf_dl_wf_textures_08800_rgba16_pal_rgba16_aligner[] = {gsSPEndDisplayList()};
u8 wf_dl_wf_textures_08800_rgba16_pal_rgba16[] = {
	0xb4, 0xe5, 0xac, 0xa3, 0xa4, 0xa3, 0xac, 0xe5, 
	0x5a, 0x4f, 0x73, 0x17, 0xcd, 0xed, 0xa4, 0x61, 
	0xb5, 0x25, 0xbd, 0x67, 0xbd, 0x27, 0x94, 0x1d, 
	0x83, 0x9b, 0x7b, 0x59, 0x72, 0xd5, 0x7b, 0x57, 
	0x62, 0x93, 0x7b, 0x17, 0x49, 0xcb, 0x8b, 0xdb, 
	0x5a, 0x51, 0x9c, 0x1f, 0x52, 0x0f, 0x8b, 0xdd, 
	0x6a, 0xd3, 0x39, 0x49, 0x8b, 0x99, 0x6a, 0xd5, 
	0x62, 0x51, 0x8b, 0x9b, 0x41, 0x8b, 0x31, 0x07, 
	0x52, 0x11, 0x83, 0x59, 0x51, 0xcd, 0x73, 0x15, 
	0x6a, 0x93, 0x62, 0x91, 0x93, 0xdd, 0x49, 0x8b, 
	0x83, 0x99, 0x31, 0x49, 0x28, 0xc7, 0x49, 0xcf, 
	0x30, 0xc5, 0x28, 0xc3, 0x20, 0x83, 0x28, 0xc5, 
	0x10, 0x01, 0x18, 0x01, 0x18, 0x41, 0x31, 0x05, 
	0x28, 0x83, 0x20, 0x81, 0x20, 0x41, 0x49, 0xcd, 
	0x39, 0x47, 0x39, 0x8b, 0x41, 0xcd, 0x00, 0x01, 
	0x08, 0x41, 0x18, 0x43, 0x18, 0xc5, 0x29, 0x09, 
	0xd6, 0x2f, 0x41, 0x89, 0xc5, 0x69, 0xcd, 0xab, 
	0xee, 0xf5, 0x39, 0x07, 0x41, 0x49, 0x28, 0x85, 
	0x39, 0x4b, 0x9c, 0x1d, 0xa4, 0x5f, 0x72, 0xd3, 
	0x5a, 0x0f, 0x20, 0xc5, 0x9c, 0x5f, 0x94, 0x1f, 
	0x10, 0x41, 0x5a, 0x0d, 0x4a, 0x0f, 0x20, 0x85, 
	0x18, 0x85, 0x10, 0x83, 0x10, 0x43, 0x08, 0x01, 
	0xc5, 0xab, 0xbd, 0x69, 0x29, 0x07, 0xb5, 0x27, 
	0x20, 0xc7, 0x52, 0x0d, 0xd5, 0xed, 0x20, 0x43, 
	
};

Gfx wf_dl_wf_textures_08000_rgba16_ci8_aligner[] = {gsSPEndDisplayList()};
u8 wf_dl_wf_textures_08000_rgba16_ci8[] = {
	0x00, 0x01, 0x02, 0x03, 0x03, 0x04, 0x05, 0x06, 
	0x03, 0x07, 0x08, 0x09, 0x0a, 0x03, 0x0b, 0x0c, 
	0x0c, 0x0d, 0x0e, 0x0f, 0x10, 0x11, 0x12, 0x13, 
	0x14, 0x15, 0x09, 0x16, 0x02, 0x0c, 0x03, 0x16, 
	0x06, 0x09, 0x05, 0x03, 0x06, 0x02, 0x17, 0x18, 
	0x19, 0x1a, 0x1b, 0x1c, 0x1d, 0x0b, 0x0c, 0x18, 
	0x0b, 0x19, 0x1e, 0x1f, 0x20, 0x15, 0x21, 0x22, 
	0x23, 0x24, 0x25, 0x00, 0x26, 0x26, 0x06, 0x06, 
	0x06, 0x03, 0x03, 0x26, 0x02, 0x06, 0x0d, 0x16, 
	0x0b, 0x06, 0x03, 0x27, 0x28, 0x29, 0x2a, 0x0d, 
	0x2b, 0x2c, 0x2d, 0x2e, 0x18, 0x2f, 0x30, 0x18, 
	0x1a, 0x28, 0x31, 0x32, 0x0b, 0x1a, 0x0c, 0x03, 
	0x02, 0x02, 0x26, 0x03, 0x16, 0x33, 0x2f, 0x2a, 
	0x34, 0x0c, 0x2a, 0x16, 0x35, 0x36, 0x37, 0x2b, 
	0x28, 0x28, 0x38, 0x39, 0x3a, 0x3b, 0x3c, 0x00, 
	0x03, 0x3d, 0x3e, 0x32, 0x3f, 0x0c, 0x0b, 0x0c, 
	0x03, 0x03, 0x3f, 0x0c, 0x40, 0x16, 0x41, 0x0c, 
	0x42, 0x03, 0x2a, 0x33, 0x43, 0x44, 0x27, 0x45, 
	0x19, 0x46, 0x47, 0x27, 0x27, 0x48, 0x49, 0x49, 
	0x49, 0x3c, 0x4a, 0x4b, 0x4c, 0x4d, 0x4e, 0x0c, 
	0x03, 0x03, 0x3f, 0x3f, 0x0d, 0x02, 0x2f, 0x03, 
	0x2f, 0x03, 0x02, 0x4f, 0x07, 0x50, 0x46, 0x4d, 
	0x26, 0x3f, 0x51, 0x39, 0x1a, 0x39, 0x16, 0x3c, 
	0x48, 0x3c, 0x52, 0x53, 0x54, 0x55, 0x26, 0x05, 
	0x03, 0x2f, 0x26, 0x03, 0x02, 0x16, 0x0c, 0x18, 
	0x56, 0x39, 0x26, 0x27, 0x57, 0x0f, 0x58, 0x04, 
	0x04, 0x59, 0x2b, 0x22, 0x5a, 0x1a, 0x40, 0x16, 
	0x03, 0x5b, 0x5c, 0x5d, 0x5e, 0x5f, 0x0c, 0x4d, 
	0x39, 0x60, 0x0c, 0x09, 0x09, 0x02, 0x56, 0x2f, 
	0x18, 0x4d, 0x19, 0x61, 0x29, 0x62, 0x04, 0x0f, 
	0x3f, 0x19, 0x16, 0x1f, 0x19, 0x63, 0x0f, 0x58, 
	0x64, 0x65, 0x1f, 0x44, 0x32, 0x66, 0x67, 0x0c, 
	0x0d, 0x16, 0x2a, 0x2a, 0x02, 0x68, 0x68, 0x18, 
	0x2f, 0x3c, 0x18, 0x4b, 0x3f, 0x58, 0x34, 0x04, 
	0x69, 0x6a, 0x6b, 0x6c, 0x6d, 0x6e, 0x6f, 0x70, 
	0x1f, 0x51, 0x0f, 0x5f, 0x71, 0x31, 0x05, 0x02, 
	0x16, 0x00, 0x0d, 0x0d, 0x16, 0x39, 0x60, 0x2f, 
	0x3a, 0x39, 0x72, 0x73, 0x74, 0x04, 0x05, 0x3f, 
	0x69, 0x16, 0x69, 0x29, 0x75, 0x11, 0x75, 0x76, 
	0x19, 0x45, 0x46, 0x0f, 0x3d, 0x1d, 0x47, 0x0b, 
	0x01, 0x16, 0x48, 0x2a, 0x16, 0x03, 0x1a, 0x0c, 
	0x77, 0x76, 0x57, 0x78, 0x17, 0x04, 0x69, 0x74, 
	0x3f, 0x79, 0x7a, 0x2b, 0x7b, 0x0f, 0x7c, 0x5f, 
	0x7d, 0x0b, 0x6a, 0x4d, 0x7e, 0x7d, 0x51, 0x29, 
	0x7f, 0x0b, 0x03, 0x09, 0x40, 0x18, 0x80, 0x81, 
	0x82, 0x83, 0x84, 0x1d, 0x55, 0x04, 0x34, 0x85, 
	0x04, 0x86, 0x87, 0x6c, 0x0f, 0x74, 0x86, 0x19, 
	0x19, 0x04, 0x04, 0x0c, 0x0c, 0x46, 0x08, 0x80, 
	0x31, 0x31, 0x88, 0x4b, 0x89, 0x81, 0x50, 0x18, 
	0x3e, 0x30, 0x71, 0x8a, 0x7f, 0x58, 0x05, 0x69, 
	0x74, 0x19, 0x8b, 0x89, 0x58, 0x3f, 0x04, 0x6a, 
	0x3d, 0x3f, 0x4d, 0x19, 0x0c, 0x8c, 0x40, 0x8d, 
	0x16, 0x1a, 0x16, 0x16, 0x8e, 0x18, 0x0a, 0x1a, 
	0x03, 0x16, 0x0b, 0x39, 0x47, 0x8f, 0x69, 0x74, 
	0x0b, 0x04, 0x8d, 0x34, 0x74, 0x90, 0x26, 0x0b, 
	0x0b, 0x19, 0x4d, 0x0b, 0x7e, 0x18, 0x91, 0x08, 
	0x2f, 0x1a, 0x1a, 0x50, 0x8e, 0x0a, 0x03, 0x2f, 
	0x0c, 0x03, 0x05, 0x1a, 0x4b, 0x58, 0x69, 0x19, 
	0x19, 0x5c, 0x72, 0x92, 0x93, 0x94, 0x03, 0x05, 
	0x4d, 0x0f, 0x0c, 0x03, 0x0c, 0x7d, 0x0a, 0x08, 
	0x72, 0x95, 0x96, 0x81, 0x28, 0x0c, 0x03, 0x0b, 
	0x03, 0x05, 0x03, 0x0a, 0x97, 0x79, 0x0e, 0x0b, 
	0x98, 0x20, 0x1d, 0x74, 0x99, 0x4d, 0x4d, 0x26, 
	0x0b, 0x0b, 0x0b, 0x46, 0x9a, 0x0b, 0x22, 0x08, 
	0x29, 0x2a, 0x00, 0x0c, 0x46, 0x0c, 0x03, 0x02, 
	0x9b, 0x03, 0x0a, 0x2f, 0x50, 0x29, 0x9c, 0x04, 
	0x9d, 0x6c, 0x86, 0x86, 0x74, 0x26, 0x3f, 0x3f, 
	0x6a, 0x8c, 0x0f, 0x6d, 0x9e, 0x22, 0x08, 0x47, 
	0x09, 0x55, 0x03, 0x26, 0x0c, 0x18, 0x18, 0x0b, 
	0x18, 0x18, 0x0a, 0x18, 0x00, 0x24, 0x9f, 0x51, 
	0x72, 0xa0, 0x87, 0x7a, 0x4d, 0x79, 0x6a, 0xa1, 
	0x69, 0xa2, 0x9e, 0x2d, 0x76, 0x23, 0x4b, 0xa3, 
	0x4b, 0x3c, 0x1d, 0x03, 0x4d, 0x0c, 0x4d, 0x0b, 
	0x1a, 0x1a, 0x0b, 0x18, 0xa4, 0x44, 0xa5, 0x27, 
	0x0a, 0x4b, 0x24, 0xa6, 0xa6, 0x86, 0xa7, 0x87, 
	0x9e, 0x6f, 0x80, 0x0a, 0x1d, 0x3c, 0xa8, 0xa9, 
	0x10, 0x0d, 0x09, 0x3c, 0x00, 0x3f, 0x26, 0x26, 
	0x4d, 0x30, 0x19, 0x0a, 0xaa, 0xab, 0x62, 0x86, 
	0x04, 0xa4, 0x20, 0xac, 0xad, 0x31, 0x2d, 0x11, 
	0x57, 0x09, 0x3c, 0x4b, 0x26, 0x82, 0x53, 0xae, 
	0x76, 0x15, 0x03, 0x02, 0x69, 0x05, 0x05, 0x0b, 
	0x0b, 0x2f, 0x30, 0x5a, 0xab, 0x48, 0x05, 0x55, 
	0x34, 0x0b, 0x2e, 0xaf, 0xb0, 0x11, 0x6c, 0x56, 
	0x5b, 0x0b, 0xb1, 0x16, 0xb1, 0x68, 0x3c, 0x82, 
	0x03, 0x20, 0x50, 0x19, 0x0c, 0x05, 0x03, 0x0c, 
	0x05, 0x4e, 0x2f, 0x56, 0x48, 0x99, 0x3f, 0x03, 
	0x3f, 0x3f, 0x96, 0x20, 0x72, 0x27, 0x91, 0x1a, 
	0x42, 0x16, 0x1a, 0x0c, 0x16, 0x90, 0x03, 0x2f, 
	0x0c, 0x03, 0x72, 0x47, 0x19, 0x26, 0x04, 0x0c, 
	0x18, 0x18, 0x56, 0x1a, 0x26, 0x29, 0x06, 0x09, 
	0x3f, 0x90, 0x9d, 0x29, 0x56, 0xb2, 0x26, 0x02, 
	0x4e, 0x2f, 0x0c, 0x18, 0x1a, 0x6b, 0x02, 0x16, 
	0x0b, 0x0b, 0x0b, 0x72, 0x47, 0x45, 0x19, 0x56, 
	0x56, 0x2f, 0x56, 0x67, 0x2f, 0x15, 0x26, 0x79, 
	0xb3, 0xa7, 0x96, 0x5c, 0xb4, 0x18, 0x0d, 0x03, 
	0x33, 0x0b, 0x16, 0x2f, 0x2f, 0x2f, 0xb5, 0x0b, 
	0x03, 0x0c, 0x16, 0xb6, 0x31, 0x73, 0x19, 0x41, 
	0x1a, 0x18, 0x1a, 0x5a, 0x77, 0x61, 0x79, 0xac, 
	0xb7, 0x93, 0x96, 0x89, 0x2f, 0x03, 0x0c, 0x0c, 
	0x03, 0x03, 0x4e, 0x16, 0x3a, 0x2f, 0x43, 0x03, 
	0x1d, 0x5e, 0x95, 0x01, 0x51, 0x80, 0xb4, 0x18, 
	0x2f, 0x0a, 0x18, 0x0a, 0x39, 0x61, 0x42, 0x94, 
	0xb8, 0xb9, 0xba, 0x50, 0x00, 0x05, 0x39, 0x16, 
	0x03, 0x3a, 0x18, 0x2f, 0x3c, 0x03, 0x2f, 0x39, 
	0x81, 0xbb, 0xbc, 0xbd, 0x73, 0xbe, 0xb6, 0x71, 
	0x1a, 0x18, 0x16, 0x00, 0xa4, 0x24, 0x04, 0x34, 
	0x87, 0xa2, 0x74, 0x1d, 0x38, 0x1a, 0x6b, 0xbf, 
	0x68, 0x60, 0x16, 0x03, 0x2f, 0xc0, 0x3e, 0x15, 
	0xc1, 0xc2, 0xc3, 0x8b, 0x28, 0x47, 0xb6, 0x3c, 
	0xb4, 0xc4, 0xb4, 0x2a, 0x4b, 0x4b, 0x5b, 0x42, 
	0xc5, 0xc6, 0xc7, 0x88, 0x1d, 0x18, 0x18, 0xc8, 
	0x6b, 0x03, 0x16, 0x3f, 0x0a, 0x28, 0x8d, 0x76, 
	0x25, 0x93, 0x93, 0x66, 0xc3, 0x82, 0x88, 0x95, 
	0x29, 0xbe, 0x81, 0x2b, 0x8b, 0x8b, 0xb1, 0x03, 
	0xc9, 0xad, 0x2e, 0x28, 0x28, 0xbf, 0x56, 0x60, 
	0x2f, 0x18, 0x03, 0x0a, 0x00, 0x8b, 0x96, 0x4d, 
	0x79, 0x17, 0x25, 0x28, 0x0b, 0xca, 0xcb, 0x8b, 
	0x31, 0x51, 0x76, 0x82, 0xa3, 0x28, 0x76, 0xbe, 
	0x66, 0x97, 0x18, 0x71, 0x1d, 0x29, 0x4a, 0x60, 
	0x16, 0x60, 0x0a, 0x82, 0xcc, 0x16, 0x45, 0x06, 
	0x09, 0x55, 0x09, 0x0d, 0x60, 0x1a, 0x30, 0x33, 
	0x27, 0x7b, 0x39, 0x0a, 0x27, 0x69, 0x2f, 0x44, 
	0x61, 0x5f, 0x18, 0x0c, 0xb4, 0xcd, 0x90, 0x56, 
	0xbf, 0x59, 0x81, 0x37, 0x0c, 0x5a, 0x26, 0x09, 
	0x0d, 0x0d, 0x02, 0x03, 0x03, 0x18, 0x56, 0x4d, 
	0xb6, 0xa0, 0x89, 0x56, 0x0d, 0x00, 0x0b, 0x77, 
	0x1d, 0x0c, 0x0c, 0x60, 0xc8, 0x39, 0xa8, 0x54, 
	0x48, 0x2b, 0x80, 0x7d, 0x71, 0x7e, 0x0c, 0x0d, 
	
};

Gfx wf_dl_wf_textures_08000_rgba16_pal_rgba16_aligner[] = {gsSPEndDisplayList()};
u8 wf_dl_wf_textures_08000_rgba16_pal_rgba16[] = {
	0xa4, 0xa5, 0x9c, 0x61, 0xb4, 0xe7, 0xb5, 0x29, 
	0xc5, 0x69, 0xbd, 0x69, 0xb5, 0x27, 0x6b, 0x19, 
	0x5a, 0x53, 0xa4, 0xa3, 0xcd, 0xf1, 0xc5, 0xad, 
	0xbd, 0x6b, 0xac, 0xe5, 0xd6, 0x2f, 0xcd, 0xed, 
	0x41, 0x8d, 0x10, 0x43, 0x39, 0x47, 0x83, 0x15, 
	0xc5, 0x25, 0x83, 0x5b, 0xac, 0xe7, 0xb5, 0x25, 
	0xbd, 0x6d, 0xcd, 0xef, 0xc5, 0xaf, 0x84, 0x23, 
	0x6b, 0x17, 0x94, 0x1f, 0x72, 0xd5, 0x08, 0x01, 
	0x4a, 0x0f, 0x51, 0xcf, 0x31, 0x09, 0x31, 0x49, 
	0x6a, 0x93, 0x9c, 0x5f, 0xbd, 0x29, 0xa4, 0xa7, 
	0x8b, 0xdf, 0x8b, 0xdd, 0xac, 0xa5, 0x5a, 0x51, 
	0x49, 0x8b, 0x18, 0x85, 0x52, 0x53, 0xb5, 0x2b, 
	0xc5, 0xf1, 0x52, 0x0f, 0x73, 0x59, 0xb5, 0x6b, 
	0xbd, 0x25, 0xce, 0x37, 0x6a, 0xd9, 0x39, 0x8b, 
	0x94, 0x63, 0xac, 0xe9, 0xad, 0x29, 0xa4, 0x65, 
	0x9c, 0x63, 0xd5, 0xf1, 0xd6, 0x77, 0xbd, 0x27, 
	0xac, 0xa7, 0xbd, 0x6f, 0xb4, 0xe3, 0xb5, 0x6d, 
	0x5a, 0x95, 0xde, 0x73, 0xd6, 0x31, 0x73, 0x17, 
	0x94, 0x21, 0x93, 0xe1, 0xbd, 0xb1, 0x6a, 0xd7, 
	0x94, 0x1b, 0xc5, 0x6b, 0xc5, 0xef, 0xcd, 0xf5, 
	0x83, 0x9b, 0x49, 0xcd, 0xde, 0xb9, 0x9c, 0xa5, 
	0x7b, 0x57, 0xac, 0xa3, 0xbd, 0xaf, 0x4a, 0x11, 
	0xd5, 0xed, 0xce, 0x31, 0xd6, 0x75, 0xef, 0x39, 
	0x8b, 0x9b, 0x28, 0xc7, 0x7b, 0x19, 0xe6, 0xb5, 
	0xb4, 0xe9, 0x83, 0x9d, 0xde, 0x31, 0xe6, 0xf7, 
	0x83, 0x19, 0x20, 0x43, 0x8b, 0xdb, 0xde, 0x77, 
	0xbd, 0x2b, 0xc5, 0xab, 0xcd, 0xad, 0xc5, 0xb1, 
	0x41, 0xcf, 0x8b, 0x99, 0x7a, 0xd5, 0x39, 0x49, 
	0x10, 0x01, 0xd6, 0x35, 0x52, 0x11, 0x7b, 0x17, 
	0xc5, 0x67, 0x20, 0xc7, 0x62, 0x95, 0x9c, 0x65, 
	0xac, 0xe3, 0xb4, 0xe5, 0xcd, 0xa9, 0x7b, 0x9d, 
	0xde, 0x71, 0xd6, 0x33, 0xc5, 0x6d, 0x93, 0xdd, 
	0x6a, 0xd5, 0x62, 0x93, 0x7b, 0x5b, 0x94, 0x23, 
	0xb5, 0x2d, 0xbd, 0x67, 0xcd, 0xab, 0x93, 0xdb, 
	0x5a, 0x93, 0x73, 0x19, 0x8c, 0x23, 0x62, 0xd5, 
	0xde, 0x75, 0x52, 0x51, 0x8c, 0x21, 0xde, 0x2d, 
	0xa4, 0x63, 0xe6, 0xf9, 0xcd, 0x67, 0xac, 0xa1, 
	0xa4, 0x5f, 0x7b, 0x59, 0xa4, 0x61, 0x73, 0x5b, 
	0xcd, 0xeb, 0x9c, 0x1f, 0xde, 0xb5, 0xb5, 0x69, 
	0x9c, 0x21, 0xb4, 0xa3, 0x29, 0x07, 0x49, 0xcf, 
	0x52, 0x55, 0xe6, 0x73, 0x83, 0x59, 0xa4, 0xe7, 
	0x8b, 0xe1, 0x83, 0xe1, 0xd5, 0xef, 0xbc, 0xe5, 
	0x41, 0x8b, 0x62, 0x53, 0xad, 0x2d, 0x94, 0x65, 
	0xa4, 0x1d, 0x7b, 0x15, 0x29, 0x09, 0x20, 0x85, 
	0x10, 0x03, 0x93, 0xdf, 0xee, 0xf9, 0xac, 0x9f, 
	0xce, 0x33, 0xbd, 0xb3, 0x8b, 0x9d, 0xac, 0x5f, 
	0x9b, 0xdd, 0x93, 0x9b, 0x9c, 0x1d, 0x6b, 0x15, 
	0x62, 0xd1, 0x41, 0x49, 0x6a, 0x95, 0xbd, 0xad, 
	0xcd, 0xf3, 0x8b, 0xd9, 0xa4, 0x9f, 0x94, 0x1d, 
	0xe6, 0xb9, 0x6a, 0x91, 0xac, 0x61, 0xbc, 0xe3, 
	0xc5, 0xf3, 0xb4, 0x9f, 0xad, 0x27, 0x83, 0xdd, 
	0x31, 0x4b, 0x62, 0x91, 
};

Gfx wf_dl_WF_bill_blaster_front_ci8_aligner[] = {gsSPEndDisplayList()};
u8 wf_dl_WF_bill_blaster_front_ci8[] = {
	0x00, 0x00, 0x00, 0x01, 0x01, 0x01, 0x01, 0x01, 
	0x01, 0x01, 0x01, 0x01, 0x00, 0x00, 0x00, 0x00, 
	0x00, 0x00, 0x00, 0x00, 0x00, 0x02, 0x03, 0x03, 
	0x03, 0x04, 0x04, 0x05, 0x06, 0x07, 0x07, 0x07, 
	0x00, 0x08, 0x09, 0x03, 0x05, 0x0a, 0x0b, 0x0c, 
	0x01, 0x01, 0x01, 0x01, 0x00, 0x00, 0x00, 0x00, 
	0x00, 0x08, 0x0d, 0x0e, 0x0f, 0x10, 0x11, 0x12, 
	0x04, 0x04, 0x05, 0x13, 0x07, 0x07, 0x07, 0x07, 
	0x00, 0x09, 0x00, 0x14, 0x06, 0x07, 0x0c, 0x15, 
	0x01, 0x01, 0x01, 0x01, 0x00, 0x00, 0x00, 0x00, 
	0x00, 0x16, 0x00, 0x04, 0x17, 0x0b, 0x12, 0x18, 
	0x04, 0x05, 0x13, 0x13, 0x07, 0x07, 0x07, 0x19, 
	0x00, 0x09, 0x03, 0x06, 0x07, 0x0c, 0x1a, 0x1b, 
	0x01, 0x01, 0x01, 0x01, 0x00, 0x1c, 0x01, 0x01, 
	0x01, 0x1d, 0x1c, 0x13, 0x1e, 0x12, 0x1f, 0x20, 
	0x05, 0x05, 0x13, 0x13, 0x07, 0x07, 0x19, 0x0c, 
	0x00, 0x21, 0x05, 0x07, 0x0c, 0x1a, 0x18, 0x22, 
	0x01, 0x01, 0x01, 0x23, 0x01, 0x23, 0x24, 0x24, 
	0x24, 0x24, 0x1c, 0x1c, 0x1c, 0x1c, 0x25, 0x26, 
	0x13, 0x13, 0x13, 0x0a, 0x27, 0x27, 0x27, 0x1e, 
	0x00, 0x28, 0x27, 0x0c, 0x1a, 0x18, 0x20, 0x29, 
	0x01, 0x2a, 0x24, 0x24, 0x24, 0x24, 0x24, 0x24, 
	0x24, 0x24, 0x24, 0x24, 0x24, 0x01, 0x01, 0x23, 
	0x07, 0x07, 0x07, 0x07, 0x27, 0x27, 0x1e, 0x0b, 
	0x00, 0x10, 0x0b, 0x1a, 0x18, 0x20, 0x2b, 0x1b, 
	0x23, 0x24, 0x24, 0x24, 0x24, 0x24, 0x24, 0x24, 
	0x24, 0x24, 0x24, 0x24, 0x24, 0x24, 0x24, 0x23, 
	0x01, 0x07, 0x07, 0x19, 0x27, 0x1e, 0x0b, 0x0b, 
	0x00, 0x0b, 0x1a, 0x1b, 0x22, 0x22, 0x1b, 0x22, 
	0x24, 0x24, 0x24, 0x24, 0x24, 0x24, 0x24, 0x24, 
	0x24, 0x24, 0x24, 0x24, 0x24, 0x24, 0x24, 0x24, 
	0x01, 0x01, 0x19, 0x2c, 0x1e, 0x0b, 0x0b, 0x0b, 
	0x00, 0x00, 0x00, 0x00, 0x00, 0x1c, 0x01, 0x24, 
	0x24, 0x24, 0x24, 0x24, 0x24, 0x24, 0x24, 0x24, 
	0x24, 0x24, 0x24, 0x24, 0x24, 0x24, 0x24, 0x24, 
	0x24, 0x01, 0x01, 0x0c, 0x0b, 0x0b, 0x0b, 0x2d, 
	0x00, 0x2e, 0x2f, 0x2a, 0x30, 0x23, 0x24, 0x24, 
	0x24, 0x24, 0x24, 0x24, 0x24, 0x24, 0x24, 0x24, 
	0x24, 0x24, 0x24, 0x24, 0x24, 0x24, 0x24, 0x24, 
	0x24, 0x24, 0x1d, 0x31, 0x32, 0x33, 0x34, 0x35, 
	0x00, 0x2f, 0x36, 0x37, 0x1c, 0x01, 0x24, 0x24, 
	0x24, 0x24, 0x24, 0x24, 0x24, 0x24, 0x24, 0x24, 
	0x24, 0x24, 0x24, 0x24, 0x24, 0x24, 0x24, 0x24, 
	0x24, 0x24, 0x01, 0x01, 0x38, 0x39, 0x20, 0x15, 
	0x00, 0x2a, 0x37, 0x32, 0x01, 0x24, 0x24, 0x24, 
	0x24, 0x24, 0x24, 0x24, 0x24, 0x24, 0x24, 0x24, 
	0x24, 0x24, 0x24, 0x24, 0x24, 0x24, 0x24, 0x24, 
	0x24, 0x24, 0x24, 0x01, 0x38, 0x20, 0x35, 0x3a, 
	0x00, 0x26, 0x32, 0x3b, 0x01, 0x24, 0x24, 0x24, 
	0x24, 0x24, 0x24, 0x24, 0x24, 0x24, 0x24, 0x24, 
	0x24, 0x24, 0x24, 0x24, 0x24, 0x24, 0x24, 0x24, 
	0x24, 0x24, 0x24, 0x01, 0x39, 0x20, 0x35, 0x3a, 
	0x00, 0x2b, 0x1f, 0x1c, 0x01, 0x24, 0x24, 0x24, 
	0x24, 0x24, 0x24, 0x24, 0x24, 0x24, 0x24, 0x24, 
	0x24, 0x24, 0x24, 0x24, 0x24, 0x24, 0x24, 0x24, 
	0x24, 0x24, 0x24, 0x1c, 0x1c, 0x35, 0x30, 0x3a, 
	0x00, 0x18, 0x12, 0x01, 0x24, 0x24, 0x24, 0x24, 
	0x24, 0x24, 0x24, 0x24, 0x24, 0x24, 0x24, 0x24, 
	0x24, 0x24, 0x24, 0x24, 0x24, 0x24, 0x24, 0x24, 
	0x24, 0x24, 0x24, 0x24, 0x1c, 0x35, 0x3c, 0x22, 
	0x00, 0x31, 0x02, 0x1d, 0x24, 0x24, 0x24, 0x24, 
	0x24, 0x24, 0x24, 0x24, 0x24, 0x24, 0x24, 0x24, 
	0x24, 0x24, 0x24, 0x24, 0x24, 0x24, 0x24, 0x24, 
	0x24, 0x24, 0x24, 0x24, 0x01, 0x3a, 0x3a, 0x3d, 
	0x00, 0x00, 0x00, 0x01, 0x24, 0x24, 0x24, 0x24, 
	0x24, 0x24, 0x24, 0x24, 0x24, 0x24, 0x24, 0x24, 
	0x24, 0x24, 0x24, 0x24, 0x24, 0x24, 0x24, 0x24, 
	0x24, 0x24, 0x24, 0x24, 0x1c, 0x1f, 0x1f, 0x3b, 
	0x00, 0x00, 0x00, 0x01, 0x24, 0x24, 0x24, 0x24, 
	0x24, 0x24, 0x24, 0x24, 0x24, 0x24, 0x24, 0x24, 
	0x24, 0x24, 0x24, 0x24, 0x24, 0x24, 0x24, 0x24, 
	0x24, 0x24, 0x24, 0x24, 0x23, 0x3e, 0x2e, 0x38, 
	0x00, 0x00, 0x00, 0x1c, 0x1c, 0x24, 0x24, 0x24, 
	0x24, 0x24, 0x24, 0x24, 0x24, 0x24, 0x24, 0x24, 
	0x24, 0x24, 0x24, 0x24, 0x24, 0x24, 0x24, 0x24, 
	0x24, 0x24, 0x24, 0x01, 0x01, 0x2f, 0x2f, 0x33, 
	0x00, 0x00, 0x02, 0x3f, 0x1c, 0x24, 0x24, 0x24, 
	0x24, 0x24, 0x24, 0x24, 0x24, 0x24, 0x24, 0x24, 
	0x24, 0x24, 0x24, 0x24, 0x24, 0x24, 0x24, 0x24, 
	0x24, 0x24, 0x24, 0x01, 0x2f, 0x2f, 0x2f, 0x33, 
	0x00, 0x02, 0x3f, 0x03, 0x1c, 0x24, 0x24, 0x24, 
	0x24, 0x24, 0x24, 0x24, 0x24, 0x24, 0x24, 0x24, 
	0x24, 0x24, 0x24, 0x24, 0x24, 0x24, 0x24, 0x24, 
	0x24, 0x24, 0x24, 0x01, 0x2f, 0x2f, 0x2f, 0x40, 
	0x02, 0x3f, 0x03, 0x03, 0x1c, 0x1c, 0x24, 0x24, 
	0x24, 0x24, 0x24, 0x24, 0x24, 0x24, 0x24, 0x24, 
	0x24, 0x24, 0x24, 0x24, 0x24, 0x24, 0x24, 0x24, 
	0x24, 0x24, 0x1d, 0x01, 0x2f, 0x2f, 0x2f, 0x40, 
	0x03, 0x03, 0x03, 0x04, 0x04, 0x1c, 0x24, 0x24, 
	0x24, 0x24, 0x24, 0x24, 0x24, 0x24, 0x24, 0x24, 
	0x24, 0x24, 0x24, 0x24, 0x24, 0x24, 0x24, 0x24, 
	0x24, 0x24, 0x01, 0x18, 0x2f, 0x2f, 0x2f, 0x40, 
	0x03, 0x03, 0x04, 0x25, 0x41, 0x01, 0x01, 0x24, 
	0x24, 0x24, 0x24, 0x24, 0x24, 0x24, 0x24, 0x24, 
	0x24, 0x24, 0x24, 0x24, 0x24, 0x24, 0x24, 0x24, 
	0x24, 0x01, 0x01, 0x20, 0x2f, 0x2f, 0x2f, 0x32, 
	0x03, 0x04, 0x04, 0x41, 0x06, 0x07, 0x01, 0x09, 
	0x24, 0x24, 0x24, 0x24, 0x24, 0x24, 0x24, 0x24, 
	0x24, 0x24, 0x24, 0x24, 0x24, 0x24, 0x24, 0x24, 
	0x1c, 0x1c, 0x25, 0x26, 0x38, 0x38, 0x42, 0x32, 
	0x04, 0x43, 0x44, 0x3e, 0x2e, 0x2e, 0x2e, 0x01, 
	0x09, 0x24, 0x24, 0x24, 0x24, 0x24, 0x24, 0x24, 
	0x24, 0x24, 0x24, 0x24, 0x24, 0x24, 0x24, 0x09, 
	0x1c, 0x2b, 0x26, 0x29, 0x38, 0x42, 0x42, 0x32, 
	0x04, 0x44, 0x20, 0x45, 0x2f, 0x2f, 0x2a, 0x36, 
	0x1c, 0x09, 0x09, 0x24, 0x24, 0x24, 0x24, 0x24, 
	0x24, 0x24, 0x24, 0x24, 0x24, 0x09, 0x09, 0x1c, 
	0x2b, 0x26, 0x30, 0x2e, 0x2f, 0x42, 0x42, 0x32, 
	0x05, 0x44, 0x39, 0x18, 0x38, 0x31, 0x36, 0x46, 
	0x46, 0x37, 0x1c, 0x08, 0x08, 0x08, 0x24, 0x24, 
	0x24, 0x24, 0x08, 0x08, 0x08, 0x1c, 0x1a, 0x18, 
	0x29, 0x29, 0x2e, 0x47, 0x2f, 0x42, 0x42, 0x32, 
	0x05, 0x44, 0x39, 0x38, 0x42, 0x31, 0x36, 0x46, 
	0x37, 0x37, 0x40, 0x32, 0x25, 0x1c, 0x08, 0x08, 
	0x08, 0x08, 0x1c, 0x38, 0x38, 0x38, 0x38, 0x38, 
	0x42, 0x2f, 0x2f, 0x2f, 0x2f, 0x42, 0x42, 0x32, 
	0x13, 0x48, 0x39, 0x38, 0x42, 0x2a, 0x2a, 0x30, 
	0x49, 0x40, 0x40, 0x32, 0x25, 0x4a, 0x3b, 0x4b, 
	0x1f, 0x2f, 0x38, 0x38, 0x38, 0x38, 0x38, 0x42, 
	0x42, 0x2f, 0x2f, 0x2f, 0x2f, 0x42, 0x42, 0x32, 
	0x13, 0x48, 0x18, 0x2f, 0x2f, 0x2a, 0x30, 0x30, 
	0x49, 0x26, 0x26, 0x32, 0x25, 0x4a, 0x3b, 0x4b, 
	0x1f, 0x2f, 0x38, 0x38, 0x38, 0x38, 0x42, 0x42, 
	0x42, 0x42, 0x31, 0x42, 0x42, 0x42, 0x42, 0x32, 
	0x0a, 0x39, 0x20, 0x18, 0x38, 0x42, 0x31, 0x36, 
	0x46, 0x46, 0x37, 0x07, 0x4c, 0x27, 0x27, 0x4d, 
	0x3b, 0x38, 0x40, 0x32, 0x32, 0x32, 0x32, 0x32, 
	0x32, 0x32, 0x32, 0x32, 0x32, 0x32, 0x32, 0x4e, 
	
};

Gfx wf_dl_WF_bill_blaster_front_pal_rgba16_aligner[] = {gsSPEndDisplayList()};
u8 wf_dl_WF_bill_blaster_front_pal_rgba16[] = {
	0xb4, 0xe5, 0x83, 0x59, 0xac, 0xe5, 0xac, 0xa3, 
	0xa4, 0xa3, 0xa4, 0x61, 0x72, 0xd5, 0x6a, 0xd5, 
	0xff, 0xfd, 0xe6, 0x71, 0x9c, 0x1f, 0x8b, 0xdd, 
	0x62, 0x93, 0xde, 0x6f, 0xde, 0x2f, 0xcd, 0xab, 
	0xbd, 0x69, 0xac, 0xe7, 0x83, 0x9b, 0x9c, 0x61, 
	0x7b, 0x17, 0x31, 0x09, 0xde, 0x31, 0x9c, 0x21, 
	0x52, 0x11, 0x6a, 0x95, 0x5a, 0x51, 0x31, 0x07, 
	0xbc, 0xe5, 0xb4, 0xa3, 0x93, 0xdf, 0x7b, 0x59, 
	0x4a, 0x0f, 0xd5, 0xed, 0x29, 0x07, 0x51, 0x8b, 
	0x00, 0x01, 0x73, 0x17, 0x49, 0xcf, 0x94, 0x1f, 
	0xc5, 0xab, 0x28, 0xc7, 0x41, 0x8d, 0x52, 0x0f, 
	0x6a, 0x93, 0x8b, 0x9d, 0x20, 0xc5, 0x39, 0x8b, 
	0x41, 0xcd, 0x5a, 0x53, 0x6b, 0x17, 0x62, 0xd7, 
	0x5a, 0x95, 0x41, 0xcf, 0x5a, 0x93, 0x62, 0xd5, 
	0x52, 0x51, 0x4a, 0x11, 0x29, 0x09, 0x73, 0x59, 
	0x39, 0x8d, 0x10, 0x83, 0x20, 0x85, 0xac, 0xa5, 
	0x6a, 0xd7, 0x72, 0xd7, 0x52, 0x53, 0x18, 0x85, 
	0x31, 0x49, 0x39, 0x4b, 0x62, 0x95, 0x08, 0x01, 
	0x31, 0x4b, 0x49, 0xcd, 0x73, 0x19, 0x94, 0x21, 
	0x8b, 0xdf, 0xad, 0x69, 0x7b, 0xdd, 
};

Gfx wf_dl_WF_bill_blaster_side_ci8_aligner[] = {gsSPEndDisplayList()};
u8 wf_dl_WF_bill_blaster_side_ci8[] = {
	0x00, 0x00, 0x00, 0x01, 0x01, 0x01, 0x01, 0x01, 
	0x01, 0x01, 0x01, 0x01, 0x00, 0x00, 0x00, 0x00, 
	0x00, 0x00, 0x00, 0x00, 0x00, 0x02, 0x03, 0x03, 
	0x03, 0x04, 0x04, 0x05, 0x06, 0x07, 0x07, 0x07, 
	0x00, 0x08, 0x09, 0x03, 0x05, 0x0a, 0x0b, 0x0c, 
	0x01, 0x01, 0x01, 0x01, 0x00, 0x00, 0x00, 0x00, 
	0x00, 0x08, 0x0d, 0x0e, 0x0f, 0x10, 0x11, 0x12, 
	0x04, 0x04, 0x05, 0x13, 0x07, 0x07, 0x07, 0x07, 
	0x00, 0x09, 0x00, 0x14, 0x06, 0x07, 0x0c, 0x15, 
	0x01, 0x01, 0x01, 0x01, 0x00, 0x00, 0x00, 0x00, 
	0x00, 0x16, 0x00, 0x04, 0x17, 0x0b, 0x12, 0x18, 
	0x04, 0x05, 0x13, 0x13, 0x07, 0x07, 0x07, 0x19, 
	0x00, 0x09, 0x03, 0x06, 0x07, 0x0c, 0x1a, 0x1b, 
	0x01, 0x01, 0x01, 0x01, 0x00, 0x00, 0x00, 0x00, 
	0x00, 0x0e, 0x04, 0x13, 0x1c, 0x12, 0x1d, 0x1e, 
	0x05, 0x05, 0x13, 0x13, 0x07, 0x07, 0x19, 0x0c, 
	0x00, 0x1f, 0x05, 0x07, 0x0c, 0x1a, 0x18, 0x20, 
	0x01, 0x01, 0x01, 0x01, 0x00, 0x01, 0x01, 0x1d, 
	0x21, 0x1f, 0x13, 0x22, 0x23, 0x24, 0x25, 0x26, 
	0x13, 0x13, 0x13, 0x0a, 0x22, 0x22, 0x22, 0x1c, 
	0x00, 0x27, 0x22, 0x0c, 0x1a, 0x18, 0x1e, 0x28, 
	0x01, 0x29, 0x2a, 0x2a, 0x2b, 0x28, 0x20, 0x18, 
	0x14, 0x27, 0x22, 0x0b, 0x1a, 0x2c, 0x26, 0x28, 
	0x07, 0x07, 0x07, 0x07, 0x22, 0x22, 0x1c, 0x0b, 
	0x00, 0x10, 0x0b, 0x1a, 0x18, 0x1e, 0x2d, 0x2a, 
	0x01, 0x2a, 0x2e, 0x2b, 0x2f, 0x1e, 0x18, 0x1d, 
	0x14, 0x30, 0x0b, 0x31, 0x2c, 0x26, 0x32, 0x2a, 
	0x07, 0x07, 0x07, 0x19, 0x22, 0x1c, 0x0b, 0x0b, 
	0x00, 0x0b, 0x1a, 0x1b, 0x20, 0x28, 0x2a, 0x29, 
	0x01, 0x2a, 0x2b, 0x2d, 0x33, 0x18, 0x1a, 0x24, 
	0x14, 0x0b, 0x1a, 0x18, 0x28, 0x28, 0x2a, 0x29, 
	0x07, 0x07, 0x19, 0x34, 0x1c, 0x0b, 0x0b, 0x0b, 
	0x00, 0x00, 0x00, 0x00, 0x00, 0x00, 0x00, 0x00, 
	0x00, 0x2b, 0x2f, 0x33, 0x35, 0x31, 0x23, 0x36, 
	0x03, 0x04, 0x04, 0x05, 0x06, 0x07, 0x07, 0x07, 
	0x07, 0x19, 0x0c, 0x0c, 0x0b, 0x0b, 0x0b, 0x37, 
	0x00, 0x2a, 0x2e, 0x2b, 0x32, 0x26, 0x2c, 0x1d, 
	0x00, 0x2d, 0x33, 0x35, 0x31, 0x23, 0x0b, 0x38, 
	0x04, 0x39, 0x27, 0x38, 0x3a, 0x3b, 0x1d, 0x25, 
	0x3c, 0x2f, 0x3d, 0x3e, 0x33, 0x3f, 0x40, 0x41, 
	0x00, 0x2e, 0x3d, 0x2f, 0x3c, 0x42, 0x1d, 0x04, 
	0x00, 0x1e, 0x35, 0x31, 0x23, 0x0b, 0x22, 0x43, 
	0x04, 0x0f, 0x13, 0x22, 0x0c, 0x1a, 0x44, 0x18, 
	0x1e, 0x26, 0x32, 0x2b, 0x44, 0x45, 0x1e, 0x15, 
	0x00, 0x2b, 0x2f, 0x33, 0x42, 0x24, 0x12, 0x11, 
	0x00, 0x35, 0x46, 0x47, 0x11, 0x38, 0x43, 0x39, 
	0x05, 0x43, 0x22, 0x0b, 0x3e, 0x1a, 0x18, 0x2c, 
	0x26, 0x32, 0x2b, 0x48, 0x44, 0x1e, 0x41, 0x49, 
	0x00, 0x26, 0x33, 0x35, 0x31, 0x4a, 0x0c, 0x0b, 
	0x21, 0x14, 0x14, 0x14, 0x25, 0x04, 0x04, 0x05, 
	0x05, 0x10, 0x22, 0x0b, 0x1a, 0x1a, 0x18, 0x1e, 
	0x26, 0x32, 0x2b, 0x2e, 0x45, 0x1e, 0x41, 0x49, 
	0x00, 0x2c, 0x1d, 0x12, 0x0b, 0x0c, 0x07, 0x22, 
	0x14, 0x4b, 0x05, 0x13, 0x0a, 0x43, 0x10, 0x1c, 
	0x13, 0x38, 0x0b, 0x23, 0x3b, 0x1d, 0x25, 0x3c, 
	0x2f, 0x3d, 0x4c, 0x44, 0x45, 0x41, 0x32, 0x49, 
	0x00, 0x18, 0x12, 0x0b, 0x22, 0x07, 0x06, 0x13, 
	0x14, 0x05, 0x25, 0x06, 0x07, 0x22, 0x0c, 0x4a, 
	0x07, 0x0b, 0x0c, 0x1a, 0x44, 0x18, 0x33, 0x07, 
	0x4d, 0x3d, 0x44, 0x45, 0x1e, 0x41, 0x48, 0x20, 
	0x00, 0x3e, 0x02, 0x30, 0x4e, 0x0a, 0x13, 0x4b, 
	0x14, 0x13, 0x06, 0x07, 0x4d, 0x0b, 0x3e, 0x15, 
	0x07, 0x0c, 0x4f, 0x1b, 0x1b, 0x20, 0x26, 0x32, 
	0x2b, 0x48, 0x2e, 0x50, 0x51, 0x49, 0x49, 0x52, 
	0x00, 0x00, 0x00, 0x00, 0x00, 0x14, 0x14, 0x14, 
	0x25, 0x22, 0x07, 0x0c, 0x0c, 0x12, 0x1a, 0x1b, 
	0x07, 0x19, 0x0c, 0x0c, 0x0c, 0x0c, 0x0b, 0x23, 
	0x12, 0x12, 0x12, 0x24, 0x24, 0x1d, 0x1d, 0x35, 
	0x00, 0x00, 0x00, 0x00, 0x02, 0x14, 0x14, 0x25, 
	0x25, 0x0b, 0x0c, 0x3e, 0x1a, 0x1d, 0x2c, 0x20, 
	0x19, 0x29, 0x53, 0x53, 0x53, 0x53, 0x51, 0x53, 
	0x53, 0x53, 0x53, 0x54, 0x54, 0x54, 0x2a, 0x44, 
	0x00, 0x00, 0x00, 0x02, 0x55, 0x14, 0x25, 0x25, 
	0x25, 0x12, 0x3e, 0x1a, 0x18, 0x25, 0x26, 0x28, 
	0x0c, 0x53, 0x49, 0x51, 0x51, 0x51, 0x1e, 0x50, 
	0x50, 0x50, 0x56, 0x56, 0x56, 0x2e, 0x2e, 0x3f, 
	0x00, 0x00, 0x02, 0x55, 0x03, 0x25, 0x25, 0x25, 
	0x57, 0x1d, 0x1a, 0x18, 0x1e, 0x3c, 0x32, 0x28, 
	0x0c, 0x53, 0x51, 0x51, 0x51, 0x50, 0x1e, 0x50, 
	0x50, 0x56, 0x56, 0x56, 0x2e, 0x2e, 0x2e, 0x3f, 
	0x00, 0x02, 0x55, 0x03, 0x03, 0x04, 0x04, 0x05, 
	0x13, 0x58, 0x42, 0x33, 0x07, 0x4d, 0x2b, 0x2a, 
	0x0c, 0x53, 0x51, 0x51, 0x50, 0x50, 0x45, 0x50, 
	0x56, 0x56, 0x56, 0x2e, 0x2e, 0x2e, 0x2e, 0x3c, 
	0x02, 0x55, 0x03, 0x03, 0x04, 0x04, 0x05, 0x13, 
	0x13, 0x59, 0x3c, 0x2f, 0x4d, 0x3d, 0x2e, 0x54, 
	0x0c, 0x53, 0x51, 0x50, 0x50, 0x08, 0x0d, 0x0e, 
	0x0f, 0x10, 0x11, 0x12, 0x2e, 0x2e, 0x2e, 0x3c, 
	0x03, 0x03, 0x03, 0x04, 0x04, 0x05, 0x05, 0x13, 
	0x13, 0x23, 0x4d, 0x3d, 0x3e, 0x44, 0x45, 0x51, 
	0x0b, 0x51, 0x1e, 0x1e, 0x45, 0x16, 0x00, 0x04, 
	0x17, 0x0b, 0x12, 0x18, 0x2e, 0x2e, 0x2e, 0x3c, 
	0x03, 0x03, 0x04, 0x25, 0x57, 0x06, 0x07, 0x13, 
	0x0a, 0x4d, 0x2b, 0x2e, 0x2e, 0x50, 0x51, 0x53, 
	0x23, 0x50, 0x1e, 0x45, 0x45, 0x0e, 0x04, 0x13, 
	0x1c, 0x12, 0x1d, 0x1e, 0x2e, 0x2e, 0x2e, 0x33, 
	0x03, 0x04, 0x04, 0x57, 0x06, 0x07, 0x07, 0x0a, 
	0x22, 0x22, 0x22, 0x1c, 0x0b, 0x0b, 0x0b, 0x37, 
	0x12, 0x50, 0x45, 0x45, 0x45, 0x1f, 0x13, 0x22, 
	0x23, 0x24, 0x25, 0x26, 0x44, 0x44, 0x4c, 0x33, 
	0x04, 0x53, 0x51, 0x54, 0x2a, 0x2a, 0x2a, 0x2b, 
	0x32, 0x2d, 0x26, 0x26, 0x1e, 0x2c, 0x18, 0x1d, 
	0x12, 0x50, 0x45, 0x18, 0x18, 0x27, 0x22, 0x0b, 
	0x1a, 0x2c, 0x26, 0x28, 0x44, 0x4c, 0x4c, 0x33, 
	0x04, 0x51, 0x1e, 0x56, 0x2e, 0x2e, 0x2b, 0x3d, 
	0x4d, 0x2f, 0x3c, 0x33, 0x25, 0x42, 0x42, 0x5a, 
	0x12, 0x56, 0x18, 0x18, 0x44, 0x30, 0x0b, 0x31, 
	0x2c, 0x26, 0x32, 0x2a, 0x2e, 0x4c, 0x4c, 0x33, 
	0x05, 0x51, 0x45, 0x18, 0x44, 0x3e, 0x3d, 0x4d, 
	0x4d, 0x2f, 0x3c, 0x33, 0x25, 0x42, 0x42, 0x5a, 
	0x31, 0x56, 0x18, 0x44, 0x44, 0x0b, 0x1a, 0x18, 
	0x28, 0x28, 0x2a, 0x29, 0x2e, 0x4c, 0x4c, 0x33, 
	0x05, 0x51, 0x45, 0x44, 0x4c, 0x3e, 0x3d, 0x4d, 
	0x2f, 0x2f, 0x3c, 0x33, 0x25, 0x42, 0x35, 0x5a, 
	0x24, 0x56, 0x44, 0x44, 0x44, 0x44, 0x44, 0x44, 
	0x4c, 0x2e, 0x2e, 0x2e, 0x2e, 0x4c, 0x4c, 0x33, 
	0x13, 0x50, 0x45, 0x44, 0x4c, 0x2b, 0x2b, 0x32, 
	0x2d, 0x3c, 0x3c, 0x33, 0x25, 0x42, 0x35, 0x5a, 
	0x1d, 0x2e, 0x44, 0x44, 0x44, 0x44, 0x44, 0x4c, 
	0x4c, 0x2e, 0x2e, 0x2e, 0x2e, 0x4c, 0x4c, 0x33, 
	0x13, 0x50, 0x18, 0x2e, 0x2e, 0x2b, 0x32, 0x32, 
	0x2d, 0x26, 0x26, 0x33, 0x25, 0x42, 0x35, 0x5a, 
	0x1d, 0x2e, 0x44, 0x44, 0x44, 0x44, 0x4c, 0x4c, 
	0x4c, 0x4c, 0x3e, 0x4c, 0x4c, 0x4c, 0x4c, 0x33, 
	0x0a, 0x45, 0x1e, 0x18, 0x44, 0x4c, 0x3e, 0x3d, 
	0x4d, 0x4d, 0x2f, 0x07, 0x59, 0x22, 0x22, 0x5b, 
	0x35, 0x44, 0x3c, 0x33, 0x33, 0x33, 0x33, 0x33, 
	0x33, 0x33, 0x33, 0x33, 0x33, 0x33, 0x33, 0x5c, 
	
};

Gfx wf_dl_WF_bill_blaster_side_pal_rgba16_aligner[] = {gsSPEndDisplayList()};
u8 wf_dl_WF_bill_blaster_side_pal_rgba16[] = {
	0xb4, 0xe5, 0x83, 0x59, 0xac, 0xe5, 0xac, 0xa3, 
	0xa4, 0xa3, 0xa4, 0x61, 0x72, 0xd5, 0x6a, 0xd5, 
	0xff, 0xfd, 0xe6, 0x71, 0x9c, 0x1f, 0x8b, 0xdd, 
	0x62, 0x93, 0xde, 0x6f, 0xde, 0x2f, 0xcd, 0xab, 
	0xbd, 0x69, 0xac, 0xe7, 0x83, 0x9b, 0x9c, 0x61, 
	0x7b, 0x17, 0x31, 0x09, 0xde, 0x31, 0x9c, 0x21, 
	0x52, 0x11, 0x6a, 0x95, 0x5a, 0x51, 0x31, 0x07, 
	0x93, 0xdf, 0x7b, 0x59, 0x4a, 0x0f, 0xd5, 0xed, 
	0x29, 0x07, 0x7b, 0x19, 0x94, 0x1f, 0x83, 0x9d, 
	0x7b, 0x5b, 0x73, 0x17, 0x49, 0xcf, 0xc5, 0xab, 
	0x28, 0xc7, 0x08, 0x01, 0x20, 0xc5, 0x41, 0x8d, 
	0x52, 0x0f, 0x49, 0xcd, 0x39, 0x8b, 0x62, 0xd5, 
	0xb5, 0x27, 0x7b, 0x9b, 0x41, 0xcd, 0x6b, 0x17, 
	0x6a, 0x93, 0x73, 0x59, 0xb4, 0xe7, 0x8b, 0x9d, 
	0xbd, 0x29, 0xe7, 0x37, 0x8b, 0x9b, 0x83, 0x5b, 
	0x6a, 0xd7, 0x5a, 0x93, 0x5a, 0x53, 0x62, 0xd7, 
	0x5a, 0x95, 0x41, 0xcf, 0x73, 0x19, 0xc5, 0x6b, 
	0x52, 0x51, 0x4a, 0x11, 0x9c, 0x63, 0xa4, 0xa5, 
	0x39, 0x8d, 0x29, 0x09, 0x62, 0x53, 0xd6, 0x2f, 
	0x52, 0x53, 0x62, 0x95, 0xc5, 0x69, 0x39, 0x09, 
	0x31, 0x4b, 0x31, 0x49, 0x10, 0x83, 0x18, 0x85, 
	0x20, 0x85, 0xac, 0xa5, 0x39, 0x4b, 0x72, 0xd7, 
	0x94, 0x61, 0x8b, 0xdf, 0x94, 0x21, 0xad, 0x69, 
	0x7b, 0xdd, 
};

Gfx wf_dl_wf_textures_05800_rgba16_ci8_aligner[] = {gsSPEndDisplayList()};
u8 wf_dl_wf_textures_05800_rgba16_ci8[] = {
	0x00, 0x01, 0x01, 0x01, 0x01, 0x01, 0x01, 0x01, 
	0x01, 0x00, 0x02, 0x03, 0x04, 0x05, 0x02, 0x02, 
	0x06, 0x06, 0x04, 0x04, 0x01, 0x04, 0x04, 0x04, 
	0x06, 0x06, 0x04, 0x04, 0x04, 0x00, 0x06, 0x04, 
	0x04, 0x01, 0x03, 0x01, 0x00, 0x00, 0x04, 0x01, 
	0x04, 0x01, 0x02, 0x06, 0x03, 0x06, 0x00, 0x07, 
	0x04, 0x02, 0x03, 0x06, 0x04, 0x03, 0x08, 0x02, 
	0x03, 0x04, 0x04, 0x06, 0x06, 0x01, 0x04, 0x00, 
	0x00, 0x00, 0x00, 0x01, 0x04, 0x06, 0x01, 0x01, 
	0x00, 0x06, 0x03, 0x01, 0x04, 0x05, 0x09, 0x0a, 
	0x05, 0x0b, 0x0b, 0x00, 0x06, 0x02, 0x0c, 0x03, 
	0x06, 0x02, 0x00, 0x04, 0x00, 0x01, 0x00, 0x04, 
	0x00, 0x06, 0x04, 0x06, 0x00, 0x04, 0x01, 0x00, 
	0x04, 0x04, 0x04, 0x00, 0x00, 0x0a, 0x05, 0x0b, 
	0x05, 0x05, 0x06, 0x06, 0x0d, 0x04, 0x02, 0x08, 
	0x0e, 0x04, 0x01, 0x00, 0x04, 0x00, 0x03, 0x01, 
	0x01, 0x04, 0x00, 0x00, 0x06, 0x04, 0x00, 0x06, 
	0x00, 0x00, 0x04, 0x00, 0x04, 0x0b, 0x00, 0x0f, 
	0x06, 0x06, 0x05, 0x04, 0x04, 0x06, 0x10, 0x11, 
	0x04, 0x00, 0x01, 0x00, 0x00, 0x04, 0x01, 0x03, 
	0x00, 0x00, 0x00, 0x02, 0x06, 0x06, 0x04, 0x04, 
	0x01, 0x03, 0x12, 0x00, 0x00, 0x0a, 0x13, 0x14, 
	0x02, 0x06, 0x06, 0x04, 0x04, 0x15, 0x16, 0x04, 
	0x06, 0x04, 0x12, 0x12, 0x01, 0x01, 0x01, 0x00, 
	0x01, 0x03, 0x04, 0x00, 0x00, 0x02, 0x01, 0x00, 
	0x00, 0x03, 0x01, 0x01, 0x17, 0x00, 0x18, 0x19, 
	0x0d, 0x00, 0x1a, 0x00, 0x01, 0x01, 0x1b, 0x1c, 
	0x04, 0x04, 0x12, 0x00, 0x01, 0x01, 0x01, 0x00, 
	0x03, 0x03, 0x01, 0x06, 0x06, 0x06, 0x00, 0x01, 
	0x03, 0x01, 0x03, 0x01, 0x17, 0x00, 0x1d, 0x00, 
	0x1e, 0x00, 0x1f, 0x20, 0x21, 0x00, 0x04, 0x20, 
	0x1d, 0x04, 0x01, 0x12, 0x12, 0x01, 0x01, 0x00, 
	0x01, 0x12, 0x12, 0x01, 0x02, 0x00, 0x01, 0x00, 
	0x03, 0x01, 0x03, 0x00, 0x00, 0x04, 0x00, 0x01, 
	0x01, 0x00, 0x01, 0x20, 0x01, 0x00, 0x01, 0x04, 
	0x01, 0x22, 0x12, 0x12, 0x12, 0x06, 0x01, 0x04, 
	0x01, 0x12, 0x00, 0x06, 0x00, 0x01, 0x22, 0x12, 
	0x01, 0x01, 0x01, 0x01, 0x00, 0x00, 0x00, 0x1b, 
	0x03, 0x00, 0x00, 0x00, 0x00, 0x00, 0x1d, 0x23, 
	0x00, 0x01, 0x03, 0x1d, 0x00, 0x00, 0x00, 0x00, 
	0x00, 0x00, 0x00, 0x01, 0x01, 0x00, 0x03, 0x24, 
	0x01, 0x12, 0x1d, 0x01, 0x00, 0x00, 0x00, 0x01, 
	0x03, 0x01, 0x25, 0x0a, 0x01, 0x03, 0x01, 0x23, 
	0x03, 0x01, 0x1d, 0x12, 0x00, 0x01, 0x00, 0x01, 
	0x03, 0x03, 0x03, 0x01, 0x01, 0x01, 0x01, 0x12, 
	0x03, 0x03, 0x1d, 0x03, 0x00, 0x12, 0x01, 0x03, 
	0x01, 0x01, 0x01, 0x01, 0x00, 0x1b, 0x00, 0x03, 
	0x01, 0x01, 0x26, 0x12, 0x1d, 0x03, 0x00, 0x01, 
	0x12, 0x22, 0x26, 0x01, 0x04, 0x04, 0x01, 0x03, 
	0x01, 0x03, 0x01, 0x03, 0x00, 0x00, 0x01, 0x03, 
	0x01, 0x01, 0x01, 0x12, 0x01, 0x01, 0x00, 0x00, 
	0x00, 0x03, 0x06, 0x03, 0x01, 0x27, 0x03, 0x01, 
	0x03, 0x22, 0x01, 0x00, 0x28, 0x01, 0x03, 0x00, 
	0x03, 0x03, 0x00, 0x00, 0x03, 0x00, 0x00, 0x01, 
	0x00, 0x03, 0x03, 0x00, 0x03, 0x01, 0x01, 0x04, 
	0x01, 0x01, 0x00, 0x12, 0x12, 0x1b, 0x03, 0x01, 
	0x03, 0x12, 0x00, 0x04, 0x00, 0x04, 0x23, 0x03, 
	0x00, 0x03, 0x01, 0x1b, 0x04, 0x04, 0x00, 0x00, 
	0x01, 0x03, 0x1b, 0x03, 0x00, 0x01, 0x03, 0x23, 
	0x03, 0x03, 0x01, 0x23, 0x23, 0x24, 0x23, 0x01, 
	0x01, 0x00, 0x01, 0x06, 0x1d, 0x04, 0x29, 0x04, 
	0x03, 0x00, 0x00, 0x04, 0x01, 0x00, 0x03, 0x04, 
	0x03, 0x1b, 0x23, 0x12, 0x03, 0x27, 0x1b, 0x1b, 
	0x27, 0x23, 0x24, 0x24, 0x23, 0x2a, 0x24, 0x01, 
	0x04, 0x04, 0x04, 0x01, 0x06, 0x04, 0x04, 0x00, 
	0x01, 0x00, 0x00, 0x04, 0x04, 0x27, 0x03, 0x06, 
	0x01, 0x03, 0x03, 0x1d, 0x03, 0x27, 0x27, 0x1b, 
	0x23, 0x1b, 0x12, 0x24, 0x23, 0x23, 0x04, 0x01, 
	0x04, 0x05, 0x06, 0x02, 0x06, 0x00, 0x03, 0x2b, 
	0x00, 0x00, 0x11, 0x00, 0x00, 0x03, 0x20, 0x02, 
	0x20, 0x03, 0x00, 0x03, 0x03, 0x03, 0x01, 0x01, 
	0x27, 0x12, 0x03, 0x23, 0x23, 0x1b, 0x01, 0x01, 
	0x05, 0x03, 0x01, 0x04, 0x04, 0x2c, 0x00, 0x00, 
	0x00, 0x04, 0x04, 0x00, 0x27, 0x27, 0x27, 0x20, 
	0x03, 0x27, 0x20, 0x01, 0x27, 0x27, 0x20, 0x1b, 
	0x20, 0x03, 0x1b, 0x01, 0x27, 0x00, 0x06, 0x27, 
	0x03, 0x04, 0x04, 0x02, 0x00, 0x06, 0x04, 0x02, 
	0x27, 0x00, 0x00, 0x00, 0x00, 0x27, 0x25, 0x03, 
	0x00, 0x00, 0x00, 0x04, 0x03, 0x1b, 0x20, 0x27, 
	0x27, 0x27, 0x1b, 0x03, 0x27, 0x00, 0x02, 0x00, 
	0x01, 0x00, 0x02, 0x05, 0x00, 0x02, 0x00, 0x01, 
	0x04, 0x04, 0x20, 0x00, 0x2d, 0x20, 0x2e, 0x00, 
	0x27, 0x04, 0x20, 0x04, 0x00, 0x03, 0x20, 0x27, 
	0x27, 0x20, 0x2d, 0x20, 0x01, 0x04, 0x03, 0x20, 
	0x00, 0x04, 0x05, 0x06, 0x06, 0x02, 0x02, 0x04, 
	0x27, 0x04, 0x02, 0x06, 0x04, 0x00, 0x01, 0x01, 
	0x03, 0x20, 0x2d, 0x20, 0x27, 0x27, 0x27, 0x27, 
	0x2d, 0x11, 0x20, 0x20, 0x27, 0x00, 0x04, 0x20, 
	0x01, 0x00, 0x00, 0x02, 0x00, 0x05, 0x02, 0x02, 
	0x03, 0x00, 0x00, 0x00, 0x01, 0x01, 0x27, 0x20, 
	0x04, 0x20, 0x01, 0x20, 0x03, 0x20, 0x20, 0x2f, 
	0x2d, 0x2d, 0x2d, 0x2d, 0x27, 0x2d, 0x02, 0x2d, 
	0x00, 0x0c, 0x00, 0x00, 0x00, 0x04, 0x05, 0x04, 
	0x06, 0x04, 0x04, 0x04, 0x00, 0x04, 0x2d, 0x20, 
	0x00, 0x00, 0x20, 0x30, 0x31, 0x32, 0x01, 0x20, 
	0x20, 0x2d, 0x2d, 0x2d, 0x20, 0x04, 0x02, 0x04, 
	0x00, 0x04, 0x00, 0x04, 0x00, 0x06, 0x06, 0x06, 
	0x02, 0x06, 0x27, 0x27, 0x00, 0x27, 0x27, 0x06, 
	0x00, 0x2d, 0x00, 0x20, 0x20, 0x20, 0x2d, 0x2d, 
	0x2d, 0x27, 0x2d, 0x2d, 0x20, 0x06, 0x02, 0x04, 
	0x01, 0x03, 0x03, 0x04, 0x06, 0x04, 0x02, 0x01, 
	0x04, 0x27, 0x01, 0x00, 0x03, 0x04, 0x20, 0x00, 
	0x04, 0x04, 0x04, 0x20, 0x20, 0x2d, 0x20, 0x20, 
	0x2d, 0x32, 0x2f, 0x20, 0x20, 0x2d, 0x06, 0x00, 
	0x04, 0x04, 0x00, 0x00, 0x04, 0x02, 0x06, 0x04, 
	0x04, 0x06, 0x20, 0x04, 0x06, 0x01, 0x01, 0x04, 
	0x04, 0x04, 0x2d, 0x2d, 0x20, 0x11, 0x00, 0x20, 
	0x2d, 0x20, 0x11, 0x11, 0x20, 0x11, 0x06, 0x01, 
	0x06, 0x02, 0x04, 0x04, 0x03, 0x04, 0x02, 0x06, 
	0x03, 0x02, 0x05, 0x06, 0x06, 0x04, 0x00, 0x04, 
	0x04, 0x00, 0x2d, 0x20, 0x04, 0x2d, 0x33, 0x20, 
	0x30, 0x03, 0x20, 0x34, 0x20, 0x11, 0x00, 0x01, 
	0x04, 0x00, 0x00, 0x01, 0x00, 0x04, 0x00, 0x03, 
	0x04, 0x06, 0x04, 0x35, 0x02, 0x06, 0x00, 0x04, 
	0x06, 0x06, 0x01, 0x04, 0x03, 0x04, 0x2d, 0x20, 
	0x27, 0x20, 0x00, 0x2d, 0x11, 0x2d, 0x03, 0x2d, 
	0x04, 0x00, 0x03, 0x03, 0x01, 0x04, 0x04, 0x04, 
	0x04, 0x04, 0x02, 0x06, 0x0c, 0x04, 0x01, 0x04, 
	0x02, 0x06, 0x00, 0x03, 0x06, 0x20, 0x06, 0x00, 
	0x01, 0x03, 0x02, 0x2d, 0x04, 0x2d, 0x16, 0x2d, 
	0x06, 0x06, 0x01, 0x06, 0x04, 0x02, 0x06, 0x04, 
	0x05, 0x06, 0x05, 0x0c, 0x04, 0x01, 0x03, 0x01, 
	0x00, 0x00, 0x04, 0x06, 0x04, 0x06, 0x03, 0x04, 
	0x04, 0x06, 0x00, 0x11, 0x36, 0x2d, 0x16, 0x04, 
	0x06, 0x03, 0x00, 0x00, 0x00, 0x04, 0x04, 0x04, 
	0x02, 0x00, 0x00, 0x0c, 0x04, 0x04, 0x04, 0x02, 
	0x00, 0x03, 0x03, 0x04, 0x04, 0x04, 0x04, 0x04, 
	0x00, 0x11, 0x01, 0x2d, 0x11, 0x03, 0x06, 0x04, 
	
};

Gfx wf_dl_wf_textures_05800_rgba16_pal_rgba16_aligner[] = {gsSPEndDisplayList()};
u8 wf_dl_wf_textures_05800_rgba16_pal_rgba16[] = {
	0x03, 0xc1, 0x04, 0x01, 0x03, 0x01, 0x04, 0x41, 
	0x03, 0x81, 0x02, 0xc1, 0x03, 0x41, 0x02, 0x01, 
	0x02, 0x41, 0x14, 0x01, 0x0b, 0xc1, 0x0c, 0x01, 
	0x02, 0x81, 0x0b, 0x41, 0x0b, 0x03, 0x2c, 0x85, 
	0x0b, 0x05, 0x03, 0x83, 0x04, 0x81, 0x24, 0x43, 
	0x23, 0xc1, 0x0c, 0x07, 0x03, 0x43, 0x0c, 0xc3, 
	0x2c, 0x03, 0x64, 0x87, 0x0b, 0x81, 0x04, 0x83, 
	0x03, 0x03, 0x04, 0xc1, 0x1b, 0xc3, 0x0d, 0x05, 
	0x04, 0x03, 0x05, 0x05, 0x05, 0x01, 0x04, 0xc3, 
	0x05, 0x03, 0x0c, 0x03, 0x05, 0x41, 0x04, 0x43, 
	0x14, 0x81, 0x1d, 0x03, 0x05, 0x45, 0x13, 0xc1, 
	0x1b, 0x81, 0x03, 0xc3, 0x2e, 0x0b, 0x04, 0x05, 
	0x04, 0x85, 0x04, 0xc5, 0x04, 0x45, 0x04, 0x47, 
	0x0c, 0x47, 0x0a, 0xc1, 0x03, 0xc5, 
};

Gfx wf_dl_wf_textures_0A000_rgba16_ci8_aligner[] = {gsSPEndDisplayList()};
u8 wf_dl_wf_textures_0A000_rgba16_ci8[] = {
	0x00, 0x01, 0x01, 0x01, 0x02, 0x03, 0x04, 0x05, 
	0x06, 0x06, 0x06, 0x06, 0x06, 0x06, 0x06, 0x06, 
	0x00, 0x01, 0x01, 0x07, 0x08, 0x09, 0x01, 0x08, 
	0x06, 0x06, 0x06, 0x06, 0x06, 0x06, 0x06, 0x06, 
	0x01, 0x08, 0x08, 0x03, 0x0a, 0x0b, 0x0c, 0x0b, 
	0x06, 0x06, 0x06, 0x06, 0x06, 0x06, 0x06, 0x06, 
	0x01, 0x08, 0x08, 0x0d, 0x0e, 0x0f, 0x10, 0x0b, 
	0x06, 0x06, 0x06, 0x06, 0x06, 0x06, 0x06, 0x06, 
	0x01, 0x08, 0x11, 0x12, 0x0e, 0x13, 0x14, 0x0b, 
	0x06, 0x06, 0x06, 0x06, 0x06, 0x06, 0x06, 0x06, 
	0x01, 0x08, 0x15, 0x13, 0x0e, 0x12, 0x05, 0x0b, 
	0x06, 0x06, 0x06, 0x06, 0x06, 0x06, 0x06, 0x06, 
	0x01, 0x08, 0x0c, 0x16, 0x0e, 0x0d, 0x08, 0x0b, 
	0x06, 0x06, 0x06, 0x06, 0x06, 0x06, 0x06, 0x06, 
	0x01, 0x17, 0x0d, 0x0e, 0x13, 0x15, 0x08, 0x0b, 
	0x06, 0x06, 0x06, 0x06, 0x06, 0x06, 0x06, 0x06, 
	0x01, 0x15, 0x0f, 0x0e, 0x18, 0x03, 0x08, 0x0b, 
	0x06, 0x06, 0x06, 0x06, 0x06, 0x06, 0x06, 0x06, 
	0x01, 0x15, 0x0f, 0x0e, 0x12, 0x08, 0x08, 0x0b, 
	0x06, 0x06, 0x06, 0x06, 0x06, 0x06, 0x06, 0x06, 
	0x07, 0x0d, 0x0e, 0x13, 0x19, 0x08, 0x08, 0x0b, 
	0x06, 0x06, 0x06, 0x06, 0x06, 0x06, 0x06, 0x06, 
	0x01, 0x0c, 0x0e, 0x1a, 0x14, 0x08, 0x08, 0x0b, 
	0x06, 0x06, 0x06, 0x06, 0x06, 0x06, 0x06, 0x06, 
	0x03, 0x13, 0x0e, 0x1b, 0x1c, 0x15, 0x08, 0x0b, 
	0x06, 0x06, 0x06, 0x06, 0x06, 0x06, 0x06, 0x06, 
	0x07, 0x1d, 0x0e, 0x0a, 0x11, 0x08, 0x08, 0x0b, 
	0x06, 0x06, 0x06, 0x06, 0x06, 0x06, 0x06, 0x06, 
	0x17, 0x0e, 0x13, 0x0c, 0x0f, 0x0f, 0x15, 0x0b, 
	0x06, 0x06, 0x06, 0x06, 0x06, 0x06, 0x06, 0x06, 
	0x04, 0x13, 0x0e, 0x0d, 0x08, 0x08, 0x08, 0x0b, 
	0x06, 0x06, 0x06, 0x06, 0x06, 0x06, 0x06, 0x06, 
	0x04, 0x0e, 0x12, 0x19, 0x13, 0x13, 0x14, 0x0b, 
	0x06, 0x06, 0x06, 0x06, 0x06, 0x06, 0x06, 0x06, 
	0x04, 0x13, 0x1a, 0x1c, 0x17, 0x14, 0x0c, 0x0b, 
	0x06, 0x06, 0x06, 0x06, 0x06, 0x06, 0x06, 0x06, 
	0x07, 0x13, 0x19, 0x19, 0x1a, 0x13, 0x15, 0x0b, 
	0x06, 0x06, 0x06, 0x06, 0x06, 0x06, 0x06, 0x06, 
	0x1e, 0x1c, 0x1c, 0x11, 0x1f, 0x13, 0x0b, 0x0b, 
	0x06, 0x06, 0x06, 0x06, 0x06, 0x06, 0x06, 0x06, 
	0x01, 0x12, 0x10, 0x0c, 0x0e, 0x20, 0x10, 0x0b, 
	0x06, 0x06, 0x06, 0x06, 0x06, 0x06, 0x06, 0x06, 
	0x07, 0x08, 0x08, 0x15, 0x13, 0x0e, 0x20, 0x0b, 
	0x06, 0x06, 0x06, 0x06, 0x06, 0x06, 0x06, 0x06, 
	0x01, 0x11, 0x05, 0x12, 0x0e, 0x18, 0x11, 0x0b, 
	0x06, 0x06, 0x06, 0x06, 0x06, 0x06, 0x06, 0x06, 
	0x21, 0x0c, 0x0a, 0x13, 0x1a, 0x13, 0x0f, 0x0b, 
	0x06, 0x06, 0x06, 0x06, 0x06, 0x06, 0x06, 0x06, 
	0x01, 0x22, 0x23, 0x18, 0x0e, 0x22, 0x24, 0x0e, 
	0x25, 0x26, 0x27, 0x28, 0x29, 0x2a, 0x05, 0x2b, 
	0x2c, 0x2d, 0x2e, 0x2f, 0x30, 0x24, 0x24, 0x24, 
	0x31, 0x32, 0x33, 0x34, 0x35, 0x36, 0x21, 0x14, 
	0x1e, 0x37, 0x38, 0x18, 0x0f, 0x39, 0x3a, 0x0b, 
	0x3b, 0x3c, 0x3d, 0x13, 0x1c, 0x11, 0x14, 0x3e, 
	0x3f, 0x40, 0x41, 0x18, 0x13, 0x42, 0x43, 0x44, 
	0x45, 0x46, 0x18, 0x47, 0x48, 0x49, 0x0c, 0x12, 
	0x07, 0x0a, 0x0e, 0x0f, 0x1b, 0x0e, 0x1f, 0x0b, 
	0x4a, 0x3d, 0x20, 0x4b, 0x15, 0x15, 0x0d, 0x1f, 
	0x15, 0x1d, 0x0e, 0x1d, 0x0e, 0x16, 0x18, 0x4c, 
	0x4d, 0x18, 0x19, 0x1c, 0x15, 0x15, 0x1c, 0x1a, 
	0x1e, 0x0e, 0x20, 0x1c, 0x1d, 0x0e, 0x0d, 0x0b, 
	0x4e, 0x19, 0x15, 0x0c, 0x1d, 0x0f, 0x0e, 0x0e, 
	0x14, 0x1d, 0x0e, 0x1d, 0x0e, 0x16, 0x18, 0x4d, 
	0x28, 0x0c, 0x15, 0x11, 0x0c, 0x18, 0x13, 0x0e, 
	0x04, 0x22, 0x4f, 0x18, 0x18, 0x22, 0x50, 0x0e, 
	0x0b, 0x08, 0x11, 0x0a, 0x1a, 0x16, 0x1a, 0x18, 
	0x1c, 0x22, 0x3e, 0x18, 0x20, 0x22, 0x51, 0x52, 
	0x53, 0x54, 0x55, 0x1c, 0x1d, 0x13, 0x13, 0x18, 
	0x04, 0x24, 0x56, 0x18, 0x0e, 0x4f, 0x3a, 0x0e, 
	0x4e, 0x57, 0x58, 0x0b, 0x0b, 0x48, 0x59, 0x48, 
	0x5a, 0x5b, 0x5c, 0x5d, 0x27, 0x5e, 0x5f, 0x4d, 
	0x4d, 0x60, 0x61, 0x0b, 0x0b, 0x0b, 0x0b, 0x0b, 
	0x1e, 0x16, 0x12, 0x20, 0x0e, 0x0a, 0x11, 0x0b, 
	0x06, 0x06, 0x06, 0x06, 0x06, 0x06, 0x06, 0x06, 
	0x62, 0x63, 0x63, 0x63, 0x62, 0x64, 0x65, 0x5b, 
	0x06, 0x06, 0x06, 0x06, 0x06, 0x06, 0x06, 0x06, 
	0x01, 0x0e, 0x16, 0x0e, 0x0e, 0x1f, 0x08, 0x0b, 
	0x06, 0x06, 0x06, 0x06, 0x06, 0x06, 0x06, 0x06, 
	0x5c, 0x66, 0x67, 0x5c, 0x68, 0x69, 0x6a, 0x59, 
	0x06, 0x06, 0x06, 0x06, 0x06, 0x06, 0x06, 0x06, 
	0x01, 0x0e, 0x0b, 0x13, 0x0d, 0x1f, 0x14, 0x0b, 
	0x06, 0x06, 0x06, 0x06, 0x06, 0x06, 0x06, 0x06, 
	0x6b, 0x6c, 0x27, 0x27, 0x28, 0x29, 0x33, 0x0b, 
	0x06, 0x06, 0x06, 0x06, 0x06, 0x06, 0x06, 0x06, 
	0x1e, 0x19, 0x0d, 0x1c, 0x4b, 0x16, 0x13, 0x0b, 
	0x06, 0x06, 0x06, 0x06, 0x06, 0x06, 0x06, 0x06, 
	0x6d, 0x6e, 0x4d, 0x59, 0x13, 0x1c, 0x08, 0x0b, 
	0x06, 0x06, 0x06, 0x06, 0x06, 0x06, 0x06, 0x06, 
	0x01, 0x08, 0x11, 0x19, 0x0f, 0x0e, 0x18, 0x0b, 
	0x06, 0x06, 0x06, 0x06, 0x06, 0x06, 0x06, 0x06, 
	0x6f, 0x33, 0x14, 0x13, 0x0b, 0x0f, 0x10, 0x0b, 
	0x06, 0x06, 0x06, 0x06, 0x06, 0x06, 0x06, 0x06, 
	0x01, 0x11, 0x0c, 0x13, 0x0b, 0x0f, 0x14, 0x0b, 
	0x06, 0x06, 0x06, 0x06, 0x06, 0x06, 0x06, 0x06, 
	0x01, 0x08, 0x08, 0x1f, 0x16, 0x70, 0x1b, 0x0b, 
	0x06, 0x06, 0x06, 0x06, 0x06, 0x06, 0x06, 0x06, 
	0x01, 0x0c, 0x16, 0x16, 0x18, 0x1c, 0x15, 0x0b, 
	0x06, 0x06, 0x06, 0x06, 0x06, 0x06, 0x06, 0x06, 
	0x11, 0x0d, 0x10, 0x11, 0x12, 0x0e, 0x13, 0x0b, 
	0x06, 0x06, 0x06, 0x06, 0x06, 0x06, 0x06, 0x06, 
	0x1e, 0x0f, 0x0e, 0x0a, 0x15, 0x15, 0x18, 0x0b, 
	0x06, 0x06, 0x06, 0x06, 0x06, 0x06, 0x06, 0x06, 
	0x1e, 0x0e, 0x0a, 0x03, 0x15, 0x20, 0x0e, 0x0b, 
	0x06, 0x06, 0x06, 0x06, 0x06, 0x06, 0x06, 0x06, 
	0x10, 0x71, 0x20, 0x15, 0x05, 0x0d, 0x0e, 0x0b, 
	0x06, 0x06, 0x06, 0x06, 0x06, 0x06, 0x06, 0x06, 
	0x07, 0x16, 0x0e, 0x0c, 0x11, 0x1f, 0x0e, 0x0b, 
	0x06, 0x06, 0x06, 0x06, 0x06, 0x06, 0x06, 0x06, 
	0x1e, 0x16, 0x1f, 0x08, 0x11, 0x20, 0x0e, 0x0b, 
	0x06, 0x06, 0x06, 0x06, 0x06, 0x06, 0x06, 0x06, 
	0x01, 0x12, 0x0e, 0x0a, 0x11, 0x11, 0x0a, 0x0b, 
	0x06, 0x06, 0x06, 0x06, 0x06, 0x06, 0x06, 0x06, 
	0x04, 0x20, 0x10, 0x08, 0x0c, 0x1a, 0x0f, 0x0b, 
	0x06, 0x06, 0x06, 0x06, 0x06, 0x06, 0x06, 0x06, 
	0x01, 0x1c, 0x13, 0x16, 0x19, 0x08, 0x1f, 0x0b, 
	0x06, 0x06, 0x06, 0x06, 0x06, 0x06, 0x06, 0x06, 
	0x01, 0x1d, 0x11, 0x14, 0x0f, 0x13, 0x0c, 0x0b, 
	0x06, 0x06, 0x06, 0x06, 0x06, 0x06, 0x06, 0x06, 
	0x01, 0x11, 0x1d, 0x0e, 0x0d, 0x08, 0x11, 0x0b, 
	0x06, 0x06, 0x06, 0x06, 0x06, 0x06, 0x06, 0x06, 
	0x01, 0x1f, 0x08, 0x0c, 0x0b, 0x1d, 0x11, 0x0b, 
	0x06, 0x06, 0x06, 0x06, 0x06, 0x06, 0x06, 0x06, 
	0x01, 0x08, 0x4b, 0x0e, 0x0c, 0x08, 0x08, 0x0b, 
	0x06, 0x06, 0x06, 0x06, 0x06, 0x06, 0x06, 0x06, 
	0x08, 0x0b, 0x0b, 0x0b, 0x0b, 0x0b, 0x0b, 0x0b, 
	0x06, 0x06, 0x06, 0x06, 0x06, 0x06, 0x06, 0x06, 
	0x08, 0x0b, 0x0b, 0x0b, 0x0b, 0x0b, 0x0b, 0x0b, 
	0x06, 0x06, 0x06, 0x06, 0x06, 0x06, 0x06, 0x06, 
	
};

Gfx wf_dl_wf_textures_0A000_rgba16_pal_rgba16_aligner[] = {gsSPEndDisplayList()};
u8 wf_dl_wf_textures_0A000_rgba16_pal_rgba16[] = {
	0xe6, 0x29, 0xc4, 0xdb, 0xac, 0x55, 0x93, 0x91, 
	0xac, 0x15, 0x9b, 0x93, 0xff, 0xfe, 0xbc, 0x99, 
	0xa3, 0xd3, 0xa4, 0x15, 0x72, 0x49, 0x51, 0x83, 
	0x82, 0xcd, 0x7a, 0xcb, 0x59, 0xc5, 0x6a, 0x07, 
	0x93, 0x51, 0x9b, 0x91, 0x7a, 0x8b, 0x62, 0x07, 
	0x8b, 0x4f, 0x93, 0x4f, 0x61, 0xc5, 0x9b, 0xd3, 
	0x6a, 0x49, 0x8b, 0x0d, 0x62, 0x05, 0x72, 0x8b, 
	0x8b, 0x0f, 0x72, 0x89, 0xb4, 0x57, 0x83, 0x0d, 
	0x6a, 0x47, 0xa3, 0xd5, 0xee, 0xef, 0x7b, 0x11, 
	0x8b, 0x95, 0x08, 0x01, 0x10, 0x01, 0x41, 0x45, 
	0x62, 0x09, 0x7a, 0xcf, 0x9b, 0xd7, 0xa4, 0x19, 
	0xac, 0x9b, 0xac, 0x5b, 0xa4, 0x5b, 0x9c, 0x19, 
	0x93, 0xd5, 0x83, 0x53, 0x72, 0xcf, 0x83, 0x0f, 
	0x8b, 0x51, 0x93, 0x93, 0xac, 0x17, 0x83, 0x55, 
	0x72, 0xd3, 0x9b, 0xd9, 0x73, 0x13, 0x10, 0x43, 
	0x28, 0x41, 0x41, 0x03, 0x9b, 0xd5, 0xac, 0x59, 
	0xe6, 0xaf, 0x73, 0x15, 0xff, 0xff, 0x7b, 0x15, 
	0x6a, 0x4d, 0x5a, 0x09, 0x41, 0x43, 0x6a, 0x09, 
	0x51, 0x85, 0x72, 0x4b, 0x20, 0x41, 0x82, 0xcb, 
	0x49, 0x45, 0x59, 0xc7, 0x38, 0xc1, 0x93, 0xd7, 
	0x83, 0x11, 0x72, 0x8d, 0x6a, 0x8f, 0x5a, 0x0b, 
	0x51, 0xc9, 0x7a, 0xcd, 0x72, 0xd1, 0x49, 0x03, 
	0x51, 0x43, 0x49, 0x85, 0x41, 0x85, 0x39, 0x45, 
	0x29, 0x05, 0x39, 0x05, 0x49, 0x87, 0x51, 0xc7, 
	0x51, 0x87, 0x49, 0x43, 0x18, 0x83, 0x10, 0x83, 
	0x20, 0xc5, 0x31, 0x05, 0x28, 0xc3, 0x31, 0x03, 
	0x41, 0x87, 0x52, 0x0b, 0x62, 0x4b, 0x41, 0x89, 
	0x39, 0x47, 0x6a, 0x8d, 0x6a, 0x4b, 0x8b, 0x53, 
	0x59, 0xc3, 0x59, 0x83, 
};

Gfx wf_dl_wf_textures_06800_rgba16_ci8_aligner[] = {gsSPEndDisplayList()};
u8 wf_dl_wf_textures_06800_rgba16_ci8[] = {
	0x00, 0x01, 0x02, 0x03, 0x04, 0x05, 0x06, 0x07, 
	0x08, 0x09, 0x0a, 0x05, 0x0b, 0x0c, 0x0d, 0x09, 
	0x0e, 0x07, 0x05, 0x0f, 0x10, 0x11, 0x12, 0x13, 
	0x14, 0x07, 0x15, 0x16, 0x17, 0x18, 0x19, 0x07, 
	0x05, 0x01, 0x0a, 0x0e, 0x03, 0x0e, 0x1a, 0x1b, 
	0x08, 0x19, 0x00, 0x05, 0x0b, 0x0c, 0x0d, 0x0c, 
	0x12, 0x0c, 0x1c, 0x1d, 0x1e, 0x1f, 0x20, 0x0c, 
	0x0c, 0x19, 0x04, 0x1d, 0x21, 0x16, 0x17, 0x0c, 
	0x1c, 0x12, 0x22, 0x05, 0x23, 0x10, 0x07, 0x1b, 
	0x24, 0x1a, 0x25, 0x26, 0x0b, 0x01, 0x27, 0x05, 
	0x09, 0x19, 0x28, 0x1b, 0x1e, 0x20, 0x23, 0x13, 
	0x0c, 0x19, 0x0c, 0x29, 0x04, 0x16, 0x23, 0x0c, 
	0x19, 0x10, 0x02, 0x2a, 0x21, 0x05, 0x0c, 0x13, 
	0x2b, 0x19, 0x0e, 0x11, 0x06, 0x12, 0x0d, 0x05, 
	0x01, 0x07, 0x2c, 0x19, 0x25, 0x04, 0x23, 0x19, 
	0x19, 0x2d, 0x14, 0x2e, 0x00, 0x2f, 0x12, 0x25, 
	0x2d, 0x20, 0x0a, 0x03, 0x27, 0x10, 0x0b, 0x1b, 
	0x11, 0x12, 0x06, 0x30, 0x0b, 0x05, 0x31, 0x03, 
	0x09, 0x12, 0x20, 0x12, 0x0d, 0x04, 0x00, 0x32, 
	0x1b, 0x33, 0x1b, 0x2e, 0x00, 0x1b, 0x19, 0x21, 
	0x0c, 0x24, 0x0e, 0x05, 0x04, 0x09, 0x09, 0x13, 
	0x11, 0x05, 0x10, 0x34, 0x0c, 0x05, 0x31, 0x0e, 
	0x0c, 0x19, 0x04, 0x05, 0x0d, 0x12, 0x21, 0x1d, 
	0x1a, 0x0c, 0x19, 0x2e, 0x04, 0x19, 0x18, 0x35, 
	0x0c, 0x08, 0x12, 0x10, 0x05, 0x0c, 0x0b, 0x1a, 
	0x25, 0x01, 0x10, 0x11, 0x07, 0x10, 0x0d, 0x10, 
	0x0b, 0x19, 0x01, 0x20, 0x10, 0x23, 0x0c, 0x1b, 
	0x1b, 0x19, 0x12, 0x1d, 0x25, 0x36, 0x37, 0x24, 
	0x12, 0x20, 0x00, 0x05, 0x20, 0x0b, 0x09, 0x07, 
	0x05, 0x05, 0x10, 0x38, 0x06, 0x0e, 0x0e, 0x30, 
	0x0b, 0x1b, 0x2d, 0x09, 0x0c, 0x05, 0x1b, 0x1b, 
	0x13, 0x1b, 0x19, 0x1b, 0x05, 0x2a, 0x2e, 0x00, 
	0x1c, 0x10, 0x24, 0x0d, 0x00, 0x33, 0x1a, 0x19, 
	0x25, 0x0d, 0x1e, 0x39, 0x09, 0x10, 0x0e, 0x0d, 
	0x1a, 0x19, 0x04, 0x1a, 0x05, 0x2a, 0x1b, 0x16, 
	0x07, 0x16, 0x09, 0x1b, 0x05, 0x20, 0x3a, 0x12, 
	0x20, 0x08, 0x15, 0x05, 0x02, 0x33, 0x09, 0x2a, 
	0x25, 0x10, 0x1e, 0x3b, 0x0b, 0x12, 0x1e, 0x05, 
	0x1a, 0x19, 0x03, 0x0c, 0x12, 0x05, 0x1b, 0x16, 
	0x32, 0x1b, 0x0c, 0x1b, 0x05, 0x20, 0x1d, 0x14, 
	0x05, 0x21, 0x25, 0x05, 0x11, 0x1a, 0x09, 0x04, 
	0x09, 0x3c, 0x0c, 0x3b, 0x0b, 0x0e, 0x09, 0x10, 
	0x2f, 0x19, 0x25, 0x0c, 0x04, 0x17, 0x1d, 0x3a, 
	0x0c, 0x16, 0x0c, 0x16, 0x05, 0x0c, 0x2e, 0x16, 
	0x01, 0x2b, 0x01, 0x10, 0x02, 0x3d, 0x3e, 0x3f, 
	0x0c, 0x2b, 0x01, 0x40, 0x1b, 0x04, 0x09, 0x09, 
	0x2f, 0x07, 0x05, 0x0c, 0x04, 0x31, 0x1d, 0x32, 
	0x0c, 0x2f, 0x0c, 0x18, 0x01, 0x19, 0x41, 0x16, 
	0x05, 0x00, 0x05, 0x0c, 0x0a, 0x0c, 0x01, 0x42, 
	0x09, 0x25, 0x01, 0x0a, 0x0b, 0x43, 0x0e, 0x10, 
	0x1b, 0x16, 0x04, 0x44, 0x0d, 0x03, 0x1b, 0x17, 
	0x10, 0x1d, 0x2d, 0x16, 0x09, 0x0c, 0x45, 0x16, 
	0x0c, 0x25, 0x10, 0x12, 0x0a, 0x0c, 0x0c, 0x2b, 
	0x0c, 0x46, 0x03, 0x00, 0x07, 0x43, 0x01, 0x10, 
	0x1a, 0x1b, 0x0a, 0x0f, 0x25, 0x36, 0x1b, 0x15, 
	0x19, 0x16, 0x19, 0x16, 0x19, 0x09, 0x18, 0x1b, 
	0x0c, 0x04, 0x2d, 0x01, 0x47, 0x0c, 0x09, 0x17, 
	0x10, 0x48, 0x25, 0x49, 0x1a, 0x05, 0x05, 0x1e, 
	0x1b, 0x1b, 0x31, 0x45, 0x25, 0x19, 0x14, 0x44, 
	0x0c, 0x33, 0x04, 0x1b, 0x19, 0x09, 0x18, 0x16, 
	0x0c, 0x25, 0x01, 0x07, 0x22, 0x0c, 0x07, 0x17, 
	0x09, 0x42, 0x31, 0x05, 0x07, 0x03, 0x03, 0x10, 
	0x0c, 0x16, 0x03, 0x16, 0x04, 0x0c, 0x4a, 0x4b, 
	0x14, 0x32, 0x00, 0x32, 0x1a, 0x0c, 0x16, 0x07, 
	0x01, 0x03, 0x05, 0x36, 0x4c, 0x0c, 0x0b, 0x25, 
	0x05, 0x4d, 0x4e, 0x0c, 0x0b, 0x05, 0x12, 0x09, 
	0x1b, 0x16, 0x4f, 0x16, 0x04, 0x19, 0x16, 0x07, 
	0x19, 0x0c, 0x20, 0x33, 0x1a, 0x2d, 0x16, 0x1b, 
	0x0c, 0x23, 0x10, 0x0c, 0x47, 0x0c, 0x0c, 0x02, 
	0x00, 0x1e, 0x0d, 0x09, 0x1b, 0x03, 0x05, 0x09, 
	0x0b, 0x18, 0x36, 0x32, 0x25, 0x19, 0x16, 0x19, 
	0x32, 0x20, 0x05, 0x0c, 0x0c, 0x0b, 0x16, 0x1b, 
	0x09, 0x00, 0x09, 0x21, 0x47, 0x0b, 0x12, 0x11, 
	0x2b, 0x09, 0x0d, 0x0c, 0x06, 0x25, 0x09, 0x19, 
	0x0c, 0x2e, 0x04, 0x1a, 0x03, 0x12, 0x19, 0x19, 
	0x19, 0x12, 0x21, 0x19, 0x1b, 0x0c, 0x14, 0x16, 
	0x2d, 0x02, 0x4f, 0x3c, 0x3c, 0x19, 0x12, 0x42, 
	0x00, 0x0b, 0x0d, 0x19, 0x07, 0x04, 0x2c, 0x19, 
	0x50, 0x45, 0x08, 0x19, 0x03, 0x12, 0x33, 0x51, 
	0x01, 0x05, 0x02, 0x19, 0x16, 0x14, 0x16, 0x0f, 
	0x0d, 0x4c, 0x02, 0x52, 0x2b, 0x1a, 0x0e, 0x53, 
	0x03, 0x0b, 0x54, 0x55, 0x1a, 0x03, 0x4e, 0x0c, 
	0x19, 0x19, 0x25, 0x56, 0x09, 0x12, 0x19, 0x1f, 
	0x57, 0x17, 0x11, 0x12, 0x19, 0x1b, 0x1b, 0x3a, 
	0x05, 0x26, 0x4e, 0x2b, 0x25, 0x10, 0x05, 0x47, 
	0x05, 0x44, 0x05, 0x06, 0x1b, 0x03, 0x08, 0x19, 
	0x01, 0x23, 0x01, 0x25, 0x05, 0x19, 0x0c, 0x56, 
	0x12, 0x25, 0x58, 0x05, 0x19, 0x19, 0x19, 0x0c, 
	0x0c, 0x03, 0x0d, 0x0d, 0x0d, 0x05, 0x1e, 0x42, 
	0x03, 0x09, 0x59, 0x06, 0x1a, 0x0c, 0x03, 0x0c, 
	0x0b, 0x25, 0x0c, 0x19, 0x12, 0x1b, 0x32, 0x04, 
	0x12, 0x10, 0x04, 0x05, 0x19, 0x12, 0x07, 0x1b, 
	0x19, 0x12, 0x05, 0x05, 0x05, 0x36, 0x03, 0x40, 
	0x09, 0x5a, 0x1e, 0x10, 0x1b, 0x09, 0x05, 0x01, 
	0x0c, 0x2d, 0x2d, 0x06, 0x10, 0x1b, 0x16, 0x01, 
	0x1c, 0x5b, 0x43, 0x4f, 0x19, 0x0c, 0x1b, 0x1b, 
	0x0c, 0x0d, 0x0c, 0x05, 0x0c, 0x05, 0x0d, 0x47, 
	0x0c, 0x17, 0x0d, 0x25, 0x2f, 0x01, 0x2a, 0x09, 
	0x0c, 0x1b, 0x12, 0x0c, 0x32, 0x16, 0x07, 0x19, 
	0x04, 0x20, 0x20, 0x05, 0x19, 0x09, 0x07, 0x33, 
	0x0c, 0x0e, 0x12, 0x0d, 0x03, 0x04, 0x31, 0x40, 
	0x1b, 0x0e, 0x10, 0x0a, 0x0b, 0x10, 0x2b, 0x0c, 
	0x10, 0x19, 0x10, 0x07, 0x0c, 0x2f, 0x07, 0x2d, 
	0x03, 0x46, 0x05, 0x05, 0x0c, 0x0c, 0x07, 0x19, 
	0x4f, 0x31, 0x09, 0x1e, 0x0d, 0x25, 0x08, 0x48, 
	0x13, 0x12, 0x03, 0x00, 0x16, 0x10, 0x0d, 0x0c, 
	0x10, 0x04, 0x09, 0x10, 0x0c, 0x18, 0x19, 0x19, 
	0x04, 0x24, 0x12, 0x57, 0x07, 0x09, 0x19, 0x19, 
	0x12, 0x0d, 0x05, 0x10, 0x0d, 0x05, 0x31, 0x42, 
	0x1b, 0x01, 0x03, 0x05, 0x1b, 0x0d, 0x10, 0x05, 
	0x5c, 0x04, 0x0c, 0x03, 0x19, 0x2f, 0x19, 0x0c, 
	0x03, 0x1c, 0x0c, 0x36, 0x44, 0x04, 0x44, 0x19, 
	0x05, 0x03, 0x10, 0x09, 0x03, 0x05, 0x43, 0x5d, 
	0x1b, 0x09, 0x0d, 0x05, 0x16, 0x43, 0x09, 0x05, 
	0x1e, 0x25, 0x01, 0x0e, 0x12, 0x07, 0x0c, 0x12, 
	0x1c, 0x19, 0x5e, 0x21, 0x0c, 0x24, 0x0c, 0x5f, 
	0x05, 0x0e, 0x10, 0x10, 0x0a, 0x09, 0x04, 0x1f, 
	0x1b, 0x0b, 0x0d, 0x05, 0x1b, 0x43, 0x10, 0x0c, 
	0x1e, 0x04, 0x10, 0x03, 0x01, 0x19, 0x10, 0x08, 
	0x0c, 0x19, 0x3f, 0x00, 0x19, 0x20, 0x36, 0x19, 
	0x03, 0x0d, 0x01, 0x09, 0x40, 0x03, 0x25, 0x5d, 
	0x0b, 0x0c, 0x0d, 0x05, 0x0b, 0x00, 0x43, 0x32, 
	0x01, 0x04, 0x09, 0x12, 0x0c, 0x0c, 0x57, 0x22, 
	0x2d, 0x19, 0x48, 0x15, 0x01, 0x4f, 0x12, 0x14, 
	0x03, 0x03, 0x10, 0x10, 0x26, 0x12, 0x04, 0x60, 
	0x0b, 0x50, 0x25, 0x05, 0x0b, 0x25, 0x04, 0x33, 
	0x0c, 0x05, 0x00, 0x01, 0x01, 0x19, 0x0c, 0x53, 
	0x10, 0x09, 0x3c, 0x05, 0x12, 0x19, 0x0c, 0x32, 
	
};

Gfx wf_dl_wf_textures_06800_rgba16_pal_rgba16_aligner[] = {gsSPEndDisplayList()};
u8 wf_dl_wf_textures_06800_rgba16_pal_rgba16[] = {
	0x82, 0xcd, 0x9b, 0x51, 0x7a, 0x8d, 0x93, 0x0f, 
	0x8b, 0x0f, 0x93, 0x4f, 0xa3, 0x8f, 0xa3, 0x93, 
	0x82, 0xcf, 0x9b, 0x8f, 0x82, 0x8d, 0xa3, 0x91, 
	0x9b, 0x91, 0x93, 0x0d, 0x93, 0x4d, 0xa4, 0x13, 
	0x9b, 0x4f, 0x7a, 0x8b, 0x93, 0x51, 0xa3, 0x95, 
	0x9b, 0xd5, 0x83, 0x0d, 0xa3, 0xd5, 0x8b, 0x11, 
	0xac, 0x15, 0x9b, 0x93, 0xa3, 0xd1, 0xa3, 0xd3, 
	0x93, 0x8f, 0xa3, 0xd7, 0x9b, 0x4d, 0x72, 0x4d, 
	0x8b, 0x4f, 0x83, 0x0f, 0x6a, 0x0b, 0x8b, 0x51, 
	0x7a, 0xcd, 0x8b, 0x0d, 0x8a, 0xcb, 0x8b, 0x4d, 
	0x8b, 0x53, 0xac, 0x59, 0x93, 0x11, 0x82, 0xcb, 
	0x93, 0x13, 0x9b, 0x53, 0xac, 0x17, 0xab, 0xd5, 
	0x93, 0x0b, 0x8a, 0xcd, 0x9b, 0x95, 0x9b, 0xd3, 
	0x82, 0x4b, 0x72, 0xcd, 0x93, 0x53, 0xa4, 0x19, 
	0x8a, 0x8b, 0x72, 0x49, 0xa4, 0x15, 0x72, 0x0b, 
	0x72, 0x8d, 0x9b, 0xcf, 0xa3, 0x4f, 0x82, 0x8f, 
	0x82, 0x8b, 0xa4, 0x17, 0x7a, 0x4b, 0x8a, 0xcf, 
	0x9b, 0xd1, 0xab, 0xd7, 0x7a, 0xcf, 0x72, 0x4b, 
	0x6a, 0x4b, 0x93, 0x4b, 0xa3, 0x97, 0x9b, 0x55, 
	0x72, 0x89, 0x82, 0xc9, 0x8b, 0x0b, 0x93, 0x91, 
	0xa3, 0xcf, 0x7a, 0xd1, 0x62, 0x0b, 0x6a, 0x09, 
	0x9b, 0x0d, 0xa3, 0x8d, 0x7a, 0x8f, 0x93, 0x93, 
	0x7a, 0xcb, 0x9b, 0x0f, 0x93, 0x8d, 0x8b, 0x13, 
	0x9b, 0x8d, 0x7a, 0x89, 0x8a, 0xd1, 0x93, 0x95, 
	0x93, 0x49, 
};

Gfx wf_dl_flower_side_rgba16_aligner[] = {gsSPEndDisplayList()};
u8 wf_dl_flower_side_rgba16[] = {
	0xee, 0xc1, 0x7c, 0x81, 0xae, 0x01, 0xff, 0xc1, 
	0xff, 0xc1, 0xff, 0xc1, 0xff, 0xc1, 0xae, 0x01, 
	0xce, 0xc1, 0xff, 0xc1, 0xff, 0xc1, 0xff, 0xc1, 
	0xff, 0xc1, 0xff, 0xc1, 0xc6, 0xc1, 0xb6, 0x01, 
	0xff, 0xc1, 0xff, 0xc1, 0xff, 0xc1, 0xff, 0xc1, 
	0xff, 0xc1, 0xde, 0xc1, 0xb5, 0xc1, 0xc6, 0x01, 
	0xce, 0x81, 0xd7, 0x01, 0xd7, 0x01, 0x95, 0x81, 
	0x7c, 0xc1, 0x95, 0x01, 0xff, 0xc1, 0xff, 0xc1, 
	0xff, 0x01, 0xe7, 0x01, 0xe7, 0x01, 0xef, 0x41, 
	0xbe, 0x41, 0xde, 0xc1, 0xff, 0xc1, 0xdf, 0x01, 
	0xbe, 0x41, 0xf7, 0x41, 0xdf, 0x01, 0xc6, 0x81, 
	0xce, 0x81, 0xf7, 0x81, 0xff, 0xc1, 0xb6, 0x41, 
	0xff, 0xc1, 0xff, 0xc1, 0xff, 0xc1, 0xff, 0xc1, 
	0xe7, 0x41, 0xae, 0x01, 0x8d, 0x41, 0x8c, 0xc1, 
	0x8d, 0x01, 0xad, 0xc1, 0xb6, 0x01, 0x95, 0x81, 
	0xa5, 0xc1, 0xad, 0xc1, 0xff, 0xc1, 0xff, 0xc1, 
	0xde, 0x41, 0xde, 0x81, 0xff, 0xc1, 0xcf, 0x01, 
	0x75, 0x41, 0x95, 0xc1, 0xf7, 0x81, 0xff, 0x41, 
	0xce, 0x81, 0xc6, 0x41, 0xbe, 0x81, 0x8d, 0x81, 
	0x85, 0x41, 0xd6, 0xc1, 0xff, 0xc1, 0xd6, 0xc1, 
	0xff, 0xc1, 0xff, 0xc1, 0xff, 0xc1, 0xff, 0xc1, 
	0xff, 0xc1, 0xf7, 0x81, 0xe7, 0x01, 0xd6, 0x81, 
	0x9d, 0x81, 0x6c, 0x81, 0x54, 0x41, 0xae, 0x01, 
	0xc6, 0x41, 0xce, 0x81, 0xff, 0xc1, 0xff, 0x41, 
	0xce, 0x81, 0xde, 0xc1, 0xf7, 0x81, 0xff, 0xc1, 
	0xff, 0xc1, 0xdf, 0x01, 0xb6, 0x01, 0xde, 0xc1, 
	0xee, 0xc1, 0xde, 0xc1, 0xef, 0x41, 0xdf, 0x01, 
	0xae, 0x01, 0xad, 0xc1, 0xb6, 0x01, 0xde, 0xc1, 
	0xce, 0x81, 0xbe, 0x01, 0xce, 0x01, 0xc6, 0x01, 
	0xce, 0x41, 0xc6, 0x41, 0xe7, 0x01, 0xf7, 0x41, 
	0xe7, 0x01, 0x9d, 0xc1, 0x64, 0x41, 0x8d, 0x01, 
	0xb6, 0x01, 0xde, 0xc1, 0xff, 0xc1, 0xff, 0x41, 
	0xf7, 0x41, 0xff, 0xc1, 0xff, 0xc1, 0xff, 0xc1, 
	0xff, 0xc1, 0xce, 0x81, 0xa5, 0xc1, 0xb5, 0xc1, 
	0xc6, 0x01, 0xd6, 0x81, 0xff, 0x81, 0xde, 0xc1, 
	0x95, 0x41, 0x8d, 0x41, 0x95, 0x41, 0xad, 0xc1, 
	0xff, 0xc1, 0xdf, 0x01, 0xb6, 0x01, 0x9d, 0xc1, 
	0x85, 0x41, 0x95, 0xc1, 0xc6, 0x81, 0xe6, 0xc1, 
	0xd6, 0x41, 0xb6, 0x01, 0x9d, 0x81, 0xb6, 0x01, 
	0xce, 0x41, 0xd6, 0x81, 0xff, 0xc1, 0xff, 0xc1, 
	0xc6, 0x41, 0xff, 0x81, 0xff, 0xc1, 0xff, 0xc1, 
	0xef, 0x81, 0xb6, 0x41, 0xa5, 0xc1, 0x9d, 0x41, 
	0xa5, 0x81, 0xd6, 0x81, 0xf7, 0x01, 0xad, 0xc1, 
	0x6c, 0x81, 0x74, 0xc1, 0xa5, 0xc1, 0xce, 0xc1, 
	0xff, 0xc1, 0xff, 0xc1, 0xe6, 0xc1, 0xbe, 0x41, 
	0xce, 0xc1, 0xe7, 0x41, 0xff, 0xc1, 0xff, 0x81, 
	0x84, 0xc1, 0x8c, 0xc1, 0xce, 0x01, 0xef, 0x01, 
	0xde, 0xc1, 0xce, 0x81, 0xe6, 0xc1, 0xd6, 0x81, 
	0x85, 0x01, 0xef, 0x01, 0xff, 0x81, 0xff, 0xc1, 
	0xff, 0xc1, 0xff, 0x81, 0xb6, 0x01, 0x95, 0x41, 
	0xce, 0x41, 0xee, 0xc1, 0xcd, 0xc1, 0x8d, 0x01, 
	0x5c, 0x41, 0x7c, 0xc1, 0xe6, 0xc1, 0xff, 0xc1, 
	0xe6, 0xc1, 0xff, 0xc1, 0xff, 0x81, 0xce, 0x81, 
	0xae, 0x01, 0xce, 0xc1, 0xff, 0xc1, 0xff, 0xc1, 
	0xc6, 0x81, 0x8c, 0x81, 0x84, 0x41, 0xee, 0x81, 
	0xee, 0xc1, 0xd6, 0x81, 0xb6, 0x01, 0x95, 0x81, 
	0xb6, 0x01, 0xe7, 0x01, 0xff, 0x81, 0xce, 0xc1, 
	0xe7, 0x01, 0xf7, 0x41, 0xce, 0x41, 0x94, 0xc1, 
	0x94, 0x81, 0xad, 0x01, 0xbd, 0x81, 0x9d, 0x01, 
	0x7c, 0x81, 0x6c, 0x41, 0xb5, 0x81, 0xf6, 0xc1, 
	0xde, 0xc1, 0xff, 0x81, 0xff, 0x41, 0xde, 0xc1, 
	0xae, 0x01, 0xb6, 0x41, 0xf7, 0x41, 0xff, 0xc1, 
	0xff, 0x41, 0xad, 0x81, 0x6b, 0xc1, 0xad, 0x01, 
	0xad, 0x81, 0xde, 0xc1, 0xff, 0xc1, 0xe7, 0x41, 
	0xd6, 0x81, 0xe6, 0xc1, 0xef, 0x01, 0xc6, 0x81, 
	0xb6, 0x41, 0xde, 0xc1, 0xde, 0x41, 0x7c, 0x01, 
	0x4b, 0x01, 0x7c, 0x01, 0xbd, 0x81, 0x94, 0xc1, 
	0x7c, 0x41, 0x74, 0x81, 0x84, 0x81, 0xd6, 0x01, 
	0xde, 0x81, 0xff, 0x41, 0xe6, 0xc1, 0xbe, 0x01, 
	0xb6, 0x41, 0xb6, 0x01, 0xbe, 0x41, 0xde, 0xc1, 
	0xe6, 0xc1, 0xce, 0x01, 0x84, 0x41, 0x63, 0xc1, 
	0x84, 0x81, 0xce, 0x41, 0xff, 0x41, 0xff, 0x41, 
	0xbe, 0x41, 0xce, 0x41, 0xce, 0x81, 0xef, 0x41, 
	0xff, 0xc1, 0xff, 0x41, 0xd6, 0x01, 0x84, 0x41, 
	0x63, 0xc1, 0x84, 0x41, 0x84, 0x01, 0x8c, 0x41, 
	0x94, 0xc1, 0x9d, 0x01, 0x7c, 0x81, 0xa5, 0x41, 
	0xad, 0x01, 0xbd, 0xc1, 0xde, 0x81, 0xbe, 0x01, 
	0xbe, 0x01, 0x95, 0x41, 0x8c, 0xc1, 0x9d, 0x41, 
	0xce, 0x01, 0xcd, 0xc1, 0x9c, 0x81, 0x3a, 0xc1, 
	0x7c, 0x41, 0xbd, 0xc1, 0xc6, 0x01, 0xbe, 0x01, 
	0xb5, 0xc1, 0xe7, 0x01, 0xf7, 0x81, 0xff, 0x81, 
	0xde, 0x41, 0xad, 0x01, 0x8c, 0x01, 0x6b, 0x81, 
	0x6b, 0x81, 0x7b, 0xc1, 0x6b, 0xc1, 0x84, 0x01, 
	0xa4, 0xc1, 0x9c, 0x81, 0x7c, 0x01, 0x74, 0x01, 
	0x8c, 0x81, 0xb5, 0x81, 0xce, 0x01, 0xa5, 0x01, 
	0xad, 0x41, 0x8c, 0xc1, 0x7c, 0x81, 0x95, 0x41, 
	0xce, 0x01, 0xc5, 0x81, 0x94, 0x41, 0x43, 0x41, 
	0x7c, 0x81, 0x94, 0xc1, 0x95, 0x01, 0x9d, 0x41, 
	0x9d, 0x41, 0xce, 0x01, 0xf7, 0x01, 0xf6, 0xc1, 
	0x9c, 0xc1, 0x5b, 0x41, 0x4a, 0xc1, 0x63, 0x41, 
	0x52, 0xc1, 0x52, 0xc1, 0x63, 0x41, 0x7b, 0x81, 
	0x8c, 0x01, 0x73, 0x81, 0x63, 0xc1, 0x53, 0x81, 
	0x7c, 0x41, 0xb5, 0x41, 0xac, 0xc1, 0x63, 0x41, 
	0x52, 0xc1, 0x53, 0x01, 0x74, 0x01, 0xc5, 0xc1, 
	0xbd, 0x41, 0xac, 0xc1, 0x84, 0x01, 0x63, 0x81, 
	0x94, 0x81, 0x7c, 0x41, 0x74, 0x41, 0x8c, 0xc1, 
	0xad, 0x81, 0x6b, 0xc1, 0xa5, 0x01, 0xd6, 0x01, 
	0x94, 0x81, 0x73, 0xc1, 0x63, 0x01, 0x52, 0x81, 
	0x5b, 0x01, 0x42, 0x41, 0x4a, 0x81, 0x52, 0xc1, 
	0x4a, 0x81, 0x63, 0x41, 0x6b, 0x81, 0x53, 0x41, 
	0x6b, 0x41, 0x84, 0x01, 0x63, 0x01, 0x32, 0x01, 
	0x21, 0xc1, 0x29, 0xc1, 0x3a, 0x01, 0x62, 0xc1, 
	0x73, 0x41, 0x62, 0xc1, 0x62, 0xc1, 0x6b, 0x81, 
	0x63, 0x01, 0x7c, 0x01, 0x8c, 0x81, 0xb5, 0xc1, 
	0x84, 0x01, 0x5b, 0x81, 0x73, 0xc1, 0x94, 0x41, 
	0x84, 0x01, 0x52, 0x81, 0x4a, 0x01, 0x39, 0xc1, 
	0x31, 0xc1, 0x21, 0x81, 0x3a, 0x01, 0x4a, 0x81, 
	0x3a, 0x41, 0x52, 0x81, 0x6b, 0x81, 0x53, 0x41, 
	0x73, 0x81, 0x73, 0x81, 0x52, 0x81, 0x31, 0xc1, 
	0x29, 0xc1, 0x31, 0xc1, 0x39, 0xc1, 0x4a, 0x01, 
	0x52, 0x41, 0x52, 0x41, 0x41, 0xc1, 0x42, 0x01, 
	0x52, 0xc1, 0x63, 0x41, 0x63, 0x41, 0x7b, 0x81, 
	0x4a, 0xc1, 0x4a, 0x81, 0x42, 0x41, 0x52, 0x81, 
	0x52, 0x81, 0x31, 0x81, 0x41, 0xc1, 0x42, 0x01, 
	0x21, 0x41, 0x32, 0x01, 0x4a, 0x41, 0x5a, 0x81, 
	0x42, 0x41, 0x52, 0xc1, 0x7b, 0xc1, 0x5b, 0x41, 
	0x5a, 0xc1, 0x63, 0x01, 0x52, 0x81, 0x42, 0x01, 
	0x3a, 0x01, 0x4a, 0x01, 0x29, 0x81, 0x3a, 0x01, 
	0x4a, 0x01, 0x4a, 0x01, 0x39, 0xc1, 0x29, 0x81, 
	0x4a, 0x41, 0x6b, 0x01, 0x5a, 0xc1, 0x52, 0xc1, 
	0x39, 0xc1, 0x29, 0x81, 0x42, 0x41, 0x4a, 0x41, 
	0x29, 0x41, 0x29, 0x81, 0x19, 0x01, 0x08, 0x41, 
	0x02, 0xc1, 0x09, 0x41, 0x19, 0x41, 0x3a, 0x01, 
	0x42, 0x01, 0x42, 0x41, 0x73, 0x41, 0x73, 0x81, 
	0x6b, 0x01, 0x5a, 0x81, 0x4a, 0x41, 0x42, 0x01, 
	0x29, 0x81, 0x31, 0xc1, 0x31, 0xc1, 0x39, 0xc1, 
	0x39, 0xc1, 0x31, 0x81, 0x31, 0x81, 0x29, 0x41, 
	0x29, 0x81, 0x39, 0xc1, 0x52, 0x41, 0x52, 0x41, 
	0x29, 0x81, 0x31, 0xc1, 0x39, 0xc1, 0x29, 0xc1, 
	0x08, 0xc1, 0x02, 0xc1, 0x01, 0x01, 0x00, 0x01, 
	0x02, 0xc1, 0x01, 0x01, 0x00, 0xc1, 0x03, 0x01, 
	0x32, 0x81, 0x3a, 0x01, 0x4a, 0x41, 0x5a, 0x81, 
	0x62, 0xc1, 0x52, 0x81, 0x52, 0x81, 0x4a, 0x41, 
	0x19, 0x01, 0x00, 0x81, 0x02, 0xc1, 0x01, 0xc1, 
	0x0a, 0x01, 0x12, 0x41, 0x19, 0x01, 0x19, 0x41, 
	0x21, 0x41, 0x21, 0x41, 0x29, 0x81, 0x31, 0xc1, 
	0x39, 0x81, 0x31, 0x81, 0x19, 0x41, 0x03, 0x01, 
	0x00, 0x81, 0x02, 0x41, 0x01, 0x81, 0x00, 0x01, 
	0x02, 0x81, 0x01, 0x01, 0x01, 0x01, 0x02, 0xc1, 
	0x02, 0xc1, 0x29, 0x41, 0x42, 0x01, 0x4a, 0x41, 
	0x52, 0x41, 0x4a, 0x41, 0x42, 0x01, 0x1a, 0x41, 
	0x01, 0x01, 0x00, 0x41, 0x02, 0xc1, 0x01, 0xc1, 
	0x02, 0x81, 0x02, 0xc1, 0x01, 0x81, 0x0a, 0x01, 
	0x21, 0x81, 0x29, 0x41, 0x31, 0x81, 0x31, 0x81, 
	0x19, 0x01, 0x08, 0xc1, 0x00, 0xc1, 0x03, 0x01, 
	0x00, 0x41, 0x01, 0xc1, 0x02, 0x01, 0x00, 0x01, 
	0x02, 0x81, 0x01, 0x01, 0x01, 0x41, 0x02, 0xc1, 
	0x03, 0x01, 0x00, 0x41, 0x19, 0xc1, 0x31, 0xc1, 
	0x31, 0xc1, 0x29, 0xc1, 0x19, 0x41, 0x03, 0x01, 
	0x00, 0x81, 0x00, 0x41, 0x02, 0xc1, 0x01, 0xc1, 
	0x02, 0xc1, 0x02, 0x41, 0x01, 0x01, 0x02, 0xc1, 
	0x0a, 0x81, 0x12, 0x81, 0x39, 0xc1, 0x31, 0x81, 
	0x0a, 0x01, 0x01, 0x81, 0x02, 0x01, 0x05, 0xc1, 
	0x00, 0x01, 0x01, 0x41, 0x02, 0x81, 0x00, 0x01, 
	0x02, 0xc1, 0x01, 0x01, 0x01, 0x41, 0x02, 0x81, 
	0x03, 0x01, 0x00, 0x41, 0x02, 0x81, 0x09, 0x81, 
	0x1a, 0x01, 0x02, 0x01, 0x00, 0xc1, 0x03, 0x01, 
	0x00, 0x41, 0x00, 0x01, 0x02, 0xc1, 0x02, 0x01, 
	0x03, 0x01, 0x02, 0x01, 0x00, 0xc1, 0x03, 0x01, 
	0x02, 0xc1, 0x02, 0xc1, 0x00, 0x81, 0x10, 0x81, 
	0x02, 0x01, 0x01, 0x41, 0x03, 0x41, 0x06, 0x01, 
	0x00, 0x01, 0x01, 0x01, 0x02, 0x81, 0x00, 0x01, 
	0x05, 0xc1, 0x01, 0x81, 0x01, 0x81, 0x02, 0xc1, 
	0x02, 0xc1, 0x00, 0x01, 0x02, 0x81, 0x01, 0x41, 
	0x01, 0xc1, 0x02, 0x41, 0x00, 0xc1, 0x03, 0x01, 
	0x00, 0x01, 0x00, 0x41, 0x02, 0xc1, 0x01, 0xc1, 
	0x03, 0x01, 0x02, 0x01, 0x00, 0xc1, 0x02, 0xc1, 
	0x03, 0x01, 0x03, 0x01, 0x00, 0x41, 0x00, 0x01, 
	0x02, 0x41, 0x01, 0x41, 0x03, 0x41, 0x06, 0x01, 
	0x00, 0x01, 0x01, 0x01, 0x02, 0xc1, 0x00, 0x01, 
	0x06, 0x01, 0x02, 0x41, 0x01, 0x81, 0x02, 0xc1, 
	0x02, 0x81, 0x00, 0x01, 0x02, 0x81, 0x01, 0x41, 
	0x01, 0xc1, 0x02, 0x01, 0x00, 0xc1, 0x02, 0xc1, 
	0x00, 0x01, 0x00, 0x81, 0x02, 0xc1, 0x01, 0x81, 
	0x03, 0x01, 0x01, 0xc1, 0x00, 0xc1, 0x03, 0x41, 
	0x03, 0x41, 0x05, 0xc1, 0x00, 0xc1, 0x00, 0x01, 
	0x02, 0x41, 0x01, 0x41, 0x03, 0x41, 0x05, 0xc1, 
	0x00, 0x01, 0x01, 0x41, 0x05, 0x81, 0x00, 0x01, 
	0x06, 0x41, 0x02, 0x41, 0x01, 0xc1, 0x02, 0xc1, 
	0x02, 0x41, 0x00, 0x01, 0x02, 0x81, 0x01, 0x41, 
	0x02, 0x01, 0x02, 0x01, 0x00, 0xc1, 0x02, 0xc1, 
	0x00, 0x01, 0x00, 0x81, 0x02, 0xc1, 0x02, 0x01, 
	0x04, 0x01, 0x01, 0xc1, 0x01, 0x41, 0x05, 0x81, 
	0x02, 0xc1, 0x06, 0x41, 0x01, 0xc1, 0x00, 0x01, 
	0x02, 0x41, 0x01, 0x01, 0x03, 0x01, 0x05, 0xc1, 
	0x00, 0x01, 0x01, 0xc1, 0x05, 0xc1, 0x00, 0x01, 
	0x06, 0x41, 0x02, 0x41, 0x02, 0x81, 0x04, 0x41, 
	0x02, 0x01, 0x00, 0x01, 0x02, 0x81, 0x01, 0x41, 
	0x02, 0xc1, 0x02, 0xc1, 0x00, 0xc1, 0x03, 0x41, 
	0x00, 0x01, 0x00, 0xc1, 0x02, 0x81, 0x03, 0xc1, 
	0x05, 0x41, 0x01, 0xc1, 0x01, 0x41, 0x06, 0x01, 
	0x02, 0xc1, 0x06, 0x01, 0x02, 0x41, 0x00, 0x01, 
	0x0a, 0x41, 0x01, 0x01, 0x03, 0x01, 0x05, 0x81, 
	0x00, 0x01, 0x01, 0xc1, 0x15, 0x81, 0x00, 0x01, 
	0x1e, 0x83, 0x0a, 0x41, 0x0a, 0x81, 0x15, 0x41, 
	0x09, 0x81, 0x00, 0x01, 0x02, 0x81, 0x01, 0x41, 
	0x05, 0x01, 0x04, 0x01, 0x0a, 0x01, 0x15, 0x81, 
	0x00, 0x01, 0x08, 0xc1, 0x12, 0x81, 0x0c, 0x01, 
	0x15, 0x41, 0x09, 0xc1, 0x01, 0x41, 0x16, 0x01, 
	0x02, 0xc1, 0x05, 0x41, 0x03, 0x01, 0x00, 0x01, 
	0x1a, 0x83, 0x08, 0xc1, 0x03, 0x01, 0x0d, 0x41, 
	0x00, 0x01, 0x09, 0xc1, 0x2d, 0x43, 0x00, 0x01, 
	0x36, 0x85, 0x12, 0x01, 0x12, 0x81, 0x25, 0x43, 
	0x08, 0xc1, 0x00, 0x01, 0x13, 0x41, 0x09, 0xc1, 
	0x15, 0x03, 0x14, 0x01, 0x12, 0x01, 0x25, 0x43, 
	0x00, 0x01, 0x11, 0x41, 0x1a, 0x03, 0x1b, 0xc3, 
	0x25, 0x43, 0x1a, 0xc3, 0x09, 0x41, 0x2d, 0xc3, 
	0x12, 0xc1, 0x0c, 0x81, 0x0b, 0xc1, 0x00, 0x01, 
	0x22, 0xc3, 0x08, 0xc1, 0x13, 0x01, 0x1d, 0x03, 
	0x00, 0x01, 0x1a, 0x43, 0x34, 0x85, 0x00, 0x01, 
	0x4e, 0xc7, 0x1a, 0x03, 0x1a, 0x03, 0x3d, 0x05, 
	0x00, 0x41, 0x00, 0x01, 0x2d, 0x03, 0x23, 0xc3, 
	0x2d, 0x43, 0x1c, 0x03, 0x11, 0x41, 0x3d, 0x85, 
	0x00, 0x41, 0x19, 0xc3, 0x19, 0x83, 0x2b, 0xc3, 
	0x3d, 0x45, 0x33, 0x85, 0x11, 0xc3, 0x3d, 0x45, 
	0x1a, 0xc3, 0x13, 0xc3, 0x1c, 0x43, 0x00, 0x01, 
	0x33, 0x05, 0x08, 0x81, 0x1a, 0x83, 0x2d, 0x03, 
	0x00, 0x41, 0x33, 0x45, 0x3b, 0x85, 0x00, 0x41, 
	0x66, 0xc9, 0x1a, 0x03, 0x1a, 0x03, 0x4c, 0xc7, 
	0x00, 0x01, 0x00, 0x41, 0x3c, 0xc5, 0x34, 0x45, 
	0x3d, 0x45, 0x2b, 0xc3, 0x08, 0xc1, 0x55, 0x87, 
	0x11, 0x01, 0x3b, 0x05, 0x19, 0x43, 0x33, 0x85, 
	0x4d, 0x47, 0x4c, 0x07, 0x22, 0x43, 0x44, 0x87, 
	0x33, 0x85, 0x12, 0x41, 0x3d, 0xc5, 0x00, 0x41, 
	0x8e, 0xcd, 0x08, 0xc1, 0x1a, 0x43, 0x45, 0x45, 
	0x00, 0xc1, 0x4c, 0x07, 0x33, 0x05, 0x01, 0x01, 
	0x7e, 0xcb, 0x22, 0x43, 0x2a, 0x45, 0x5c, 0xc9, 
	0x00, 0xc1, 0x00, 0xc1, 0x4c, 0xc7, 0x44, 0x87, 
	0x55, 0xc7, 0x3b, 0xc5, 0x00, 0xc1, 0x5d, 0x09, 
	0x22, 0x03, 0x96, 0x8d, 0x19, 0x83, 0x3b, 0xc5, 
	0x5d, 0x49, 0x64, 0x49, 0x3b, 0x45, 0x4b, 0xc7, 
	0x54, 0xc7, 0x09, 0x41, 0x4e, 0x07, 0x22, 0x83, 
	0xa6, 0xcf, 0x01, 0x81, 0x1a, 0x43, 0x55, 0x47, 
	0x02, 0xc1, 0x6c, 0x89, 0x2b, 0x43, 0x09, 0x81, 
	0x97, 0x0d, 0x22, 0xc3, 0x19, 0xc3, 0x74, 0xcb, 
	0x00, 0xc1, 0x00, 0xc1, 0x54, 0xc7, 0x54, 0xc7, 
	0x6e, 0x09, 0x44, 0x05, 0x01, 0x01, 0x64, 0x49, 
	0x3a, 0xc5, 0x8d, 0x8d, 0x09, 0x81, 0x4c, 0x47, 
	0x75, 0x4b, 0x3a, 0xc5, 0x54, 0x47, 0x4b, 0x47, 
	0x4c, 0x47, 0x01, 0xc1, 0x4c, 0x87, 0x54, 0x87, 
	0x74, 0xcb, 0x02, 0x01, 0x11, 0xc3, 0x65, 0x49, 
	0x13, 0x41, 0x74, 0xcb, 0x1b, 0xc3, 0x12, 0x81, 
	0xaf, 0x11, 0x2c, 0x43, 0x13, 0x01, 0x7c, 0x8b, 
	0x02, 0x41, 0x01, 0x41, 0x64, 0x89, 0x6d, 0xc9, 
	0x86, 0x8b, 0x4b, 0x87, 0x01, 0x41, 0x54, 0x07, 
	0x43, 0x05, 0x02, 0x01, 0x03, 0x41, 0x55, 0x07, 
	0x8d, 0x8d, 0x03, 0x41, 0x5c, 0x09, 0x32, 0x45, 
	0x02, 0x81, 0x02, 0x41, 0x32, 0xc5, 0x86, 0x0b, 
	0x1c, 0x03, 0x03, 0x01, 0x12, 0x01, 0x74, 0xcb, 
	0x1c, 0x43, 0x04, 0x41, 0x04, 0x81, 0x14, 0x43, 
	0xc7, 0x13, 0x2c, 0x83, 0x04, 0x01, 0x04, 0x41, 
	0x03, 0x01, 0x02, 0x81, 0x6c, 0x8b, 0x86, 0x4b, 
	0x9e, 0x8f, 0x54, 0x07, 0x04, 0x41, 0x04, 0x81, 
	0x03, 0xc1, 0x04, 0x81, 0x04, 0x81, 0x23, 0xc3, 
	0x3c, 0x05, 0x04, 0x81, 0x04, 0x81, 0x03, 0xc1, 
	0x03, 0xc1, 0x04, 0x41, 0x13, 0x03, 0x8d, 0xcd, 
	
};

Gfx wf_dl_flower_top_rgba16_aligner[] = {gsSPEndDisplayList()};
u8 wf_dl_flower_top_rgba16[] = {
	0xff, 0xc1, 0xff, 0xc1, 0xff, 0xc1, 0xff, 0xc1, 
	0xf7, 0x81, 0xc6, 0x41, 0xc6, 0x01, 0xe7, 0x01, 
	0xce, 0x81, 0xa5, 0xc1, 0xdf, 0x41, 0xff, 0xc1, 
	0xff, 0xc1, 0xff, 0xc1, 0xa6, 0x01, 0x95, 0x81, 
	0x8d, 0x41, 0xb6, 0x41, 0xe7, 0x81, 0xd7, 0x41, 
	0xbe, 0x81, 0x9d, 0xc1, 0xa6, 0x01, 0xe7, 0x81, 
	0xff, 0xc1, 0xff, 0xc1, 0xf7, 0x81, 0xc6, 0x41, 
	0xad, 0x81, 0xd6, 0x81, 0xf7, 0x81, 0xcf, 0x01, 
	0xff, 0xc1, 0xff, 0xc1, 0xff, 0xc1, 0xff, 0xc1, 
	0xdf, 0x01, 0x95, 0x01, 0xb5, 0x81, 0xbd, 0xc1, 
	0xb4, 0x87, 0xfb, 0x31, 0xfb, 0x35, 0xfd, 0xdd, 
	0xff, 0xc1, 0xc6, 0xc1, 0x7d, 0x41, 0x5c, 0x41, 
	0x5c, 0x01, 0x9d, 0x81, 0xe7, 0x41, 0xf7, 0xc1, 
	0xef, 0x81, 0xb6, 0x81, 0xbe, 0xc1, 0xf7, 0xc1, 
	0xff, 0xc1, 0xff, 0xc1, 0xf7, 0x81, 0xd6, 0x81, 
	0xd6, 0x81, 0xf7, 0x81, 0xff, 0xc1, 0xef, 0xc1, 
	0xb5, 0xc1, 0xef, 0x41, 0xe7, 0x41, 0x8d, 0x81, 
	0x7d, 0x01, 0x8d, 0x41, 0xef, 0x41, 0xe7, 0x01, 
	0xcc, 0x8f, 0xfc, 0x3f, 0xfb, 0xfd, 0xfd, 0x2b, 
	0xae, 0x41, 0x8d, 0x41, 0x6c, 0xc1, 0x5c, 0x01, 
	0x6c, 0x41, 0xb5, 0xc1, 0xef, 0x81, 0xe7, 0x81, 
	0xef, 0x81, 0xd7, 0x01, 0xf7, 0xc1, 0xff, 0xc1, 
	0xef, 0x81, 0x95, 0x41, 0x9d, 0x41, 0xb5, 0xc1, 
	0xce, 0x81, 0xe7, 0x41, 0xd7, 0x41, 0xc6, 0xc1, 
	0xb6, 0x01, 0xf7, 0x81, 0xf7, 0x81, 0xa6, 0x01, 
	0x7d, 0x41, 0x7d, 0x01, 0xee, 0x87, 0xfd, 0x63, 
	0xbc, 0xd7, 0xfd, 0xfb, 0xfe, 0x7f, 0xd5, 0x5d, 
	0xec, 0xe7, 0xec, 0x1f, 0xb6, 0x01, 0x8d, 0x01, 
	0x7c, 0x81, 0x7c, 0x81, 0xbe, 0x41, 0xef, 0x81, 
	0xde, 0xc1, 0xa5, 0x81, 0xbe, 0x01, 0xde, 0xc1, 
	0xbe, 0x01, 0x74, 0x01, 0x6c, 0x01, 0x84, 0xc1, 
	0x8d, 0x41, 0xa6, 0x01, 0xcf, 0x01, 0xe7, 0x81, 
	0xf7, 0xc1, 0xff, 0xc1, 0xff, 0xc1, 0xff, 0xc1, 
	0xbe, 0x81, 0x74, 0xc1, 0xeb, 0x5b, 0xfb, 0x37, 
	0xfd, 0xff, 0xff, 0xdf, 0xff, 0xc7, 0xfe, 0xfd, 
	0xfc, 0x3b, 0xfa, 0xf5, 0xde, 0x03, 0xce, 0x81, 
	0xc6, 0x81, 0x5b, 0x81, 0x5b, 0xc1, 0xc6, 0x41, 
	0x94, 0x81, 0x8c, 0x81, 0x7c, 0x01, 0x6b, 0x81, 
	0x73, 0xc1, 0x7c, 0x41, 0x6c, 0x01, 0x53, 0xc1, 
	0x43, 0x81, 0x64, 0x41, 0xf7, 0xc1, 0xff, 0xc1, 
	0xef, 0x81, 0xff, 0xc1, 0xff, 0xc1, 0xff, 0xc1, 
	0xe7, 0x81, 0xa6, 0x01, 0xdb, 0x5b, 0xfb, 0xbb, 
	0xfe, 0x7f, 0xff, 0x21, 0xff, 0xcf, 0xfe, 0xbb, 
	0xfc, 0xff, 0xfb, 0x37, 0x8c, 0x81, 0xa5, 0x41, 
	0xed, 0x4f, 0xab, 0x91, 0x73, 0xc3, 0xa5, 0x01, 
	0xa5, 0x01, 0xbd, 0xc1, 0xc6, 0x01, 0x94, 0xc1, 
	0x74, 0x01, 0x5b, 0x81, 0x53, 0x41, 0x4b, 0x41, 
	0x64, 0x01, 0x85, 0x01, 0xc6, 0x81, 0xff, 0xc1, 
	0xdf, 0x41, 0xd7, 0x41, 0xae, 0x41, 0x85, 0x41, 
	0xcf, 0x01, 0xcf, 0x01, 0x7b, 0x85, 0xba, 0xd9, 
	0x7b, 0x0d, 0xfe, 0x7f, 0xfe, 0xbf, 0xe5, 0xa3, 
	0xcc, 0x51, 0xbc, 0x0f, 0x5b, 0x81, 0x83, 0x0d, 
	0xfb, 0x7b, 0xfb, 0x7b, 0xfb, 0xeb, 0xc6, 0x01, 
	0xd6, 0x81, 0xef, 0x41, 0xde, 0xc1, 0xa5, 0x41, 
	0x7c, 0x81, 0x53, 0x81, 0x53, 0xc1, 0x5c, 0x01, 
	0x8d, 0x01, 0xbe, 0x41, 0xae, 0x01, 0xd7, 0x01, 
	0xff, 0xc1, 0xe7, 0x81, 0xae, 0x41, 0x6c, 0xc1, 
	0x64, 0x41, 0x74, 0x81, 0x53, 0x81, 0x42, 0xc1, 
	0x8b, 0x4b, 0xfb, 0xfb, 0xfb, 0x79, 0xfb, 0xf3, 
	0x94, 0x81, 0x9b, 0xc9, 0xab, 0x19, 0x73, 0x09, 
	0xfc, 0xff, 0xfc, 0xff, 0xec, 0x27, 0xb5, 0x81, 
	0xde, 0xc1, 0xef, 0x41, 0xef, 0x41, 0xce, 0x81, 
	0xbe, 0x41, 0xa5, 0xc1, 0x9d, 0x81, 0x8d, 0x41, 
	0x85, 0x01, 0xb6, 0x41, 0xdf, 0x41, 0xf7, 0xc1, 
	0xff, 0xc1, 0xdf, 0x01, 0x9d, 0x81, 0x64, 0x41, 
	0x43, 0x41, 0x43, 0x01, 0x5b, 0x81, 0x5b, 0x81, 
	0x7b, 0xc1, 0xe2, 0x9f, 0xf2, 0xa5, 0xaa, 0x91, 
	0x4a, 0x41, 0xfa, 0xa9, 0xfb, 0xfb, 0xfd, 0xfb, 
	0xff, 0x2d, 0xff, 0x33, 0xd5, 0x25, 0xfc, 0xad, 
	0xdc, 0x91, 0xa5, 0x01, 0xc6, 0x41, 0xef, 0x81, 
	0xff, 0xc1, 0xce, 0xc1, 0x9d, 0xc1, 0x85, 0x41, 
	0x95, 0x81, 0xc6, 0x81, 0xff, 0xc1, 0xff, 0xc1, 
	0xd6, 0xc1, 0x95, 0x01, 0x7c, 0x81, 0x74, 0x41, 
	0x7c, 0x81, 0x64, 0x01, 0x84, 0xc1, 0x63, 0xc1, 
	0x42, 0xc1, 0x5b, 0x01, 0x5b, 0x01, 0x4a, 0x81, 
	0x42, 0x81, 0xfb, 0x33, 0xfc, 0xbf, 0xff, 0x3f, 
	0xff, 0xc5, 0xff, 0xd1, 0xfe, 0x3f, 0xfb, 0x79, 
	0xfa, 0xe5, 0x63, 0x81, 0x7c, 0x41, 0x9d, 0x41, 
	0xa5, 0x81, 0xa5, 0xc1, 0xad, 0xc1, 0x8d, 0x41, 
	0xdf, 0x41, 0xff, 0xc1, 0xff, 0xc1, 0xff, 0xc1, 
	0xb6, 0x81, 0xa6, 0x01, 0xae, 0x41, 0xbe, 0x41, 
	0xb6, 0x41, 0x9d, 0x81, 0xad, 0xc1, 0x74, 0x41, 
	0x74, 0x01, 0x7b, 0xc1, 0x84, 0x01, 0xbe, 0x01, 
	0x6c, 0x81, 0xd4, 0x15, 0xf4, 0x63, 0xed, 0xa3, 
	0xff, 0x71, 0xff, 0x29, 0xfe, 0x3d, 0xfb, 0xfd, 
	0xeb, 0x21, 0x63, 0x81, 0x6b, 0x81, 0x5b, 0x41, 
	0x5b, 0x41, 0x63, 0xc1, 0x95, 0x01, 0x95, 0x01, 
	0xd6, 0xc1, 0xf7, 0xc1, 0xef, 0x81, 0xbe, 0x81, 
	0xc6, 0x81, 0xe7, 0x81, 0xdf, 0x41, 0xff, 0xc1, 
	0xff, 0xc1, 0xff, 0xc1, 0xb6, 0x01, 0x6c, 0x41, 
	0x5b, 0x81, 0x5b, 0x41, 0x94, 0xc1, 0xff, 0xc1, 
	0xc6, 0x81, 0x6b, 0xc1, 0x74, 0x01, 0xfc, 0xf5, 
	0xfd, 0x3f, 0xfd, 0xff, 0xa5, 0x45, 0xd4, 0x93, 
	0xc6, 0x03, 0xae, 0x01, 0xad, 0x81, 0x9d, 0x01, 
	0x73, 0xc1, 0x74, 0x01, 0xad, 0x81, 0x95, 0x01, 
	0x6c, 0x01, 0x8d, 0x01, 0xe7, 0x81, 0xef, 0xc1, 
	0xe7, 0x41, 0xff, 0xc1, 0xff, 0xc1, 0xff, 0xc1, 
	0xff, 0xc1, 0xf7, 0x81, 0xce, 0x81, 0xae, 0x01, 
	0x85, 0x01, 0x6c, 0x41, 0xa5, 0xc1, 0xe7, 0x41, 
	0x84, 0x41, 0x4a, 0x81, 0x52, 0xc1, 0xfa, 0xad, 
	0xfa, 0xf5, 0xfb, 0x33, 0x5b, 0x03, 0x63, 0xc1, 
	0xbe, 0x81, 0xef, 0xc1, 0xff, 0xc1, 0xef, 0x41, 
	0xb5, 0xc1, 0x8c, 0x81, 0x95, 0x01, 0x8c, 0xc1, 
	0x7c, 0xc1, 0x95, 0x41, 0xd6, 0xc1, 0xb5, 0xc1, 
	0xb5, 0x81, 0x84, 0xc1, 0xb6, 0x41, 0xff, 0xc1, 
	0xf7, 0x81, 0xbe, 0x01, 0xe7, 0x41, 0xf7, 0x81, 
	0xa5, 0x81, 0x64, 0x41, 0xb5, 0x81, 0xa5, 0x01, 
	0x63, 0x81, 0x4b, 0x01, 0x74, 0x01, 0x94, 0x43, 
	0xbb, 0x8f, 0x93, 0x89, 0x63, 0x81, 0x5b, 0x81, 
	0xae, 0x41, 0xff, 0xc1, 0xff, 0xc1, 0xf7, 0xc1, 
	0xbe, 0x41, 0xcd, 0x49, 0x7c, 0x01, 0x94, 0xc1, 
	0xed, 0xcb, 0xc6, 0x01, 0x9c, 0xc1, 0x73, 0xc1, 
	0xad, 0x81, 0x7c, 0x41, 0x8d, 0x01, 0xd6, 0xc1, 
	0xe7, 0x01, 0x9d, 0x41, 0xad, 0x41, 0xad, 0x01, 
	0xb5, 0xc1, 0xb5, 0xc1, 0xe7, 0x01, 0xe7, 0x01, 
	0xa5, 0xc1, 0x9d, 0x41, 0xd6, 0xc1, 0x9d, 0x01, 
	0x8c, 0x81, 0x8c, 0xc1, 0x8c, 0x81, 0xad, 0xc1, 
	0xdf, 0x41, 0xff, 0xc1, 0xff, 0xc1, 0xff, 0xc1, 
	0xfc, 0x5f, 0xfb, 0x39, 0xd4, 0x1d, 0xdc, 0xdf, 
	0xfb, 0x37, 0xfb, 0xe7, 0xde, 0x81, 0xce, 0x41, 
	0xad, 0x81, 0x8c, 0xc1, 0x84, 0x81, 0x95, 0x01, 
	0x9d, 0x01, 0x8c, 0xc1, 0xce, 0x41, 0xef, 0x81, 
	0xff, 0xc1, 0xff, 0xc1, 0xff, 0xc1, 0xe7, 0x81, 
	0xae, 0x41, 0xe7, 0x81, 0xd6, 0x81, 0xa5, 0x41, 
	0x74, 0x41, 0xce, 0xc1, 0xff, 0xc1, 0xff, 0xc1, 
	0xff, 0xc1, 0xc6, 0xc1, 0xef, 0xc1, 0xff, 0xc3, 
	0xfb, 0x79, 0xfc, 0x3d, 0xfd, 0xb7, 0xfe, 0x35, 
	0xfc, 0x7d, 0xfb, 0x79, 0xde, 0x07, 0xff, 0xc1, 
	0xe7, 0x81, 0xb6, 0x81, 0x9e, 0x01, 0xa6, 0x01, 
	0x8d, 0x81, 0x8d, 0x41, 0xe7, 0x01, 0xef, 0x81, 
	0xef, 0x81, 0xe7, 0x81, 0xff, 0xc1, 0xff, 0xc1, 
	0xd7, 0x01, 0xef, 0x81, 0xc6, 0x41, 0x94, 0xc1, 
	0x6b, 0xc1, 0xa5, 0xc1, 0xdf, 0x01, 0xff, 0xc1, 
	0xff, 0xc1, 0xdf, 0x41, 0xe7, 0x41, 0xff, 0xc1, 
	0xe4, 0xd5, 0xfd, 0x33, 0xff, 0xdb, 0xff, 0xd7, 
	0xfd, 0xf3, 0xab, 0xcf, 0xae, 0x41, 0xd7, 0x41, 
	0xff, 0xc1, 0xae, 0x41, 0x8d, 0x81, 0x8d, 0x03, 
	0xb3, 0xd5, 0xbb, 0xd5, 0xce, 0x03, 0xce, 0x41, 
	0xce, 0x81, 0xbe, 0x41, 0xf7, 0x81, 0xd6, 0x81, 
	0xad, 0x81, 0x9d, 0x41, 0xd6, 0xc1, 0xc6, 0x81, 
	0xa5, 0xc1, 0x8d, 0x41, 0x9d, 0x81, 0xff, 0xc1, 
	0xff, 0xc1, 0xff, 0xc1, 0xef, 0x81, 0xef, 0x81, 
	0xd5, 0x17, 0xfd, 0xf7, 0xff, 0x1f, 0xff, 0x5b, 
	0xfe, 0xbf, 0xfd, 0x29, 0xef, 0x41, 0xf7, 0xc1, 
	0xc6, 0x81, 0x8d, 0x81, 0x7d, 0x41, 0xd3, 0x9b, 
	0xfb, 0xbd, 0xfb, 0x79, 0xfc, 0x9d, 0xb5, 0x81, 
	0xf7, 0x81, 0xff, 0xc1, 0xff, 0xc1, 0xdf, 0x01, 
	0xad, 0xc1, 0xbe, 0x41, 0xef, 0x81, 0xff, 0xc1, 
	0xff, 0xc1, 0xff, 0xc1, 0xff, 0xc1, 0xff, 0xc1, 
	0xff, 0xc1, 0xd7, 0x01, 0xdf, 0x01, 0xef, 0x01, 
	0xfa, 0xf1, 0xfb, 0xf9, 0xfe, 0x3f, 0xfd, 0xf1, 
	0xfc, 0xbf, 0xfa, 0xb1, 0xdd, 0xc9, 0xef, 0x81, 
	0x5b, 0xc1, 0x64, 0x01, 0x7c, 0x43, 0x93, 0x53, 
	0xfc, 0xff, 0xfc, 0x79, 0xd5, 0x15, 0xdd, 0xc9, 
	0xff, 0x83, 0xff, 0xc1, 0xff, 0xc1, 0xce, 0xc1, 
	0xae, 0x01, 0xff, 0xc1, 0xff, 0xc1, 0xff, 0xc1, 
	0xff, 0xc1, 0xff, 0xc1, 0xff, 0xc1, 0xff, 0xc1, 
	0xff, 0xc1, 0xc6, 0xc1, 0xc6, 0x41, 0x73, 0xc1, 
	0xe4, 0x53, 0xfa, 0xb1, 0xe3, 0xdd, 0xc4, 0x8f, 
	0xfa, 0xaf, 0xd2, 0x9b, 0x95, 0x01, 0xad, 0xc1, 
	0xbe, 0x41, 0xfb, 0xdf, 0xfc, 0x3b, 0xf5, 0xef, 
	0xff, 0x2b, 0xfe, 0xe9, 0xfd, 0xb1, 0xfb, 0xfb, 
	0xfc, 0x27, 0xf7, 0xc1, 0xff, 0xc1, 0xd7, 0x01, 
	0xdf, 0x41, 0xff, 0xc1, 0xff, 0xc1, 0xff, 0xc1, 
	0xf7, 0xc1, 0xf7, 0xc1, 0xff, 0xc1, 0xff, 0xc1, 
	0xff, 0xc1, 0xf7, 0xc1, 0x8c, 0xc1, 0x8c, 0xc1, 
	0xa5, 0x41, 0xbd, 0x03, 0xde, 0xc1, 0xbd, 0xc1, 
	0xa5, 0x01, 0xbe, 0x41, 0xff, 0xc1, 0xff, 0xc1, 
	0xf7, 0x81, 0xfa, 0xe9, 0xfb, 0x79, 0xfe, 0x7f, 
	0xff, 0x8b, 0xff, 0xc7, 0xfe, 0x3f, 0xfb, 0xfb, 
	0xfb, 0x31, 0xb6, 0x41, 0xff, 0xc1, 0xff, 0xc1, 
	0xff, 0xc1, 0xff, 0xc1, 0xff, 0xc1, 0xff, 0xc1, 
	0xe7, 0x81, 0xff, 0xc1, 0xff, 0xc1, 0xe7, 0x81, 
	0xd7, 0x01, 0xbe, 0x41, 0x74, 0x41, 0x7c, 0x01, 
	0x7c, 0x01, 0x94, 0x81, 0xc6, 0x01, 0xb5, 0xc1, 
	0xd6, 0x81, 0xdf, 0x41, 0xff, 0xc1, 0xff, 0xc1, 
	0xef, 0x41, 0xd2, 0xd9, 0xfb, 0x75, 0xe4, 0xe7, 
	0xfe, 0xf1, 0xff, 0x33, 0xcc, 0x63, 0xfb, 0xaf, 
	0xfc, 0x5d, 0xd7, 0x41, 0xff, 0xc1, 0xff, 0xc1, 
	0xef, 0x41, 0xdf, 0x01, 0xfe, 0x13, 0xfd, 0x21, 
	0xff, 0xc9, 0xff, 0xc1, 0xce, 0x81, 0x9d, 0xc1, 
	0xa6, 0x01, 0x85, 0x01, 0x95, 0x81, 0xa5, 0xc1, 
	0x8c, 0xc1, 0x94, 0xc1, 0x74, 0x01, 0x5b, 0x01, 
	0x63, 0x41, 0x5b, 0x41, 0x63, 0x81, 0x95, 0x41, 
	0xff, 0xc1, 0xad, 0x41, 0x83, 0xc1, 0xab, 0x93, 
	0xfd, 0x7f, 0xfc, 0xff, 0xd4, 0x9f, 0xb5, 0x81, 
	0xff, 0xc1, 0xff, 0xc1, 0xff, 0xc1, 0xff, 0xc1, 
	0xf7, 0xc1, 0xf4, 0xd7, 0xfb, 0x7b, 0xfb, 0x79, 
	0xfd, 0xa3, 0xb5, 0x43, 0xcc, 0x93, 0xb6, 0x03, 
	0x9d, 0xc1, 0xa6, 0x01, 0xae, 0x01, 0x8d, 0x81, 
	0xa6, 0x41, 0xb6, 0x41, 0x7c, 0xc1, 0x74, 0x81, 
	0x94, 0xc1, 0x6b, 0x81, 0x3a, 0x41, 0x4a, 0xc1, 
	0xe7, 0x01, 0xde, 0xc1, 0xad, 0x41, 0xb3, 0x11, 
	0xfa, 0xb1, 0xfa, 0x6f, 0xf3, 0xdb, 0xc6, 0x01, 
	0xff, 0xc1, 0xff, 0xc1, 0xff, 0xc1, 0xff, 0xc1, 
	0xf7, 0xc1, 0xdd, 0xcb, 0xfc, 0x79, 0xfc, 0xfb, 
	0xed, 0xa7, 0xfd, 0x37, 0xfa, 0xf5, 0xfd, 0x19, 
	0xdf, 0x41, 0xae, 0x41, 0x85, 0x41, 0x64, 0x81, 
	0x8d, 0x81, 0xbe, 0x81, 0xa6, 0x41, 0xbe, 0x81, 
	0xef, 0xc1, 0xef, 0x81, 0xbe, 0x01, 0xa5, 0x01, 
	0xb5, 0x81, 0xd6, 0x81, 0xbe, 0x01, 0x53, 0x01, 
	0x8b, 0x09, 0xcc, 0x8b, 0xf7, 0x41, 0xe7, 0x01, 
	0xff, 0xc1, 0xff, 0xc1, 0xff, 0xc1, 0xf7, 0xc1, 
	0xc6, 0x43, 0xd5, 0x57, 0xd5, 0x23, 0xff, 0xa3, 
	0xff, 0xdd, 0xfd, 0x7d, 0xfc, 0x3f, 0xfb, 0xed, 
	0xe7, 0x81, 0xc6, 0xc1, 0xb6, 0x81, 0xc6, 0x81, 
	0xce, 0xc1, 0xd7, 0x01, 0xf7, 0xc1, 0xff, 0xc1, 
	0xff, 0xc1, 0xff, 0xc1, 0xff, 0xc1, 0xff, 0xc1, 
	0x9d, 0x01, 0xd6, 0xc1, 0xae, 0x01, 0x3b, 0x01, 
	0x43, 0x01, 0x74, 0x01, 0xff, 0xc1, 0xff, 0xc1, 
	0xc6, 0xc1, 0x85, 0x41, 0x7d, 0x01, 0x7d, 0x01, 
	0xf3, 0x61, 0xfb, 0xb7, 0xfd, 0xff, 0xff, 0x4f, 
	0xff, 0x49, 0xfe, 0x31, 0xec, 0x25, 0xd4, 0x51, 
	0xb6, 0x81, 0xbe, 0x81, 0xff, 0xc1, 0xff, 0xc1, 
	0xff, 0xc1, 0xd6, 0xc1, 0xff, 0xc1, 0xff, 0xc1, 
	0xff, 0xc1, 0xd7, 0x41, 0xff, 0xc1, 0xff, 0xc1, 
	0x8d, 0x01, 0x95, 0x81, 0xb6, 0x41, 0xb6, 0x81, 
	0xb6, 0x41, 0xe7, 0x81, 0xff, 0xc1, 0xff, 0xc1, 
	0xae, 0x41, 0x95, 0x81, 0xb6, 0x41, 0x95, 0x81, 
	0xd3, 0x19, 0xfb, 0x39, 0xfd, 0xbf, 0xfe, 0x6f, 
	0xfe, 0xbf, 0xfe, 0x3d, 0xcd, 0x89, 0x95, 0x01, 
	0xa5, 0xc1, 0xff, 0xc1, 0xff, 0xc1, 0xff, 0xc1, 
	0xff, 0xc1, 0xd7, 0x01, 0xf7, 0xc1, 0xff, 0xc1, 
	0xb6, 0x81, 0x8d, 0x81, 0xd7, 0x41, 0xff, 0xc1, 
	0x5b, 0xc1, 0x53, 0xc1, 0xae, 0x01, 0xff, 0xc1, 
	0xff, 0xc1, 0xf7, 0xc1, 0xf7, 0xc1, 0xf7, 0xc1, 
	0xcf, 0x01, 0xdf, 0x41, 0xff, 0xc1, 0xef, 0xc1, 
	0x5b, 0x03, 0xda, 0x5f, 0xd4, 0x91, 0xfd, 0xdd, 
	0xfc, 0x7f, 0xfb, 0x33, 0xfd, 0x1d, 0xbe, 0x81, 
	0xb6, 0x01, 0xff, 0xc1, 0xff, 0xc1, 0xff, 0xc1, 
	0xf7, 0xc1, 0xd7, 0x01, 0xe7, 0x81, 0xc6, 0xc1, 
	0x75, 0x01, 0x4c, 0x01, 0x64, 0x81, 0x9d, 0xc1, 
	0x8c, 0xc1, 0x8c, 0xc1, 0xb5, 0xc1, 0xef, 0x81, 
	0xe7, 0x81, 0xce, 0xc1, 0xe7, 0x81, 0xef, 0x81, 
	0x9d, 0xc1, 0x7d, 0x01, 0xae, 0x41, 0xae, 0x41, 
	0x8d, 0x41, 0xa5, 0x41, 0xff, 0xc1, 0xd5, 0x0b, 
	0xfa, 0x29, 0xea, 0xa1, 0xd5, 0xc5, 0xa6, 0x01, 
	0xbe, 0x81, 0xff, 0xc1, 0xff, 0xc1, 0xff, 0xc1, 
	0xcf, 0x01, 0x9d, 0xc1, 0xb6, 0x81, 0xa6, 0x01, 
	0x64, 0xc1, 0x54, 0x41, 0x85, 0x01, 0xad, 0xc1, 
	0xdf, 0x01, 0xce, 0x81, 0xd6, 0x81, 0xf7, 0x81, 
	0xef, 0x81, 0xdf, 0x41, 0xef, 0x81, 0xd7, 0x01, 
	0x85, 0x41, 0x54, 0x01, 0x5c, 0x41, 0x7d, 0x01, 
	0xbe, 0x81, 0xf7, 0xc1, 0xff, 0xc1, 0xad, 0xc1, 
	0x63, 0xc1, 0x8d, 0x01, 0xae, 0x01, 0x85, 0x41, 
	0xbe, 0x81, 0xff, 0xc1, 0xff, 0xc1, 0xff, 0xc1, 
	0xf7, 0xc1, 0xa6, 0x41, 0xae, 0x41, 0x8d, 0x81, 
	0x6c, 0xc1, 0x74, 0xc1, 0xa5, 0xc1, 0xa5, 0x41, 
	0xff, 0xc1, 0xa5, 0xc1, 0xb6, 0x41, 0xff, 0xc1, 
	0xff, 0xc1, 0xff, 0xc1, 0xd7, 0x01, 0xbe, 0x81, 
	0x85, 0x01, 0x6c, 0x81, 0xa6, 0x01, 0xb6, 0x41, 
	0xce, 0xc1, 0xe7, 0x41, 0xe7, 0x41, 0xad, 0xc1, 
	0x7c, 0xc1, 0xd6, 0xc1, 0xf7, 0xc1, 0x85, 0x01, 
	0x74, 0xc1, 0xae, 0x01, 0xdf, 0x41, 0xff, 0xc1, 
	0xef, 0x81, 0xae, 0x01, 0xad, 0xc1, 0xa5, 0x81, 
	0x7c, 0xc1, 0x95, 0x01, 0xa5, 0x41, 0x94, 0xc1, 
	
};

Gfx wf_dl_wf_textures_0B000_ia16_ia8_aligner[] = {gsSPEndDisplayList()};
u8 wf_dl_wf_textures_0B000_ia16_ia8[] = {
	0x00, 0x00, 0x00, 0x00, 0x00, 0x00, 0x00, 0x00, 
	0x00, 0x00, 0x00, 0x00, 0x00, 0x01, 0x01, 0x01, 
	0x01, 0x00, 0x01, 0x01, 0x00, 0x00, 0x00, 0x00, 
	0x00, 0x00, 0x00, 0x00, 0x00, 0x00, 0x00, 0x00, 
	0x00, 0x00, 0x00, 0x00, 0x00, 0x00, 0x00, 0x00, 
	0x00, 0x00, 0x00, 0x00, 0x02, 0x03, 0x04, 0x04, 
	0x04, 0x03, 0x03, 0x03, 0x02, 0x02, 0x01, 0x00, 
	0x00, 0x00, 0x00, 0x00, 0x00, 0x00, 0x00, 0x00, 
	0x00, 0x00, 0x00, 0x00, 0x00, 0x00, 0x00, 0x00, 
	0x01, 0x02, 0x04, 0x07, 0x08, 0x09, 0x09, 0x09, 
	0x09, 0x09, 0x08, 0x07, 0x06, 0x05, 0x03, 0x02, 
	0x00, 0x00, 0x00, 0x00, 0x00, 0x00, 0x00, 0x00, 
	0x00, 0x00, 0x00, 0x00, 0x00, 0x00, 0x01, 0x03, 
	0x05, 0x07, 0x08, 0x09, 0x0a, 0x0a, 0x0a, 0x0a, 
	0x0a, 0x0a, 0x09, 0x09, 0x09, 0x08, 0x07, 0x05, 
	0x03, 0x01, 0x00, 0x00, 0x00, 0x00, 0x00, 0x00, 
	0x00, 0x00, 0x00, 0x00, 0x00, 0x02, 0x06, 0x08, 
	0x08, 0x09, 0x0a, 0x0a, 0x0a, 0x0a, 0x0a, 0x0a, 
	0x0a, 0x0a, 0x0a, 0x0a, 0x0a, 0x0a, 0x09, 0x09, 
	0x07, 0x05, 0x02, 0x00, 0x00, 0x00, 0x00, 0x00, 
	0x00, 0x00, 0x00, 0x00, 0x01, 0x05, 0x09, 0x09, 
	0x09, 0x09, 0x0a, 0x0a, 0x0a, 0x0a, 0x0a, 0x0a, 
	0x0a, 0x0a, 0x0a, 0x0a, 0x0a, 0x0a, 0x09, 0x09, 
	0x09, 0x07, 0x04, 0x01, 0x00, 0x00, 0x00, 0x00, 
	0x00, 0x00, 0x00, 0x01, 0x04, 0x08, 0x09, 0x08, 
	0x09, 0x09, 0x0a, 0x0a, 0x0a, 0x0a, 0x0a, 0x0a, 
	0x0a, 0x0a, 0x0a, 0x0a, 0x0a, 0x0a, 0x09, 0x09, 
	0x09, 0x09, 0x06, 0x02, 0x01, 0x00, 0x00, 0x00, 
	0x00, 0x00, 0x00, 0x02, 0x06, 0x09, 0x09, 0x08, 
	0x09, 0x09, 0x0a, 0x0a, 0x0a, 0x0a, 0x0a, 0x0a, 
	0x0a, 0x0a, 0x0a, 0x0a, 0x0a, 0x0a, 0x09, 0x09, 
	0x09, 0x09, 0x08, 0x05, 0x01, 0x00, 0x00, 0x01, 
	0x00, 0x00, 0x00, 0x05, 0x08, 0x09, 0x09, 0x09, 
	0x09, 0x0a, 0x0a, 0x0a, 0x0a, 0x0a, 0x0a, 0x0a, 
	0x0a, 0x0a, 0x0a, 0x0a, 0x0a, 0x09, 0x0a, 0x09, 
	0x09, 0x09, 0x09, 0x06, 0x03, 0x01, 0x00, 0x00, 
	0x00, 0x00, 0x01, 0x08, 0x09, 0x09, 0x09, 0x09, 
	0x09, 0x0a, 0x0a, 0x0a, 0x0a, 0x0a, 0x0a, 0x0a, 
	0x0a, 0x0a, 0x0a, 0x0a, 0x0a, 0x0a, 0x0a, 0x09, 
	0x09, 0x09, 0x09, 0x08, 0x04, 0x01, 0x00, 0x00, 
	0x00, 0x00, 0x04, 0x09, 0x09, 0x09, 0x09, 0x09, 
	0x0a, 0x0a, 0x0a, 0x0a, 0x0a, 0x0a, 0x0a, 0x0a, 
	0x0a, 0x0a, 0x0a, 0x0a, 0x0a, 0x0a, 0x0a, 0x0a, 
	0x09, 0x09, 0x09, 0x08, 0x05, 0x02, 0x00, 0x00, 
	0x00, 0x00, 0x06, 0x09, 0x08, 0x09, 0x0a, 0x0a, 
	0x0a, 0x0a, 0x0a, 0x0a, 0x0a, 0x0a, 0x0a, 0x0a, 
	0x0a, 0x0a, 0x0a, 0x0a, 0x0a, 0x0a, 0x0a, 0x0a, 
	0x0a, 0x09, 0x09, 0x08, 0x06, 0x03, 0x00, 0x00, 
	0x00, 0x00, 0x07, 0x09, 0x08, 0x09, 0x0a, 0x0a, 
	0x0a, 0x0a, 0x0a, 0x0a, 0x0a, 0x0a, 0x0a, 0x0a, 
	0x0a, 0x0a, 0x0a, 0x0a, 0x0a, 0x0a, 0x0a, 0x0a, 
	0x09, 0x09, 0x09, 0x09, 0x07, 0x04, 0x01, 0x00, 
	0x00, 0x01, 0x08, 0x09, 0x09, 0x09, 0x0a, 0x0a, 
	0x0a, 0x0a, 0x0a, 0x0a, 0x0a, 0x0a, 0x0a, 0x0a, 
	0x0a, 0x0a, 0x0a, 0x0a, 0x0a, 0x0a, 0x0a, 0x0a, 
	0x09, 0x09, 0x09, 0x09, 0x08, 0x04, 0x01, 0x00, 
	0x00, 0x01, 0x08, 0x0a, 0x0a, 0x0a, 0x0a, 0x0a, 
	0x0a, 0x0a, 0x0a, 0x0a, 0x0a, 0x0a, 0x0a, 0x0a, 
	0x0a, 0x0a, 0x0a, 0x0a, 0x0a, 0x0a, 0x0a, 0x0a, 
	0x0a, 0x09, 0x09, 0x09, 0x08, 0x05, 0x01, 0x00, 
	0x00, 0x01, 0x07, 0x0a, 0x0a, 0x0a, 0x0a, 0x0a, 
	0x0a, 0x0a, 0x0a, 0x0a, 0x0a, 0x0a, 0x0a, 0x0a, 
	0x0a, 0x0a, 0x0a, 0x0a, 0x0a, 0x0a, 0x0a, 0x0a, 
	0x0a, 0x09, 0x09, 0x09, 0x08, 0x05, 0x01, 0x00, 
	0x00, 0x01, 0x06, 0x0a, 0x0a, 0x0a, 0x0a, 0x0a, 
	0x0a, 0x0a, 0x0a, 0x0a, 0x0a, 0x0a, 0x0a, 0x0a, 
	0x0a, 0x0a, 0x0a, 0x0a, 0x0a, 0x0a, 0x0a, 0x0a, 
	0x0a, 0x09, 0x09, 0x09, 0x07, 0x04, 0x01, 0x00, 
	0x00, 0x01, 0x06, 0x09, 0x0a, 0x0a, 0x0a, 0x0a, 
	0x0a, 0x0a, 0x0a, 0x0a, 0x0a, 0x0a, 0x0a, 0x0a, 
	0x0a, 0x0a, 0x0a, 0x0a, 0x0a, 0x0a, 0x0a, 0x0a, 
	0x09, 0x09, 0x09, 0x09, 0x07, 0x04, 0x01, 0x00, 
	0x00, 0x01, 0x06, 0x09, 0x0a, 0x0a, 0x0a, 0x0a, 
	0x0a, 0x0a, 0x0a, 0x0a, 0x0a, 0x0a, 0x0a, 0x0a, 
	0x0a, 0x0a, 0x0a, 0x0a, 0x0a, 0x0a, 0x0a, 0x0a, 
	0x09, 0x09, 0x09, 0x09, 0x07, 0x03, 0x01, 0x00, 
	0x00, 0x01, 0x05, 0x09, 0x0a, 0x0a, 0x0a, 0x0a, 
	0x0a, 0x0a, 0x0a, 0x0a, 0x0a, 0x0a, 0x0a, 0x0a, 
	0x0a, 0x0a, 0x0a, 0x0a, 0x0a, 0x0a, 0x0a, 0x0a, 
	0x09, 0x09, 0x09, 0x09, 0x06, 0x03, 0x00, 0x00, 
	0x00, 0x01, 0x04, 0x08, 0x09, 0x09, 0x0a, 0x0a, 
	0x0a, 0x0a, 0x0a, 0x0a, 0x0a, 0x0a, 0x0a, 0x0a, 
	0x0a, 0x0a, 0x0a, 0x0a, 0x0a, 0x0a, 0x0a, 0x0a, 
	0x0a, 0x09, 0x09, 0x09, 0x06, 0x02, 0x00, 0x00, 
	0x00, 0x01, 0x03, 0x07, 0x09, 0x09, 0x0a, 0x0a, 
	0x0a, 0x0a, 0x0a, 0x0a, 0x0a, 0x0a, 0x0a, 0x0a, 
	0x0a, 0x0a, 0x0a, 0x0a, 0x0a, 0x0a, 0x0a, 0x0a, 
	0x0a, 0x09, 0x09, 0x08, 0x04, 0x01, 0x00, 0x00, 
	0x00, 0x00, 0x02, 0x05, 0x09, 0x09, 0x09, 0x0a, 
	0x0a, 0x0a, 0x0a, 0x0a, 0x0a, 0x0a, 0x0a, 0x0a, 
	0x0a, 0x0a, 0x0a, 0x0a, 0x0a, 0x0a, 0x0a, 0x0a, 
	0x0a, 0x0a, 0x09, 0x07, 0x03, 0x00, 0x00, 0x00, 
	0x00, 0x00, 0x01, 0x03, 0x08, 0x09, 0x09, 0x09, 
	0x0a, 0x0a, 0x0a, 0x0a, 0x0a, 0x0a, 0x0a, 0x0a, 
	0x0a, 0x0a, 0x0a, 0x0a, 0x0a, 0x0a, 0x0a, 0x0a, 
	0x0a, 0x09, 0x08, 0x05, 0x02, 0x00, 0x00, 0x00, 
	0x00, 0x00, 0x00, 0x01, 0x06, 0x09, 0x09, 0x09, 
	0x0a, 0x0a, 0x0a, 0x0a, 0x0a, 0x0a, 0x0a, 0x0a, 
	0x0a, 0x0a, 0x0a, 0x0a, 0x0a, 0x0a, 0x0a, 0x0a, 
	0x09, 0x09, 0x07, 0x04, 0x01, 0x00, 0x00, 0x00, 
	0x00, 0x00, 0x00, 0x00, 0x03, 0x06, 0x08, 0x09, 
	0x09, 0x0a, 0x0a, 0x0a, 0x0a, 0x0a, 0x0a, 0x0a, 
	0x0a, 0x0a, 0x0a, 0x0a, 0x0a, 0x0a, 0x0a, 0x0a, 
	0x09, 0x08, 0x05, 0x02, 0x00, 0x00, 0x00, 0x00, 
	0x00, 0x00, 0x00, 0x00, 0x01, 0x03, 0x06, 0x08, 
	0x09, 0x0a, 0x0a, 0x0a, 0x0a, 0x0a, 0x0a, 0x0a, 
	0x0a, 0x0a, 0x0a, 0x0a, 0x0a, 0x0a, 0x0a, 0x09, 
	0x08, 0x05, 0x03, 0x01, 0x00, 0x00, 0x00, 0x00, 
	0x00, 0x00, 0x00, 0x00, 0x00, 0x01, 0x03, 0x05, 
	0x08, 0x09, 0x09, 0x0a, 0x0a, 0x0a, 0x0a, 0x0a, 
	0x0a, 0x0a, 0x0a, 0x0a, 0x0a, 0x09, 0x09, 0x08, 
	0x05, 0x03, 0x01, 0x00, 0x00, 0x00, 0x00, 0x00, 
	0x00, 0x00, 0x00, 0x00, 0x00, 0x00, 0x01, 0x02, 
	0x04, 0x06, 0x08, 0x09, 0x0a, 0x0a, 0x0a, 0x0a, 
	0x0a, 0x0a, 0x0a, 0x09, 0x09, 0x08, 0x07, 0x05, 
	0x03, 0x01, 0x00, 0x00, 0x00, 0x00, 0x00, 0x00, 
	0x00, 0x00, 0x00, 0x00, 0x00, 0x00, 0x00, 0x01, 
	0x01, 0x03, 0x06, 0x07, 0x08, 0x08, 0x09, 0x09, 
	0x09, 0x09, 0x08, 0x07, 0x05, 0x04, 0x03, 0x02, 
	0x01, 0x00, 0x00, 0x00, 0x00, 0x00, 0x00, 0x00, 
	0x00, 0x00, 0x00, 0x00, 0x00, 0x00, 0x00, 0x00, 
	0x00, 0x01, 0x02, 0x03, 0x03, 0x04, 0x05, 0x06, 
	0x06, 0x05, 0x04, 0x03, 0x02, 0x01, 0x01, 0x00, 
	0x00, 0x00, 0x00, 0x00, 0x00, 0x00, 0x00, 0x00, 
	0x00, 0x00, 0x00, 0x00, 0x00, 0x00, 0x00, 0x00, 
	0x00, 0x00, 0x00, 0x00, 0x00, 0x01, 0x01, 0x02, 
	0x02, 0x02, 0x01, 0x01, 0x00, 0x00, 0x00, 0x00, 
	0x00, 0x00, 0x00, 0x00, 0x00, 0x00, 0x00, 0x00, 
	
};

Vtx wf_dl_visual_fence_mesh_layer_4_vtx_cull[8] = {
	{{{923, 3584, 1534}, 0, {0, 0}, {0x00, 0x00, 0x00, 0x00}}},
	{{{923, 3712, 1534}, 0, {0, 0}, {0x00, 0x00, 0x00, 0x00}}},
	{{{923, 3712, -1022}, 0, {0, 0}, {0x00, 0x00, 0x00, 0x00}}},
	{{{923, 3584, -1022}, 0, {0, 0}, {0x00, 0x00, 0x00, 0x00}}},
	{{{1536, 3584, 1534}, 0, {0, 0}, {0x00, 0x00, 0x00, 0x00}}},
	{{{1536, 3712, 1534}, 0, {0, 0}, {0x00, 0x00, 0x00, 0x00}}},
	{{{1536, 3712, -1022}, 0, {0, 0}, {0x00, 0x00, 0x00, 0x00}}},
	{{{1536, 3584, -1022}, 0, {0, 0}, {0x00, 0x00, 0x00, 0x00}}},
};

Vtx wf_dl_visual_fence_mesh_layer_4_vtx_0[21] = {
	{{{1536, 3584, 997}, 0, {-1816, 3796}, {0xFF, 0xFF, 0xFF, 0xFF}}},
	{{{923, 3584, 997}, 0, {990, 990}, {0xFF, 0xFF, 0xFF, 0xFF}}},
	{{{923, 3712, 997}, 0, {478, 478}, {0xFF, 0xFF, 0xFF, 0xFF}}},
	{{{923, 3712, 997}, 0, {478, 478}, {0xFF, 0xFF, 0xFF, 0xFF}}},
	{{{1536, 3712, 997}, 0, {-2326, 3286}, {0xFF, 0xFF, 0xFF, 0xFF}}},
	{{{1536, 3584, -459}, 0, {-1816, 3796}, {0xFF, 0xFF, 0xFF, 0xFF}}},
	{{{923, 3584, -459}, 0, {990, 990}, {0xFF, 0xFF, 0xFF, 0xFF}}},
	{{{923, 3712, -459}, 0, {478, 478}, {0xFF, 0xFF, 0xFF, 0xFF}}},
	{{{1536, 3712, -459}, 0, {-2326, 3286}, {0xFF, 0xFF, 0xFF, 0xFF}}},
	{{{1536, 3584, 997}, 0, {990, 990}, {0xFF, 0xFF, 0xFF, 0xFF}}},
	{{{1536, 3712, 997}, 0, {478, 478}, {0xFF, 0xFF, 0xFF, 0xFF}}},
	{{{1536, 3712, 1022}, 0, {236, 744}, {0xFF, 0xFF, 0xFF, 0xFF}}},
	{{{1536, 3584, 1022}, 0, {746, 1254}, {0xFF, 0xFF, 0xFF, 0xFF}}},
	{{{1536, 3584, 1022}, 0, {1013, 987}, {0xFF, 0xFF, 0xFF, 0xFF}}},
	{{{1536, 3712, 1022}, 0, {474, 454}, {0xFF, 0xFF, 0xFF, 0xFF}}},
	{{{1024, 3712, 1534}, 0, {-2366, 3266}, {0xFF, 0xFF, 0xFF, 0xFF}}},
	{{{1024, 3584, 1534}, 0, {-1848, 3796}, {0xFF, 0xFF, 0xFF, 0xFF}}},
	{{{1536, 3584, -459}, 0, {1012, 1012}, {0xFF, 0xFF, 0xFF, 0xFF}}},
	{{{1536, 3712, -459}, 0, {502, 502}, {0xFF, 0xFF, 0xFF, 0xFF}}},
	{{{1536, 3712, -1022}, 0, {-2326, 3286}, {0xFF, 0xFF, 0xFF, 0xFF}}},
	{{{1536, 3584, -1022}, 0, {-1816, 3796}, {0xFF, 0xFF, 0xFF, 0xFF}}},
};

Gfx wf_dl_visual_fence_mesh_layer_4_tri_0[] = {
	gsSPVertex(wf_dl_visual_fence_mesh_layer_4_vtx_0 + 0, 21, 0),
	gsSP2Triangles(0, 1, 2, 0, 0, 3, 4, 0),
	gsSP2Triangles(5, 6, 7, 0, 5, 7, 8, 0),
	gsSP2Triangles(9, 10, 11, 0, 9, 11, 12, 0),
	gsSP2Triangles(13, 14, 15, 0, 13, 15, 16, 0),
	gsSP2Triangles(17, 18, 19, 0, 17, 19, 20, 0),
	gsSPEndDisplayList(),
};

Vtx wf_dl_wf_seg7_dl_070050C8_mesh_mesh_layer_1_vtx_cull[8] = {
	{{{-2508, 0, 4096}, 0, {0, 0}, {0x00, 0x00, 0x00, 0x00}}},
	{{{-2508, 3584, 4096}, 0, {0, 0}, {0x00, 0x00, 0x00, 0x00}}},
	{{{-2508, 3584, -4095}, 0, {0, 0}, {0x00, 0x00, 0x00, 0x00}}},
	{{{-2508, 0, -4095}, 0, {0, 0}, {0x00, 0x00, 0x00, 0x00}}},
	{{{4096, 0, 4096}, 0, {0, 0}, {0x00, 0x00, 0x00, 0x00}}},
	{{{4096, 3584, 4096}, 0, {0, 0}, {0x00, 0x00, 0x00, 0x00}}},
	{{{4096, 3584, -4095}, 0, {0, 0}, {0x00, 0x00, 0x00, 0x00}}},
	{{{4096, 0, -4095}, 0, {0, 0}, {0x00, 0x00, 0x00, 0x00}}},
};

Vtx wf_dl_wf_seg7_dl_070050C8_mesh_mesh_layer_1_vtx_0[13] = {
	{{{4096, 1075, -511}, 0, {0, 0}, {0x00, 0x00, 0x81, 0xFF}}},
	{{{3584, 0, -511}, 0, {990, 2112}, {0x00, 0x00, 0x81, 0xFF}}},
	{{{3584, 1075, -511}, 0, {990, 0}, {0x00, 0x00, 0x81, 0xFF}}},
	{{{4096, 0, -511}, 0, {0, 2112}, {0x00, 0x00, 0x81, 0xFF}}},
	{{{4096, 1075, 1536}, 0, {0, 990}, {0x00, 0x7F, 0x00, 0xFF}}},
	{{{4096, 1075, -511}, 0, {4056, 990}, {0x00, 0x7F, 0x00, 0xFF}}},
	{{{3584, 1075, -511}, 0, {4056, 0}, {0x00, 0x7F, 0x00, 0xFF}}},
	{{{3584, 1075, 1536}, 0, {0, 0}, {0x00, 0x7F, 0x00, 0xFF}}},
	{{{4096, 256, -511}, 0, {990, 1602}, {0x7F, 0x00, 0x00, 0xFF}}},
	{{{4096, 1075, -511}, 0, {990, 0}, {0x7F, 0x00, 0x00, 0xFF}}},
	{{{4096, 1075, 1536}, 0, {-3096, 0}, {0x7F, 0x00, 0x00, 0xFF}}},
	{{{4096, 512, 3840}, 0, {-7696, 1090}, {0x7F, 0x00, 0x00, 0xFF}}},
	{{{4096, 256, 3072}, 0, {-6162, 1602}, {0x7F, 0x00, 0x00, 0xFF}}},
};

Gfx wf_dl_wf_seg7_dl_070050C8_mesh_mesh_layer_1_tri_0[] = {
	gsSPVertex(wf_dl_wf_seg7_dl_070050C8_mesh_mesh_layer_1_vtx_0 + 0, 13, 0),
	gsSP2Triangles(0, 1, 2, 0, 0, 3, 1, 0),
	gsSP2Triangles(4, 5, 6, 0, 4, 6, 7, 0),
	gsSP2Triangles(8, 9, 10, 0, 8, 10, 11, 0),
	gsSP1Triangle(8, 11, 12, 0),
	gsSPEndDisplayList(),
};

Vtx wf_dl_wf_seg7_dl_070050C8_mesh_mesh_layer_1_vtx_1[11] = {
	{{{512, 922, 3072}, 0, {-5396, 2522}, {0x00, 0x7F, 0x00, 0xFF}}},
	{{{-1023, 922, 3072}, 0, {-9228, 2522}, {0x00, 0x7F, 0x00, 0xFF}}},
	{{{-1023, 922, 4045}, 0, {-9228, 4948}, {0x00, 0x7F, 0x00, 0xFF}}},
	{{{3021, 922, 4045}, 0, {862, 4948}, {0x00, 0x7F, 0x00, 0xFF}}},
	{{{1024, 922, 1664}, 0, {-4118, -990}, {0x00, 0x7F, 0x00, 0xFF}}},
	{{{3021, 922, 3840}, 0, {862, 4438}, {0x00, 0x7F, 0x00, 0xFF}}},
	{{{3021, 922, 3635}, 0, {862, 3926}, {0x00, 0x7F, 0x00, 0xFF}}},
	{{{3226, 922, 3635}, 0, {1374, 3926}, {0x00, 0x7F, 0x00, 0xFF}}},
	{{{2560, 922, 2048}, 0, {-286, 0}, {0x00, 0x7F, 0x00, 0xFF}}},
	{{{3072, 922, 2048}, 0, {990, 0}, {0x00, 0x7F, 0x00, 0xFF}}},
	{{{1664, 922, 1024}, 0, {-2522, -2586}, {0x00, 0x7F, 0x00, 0xFF}}},
};

Gfx wf_dl_wf_seg7_dl_070050C8_mesh_mesh_layer_1_tri_1[] = {
	gsSPVertex(wf_dl_wf_seg7_dl_070050C8_mesh_mesh_layer_1_vtx_1 + 0, 11, 0),
	gsSP2Triangles(0, 1, 2, 0, 3, 0, 2, 0),
	gsSP2Triangles(3, 4, 0, 0, 3, 5, 4, 0),
	gsSP2Triangles(5, 6, 4, 0, 4, 6, 7, 0),
	gsSP2Triangles(7, 8, 4, 0, 8, 7, 9, 0),
	gsSP1Triangle(8, 10, 4, 0),
	gsSPEndDisplayList(),
};

Vtx wf_dl_wf_seg7_dl_070050C8_mesh_mesh_layer_1_vtx_2[43] = {
	{{{3226, 2304, -1023}, 0, {20000, 5076}, {0x19, 0x78, 0x21, 0xFF}}},
	{{{2048, 2560, -1023}, 0, {15298, 5076}, {0x19, 0x78, 0x21, 0xFF}}},
	{{{2560, 2304, -511}, 0, {17342, 7120}, {0x19, 0x78, 0x21, 0xFF}}},
	{{{2560, 2304, -511}, 0, {17342, 7120}, {0x38, 0x72, 0x00, 0xFF}}},
	{{{2048, 2560, -1023}, 0, {15298, 5076}, {0x38, 0x72, 0x00, 0xFF}}},
	{{{2048, 2560, -511}, 0, {15298, 7120}, {0x38, 0x72, 0x00, 0xFF}}},
	{{{2560, 2304, 0}, 0, {17342, 9164}, {0x38, 0x72, 0x00, 0xFF}}},
	{{{2048, 2560, 0}, 0, {15298, 9164}, {0x38, 0x72, 0x00, 0xFF}}},
	{{{2048, 2560, 1024}, 0, {15298, 13252}, {0x38, 0x72, 0x00, 0xFF}}},
	{{{3226, 2304, -511}, 0, {20000, 7120}, {0x00, 0x7F, 0x00, 0xFF}}},
	{{{3226, 2304, -1023}, 0, {20000, 5076}, {0x00, 0x7F, 0x00, 0xFF}}},
	{{{2560, 2304, -511}, 0, {17342, 7120}, {0x00, 0x7F, 0x00, 0xFF}}},
	{{{2560, 2304, 0}, 0, {17342, 9164}, {0x00, 0x7F, 0x00, 0xFF}}},
	{{{3226, 2304, 0}, 0, {20000, 9164}, {0x00, 0x7F, 0x00, 0xFF}}},
	{{{2048, 2560, -1023}, 0, {15298, 5076}, {0x00, 0x7F, 0x00, 0xFF}}},
	{{{1536, 2560, 1024}, 0, {13254, 13252}, {0x00, 0x7F, 0x00, 0xFF}}},
	{{{2048, 2560, 1024}, 0, {15298, 13252}, {0x00, 0x7F, 0x00, 0xFF}}},
	{{{1536, 2560, -511}, 0, {13254, 7120}, {0x00, 0x7F, 0x00, 0xFF}}},
	{{{-1023, 2560, 1536}, 0, {3034, 15296}, {0x00, 0x7F, 0x00, 0xFF}}},
	{{{-1192, 2560, 2565}, 0, {2360, 19404}, {0x00, 0x7F, 0x00, 0xFF}}},
	{{{-1023, 2560, 2565}, 0, {3034, 19404}, {0x00, 0x7F, 0x00, 0xFF}}},
	{{{-1535, 2560, 1536}, 0, {990, 15296}, {0x00, 0x7F, 0x00, 0xFF}}},
	{{{-2047, 2560, 512}, 0, {-1052, 11208}, {0x00, 0x7F, 0x00, 0xFF}}},
	{{{-2047, 2560, -1023}, 0, {-1052, 5076}, {0x00, 0x7F, 0x00, 0xFF}}},
	{{{-1023, 2560, -511}, 0, {3034, 7120}, {0x00, 0x7F, 0x00, 0xFF}}},
	{{{-2047, 2560, -2409}, 0, {-454, -456}, {0x00, 0x7F, 0x00, 0xFF}}},
	{{{-423, 2560, -1959}, 0, {5428, 1338}, {0x00, 0x7F, 0x00, 0xFF}}},
	{{{-273, 2560, -2833}, 0, {6028, -2148}, {0x00, 0x7F, 0x00, 0xFF}}},
	{{{1024, 2560, -511}, 0, {11210, 7120}, {0x00, 0x7F, 0x00, 0xFF}}},
	{{{1536, 2560, -1023}, 0, {13254, 5076}, {0x00, 0x7F, 0x00, 0xFF}}},
	{{{1024, 2560, 1664}, 0, {11210, 15808}, {0x00, 0x7F, 0x00, 0xFF}}},
	{{{1664, 2560, 1024}, 0, {13766, 13252}, {0x00, 0x7F, 0x00, 0xFF}}},
	{{{1024, 2560, 1664}, 0, {11210, 15808}, {0x00, 0x7F, 0x00, 0xFF}}},
	{{{1536, 2560, 1024}, 0, {13254, 13252}, {0x00, 0x7F, 0x00, 0xFF}}},
	{{{1024, 2560, 1536}, 0, {11210, 15296}, {0x00, 0x7F, 0x00, 0xFF}}},
	{{{512, 2560, 1536}, 0, {9166, 15296}, {0x00, 0x7F, 0x00, 0xFF}}},
	{{{696, 2560, 2565}, 0, {9902, 19404}, {0x00, 0x7F, 0x00, 0xFF}}},
	{{{512, 2560, 2565}, 0, {9166, 19404}, {0x00, 0x7F, 0x00, 0xFF}}},
	{{{2458, 1075, -4095}, 0, {4056, -5550}, {0x00, 0x7F, 0x00, 0xFF}}},
	{{{2458, 1075, -3071}, 0, {0, -5550}, {0x00, 0x7F, 0x00, 0xFF}}},
	{{{3226, 1075, -3071}, 0, {0, -2484}, {0x00, 0x7F, 0x00, 0xFF}}},
	{{{4096, 1075, -4095}, 0, {4056, 990}, {0x00, 0x7F, 0x00, 0xFF}}},
	{{{4096, 1075, -3071}, 0, {0, 990}, {0x00, 0x7F, 0x00, 0xFF}}},
};

Gfx wf_dl_wf_seg7_dl_070050C8_mesh_mesh_layer_1_tri_2[] = {
	gsSPVertex(wf_dl_wf_seg7_dl_070050C8_mesh_mesh_layer_1_vtx_2 + 0, 32, 0),
	gsSP2Triangles(0, 1, 2, 0, 3, 4, 5, 0),
	gsSP2Triangles(6, 7, 8, 0, 9, 10, 11, 0),
	gsSP2Triangles(9, 11, 12, 0, 9, 12, 13, 0),
	gsSP2Triangles(14, 15, 16, 0, 14, 17, 15, 0),
	gsSP2Triangles(18, 19, 20, 0, 18, 21, 19, 0),
	gsSP2Triangles(21, 18, 22, 0, 22, 18, 23, 0),
	gsSP2Triangles(23, 18, 24, 0, 25, 23, 24, 0),
	gsSP2Triangles(25, 24, 26, 0, 25, 26, 27, 0),
	gsSP2Triangles(28, 27, 26, 0, 28, 29, 27, 0),
	gsSP1Triangle(15, 30, 31, 0),
	gsSPVertex(wf_dl_wf_seg7_dl_070050C8_mesh_mesh_layer_1_vtx_2 + 32, 11, 0),
	gsSP2Triangles(0, 1, 2, 0, 3, 0, 2, 0),
	gsSP2Triangles(4, 0, 3, 0, 4, 3, 5, 0),
	gsSP2Triangles(6, 7, 8, 0, 9, 6, 8, 0),
	gsSP1Triangle(9, 8, 10, 0),
	gsSPEndDisplayList(),
};

Vtx wf_dl_wf_seg7_dl_070050C8_mesh_mesh_layer_1_vtx_3[128] = {
	{{{2560, 922, 2048}, 0, {-712, 6290}, {0x00, 0x69, 0x47, 0xFF}}},
	{{{3226, 2304, 0}, 0, {990, 0}, {0x00, 0x69, 0x47, 0xFF}}},
	{{{2560, 2304, 0}, 0, {-712, 0}, {0x00, 0x69, 0x47, 0xFF}}},
	{{{2560, 922, 2048}, 0, {-712, 6290}, {0x00, 0x69, 0x47, 0xFF}}},
	{{{3072, 922, 2048}, 0, {596, 6290}, {0x00, 0x69, 0x47, 0xFF}}},
	{{{3226, 1075, -3071}, 0, {0, 990}, {0x7F, 0x00, 0x00, 0xFF}}},
	{{{3226, 1076, -3071}, 0, {4056, 990}, {0x7F, 0x00, 0x00, 0xFF}}},
	{{{3226, 2304, -511}, 0, {-10250, -3916}, {0x7F, 0x00, 0x00, 0xFF}}},
	{{{-2047, 1024, 3072}, 0, {-864, 6098}, {0x00, 0x5A, 0x5A, 0xFF}}},
	{{{-1023, 1024, 3072}, 0, {2012, 6098}, {0x00, 0x5A, 0x5A, 0xFF}}},
	{{{-1535, 2560, 1536}, 0, {572, -8}, {0x00, 0x5A, 0x5A, 0xFF}}},
	{{{-1023, 2560, 2565}, 0, {990, 0}, {0x00, 0x46, 0x6A, 0xFF}}},
	{{{-1192, 2560, 2565}, 0, {508, 0}, {0x00, 0x46, 0x6A, 0xFF}}},
	{{{-1023, 1792, 3072}, 0, {990, 2010}, {0x00, 0x46, 0x6A, 0xFF}}},
	{{{-2047, 1024, 3072}, 0, {9110, 6098}, {0x9F, 0x48, 0x27, 0xFF}}},
	{{{-1535, 2560, 1536}, 0, {4538, 0}, {0x9F, 0x48, 0x27, 0xFF}}},
	{{{-2047, 2432, 512}, 0, {0, 480}, {0x9F, 0x48, 0x27, 0xFF}}},
	{{{-1535, 2560, 1536}, 0, {4538, 0}, {0x8E, 0x00, 0x38, 0xFF}}},
	{{{-2047, 2560, 512}, 0, {0, 0}, {0x8E, 0x00, 0x38, 0xFF}}},
	{{{-2047, 2432, 512}, 0, {0, 480}, {0x8E, 0x00, 0x38, 0xFF}}},
	{{{512, 0, -4095}, 0, {10808, 11370}, {0x4E, 0x3E, 0xB2, 0xFF}}},
	{{{-273, 2560, -2833}, 0, {10188, 0}, {0x4E, 0x3E, 0xB2, 0xFF}}},
	{{{1536, 2560, -1023}, 0, {0, 0}, {0x4E, 0x3E, 0xB2, 0xFF}}},
	{{{512, 0, -4095}, 0, {6100, 14536}, {0xC6, 0x60, 0xC5, 0xFF}}},
	{{{1536, 2560, -1023}, 0, {2012, 0}, {0xC6, 0x60, 0xC5, 0xFF}}},
	{{{2458, 1203, -4095}, 0, {-1358, 6776}, {0xC6, 0x60, 0xC5, 0xFF}}},
	{{{-2047, 2560, -2409}, 0, {6668, 0}, {0xE5, 0x2F, 0x8D, 0xFF}}},
	{{{-273, 2560, -2833}, 0, {0, 0}, {0xE5, 0x2F, 0x8D, 0xFF}}},
	{{{512, 0, -4095}, 0, {-4082, 10644}, {0xE5, 0x2F, 0x8D, 0xFF}}},
	{{{512, 0, -4095}, 0, {-9192, 10644}, {0x00, 0x45, 0x96, 0xFF}}},
	{{{-2047, 0, -4095}, 0, {1212, 10818}, {0x00, 0x45, 0x96, 0xFF}}},
	{{{-2047, 2560, -2409}, 0, {1558, 0}, {0x00, 0x45, 0x96, 0xFF}}},
	{{{2048, 2560, 1024}, 0, {990, 0}, {0x00, 0x00, 0x7F, 0xFF}}},
	{{{1664, 2560, 1024}, 0, {-540, 0}, {0x00, 0x00, 0x7F, 0xFF}}},
	{{{1664, 922, 1024}, 0, {-540, 6506}, {0x00, 0x00, 0x7F, 0xFF}}},
	{{{1664, 922, 1024}, 0, {-352, 1040}, {0xA2, 0x16, 0x52, 0xFF}}},
	{{{2560, 922, 2048}, 0, {5078, 1040}, {0xA2, 0x16, 0x52, 0xFF}}},
	{{{2048, 2560, 1024}, 0, {656, -5500}, {0xA2, 0x16, 0x52, 0xFF}}},
	{{{2560, 922, 2048}, 0, {-1054, 6426}, {0x6B, 0x39, 0x26, 0xFF}}},
	{{{2560, 2304, 0}, 0, {3806, 0}, {0x6B, 0x39, 0x26, 0xFF}}},
	{{{2048, 2560, 1024}, 0, {0, 0}, {0x6B, 0x39, 0x26, 0xFF}}},
	{{{512, 1792, 3072}, 0, {464, 2010}, {0x00, 0x46, 0x6A, 0xFF}}},
	{{{696, 2560, 2565}, 0, {990, 0}, {0x00, 0x46, 0x6A, 0xFF}}},
	{{{512, 2560, 2565}, 0, {464, 0}, {0x00, 0x46, 0x6A, 0xFF}}},
	{{{512, 922, 3072}, 0, {0, 6506}, {0x77, 0x00, 0x2B, 0xFF}}},
	{{{696, 2560, 2565}, 0, {2122, 0}, {0x77, 0x00, 0x2B, 0xFF}}},
	{{{512, 1792, 3072}, 0, {0, 3032}, {0x77, 0x00, 0x2B, 0xFF}}},
	{{{512, 922, 3072}, 0, {0, 6506}, {0x77, 0x00, 0x2B, 0xFF}}},
	{{{1024, 922, 1664}, 0, {5950, 6506}, {0x77, 0x00, 0x2B, 0xFF}}},
	{{{696, 2560, 2565}, 0, {2122, 0}, {0x77, 0x00, 0x2B, 0xFF}}},
	{{{1024, 922, 1664}, 0, {5950, 6506}, {0x77, 0x00, 0x2B, 0xFF}}},
	{{{1024, 2560, 1664}, 0, {5950, 0}, {0x77, 0x00, 0x2B, 0xFF}}},
	{{{696, 2560, 2565}, 0, {2122, 0}, {0x77, 0x00, 0x2B, 0xFF}}},
	{{{2458, 1203, -4095}, 0, {4056, 480}, {0x70, 0x3B, 0x07, 0xFF}}},
	{{{1536, 2560, -1023}, 0, {-8206, -4936}, {0x70, 0x3B, 0x07, 0xFF}}},
	{{{2458, 1075, -3071}, 0, {0, 990}, {0x70, 0x3B, 0x07, 0xFF}}},
	{{{3226, 1584, -2412}, 0, {0, -2334}, {0x18, 0x6F, 0xC7, 0xFF}}},
	{{{2048, 2560, -1023}, 0, {4668, -9104}, {0x18, 0x6F, 0xC7, 0xFF}}},
	{{{3226, 2304, -1023}, 0, {0, -8480}, {0x18, 0x6F, 0xC7, 0xFF}}},
	{{{3226, 1584, -2412}, 0, {0, -2334}, {0x00, 0x68, 0xB7, 0xFF}}},
	{{{1536, 2560, -1023}, 0, {6712, -9104}, {0x00, 0x68, 0xB7, 0xFF}}},
	{{{2048, 2560, -1023}, 0, {4668, -9104}, {0x00, 0x68, 0xB7, 0xFF}}},
	{{{1536, 2560, -1023}, 0, {6712, -9104}, {0xFB, 0x65, 0xB3, 0xFF}}},
	{{{3226, 1584, -2412}, 0, {0, -2334}, {0xFB, 0x65, 0xB3, 0xFF}}},
	{{{3226, 1076, -3071}, 0, {0, 990}, {0xFB, 0x65, 0xB3, 0xFF}}},
	{{{1536, 2560, -1023}, 0, {6712, -9104}, {0x00, 0x67, 0xB5, 0xFF}}},
	{{{3226, 1076, -3071}, 0, {0, 990}, {0x00, 0x67, 0xB5, 0xFF}}},
	{{{2458, 1075, -3071}, 0, {3034, 990}, {0x00, 0x67, 0xB5, 0xFF}}},
	{{{2458, 1075, -4095}, 0, {4056, 990}, {0x7F, 0x00, 0x00, 0xFF}}},
	{{{2458, 1203, -4095}, 0, {4056, 480}, {0x7F, 0x00, 0x00, 0xFF}}},
	{{{2458, 1075, -3071}, 0, {0, 990}, {0x7F, 0x00, 0x00, 0xFF}}},
	{{{3226, 2304, -511}, 0, {-1052, 0}, {0x7F, 0x00, 0x00, 0xFF}}},
	{{{3226, 1076, -3071}, 0, {9166, 4870}, {0x7F, 0x00, 0x00, 0xFF}}},
	{{{3226, 2304, -1023}, 0, {990, 0}, {0x7F, 0x00, 0x00, 0xFF}}},
	{{{3226, 1584, -2412}, 0, {6534, 2842}, {0x7F, 0x00, 0x00, 0xFF}}},
	{{{-1023, 2025, 1536}, 0, {6100, 2100}, {0x7F, 0x00, 0x00, 0xFF}}},
	{{{-1023, 2560, 1536}, 0, {6100, 0}, {0x7F, 0x00, 0x00, 0xFF}}},
	{{{-1023, 2560, 2565}, 0, {1992, 0}, {0x7F, 0x00, 0x00, 0xFF}}},
	{{{-1023, 1024, 3072}, 0, {0, 6098}, {0x7F, 0x00, 0x00, 0xFF}}},
	{{{-1023, 1792, 3072}, 0, {0, 3032}, {0x7F, 0x00, 0x00, 0xFF}}},
	{{{-1023, 922, 3072}, 0, {0, 6506}, {0x7F, 0x00, 0x00, 0xFF}}},
	{{{2509, 2304, 0}, 0, {0, 990}, {0x00, 0x00, 0x81, 0xFF}}},
	{{{2048, 2534, 0}, 0, {10242, 1434}, {0x00, 0x00, 0x81, 0xFF}}},
	{{{2048, 2560, 0}, 0, {10490, 990}, {0x00, 0x00, 0x81, 0xFF}}},
	{{{2560, 2304, 0}, 0, {-924, 494}, {0x00, 0x00, 0x81, 0xFF}}},
	{{{2509, 2304, -511}, 0, {0, 990}, {0x00, 0x00, 0x7F, 0xFF}}},
	{{{2560, 2304, -511}, 0, {-924, 494}, {0x00, 0x00, 0x7F, 0xFF}}},
	{{{2048, 2534, -511}, 0, {10242, 1434}, {0x00, 0x00, 0x7F, 0xFF}}},
	{{{2048, 2560, -511}, 0, {10490, 990}, {0x00, 0x00, 0x7F, 0xFF}}},
	{{{3584, 1075, -3071}, 0, {-1052, -3302}, {0x00, 0x00, 0x7F, 0xFF}}},
	{{{4096, 0, -3071}, 0, {990, 990}, {0x00, 0x00, 0x7F, 0xFF}}},
	{{{4096, 1075, -3071}, 0, {990, -3302}, {0x00, 0x00, 0x7F, 0xFF}}},
	{{{3584, 0, -3071}, 0, {-1052, 990}, {0x00, 0x00, 0x7F, 0xFF}}},
	{{{-2047, 384, -1535}, 0, {-5140, 4566}, {0x81, 0x00, 0x00, 0xFF}}},
	{{{-2047, 0, -4095}, 0, {-15360, 6098}, {0x81, 0x00, 0x00, 0xFF}}},
	{{{-2047, 0, -1535}, 0, {-5140, 6098}, {0x81, 0x00, 0x00, 0xFF}}},
	{{{-2047, 1664, -833}, 0, {-2336, -544}, {0x81, 0x00, 0x00, 0xFF}}},
	{{{-2047, 1664, 318}, 0, {2262, -544}, {0x81, 0x00, 0x00, 0xFF}}},
	{{{-2047, 384, 640}, 0, {3544, 4566}, {0x81, 0x00, 0x00, 0xFF}}},
	{{{-2047, 1024, 3072}, 0, {13254, 2010}, {0x81, 0x00, 0x00, 0xFF}}},
	{{{-2047, 1792, 318}, 0, {2262, -1054}, {0x81, 0x00, 0x00, 0xFF}}},
	{{{-2047, 2432, 512}, 0, {3034, -3610}, {0x81, 0x00, 0x00, 0xFF}}},
	{{{-2047, 2432, -1023}, 0, {-3096, -3610}, {0x81, 0x00, 0x00, 0xFF}}},
	{{{-2047, 1792, -833}, 0, {-2336, -1054}, {0x81, 0x00, 0x00, 0xFF}}},
	{{{-2047, 2560, -2409}, 0, {-8630, -4120}, {0x81, 0x00, 0x00, 0xFF}}},
	{{{-2047, 2560, -1023}, 0, {-3096, -4120}, {0x81, 0x00, 0x00, 0xFF}}},
	{{{2458, 1075, -4095}, 0, {6508, 0}, {0x00, 0x00, 0x81, 0xFF}}},
	{{{512, 0, -4095}, 0, {14276, 4258}, {0x00, 0x00, 0x81, 0xFF}}},
	{{{2458, 1203, -4095}, 0, {6508, -542}, {0x00, 0x00, 0x81, 0xFF}}},
	{{{4096, 0, -4095}, 0, {0, 4258}, {0x00, 0x00, 0x81, 0xFF}}},
	{{{4096, 1075, -4095}, 0, {0, 0}, {0x00, 0x00, 0x81, 0xFF}}},
	{{{1024, 2560, 1664}, 0, {0, 0}, {0x5A, 0x00, 0x5A, 0xFF}}},
	{{{1664, 922, 1024}, 0, {3582, 6506}, {0x5A, 0x00, 0x5A, 0xFF}}},
	{{{1664, 2560, 1024}, 0, {3582, 0}, {0x5A, 0x00, 0x5A, 0xFF}}},
	{{{1024, 922, 1664}, 0, {0, 6506}, {0x5A, 0x00, 0x5A, 0xFF}}},
	{{{4096, 1075, -4095}, 0, {4056, -3302}, {0x7F, 0x00, 0x00, 0xFF}}},
	{{{4096, 1075, -3071}, 0, {0, -3302}, {0x7F, 0x00, 0x00, 0xFF}}},
	{{{4096, 0, -3071}, 0, {0, 990}, {0x7F, 0x00, 0x00, 0xFF}}},
	{{{4096, 0, -4095}, 0, {4056, 990}, {0x7F, 0x00, 0x00, 0xFF}}},
	{{{-1192, 2560, 2565}, 0, {-1052, 0}, {0x88, 0x00, 0x28, 0xFF}}},
	{{{-1535, 2560, 1536}, 0, {-5382, 0}, {0x88, 0x00, 0x28, 0xFF}}},
	{{{-1023, 1792, 3072}, 0, {1080, 3032}, {0x88, 0x00, 0x28, 0xFF}}},
	{{{-1023, 1024, 3072}, 0, {1080, 6098}, {0x88, 0x00, 0x28, 0xFF}}},
	{{{512, 922, 3072}, 0, {990, 6506}, {0x81, 0x00, 0x00, 0xFF}}},
	{{{512, 1792, 3072}, 0, {990, 3032}, {0x81, 0x00, 0x00, 0xFF}}},
	{{{512, 2560, 2565}, 0, {-1032, 0}, {0x81, 0x00, 0x00, 0xFF}}},
	{{{512, 2025, 1536}, 0, {-5140, 2100}, {0x81, 0x00, 0x00, 0xFF}}},
	{{{512, 2560, 1536}, 0, {-5140, 0}, {0x81, 0x00, 0x00, 0xFF}}},
};

Gfx wf_dl_wf_seg7_dl_070050C8_mesh_mesh_layer_1_tri_3[] = {
	gsSPVertex(wf_dl_wf_seg7_dl_070050C8_mesh_mesh_layer_1_vtx_3 + 0, 32, 0),
	gsSP2Triangles(0, 1, 2, 0, 1, 3, 4, 0),
	gsSP2Triangles(5, 6, 7, 0, 8, 9, 10, 0),
	gsSP2Triangles(11, 12, 13, 0, 14, 15, 16, 0),
	gsSP2Triangles(17, 18, 19, 0, 20, 21, 22, 0),
	gsSP2Triangles(23, 24, 25, 0, 26, 27, 28, 0),
	gsSP1Triangle(29, 30, 31, 0),
	gsSPVertex(wf_dl_wf_seg7_dl_070050C8_mesh_mesh_layer_1_vtx_3 + 32, 30, 0),
	gsSP2Triangles(0, 1, 2, 0, 3, 4, 5, 0),
	gsSP2Triangles(6, 7, 8, 0, 9, 10, 11, 0),
	gsSP2Triangles(12, 13, 14, 0, 15, 16, 17, 0),
	gsSP2Triangles(18, 19, 20, 0, 21, 22, 23, 0),
	gsSP2Triangles(24, 25, 26, 0, 27, 28, 29, 0),
	gsSPVertex(wf_dl_wf_seg7_dl_070050C8_mesh_mesh_layer_1_vtx_3 + 62, 31, 0),
	gsSP2Triangles(0, 1, 2, 0, 3, 4, 5, 0),
	gsSP2Triangles(6, 7, 8, 0, 9, 10, 11, 0),
	gsSP2Triangles(10, 12, 11, 0, 13, 14, 15, 0),
	gsSP2Triangles(16, 13, 15, 0, 16, 15, 17, 0),
	gsSP2Triangles(13, 16, 18, 0, 19, 20, 21, 0),
	gsSP2Triangles(22, 19, 21, 0, 23, 24, 25, 0),
	gsSP2Triangles(24, 26, 25, 0, 27, 28, 29, 0),
	gsSP1Triangle(27, 30, 28, 0),
	gsSPVertex(wf_dl_wf_seg7_dl_070050C8_mesh_mesh_layer_1_vtx_3 + 93, 30, 0),
	gsSP2Triangles(0, 1, 2, 0, 1, 0, 3, 0),
	gsSP2Triangles(4, 3, 0, 0, 4, 0, 5, 0),
	gsSP2Triangles(6, 4, 5, 0, 6, 7, 4, 0),
	gsSP2Triangles(6, 8, 7, 0, 9, 7, 8, 0),
	gsSP2Triangles(9, 10, 7, 0, 10, 9, 11, 0),
	gsSP2Triangles(9, 12, 11, 0, 1, 10, 11, 0),
	gsSP2Triangles(1, 3, 10, 0, 13, 14, 15, 0),
	gsSP2Triangles(16, 14, 13, 0, 16, 13, 17, 0),
	gsSP2Triangles(18, 19, 20, 0, 18, 21, 19, 0),
	gsSP2Triangles(22, 23, 24, 0, 22, 24, 25, 0),
	gsSP2Triangles(26, 27, 28, 0, 27, 29, 28, 0),
	gsSPVertex(wf_dl_wf_seg7_dl_070050C8_mesh_mesh_layer_1_vtx_3 + 123, 5, 0),
	gsSP2Triangles(0, 1, 2, 0, 0, 2, 3, 0),
	gsSP1Triangle(2, 4, 3, 0),
	gsSPEndDisplayList(),
};

Vtx wf_dl_wf_seg7_dl_070050C8_mesh_mesh_layer_1_vtx_4[4] = {
	{{{512, 922, 3072}, 0, {990, 990}, {0x00, 0x67, 0x4A, 0xFF}}},
	{{{512, 2025, 1536}, 0, {990, -6330}, {0x00, 0x67, 0x4A, 0xFF}}},
	{{{-1023, 922, 3072}, 0, {-5140, 990}, {0x00, 0x67, 0x4A, 0xFF}}},
	{{{-1023, 2025, 1536}, 0, {-5140, -6330}, {0x00, 0x67, 0x4A, 0xFF}}},
};

Gfx wf_dl_wf_seg7_dl_070050C8_mesh_mesh_layer_1_tri_4[] = {
	gsSPVertex(wf_dl_wf_seg7_dl_070050C8_mesh_mesh_layer_1_vtx_4 + 0, 4, 0),
	gsSP2Triangles(0, 1, 2, 0, 2, 1, 3, 0),
	gsSPEndDisplayList(),
};

Vtx wf_dl_wf_seg7_dl_070050C8_mesh_mesh_layer_1_vtx_5[46] = {
	{{{-127, 2560, 2099}, 0, {1936, 1858}, {0x00, 0x00, 0x7F, 0xFF}}},
	{{{-255, 2816, 2099}, 0, {990, 0}, {0x00, 0x00, 0x7F, 0xFF}}},
	{{{-383, 2560, 2099}, 0, {44, 1858}, {0x00, 0x00, 0x7F, 0xFF}}},
	{{{-255, 2816, 1536}, 0, {3716, 0}, {0x72, 0x38, 0x00, 0xFF}}},
	{{{-127, 2560, 2099}, 0, {0, 1870}, {0x72, 0x38, 0x00, 0xFF}}},
	{{{-127, 2560, 1536}, 0, {3716, 1870}, {0x72, 0x38, 0x00, 0xFF}}},
	{{{-255, 2816, 1536}, 0, {3716, 0}, {0x72, 0x38, 0x00, 0xFF}}},
	{{{-255, 2816, 2099}, 0, {0, 0}, {0x72, 0x38, 0x00, 0xFF}}},
	{{{-127, 2560, 2099}, 0, {0, 1870}, {0x72, 0x38, 0x00, 0xFF}}},
	{{{-383, 2560, 1536}, 0, {0, 850}, {0x8E, 0x38, 0x00, 0xFF}}},
	{{{-255, 2816, 2099}, 0, {3716, -1054}, {0x8E, 0x38, 0x00, 0xFF}}},
	{{{-255, 2816, 1536}, 0, {0, -1054}, {0x8E, 0x38, 0x00, 0xFF}}},
	{{{-383, 2560, 1536}, 0, {0, 850}, {0x8E, 0x38, 0x00, 0xFF}}},
	{{{-383, 2560, 2099}, 0, {3716, 850}, {0x8E, 0x38, 0x00, 0xFF}}},
	{{{-255, 2816, 2099}, 0, {3716, -1054}, {0x8E, 0x38, 0x00, 0xFF}}},
	{{{-127, 2560, 1536}, 0, {1672, 3542}, {0x00, 0x81, 0x00, 0xFF}}},
	{{{-383, 2560, 2099}, 0, {0, -202}, {0x00, 0x81, 0x00, 0xFF}}},
	{{{-383, 2560, 1536}, 0, {0, 3542}, {0x00, 0x81, 0x00, 0xFF}}},
	{{{-127, 2560, 2099}, 0, {1672, -202}, {0x00, 0x81, 0x00, 0xFF}}},
	{{{-1740, 1024, 3994}, 0, {0, -1566}, {0x00, 0x00, 0x81, 0xFF}}},
	{{{-1945, 512, 3994}, 0, {990, 990}, {0x00, 0x00, 0x81, 0xFF}}},
	{{{-1945, 1024, 3994}, 0, {990, -1566}, {0x00, 0x00, 0x81, 0xFF}}},
	{{{-1740, 512, 3994}, 0, {0, 990}, {0x00, 0x00, 0x81, 0xFF}}},
	{{{1536, 3584, -1023}, 0, {0, 990}, {0x00, 0x7F, 0x00, 0xFF}}},
	{{{1024, 3584, -511}, 0, {2012, -1054}, {0x00, 0x7F, 0x00, 0xFF}}},
	{{{1536, 3584, 1024}, 0, {0, -7186}, {0x00, 0x7F, 0x00, 0xFF}}},
	{{{-1023, 3584, 1536}, 0, {10188, -9230}, {0x00, 0x7F, 0x00, 0xFF}}},
	{{{-423, 3584, -1959}, 0, {7794, 4726}, {0x00, 0x7F, 0x00, 0xFF}}},
	{{{-1023, 3584, -511}, 0, {10188, -1054}, {0x00, 0x7F, 0x00, 0xFF}}},
	{{{1024, 3584, 1536}, 0, {2012, -9230}, {0x00, 0x7F, 0x00, 0xFF}}},
	{{{-1945, 512, 3994}, 0, {0, 0}, {0x00, 0x7F, 0x00, 0xFF}}},
	{{{-1740, 512, 3789}, 0, {990, 990}, {0x00, 0x7F, 0x00, 0xFF}}},
	{{{-1945, 512, 3789}, 0, {990, 0}, {0x00, 0x7F, 0x00, 0xFF}}},
	{{{-1740, 512, 3994}, 0, {0, 990}, {0x00, 0x7F, 0x00, 0xFF}}},
	{{{-1740, 1024, 3789}, 0, {0, -1566}, {0x81, 0x00, 0x00, 0xFF}}},
	{{{-1740, 512, 3789}, 0, {0, 990}, {0x81, 0x00, 0x00, 0xFF}}},
	{{{-1740, 512, 3994}, 0, {990, 990}, {0x81, 0x00, 0x00, 0xFF}}},
	{{{-1740, 1024, 3994}, 0, {990, -1566}, {0x81, 0x00, 0x00, 0xFF}}},
	{{{-1945, 1024, 3789}, 0, {0, -1564}, {0x00, 0x00, 0x7F, 0xFF}}},
	{{{-1740, 512, 3789}, 0, {990, 990}, {0x00, 0x00, 0x7F, 0xFF}}},
	{{{-1740, 1024, 3789}, 0, {990, -1564}, {0x00, 0x00, 0x7F, 0xFF}}},
	{{{-1945, 512, 3789}, 0, {0, 990}, {0x00, 0x00, 0x7F, 0xFF}}},
	{{{-1945, 1024, 3994}, 0, {0, -1564}, {0x7F, 0x00, 0x00, 0xFF}}},
	{{{-1945, 512, 3994}, 0, {0, 990}, {0x7F, 0x00, 0x00, 0xFF}}},
	{{{-1945, 512, 3789}, 0, {990, 990}, {0x7F, 0x00, 0x00, 0xFF}}},
	{{{-1945, 1024, 3789}, 0, {990, -1564}, {0x7F, 0x00, 0x00, 0xFF}}},
};

Gfx wf_dl_wf_seg7_dl_070050C8_mesh_mesh_layer_1_tri_5[] = {
	gsSPVertex(wf_dl_wf_seg7_dl_070050C8_mesh_mesh_layer_1_vtx_5 + 0, 30, 0),
	gsSP2Triangles(0, 1, 2, 0, 3, 4, 5, 0),
	gsSP2Triangles(6, 7, 8, 0, 9, 10, 11, 0),
	gsSP2Triangles(12, 13, 14, 0, 15, 16, 17, 0),
	gsSP2Triangles(15, 18, 16, 0, 19, 20, 21, 0),
	gsSP2Triangles(19, 22, 20, 0, 23, 24, 25, 0),
	gsSP2Triangles(25, 24, 26, 0, 24, 27, 26, 0),
	gsSP2Triangles(27, 28, 26, 0, 26, 29, 25, 0),
	gsSPVertex(wf_dl_wf_seg7_dl_070050C8_mesh_mesh_layer_1_vtx_5 + 30, 16, 0),
	gsSP2Triangles(0, 1, 2, 0, 0, 3, 1, 0),
	gsSP2Triangles(4, 5, 6, 0, 4, 6, 7, 0),
	gsSP2Triangles(8, 9, 10, 0, 8, 11, 9, 0),
	gsSP2Triangles(12, 13, 14, 0, 12, 14, 15, 0),
	gsSPEndDisplayList(),
};

Vtx wf_dl_wf_seg7_dl_070050C8_mesh_mesh_layer_1_vtx_6[4] = {
	{{{4096, 512, 4096}, 0, {1706, 0}, {0x00, 0x00, 0x7F, 0xFF}}},
	{{{3226, 512, 4096}, 0, {0, 0}, {0x00, 0x00, 0x7F, 0xFF}}},
	{{{3226, 256, 4096}, 0, {0, 478}, {0x00, 0x00, 0x7F, 0xFF}}},
	{{{4096, 256, 4096}, 0, {1706, 478}, {0x00, 0x00, 0x7F, 0xFF}}},
};

Gfx wf_dl_wf_seg7_dl_070050C8_mesh_mesh_layer_1_tri_6[] = {
	gsSPVertex(wf_dl_wf_seg7_dl_070050C8_mesh_mesh_layer_1_vtx_6 + 0, 4, 0),
	gsSP2Triangles(0, 1, 2, 0, 0, 2, 3, 0),
	gsSPEndDisplayList(),
};

Vtx wf_dl_wf_seg7_dl_070050C8_mesh_mesh_layer_1_vtx_7[39] = {
	{{{2048, 2560, -1023}, 0, {0, 990}, {0x00, 0x00, 0x81, 0xFF}}},
	{{{1536, 2560, -1023}, 0, {990, 990}, {0x00, 0x00, 0x81, 0xFF}}},
	{{{1536, 3584, -1023}, 0, {990, -1054}, {0x00, 0x00, 0x81, 0xFF}}},
	{{{2048, 2560, -1023}, 0, {1332, 990}, {0x55, 0x2A, 0x55, 0xFF}}},
	{{{1536, 3584, -1023}, 0, {650, -1056}, {0x55, 0x2A, 0x55, 0xFF}}},
	{{{1536, 2560, -511}, 0, {0, 990}, {0x55, 0x2A, 0x55, 0xFF}}},
	{{{-423, 2560, -1959}, 0, {4056, 2010}, {0x5A, 0x00, 0xA6, 0xFF}}},
	{{{1024, 3584, -511}, 0, {0, 0}, {0x5A, 0x00, 0xA6, 0xFF}}},
	{{{1024, 2560, -511}, 0, {0, 2010}, {0x5A, 0x00, 0xA6, 0xFF}}},
	{{{-423, 3584, -1959}, 0, {4056, 0}, {0x5A, 0x00, 0xA6, 0xFF}}},
	{{{-1023, 2560, -511}, 0, {3034, 2010}, {0x8B, 0x00, 0xD0, 0xFF}}},
	{{{-1023, 3584, -511}, 0, {3034, 0}, {0x8B, 0x00, 0xD0, 0xFF}}},
	{{{-423, 3584, -1959}, 0, {144, 0}, {0x8B, 0x00, 0xD0, 0xFF}}},
	{{{-423, 2560, -1959}, 0, {144, 2010}, {0x8B, 0x00, 0xD0, 0xFF}}},
	{{{1536, 2560, 1024}, 0, {0, 990}, {0x7F, 0x00, 0x00, 0xFF}}},
	{{{1536, 2560, -511}, 0, {3034, 990}, {0x7F, 0x00, 0x00, 0xFF}}},
	{{{1536, 3584, 1024}, 0, {0, -1054}, {0x7F, 0x00, 0x00, 0xFF}}},
	{{{1536, 3584, -1023}, 0, {4056, -1054}, {0x7F, 0x00, 0x00, 0xFF}}},
	{{{1536, 2560, 1024}, 0, {990, 2010}, {0x5A, 0x00, 0x5A, 0xFF}}},
	{{{1536, 3584, 1024}, 0, {990, 0}, {0x5A, 0x00, 0x5A, 0xFF}}},
	{{{1024, 3584, 1536}, 0, {-454, 0}, {0x5A, 0x00, 0x5A, 0xFF}}},
	{{{1024, 2560, 1536}, 0, {-454, 2010}, {0x5A, 0x00, 0x5A, 0xFF}}},
	{{{-1023, 2560, -511}, 0, {0, 2010}, {0x81, 0x00, 0x00, 0xFF}}},
	{{{-1023, 2560, 1536}, 0, {4056, 2010}, {0x81, 0x00, 0x00, 0xFF}}},
	{{{-1023, 3584, -511}, 0, {0, 0}, {0x81, 0x00, 0x00, 0xFF}}},
	{{{-1023, 3584, 1536}, 0, {4056, 0}, {0x81, 0x00, 0x00, 0xFF}}},
	{{{-1023, 2560, 1536}, 0, {990, 990}, {0x00, 0x00, 0x7F, 0xFF}}},
	{{{512, 2560, 1536}, 0, {4056, 990}, {0x00, 0x00, 0x7F, 0xFF}}},
	{{{-1023, 3584, 1536}, 0, {990, -1054}, {0x00, 0x00, 0x7F, 0xFF}}},
	{{{1024, 3584, 1536}, 0, {5078, -1054}, {0x00, 0x00, 0x7F, 0xFF}}},
	{{{1024, 2560, 1536}, 0, {5078, 990}, {0x00, 0x00, 0x7F, 0xFF}}},
	{{{512, 2025, 1536}, 0, {3034, 3076}, {0x00, 0x00, 0x7F, 0xFF}}},
	{{{512, 2560, 1536}, 0, {3034, 2010}, {0x00, 0x00, 0x7F, 0xFF}}},
	{{{-1023, 2025, 1536}, 0, {0, 3076}, {0x00, 0x00, 0x7F, 0xFF}}},
	{{{-1023, 2560, 1536}, 0, {0, 2010}, {0x00, 0x00, 0x7F, 0xFF}}},
	{{{1024, 2560, -511}, 0, {1414, 2010}, {0xA6, 0x00, 0xA6, 0xFF}}},
	{{{1024, 3584, -511}, 0, {1414, 0}, {0xA6, 0x00, 0xA6, 0xFF}}},
	{{{1536, 3584, -1023}, 0, {0, 0}, {0xA6, 0x00, 0xA6, 0xFF}}},
	{{{1536, 2560, -1023}, 0, {0, 2010}, {0xA6, 0x00, 0xA6, 0xFF}}},
};

Gfx wf_dl_wf_seg7_dl_070050C8_mesh_mesh_layer_1_tri_7[] = {
	gsSPVertex(wf_dl_wf_seg7_dl_070050C8_mesh_mesh_layer_1_vtx_7 + 0, 31, 0),
	gsSP2Triangles(0, 1, 2, 0, 3, 4, 5, 0),
	gsSP2Triangles(6, 7, 8, 0, 6, 9, 7, 0),
	gsSP2Triangles(10, 11, 12, 0, 10, 12, 13, 0),
	gsSP2Triangles(14, 15, 16, 0, 15, 17, 16, 0),
	gsSP2Triangles(18, 19, 20, 0, 18, 20, 21, 0),
	gsSP2Triangles(22, 23, 24, 0, 23, 25, 24, 0),
	gsSP2Triangles(26, 27, 28, 0, 29, 28, 27, 0),
	gsSP1Triangle(27, 30, 29, 0),
	gsSPVertex(wf_dl_wf_seg7_dl_070050C8_mesh_mesh_layer_1_vtx_7 + 31, 8, 0),
	gsSP2Triangles(0, 1, 2, 0, 3, 2, 1, 0),
	gsSP2Triangles(4, 5, 6, 0, 7, 4, 6, 0),
	gsSPEndDisplayList(),
};

Vtx wf_dl_wf_seg7_dl_070050C8_mesh_mesh_layer_1_vtx_8[83] = {
	{{{3226, 922, 3635}, 0, {7122, 990}, {0x85, 0x1F, 0x0B, 0xFF}}},
	{{{3226, 2304, 0}, 0, {-7320, -4704}, {0x85, 0x1F, 0x0B, 0xFF}}},
	{{{3072, 922, 2048}, 0, {756, 990}, {0x85, 0x1F, 0x0B, 0xFF}}},
	{{{3226, 922, 3635}, 0, {7122, 990}, {0x81, 0x00, 0x00, 0xFF}}},
	{{{3226, 1024, 3635}, 0, {7122, 594}, {0x81, 0x00, 0x00, 0xFF}}},
	{{{3226, 2304, 0}, 0, {-7320, -4704}, {0x81, 0x00, 0x00, 0xFF}}},
	{{{3021, 922, 3635}, 0, {-150, 0}, {0xC8, 0x72, 0x00, 0xFF}}},
	{{{3226, 1024, 3840}, 0, {990, 990}, {0xC8, 0x72, 0x00, 0xFF}}},
	{{{3226, 1024, 3635}, 0, {990, 0}, {0xC8, 0x72, 0x00, 0xFF}}},
	{{{3021, 922, 3635}, 0, {-150, 0}, {0xC8, 0x72, 0x00, 0xFF}}},
	{{{3021, 922, 3840}, 0, {-150, 990}, {0xC8, 0x72, 0x00, 0xFF}}},
	{{{3226, 1024, 3840}, 0, {990, 990}, {0xC8, 0x72, 0x00, 0xFF}}},
	{{{3226, 1024, 3840}, 0, {0, 582}, {0xA6, 0x00, 0xA6, 0xFF}}},
	{{{3021, 922, 4045}, 0, {1196, 990}, {0xA6, 0x00, 0xA6, 0xFF}}},
	{{{3021, 1024, 4045}, 0, {1196, 582}, {0xA6, 0x00, 0xA6, 0xFF}}},
	{{{3021, 922, 4045}, 0, {-150, 2010}, {0xC8, 0x72, 0x00, 0xFF}}},
	{{{3226, 1024, 3840}, 0, {990, 990}, {0xC8, 0x72, 0x00, 0xFF}}},
	{{{3021, 1024, 4045}, 0, {15814, 786}, {0x00, 0x7F, 0x00, 0xFF}}},
	{{{3226, 1024, 4096}, 0, {16728, 990}, {0x00, 0x7F, 0x00, 0xFF}}},
	{{{3226, 1024, 3840}, 0, {16728, 0}, {0x00, 0x7F, 0x00, 0xFF}}},
	{{{3226, 922, 3635}, 0, {172, 990}, {0x00, 0x00, 0x81, 0xFF}}},
	{{{3021, 922, 3635}, 0, {990, 990}, {0x00, 0x00, 0x81, 0xFF}}},
	{{{3226, 1024, 3635}, 0, {172, 582}, {0x00, 0x00, 0x81, 0xFF}}},
	{{{3584, 1024, 3635}, 0, {1808, -850}, {0x00, 0x78, 0x2A, 0xFF}}},
	{{{3226, 2304, 0}, 0, {376, -15362}, {0x00, 0x78, 0x2A, 0xFF}}},
	{{{3226, 1024, 3635}, 0, {376, -850}, {0x00, 0x78, 0x2A, 0xFF}}},
	{{{3584, 1024, 3635}, 0, {1808, -850}, {0x00, 0x78, 0x2A, 0xFF}}},
	{{{3584, 2304, 0}, 0, {1808, -15362}, {0x00, 0x78, 0x2A, 0xFF}}},
	{{{3226, 2304, 0}, 0, {376, -15362}, {0x00, 0x78, 0x2A, 0xFF}}},
	{{{3584, 1024, 3635}, 0, {18160, -850}, {0x00, 0x7F, 0x00, 0xFF}}},
	{{{3226, 1024, 3635}, 0, {16728, -850}, {0x00, 0x7F, 0x00, 0xFF}}},
	{{{3584, 1024, 3840}, 0, {18160, 0}, {0x00, 0x7F, 0x00, 0xFF}}},
	{{{3584, 512, 3840}, 0, {-14338, 5280}, {0x7F, 0x00, 0x00, 0xFF}}},
	{{{3584, 1024, 3635}, 0, {-13520, 3236}, {0x7F, 0x00, 0x00, 0xFF}}},
	{{{3584, 1024, 3840}, 0, {-14338, 3236}, {0x7F, 0x00, 0x00, 0xFF}}},
	{{{3584, 1075, 1536}, 0, {-5140, 3032}, {0x7F, 0x00, 0x00, 0xFF}}},
	{{{3584, 2304, 0}, 0, {990, -1872}, {0x7F, 0x00, 0x00, 0xFF}}},
	{{{3584, 1075, -3071}, 0, {13254, 3032}, {0x7F, 0x00, 0x00, 0xFF}}},
	{{{3584, 2304, -511}, 0, {3034, -1872}, {0x7F, 0x00, 0x00, 0xFF}}},
	{{{3584, 1075, -3071}, 0, {9166, 5076}, {0x7F, 0x00, 0x00, 0xFF}}},
	{{{3584, 0, -511}, 0, {-1052, 9368}, {0x7F, 0x00, 0x00, 0xFF}}},
	{{{3584, 0, -3071}, 0, {9166, 9368}, {0x7F, 0x00, 0x00, 0xFF}}},
	{{{3584, 1075, -511}, 0, {-1052, 5076}, {0x7F, 0x00, 0x00, 0xFF}}},
	{{{3584, 512, 3840}, 0, {1502, 2010}, {0x00, 0x00, 0x7F, 0xFF}}},
	{{{3226, 1024, 3840}, 0, {70, 0}, {0x00, 0x00, 0x7F, 0xFF}}},
	{{{3226, 512, 3840}, 0, {70, 2010}, {0x00, 0x00, 0x7F, 0xFF}}},
	{{{3584, 1024, 3840}, 0, {1502, 0}, {0x00, 0x00, 0x7F, 0xFF}}},
	{{{3584, 2304, -511}, 0, {0, 494}, {0x00, 0x7F, 0x00, 0xFF}}},
	{{{3226, 2304, 0}, 0, {1398, -1550}, {0x00, 0x7F, 0x00, 0xFF}}},
	{{{3584, 2304, 0}, 0, {0, -1550}, {0x00, 0x7F, 0x00, 0xFF}}},
	{{{3226, 2304, -511}, 0, {1398, 494}, {0x00, 0x7F, 0x00, 0xFF}}},
	{{{3226, 512, 3840}, 0, {990, 990}, {0x7F, 0x00, 0x00, 0xFF}}},
	{{{3226, 1024, 3840}, 0, {990, -1054}, {0x7F, 0x00, 0x00, 0xFF}}},
	{{{3226, 512, 4096}, 0, {0, 990}, {0x7F, 0x00, 0x00, 0xFF}}},
	{{{3226, 1024, 4096}, 0, {0, -1054}, {0x7F, 0x00, 0x00, 0xFF}}},
	{{{3021, 1024, 4045}, 0, {-750, 990}, {0x00, 0x00, 0x81, 0xFF}}},
	{{{3021, 922, 4045}, 0, {-750, 1396}, {0x00, 0x00, 0x81, 0xFF}}},
	{{{-1023, 922, 4045}, 0, {15298, 1396}, {0x00, 0x00, 0x81, 0xFF}}},
	{{{-1023, 1024, 4045}, 0, {15298, 990}, {0x00, 0x00, 0x81, 0xFF}}},
	{{{3226, 1024, 4096}, 0, {22860, 0}, {0x00, 0x00, 0x7F, 0xFF}}},
	{{{-2508, 1024, 4096}, 0, {0, 0}, {0x00, 0x00, 0x7F, 0xFF}}},
	{{{-2508, 0, 4096}, 0, {0, 4054}, {0x00, 0x00, 0x7F, 0xFF}}},
	{{{3226, 0, 4096}, 0, {22860, 4054}, {0x00, 0x00, 0x7F, 0xFF}}},
	{{{-1023, 1024, 4045}, 0, {0, 582}, {0x7F, 0x00, 0x00, 0xFF}}},
	{{{-1023, 922, 3072}, 0, {3852, 990}, {0x7F, 0x00, 0x00, 0xFF}}},
	{{{-1023, 1024, 3072}, 0, {3852, 582}, {0x7F, 0x00, 0x00, 0xFF}}},
	{{{-1023, 922, 4045}, 0, {0, 990}, {0x7F, 0x00, 0x00, 0xFF}}},
	{{{-2508, 0, 3072}, 0, {-3096, 990}, {0x81, 0x00, 0x00, 0xFF}}},
	{{{-2508, 0, 4096}, 0, {990, 990}, {0x81, 0x00, 0x00, 0xFF}}},
	{{{-2508, 1024, 4096}, 0, {990, -2586}, {0x81, 0x00, 0x00, 0xFF}}},
	{{{-2508, 1024, 3072}, 0, {-3096, -2002}, {0x81, 0x00, 0x00, 0xFF}}},
	{{{-1023, 1024, 4045}, 0, {5896, 3850}, {0x00, 0x7F, 0x00, 0xFF}}},
	{{{-1023, 1024, 4096}, 0, {5896, 4054}, {0x00, 0x7F, 0x00, 0xFF}}},
	{{{3226, 1024, 4096}, 0, {22860, 4054}, {0x00, 0x7F, 0x00, 0xFF}}},
	{{{3021, 1024, 4045}, 0, {21946, 3850}, {0x00, 0x7F, 0x00, 0xFF}}},
	{{{-2508, 1024, 4096}, 0, {0, 4054}, {0x00, 0x7F, 0x00, 0xFF}}},
	{{{-1740, 1024, 3994}, 0, {3034, 3646}, {0x00, 0x7F, 0x00, 0xFF}}},
	{{{-1945, 1024, 3994}, 0, {2216, 3646}, {0x00, 0x7F, 0x00, 0xFF}}},
	{{{-1023, 1024, 3072}, 0, {5896, 0}, {0x00, 0x7F, 0x00, 0xFF}}},
	{{{-1740, 1024, 3789}, 0, {3034, 2828}, {0x00, 0x7F, 0x00, 0xFF}}},
	{{{-1945, 1024, 3789}, 0, {2216, 2828}, {0x00, 0x7F, 0x00, 0xFF}}},
	{{{-2047, 1024, 3072}, 0, {1808, 0}, {0x00, 0x7F, 0x00, 0xFF}}},
	{{{-2508, 1024, 3072}, 0, {0, 0}, {0x00, 0x7F, 0x00, 0xFF}}},
};

Gfx wf_dl_wf_seg7_dl_070050C8_mesh_mesh_layer_1_tri_8[] = {
	gsSPVertex(wf_dl_wf_seg7_dl_070050C8_mesh_mesh_layer_1_vtx_8 + 0, 32, 0),
	gsSP2Triangles(0, 1, 2, 0, 3, 4, 5, 0),
	gsSP2Triangles(6, 7, 8, 0, 9, 10, 11, 0),
	gsSP2Triangles(12, 13, 14, 0, 15, 16, 10, 0),
	gsSP2Triangles(17, 18, 19, 0, 20, 21, 22, 0),
	gsSP2Triangles(23, 24, 25, 0, 26, 27, 28, 0),
	gsSP2Triangles(29, 30, 19, 0, 29, 19, 31, 0),
	gsSPVertex(wf_dl_wf_seg7_dl_070050C8_mesh_mesh_layer_1_vtx_8 + 32, 31, 0),
	gsSP2Triangles(0, 1, 2, 0, 0, 3, 1, 0),
	gsSP2Triangles(4, 1, 3, 0, 4, 3, 5, 0),
	gsSP2Triangles(5, 6, 4, 0, 7, 8, 9, 0),
	gsSP2Triangles(7, 10, 8, 0, 11, 12, 13, 0),
	gsSP2Triangles(14, 12, 11, 0, 15, 16, 17, 0),
	gsSP2Triangles(15, 18, 16, 0, 19, 20, 21, 0),
	gsSP2Triangles(22, 21, 20, 0, 23, 24, 25, 0),
	gsSP2Triangles(23, 25, 26, 0, 27, 28, 29, 0),
	gsSP1Triangle(27, 29, 30, 0),
	gsSPVertex(wf_dl_wf_seg7_dl_070050C8_mesh_mesh_layer_1_vtx_8 + 63, 20, 0),
	gsSP2Triangles(0, 1, 2, 0, 0, 3, 1, 0),
	gsSP2Triangles(4, 5, 6, 0, 4, 6, 7, 0),
	gsSP2Triangles(8, 9, 10, 0, 8, 10, 11, 0),
	gsSP2Triangles(12, 13, 14, 0, 9, 13, 12, 0),
	gsSP2Triangles(13, 9, 15, 0, 13, 15, 16, 0),
	gsSP2Triangles(17, 16, 15, 0, 17, 15, 18, 0),
	gsSP2Triangles(17, 18, 19, 0, 12, 17, 19, 0),
	gsSP1Triangle(12, 14, 17, 0),
	gsSPEndDisplayList(),
};

Vtx wf_dl_wf_seg7_dl_070050C8_mesh_mesh_layer_1_vtx_9[10] = {
	{{{799, 3584, -735}, 0, {990, -3982}, {0x0C, 0x00, 0x82, 0xFF}}},
	{{{881, 2791, -727}, 0, {0, 990}, {0x0C, 0x00, 0x82, 0xFF}}},
	{{{800, 2791, -735}, 0, {990, 990}, {0x0C, 0x00, 0x82, 0xFF}}},
	{{{799, 3584, -735}, 0, {990, -3982}, {0x0C, 0x00, 0x82, 0xFF}}},
	{{{881, 3584, -727}, 0, {0, -3982}, {0x0C, 0x00, 0x82, 0xFF}}},
	{{{881, 2791, -727}, 0, {0, 990}, {0x0C, 0x00, 0x82, 0xFF}}},
	{{{881, 3584, -727}, 0, {990, -3982}, {0x7E, 0x00, 0xF4, 0xFF}}},
	{{{889, 3584, -646}, 0, {0, -3982}, {0x7E, 0x00, 0xF4, 0xFF}}},
	{{{889, 2791, -646}, 0, {0, 990}, {0x7E, 0x00, 0xF4, 0xFF}}},
	{{{881, 2791, -727}, 0, {990, 990}, {0x7E, 0x00, 0xF4, 0xFF}}},
};

Gfx wf_dl_wf_seg7_dl_070050C8_mesh_mesh_layer_1_tri_9[] = {
	gsSPVertex(wf_dl_wf_seg7_dl_070050C8_mesh_mesh_layer_1_vtx_9 + 0, 10, 0),
	gsSP2Triangles(0, 1, 2, 0, 3, 4, 5, 0),
	gsSP2Triangles(6, 7, 8, 0, 6, 8, 9, 0),
	gsSPEndDisplayList(),
};

Vtx wf_dl_wf_seg7_dl_070050C8_mesh_mesh_layer_1_vtx_10[6] = {
	{{{799, 3584, -735}, 0, {0, 990}, {0x00, 0x7F, 0x00, 0xFF}}},
	{{{889, 3584, -646}, 0, {1552, 990}, {0x00, 0x7F, 0x00, 0xFF}}},
	{{{881, 3584, -727}, 0, {760, 352}, {0x00, 0x7F, 0x00, 0xFF}}},
	{{{800, 2791, -735}, 0, {-592, 0}, {0x00, 0x81, 0x00, 0xFF}}},
	{{{881, 2791, -727}, 0, {198, 606}, {0x00, 0x81, 0x00, 0xFF}}},
	{{{889, 2791, -646}, 0, {990, 0}, {0x00, 0x81, 0x00, 0xFF}}},
};

Gfx wf_dl_wf_seg7_dl_070050C8_mesh_mesh_layer_1_tri_10[] = {
	gsSPVertex(wf_dl_wf_seg7_dl_070050C8_mesh_mesh_layer_1_vtx_10 + 0, 6, 0),
	gsSP2Triangles(0, 1, 2, 0, 3, 4, 5, 0),
	gsSPEndDisplayList(),
};

Vtx wf_dl_wf_seg7_dl_070050C8_mesh_mesh_layer_1_vtx_11[4] = {
	{{{4096, 512, 3840}, 0, {990, 0}, {0x00, 0x7F, 0x00, 0xFF}}},
	{{{3226, 512, 3840}, 0, {-2482, 0}, {0x00, 0x7F, 0x00, 0xFF}}},
	{{{3226, 512, 4096}, 0, {-2482, 990}, {0x00, 0x7F, 0x00, 0xFF}}},
	{{{4096, 512, 4096}, 0, {990, 990}, {0x00, 0x7F, 0x00, 0xFF}}},
};

Gfx wf_dl_wf_seg7_dl_070050C8_mesh_mesh_layer_1_tri_11[] = {
	gsSPVertex(wf_dl_wf_seg7_dl_070050C8_mesh_mesh_layer_1_vtx_11 + 0, 4, 0),
	gsSP2Triangles(0, 1, 2, 0, 0, 2, 3, 0),
	gsSPEndDisplayList(),
};

Vtx wf_dl_wf_seg7_dl_07005538_mesh_mesh_layer_6_vtx_cull[8] = {
	{{{-2405, 641, 3686}, 0, {0, 0}, {0x00, 0x00, 0x00, 0x00}}},
	{{{-2405, 2304, 3686}, 0, {0, 0}, {0x00, 0x00, 0x00, 0x00}}},
	{{{-2405, 2304, -2940}, 0, {0, 0}, {0x00, 0x00, 0x00, 0x00}}},
	{{{-2405, 641, -2940}, 0, {0, 0}, {0x00, 0x00, 0x00, 0x00}}},
	{{{4019, 641, 3686}, 0, {0, 0}, {0x00, 0x00, 0x00, 0x00}}},
	{{{4019, 2304, 3686}, 0, {0, 0}, {0x00, 0x00, 0x00, 0x00}}},
	{{{4019, 2304, -2940}, 0, {0, 0}, {0x00, 0x00, 0x00, 0x00}}},
	{{{4019, 641, -2940}, 0, {0, 0}, {0x00, 0x00, 0x00, 0x00}}},
};

Vtx wf_dl_wf_seg7_dl_07005538_mesh_mesh_layer_6_vtx_0[27] = {
	{{{3840, 1075, -1458}, 0, {0, 0}, {0xFF, 0xFF, 0x00, 0x80}}},
	{{{3661, 1075, -1100}, 0, {0, 0}, {0xFF, 0xFF, 0x00, 0x80}}},
	{{{4019, 1075, -1100}, 0, {0, 0}, {0xFF, 0xFF, 0x00, 0x80}}},
	{{{-2278, 730, 1953}, 0, {0, 0}, {0xFF, 0xFF, 0x00, 0x80}}},
	{{{-2163, 641, 1617}, 0, {0, 0}, {0xFF, 0xFF, 0x00, 0x80}}},
	{{{-2394, 641, 1617}, 0, {0, 0}, {0xFF, 0xFF, 0x00, 0x80}}},
	{{{3392, 1959, 979}, 0, {0, 0}, {0xFF, 0xFF, 0x00, 0x80}}},
	{{{3277, 1832, 1341}, 0, {0, 0}, {0xFF, 0xFF, 0x00, 0x80}}},
	{{{3533, 1832, 1341}, 0, {0, 0}, {0xFF, 0xFF, 0x00, 0x80}}},
	{{{3277, 1364, 2669}, 0, {0, 0}, {0xFF, 0xFF, 0x00, 0x80}}},
	{{{3533, 1364, 2669}, 0, {0, 0}, {0xFF, 0xFF, 0x00, 0x80}}},
	{{{3392, 1492, 2307}, 0, {0, 0}, {0xFF, 0xFF, 0x00, 0x80}}},
	{{{3840, 1075, -2482}, 0, {0, 0}, {0xFF, 0xFF, 0x00, 0x80}}},
	{{{3661, 1075, -2124}, 0, {0, 0}, {0xFF, 0xFF, 0x00, 0x80}}},
	{{{4019, 1075, -2124}, 0, {0, 0}, {0xFF, 0xFF, 0x00, 0x80}}},
	{{{3533, 2304, -101}, 0, {0, 0}, {0xFF, 0xFF, 0x00, 0x80}}},
	{{{3533, 2304, -409}, 0, {0, 0}, {0xFF, 0xFF, 0x00, 0x80}}},
	{{{3277, 2304, -255}, 0, {0, 0}, {0xFF, 0xFF, 0x00, 0x80}}},
	{{{-2277, 1024, 3379}, 0, {0, 0}, {0xFF, 0xFF, 0x00, 0x80}}},
	{{{-2149, 1024, 3123}, 0, {0, 0}, {0xFF, 0xFF, 0x00, 0x80}}},
	{{{-2405, 1024, 3123}, 0, {0, 0}, {0xFF, 0xFF, 0x00, 0x80}}},
	{{{-1279, 1024, 3482}, 0, {0, 0}, {0xFF, 0xFF, 0x00, 0x80}}},
	{{{-1279, 1024, 3686}, 0, {0, 0}, {0xFF, 0xFF, 0x00, 0x80}}},
	{{{-1074, 1024, 3584}, 0, {0, 0}, {0xFF, 0xFF, 0x00, 0x80}}},
	{{{3277, 1165, -2940}, 0, {0, 0}, {0xFF, 0xFF, 0x00, 0x80}}},
	{{{3405, 1309, -2729}, 0, {0, 0}, {0xFF, 0xFF, 0x00, 0x80}}},
	{{{3533, 1165, -2940}, 0, {0, 0}, {0xFF, 0xFF, 0x00, 0x80}}},
};

Gfx wf_dl_wf_seg7_dl_07005538_mesh_mesh_layer_6_tri_0[] = {
	gsSPVertex(wf_dl_wf_seg7_dl_07005538_mesh_mesh_layer_6_vtx_0 + 0, 27, 0),
	gsSP2Triangles(0, 1, 2, 0, 3, 4, 5, 0),
	gsSP2Triangles(6, 7, 8, 0, 9, 10, 11, 0),
	gsSP2Triangles(12, 13, 14, 0, 15, 16, 17, 0),
	gsSP2Triangles(18, 19, 20, 0, 21, 22, 23, 0),
	gsSP1Triangle(24, 25, 26, 0),
	gsSPEndDisplayList(),
};

Vtx wf_dl_wf_seg7_dl_07005690_mesh_mesh_layer_6_vtx_cull[8] = {
	{{{-1033, 1331, 1126}, 0, {0, 0}, {0x00, 0x00, 0x00, 0x00}}},
	{{{-1033, 2944, 1126}, 0, {0, 0}, {0x00, 0x00, 0x00, 0x00}}},
	{{{-1033, 2944, -1254}, 0, {0, 0}, {0x00, 0x00, 0x00, 0x00}}},
	{{{-1033, 1331, -1254}, 0, {0, 0}, {0x00, 0x00, 0x00, 0x00}}},
	{{{3594, 1331, 1126}, 0, {0, 0}, {0x00, 0x00, 0x00, 0x00}}},
	{{{3594, 2944, 1126}, 0, {0, 0}, {0x00, 0x00, 0x00, 0x00}}},
	{{{3594, 2944, -1254}, 0, {0, 0}, {0x00, 0x00, 0x00, 0x00}}},
	{{{3594, 1331, -1254}, 0, {0, 0}, {0x00, 0x00, 0x00, 0x00}}},
};

Vtx wf_dl_wf_seg7_dl_07005690_mesh_mesh_layer_6_vtx_0[15] = {
	{{{1270, 2944, -772}, 0, {0, 0}, {0xFF, 0xFF, 0x00, 0x80}}},
	{{{1343, 2739, -844}, 0, {0, 0}, {0xFF, 0xFF, 0x00, 0x80}}},
	{{{1198, 2739, -699}, 0, {0, 0}, {0xFF, 0xFF, 0x00, 0x80}}},
	{{{3594, 1459, 870}, 0, {0, 0}, {0xFF, 0xFF, 0x00, 0x80}}},
	{{{3594, 1587, 1126}, 0, {0, 0}, {0xFF, 0xFF, 0x00, 0x80}}},
	{{{3594, 1331, 1126}, 0, {0, 0}, {0xFF, 0xFF, 0x00, 0x80}}},
	{{{3594, 1459, -511}, 0, {0, 0}, {0xFF, 0xFF, 0x00, 0x80}}},
	{{{3594, 1587, -255}, 0, {0, 0}, {0xFF, 0xFF, 0x00, 0x80}}},
	{{{3594, 1331, -255}, 0, {0, 0}, {0xFF, 0xFF, 0x00, 0x80}}},
	{{{-1033, 2944, 512}, 0, {0, 0}, {0xFF, 0xFF, 0x00, 0x80}}},
	{{{-1033, 2816, 256}, 0, {0, 0}, {0xFF, 0xFF, 0x00, 0x80}}},
	{{{-1033, 2688, 512}, 0, {0, 0}, {0xFF, 0xFF, 0x00, 0x80}}},
	{{{-824, 2944, -1017}, 0, {0, 0}, {0xFF, 0xFF, 0x00, 0x80}}},
	{{{-727, 2816, -1254}, 0, {0, 0}, {0xFF, 0xFF, 0x00, 0x80}}},
	{{{-824, 2688, -1017}, 0, {0, 0}, {0xFF, 0xFF, 0x00, 0x80}}},
};

Gfx wf_dl_wf_seg7_dl_07005690_mesh_mesh_layer_6_tri_0[] = {
	gsSPVertex(wf_dl_wf_seg7_dl_07005690_mesh_mesh_layer_6_vtx_0 + 0, 15, 0),
	gsSP2Triangles(0, 1, 2, 0, 3, 4, 5, 0),
	gsSP2Triangles(6, 7, 8, 0, 9, 10, 11, 0),
	gsSP1Triangle(12, 13, 14, 0),
	gsSPEndDisplayList(),
};

Vtx wf_dl_wf_seg7_dl_07005DD8_mesh_mesh_layer_1_vtx_cull[8] = {
	{{{-256, -127, 256}, 0, {0, 0}, {0x00, 0x00, 0x00, 0x00}}},
	{{{-256, 128, 256}, 0, {0, 0}, {0x00, 0x00, 0x00, 0x00}}},
	{{{-256, 128, -255}, 0, {0, 0}, {0x00, 0x00, 0x00, 0x00}}},
	{{{-256, -127, -255}, 0, {0, 0}, {0x00, 0x00, 0x00, 0x00}}},
	{{{255, -127, 256}, 0, {0, 0}, {0x00, 0x00, 0x00, 0x00}}},
	{{{255, 128, 256}, 0, {0, 0}, {0x00, 0x00, 0x00, 0x00}}},
	{{{255, 128, -255}, 0, {0, 0}, {0x00, 0x00, 0x00, 0x00}}},
	{{{255, -127, -255}, 0, {0, 0}, {0x00, 0x00, 0x00, 0x00}}},
};

Vtx wf_dl_wf_seg7_dl_07005DD8_mesh_mesh_layer_1_vtx_0[80] = {
	{{{-153, 77, -255}, 0, {2012, -4734}, {0x00, 0x7F, 0x00, 0xFF}}},
	{{{-204, 77, -255}, 0, {2012, -4938}, {0x00, 0x7F, 0x00, 0xFF}}},
	{{{-153, 77, 256}, 0, {0, -4734}, {0x00, 0x7F, 0x00, 0xFF}}},
	{{{-204, 77, 256}, 0, {0, -4938}, {0x00, 0x7F, 0x00, 0xFF}}},
	{{{-256, 102, 256}, 0, {0, -5142}, {0x00, 0x7F, 0x00, 0xFF}}},
	{{{-204, 102, 256}, 0, {0, -4938}, {0x00, 0x7F, 0x00, 0xFF}}},
	{{{-256, 102, -255}, 0, {2012, -5142}, {0x00, 0x7F, 0x00, 0xFF}}},
	{{{-204, 102, -255}, 0, {2012, -4938}, {0x00, 0x7F, 0x00, 0xFF}}},
	{{{255, -127, -255}, 0, {2012, -3098}, {0x00, 0x7F, 0x00, 0xFF}}},
	{{{204, -127, -255}, 0, {2012, -3302}, {0x00, 0x7F, 0x00, 0xFF}}},
	{{{255, -127, 256}, 0, {0, -3098}, {0x00, 0x7F, 0x00, 0xFF}}},
	{{{204, -127, 256}, 0, {0, -3302}, {0x00, 0x7F, 0x00, 0xFF}}},
	{{{-256, 128, 256}, 0, {0, -2076}, {0x7F, 0x00, 0x00, 0xFF}}},
	{{{-256, 102, 256}, 0, {0, -1872}, {0x7F, 0x00, 0x00, 0xFF}}},
	{{{-256, 128, -255}, 0, {4056, -2076}, {0x7F, 0x00, 0x00, 0xFF}}},
	{{{-256, 102, -255}, 0, {4056, -1872}, {0x7F, 0x00, 0x00, 0xFF}}},
	{{{-102, 26, 256}, 0, {0, -1258}, {0x7F, 0x00, 0x00, 0xFF}}},
	{{{-102, 51, -255}, 0, {4056, -1462}, {0x7F, 0x00, 0x00, 0xFF}}},
	{{{-102, 51, 256}, 0, {0, -1462}, {0x7F, 0x00, 0x00, 0xFF}}},
	{{{-102, 26, -255}, 0, {4056, -1258}, {0x7F, 0x00, 0x00, 0xFF}}},
	{{{-204, 102, 256}, 0, {0, -1872}, {0x7F, 0x00, 0x00, 0xFF}}},
	{{{-204, 77, 256}, 0, {0, -1668}, {0x7F, 0x00, 0x00, 0xFF}}},
	{{{-204, 102, -255}, 0, {4056, -1872}, {0x7F, 0x00, 0x00, 0xFF}}},
	{{{-204, 77, -255}, 0, {4056, -1668}, {0x7F, 0x00, 0x00, 0xFF}}},
	{{{-153, 51, -255}, 0, {4056, -1462}, {0x7F, 0x00, 0x00, 0xFF}}},
	{{{-153, 77, -255}, 0, {4056, -1668}, {0x7F, 0x00, 0x00, 0xFF}}},
	{{{-153, 51, 256}, 0, {0, -1462}, {0x7F, 0x00, 0x00, 0xFF}}},
	{{{-153, 77, 256}, 0, {0, -1668}, {0x7F, 0x00, 0x00, 0xFF}}},
	{{{0, -25, -255}, 0, {4056, -850}, {0x7F, 0x00, 0x00, 0xFF}}},
	{{{0, 0, -255}, 0, {4056, -1054}, {0x7F, 0x00, 0x00, 0xFF}}},
	{{{0, -25, 256}, 0, {0, -850}, {0x7F, 0x00, 0x00, 0xFF}}},
	{{{0, 0, 256}, 0, {0, -1054}, {0x7F, 0x00, 0x00, 0xFF}}},
	{{{-153, 51, 256}, 0, {0, -4734}, {0x00, 0x7F, 0x00, 0xFF}}},
	{{{-102, 51, 256}, 0, {0, -4528}, {0x00, 0x7F, 0x00, 0xFF}}},
	{{{-153, 51, -255}, 0, {2012, -4734}, {0x00, 0x7F, 0x00, 0xFF}}},
	{{{-102, 51, -255}, 0, {2012, -4528}, {0x00, 0x7F, 0x00, 0xFF}}},
	{{{-51, 0, -255}, 0, {4056, -1054}, {0x7F, 0x00, 0x00, 0xFF}}},
	{{{-51, 26, -255}, 0, {4056, -1258}, {0x7F, 0x00, 0x00, 0xFF}}},
	{{{-51, 0, 256}, 0, {0, -1054}, {0x7F, 0x00, 0x00, 0xFF}}},
	{{{-51, 26, 256}, 0, {0, -1258}, {0x7F, 0x00, 0x00, 0xFF}}},
	{{{-102, 26, 256}, 0, {0, -4528}, {0x00, 0x7F, 0x00, 0xFF}}},
	{{{-51, 26, 256}, 0, {0, -4324}, {0x00, 0x7F, 0x00, 0xFF}}},
	{{{-102, 26, -255}, 0, {2012, -4528}, {0x00, 0x7F, 0x00, 0xFF}}},
	{{{-51, 26, -255}, 0, {2012, -4324}, {0x00, 0x7F, 0x00, 0xFF}}},
	{{{0, -25, -255}, 0, {2012, -4120}, {0x00, 0x7F, 0x00, 0xFF}}},
	{{{51, -25, 256}, 0, {0, -3916}, {0x00, 0x7F, 0x00, 0xFF}}},
	{{{51, -25, -255}, 0, {2012, -3916}, {0x00, 0x7F, 0x00, 0xFF}}},
	{{{0, -25, 256}, 0, {0, -4120}, {0x00, 0x7F, 0x00, 0xFF}}},
	{{{-51, 0, 256}, 0, {0, -4324}, {0x00, 0x7F, 0x00, 0xFF}}},
	{{{0, 0, 256}, 0, {0, -4120}, {0x00, 0x7F, 0x00, 0xFF}}},
	{{{-51, 0, -255}, 0, {2012, -4324}, {0x00, 0x7F, 0x00, 0xFF}}},
	{{{0, 0, -255}, 0, {2012, -4120}, {0x00, 0x7F, 0x00, 0xFF}}},
	{{{51, -50, -255}, 0, {4056, -646}, {0x7F, 0x00, 0x00, 0xFF}}},
	{{{51, -25, -255}, 0, {4056, -850}, {0x7F, 0x00, 0x00, 0xFF}}},
	{{{51, -50, 256}, 0, {0, -646}, {0x7F, 0x00, 0x00, 0xFF}}},
	{{{51, -25, 256}, 0, {0, -850}, {0x7F, 0x00, 0x00, 0xFF}}},
	{{{102, -76, 256}, 0, {0, -3712}, {0x00, 0x7F, 0x00, 0xFF}}},
	{{{153, -76, 256}, 0, {0, -3506}, {0x00, 0x7F, 0x00, 0xFF}}},
	{{{102, -76, -255}, 0, {2012, -3712}, {0x00, 0x7F, 0x00, 0xFF}}},
	{{{153, -76, -255}, 0, {2012, -3506}, {0x00, 0x7F, 0x00, 0xFF}}},
	{{{102, -76, -255}, 0, {4056, -440}, {0x7F, 0x00, 0x00, 0xFF}}},
	{{{102, -50, -255}, 0, {4056, -646}, {0x7F, 0x00, 0x00, 0xFF}}},
	{{{102, -76, 256}, 0, {0, -440}, {0x7F, 0x00, 0x00, 0xFF}}},
	{{{102, -50, 256}, 0, {0, -646}, {0x7F, 0x00, 0x00, 0xFF}}},
	{{{51, -50, 256}, 0, {0, -3916}, {0x00, 0x7F, 0x00, 0xFF}}},
	{{{102, -50, 256}, 0, {0, -3712}, {0x00, 0x7F, 0x00, 0xFF}}},
	{{{51, -50, -255}, 0, {2012, -3916}, {0x00, 0x7F, 0x00, 0xFF}}},
	{{{102, -50, -255}, 0, {2012, -3712}, {0x00, 0x7F, 0x00, 0xFF}}},
	{{{153, -101, -255}, 0, {4056, -236}, {0x7F, 0x00, 0x00, 0xFF}}},
	{{{153, -76, -255}, 0, {4056, -440}, {0x7F, 0x00, 0x00, 0xFF}}},
	{{{153, -101, 256}, 0, {0, -236}, {0x7F, 0x00, 0x00, 0xFF}}},
	{{{153, -76, 256}, 0, {0, -440}, {0x7F, 0x00, 0x00, 0xFF}}},
	{{{153, -101, -255}, 0, {2012, -3506}, {0x00, 0x7F, 0x00, 0xFF}}},
	{{{204, -101, 256}, 0, {0, -3302}, {0x00, 0x7F, 0x00, 0xFF}}},
	{{{204, -101, -255}, 0, {2012, -3302}, {0x00, 0x7F, 0x00, 0xFF}}},
	{{{153, -101, 256}, 0, {0, -3506}, {0x00, 0x7F, 0x00, 0xFF}}},
	{{{204, -127, -255}, 0, {4056, 0}, {0x7F, 0x00, 0x00, 0xFF}}},
	{{{204, -101, -255}, 0, {4056, -236}, {0x7F, 0x00, 0x00, 0xFF}}},
	{{{204, -127, 256}, 0, {0, 0}, {0x7F, 0x00, 0x00, 0xFF}}},
	{{{204, -101, 256}, 0, {0, -236}, {0x7F, 0x00, 0x00, 0xFF}}},
};

Gfx wf_dl_wf_seg7_dl_07005DD8_mesh_mesh_layer_1_tri_0[] = {
	gsSPVertex(wf_dl_wf_seg7_dl_07005DD8_mesh_mesh_layer_1_vtx_0 + 0, 32, 0),
	gsSP2Triangles(0, 1, 2, 0, 2, 1, 3, 0),
	gsSP2Triangles(4, 5, 6, 0, 6, 5, 7, 0),
	gsSP2Triangles(8, 9, 10, 0, 11, 10, 9, 0),
	gsSP2Triangles(12, 13, 14, 0, 14, 13, 15, 0),
	gsSP2Triangles(16, 17, 18, 0, 19, 17, 16, 0),
	gsSP2Triangles(20, 21, 22, 0, 22, 21, 23, 0),
	gsSP2Triangles(24, 25, 26, 0, 26, 25, 27, 0),
	gsSP2Triangles(28, 29, 30, 0, 31, 30, 29, 0),
	gsSPVertex(wf_dl_wf_seg7_dl_07005DD8_mesh_mesh_layer_1_vtx_0 + 32, 32, 0),
	gsSP2Triangles(0, 1, 2, 0, 2, 1, 3, 0),
	gsSP2Triangles(4, 5, 6, 0, 6, 5, 7, 0),
	gsSP2Triangles(8, 9, 10, 0, 10, 9, 11, 0),
	gsSP2Triangles(12, 13, 14, 0, 15, 13, 12, 0),
	gsSP2Triangles(16, 17, 18, 0, 18, 17, 19, 0),
	gsSP2Triangles(20, 21, 22, 0, 22, 21, 23, 0),
	gsSP2Triangles(24, 25, 26, 0, 26, 25, 27, 0),
	gsSP2Triangles(28, 29, 30, 0, 30, 29, 31, 0),
	gsSPVertex(wf_dl_wf_seg7_dl_07005DD8_mesh_mesh_layer_1_vtx_0 + 64, 16, 0),
	gsSP2Triangles(0, 1, 2, 0, 3, 2, 1, 0),
	gsSP2Triangles(4, 5, 6, 0, 7, 6, 5, 0),
	gsSP2Triangles(8, 9, 10, 0, 11, 9, 8, 0),
	gsSP2Triangles(12, 13, 14, 0, 14, 13, 15, 0),
	gsSPEndDisplayList(),
};

Vtx wf_dl_wf_seg7_dl_070064E8_mesh_mesh_layer_1_vtx_cull[8] = {
	{{{-178, -588, 1280}, 0, {0, 0}, {0x00, 0x00, 0x00, 0x00}}},
	{{{-178, 640, 1280}, 0, {0, 0}, {0x00, 0x00, 0x00, 0x00}}},
	{{{-178, 640, -1279}, 0, {0, 0}, {0x00, 0x00, 0x00, 0x00}}},
	{{{-178, -588, -1279}, 0, {0, 0}, {0x00, 0x00, 0x00, 0x00}}},
	{{{179, -588, 1280}, 0, {0, 0}, {0x00, 0x00, 0x00, 0x00}}},
	{{{179, 640, 1280}, 0, {0, 0}, {0x00, 0x00, 0x00, 0x00}}},
	{{{179, 640, -1279}, 0, {0, 0}, {0x00, 0x00, 0x00, 0x00}}},
	{{{179, -588, -1279}, 0, {0, 0}, {0x00, 0x00, 0x00, 0x00}}},
};

Vtx wf_dl_wf_seg7_dl_070064E8_mesh_mesh_layer_1_vtx_0[63] = {
	{{{179, 275, 520}, 0, {1980, 1626}, {0x7F, 0x00, 0x00, 0xFF}}},
	{{{179, 458, 520}, 0, {1982, 900}, {0x7F, 0x00, 0x00, 0xFF}}},
	{{{179, 458, 900}, 0, {462, 900}, {0x7F, 0x00, 0x00, 0xFF}}},
	{{{179, 640, 900}, 0, {464, 172}, {0x7F, 0x00, 0x00, 0xFF}}},
	{{{179, 640, 1280}, 0, {-1052, 172}, {0x7F, 0x00, 0x00, 0xFF}}},
	{{{-178, -587, -1279}, 0, {1398, 2234}, {0x00, 0x69, 0xB8, 0xFF}}},
	{{{-178, -267, -810}, 0, {1398, 0}, {0x00, 0x69, 0xB8, 0xFF}}},
	{{{179, -267, -810}, 0, {0, 0}, {0x00, 0x69, 0xB8, 0xFF}}},
	{{{179, 93, 140}, 0, {3496, 2354}, {0x7F, 0x00, 0x00, 0xFF}}},
	{{{179, 275, 140}, 0, {3498, 1626}, {0x7F, 0x00, 0x00, 0xFF}}},
	{{{179, -88, -239}, 0, {5012, 3082}, {0x7F, 0x00, 0x00, 0xFF}}},
	{{{179, 93, -239}, 0, {5014, 2354}, {0x7F, 0x00, 0x00, 0xFF}}},
	{{{179, -79, -620}, 0, {6534, 3046}, {0x7F, 0x00, 0x00, 0xFF}}},
	{{{179, -271, -620}, 0, {6534, 3812}, {0x7F, 0x00, 0x00, 0xFF}}},
	{{{179, -588, -1279}, 0, {0, 2236}, {0x00, 0x69, 0xB8, 0xFF}}},
	{{{-178, -587, -1279}, 0, {1398, 2234}, {0x00, 0x69, 0xB8, 0xFF}}},
	{{{179, -267, -810}, 0, {0, 0}, {0x00, 0x69, 0xB8, 0xFF}}},
	{{{179, -267, -810}, 0, {7294, 3794}, {0x7F, 0x00, 0x00, 0xFF}}},
	{{{179, -588, -1279}, 0, {9166, 5076}, {0x7F, 0x00, 0x00, 0xFF}}},
	{{{179, 458, 900}, 0, {0, 2008}, {0x00, 0x7F, 0x00, 0xFF}}},
	{{{179, 458, 520}, 0, {0, 3526}, {0x00, 0x7F, 0x00, 0xFF}}},
	{{{-178, 458, 520}, 0, {1398, 3526}, {0x00, 0x7F, 0x00, 0xFF}}},
	{{{-178, 458, 900}, 0, {1398, 2008}, {0x00, 0x7F, 0x00, 0xFF}}},
	{{{179, -88, -239}, 0, {0, 6558}, {0x00, 0x7F, 0x02, 0xFF}}},
	{{{179, -79, -620}, 0, {0, 8080}, {0x00, 0x7F, 0x02, 0xFF}}},
	{{{-178, -88, -239}, 0, {1398, 6558}, {0x00, 0x7F, 0x02, 0xFF}}},
	{{{-178, -79, -620}, 0, {1398, 8080}, {0x00, 0x7F, 0x02, 0xFF}}},
	{{{179, 640, 1280}, 0, {0, 494}, {0x00, 0x7F, 0x00, 0xFF}}},
	{{{-178, 640, 900}, 0, {1398, 2010}, {0x00, 0x7F, 0x00, 0xFF}}},
	{{{-178, 640, 1280}, 0, {1398, 494}, {0x00, 0x7F, 0x00, 0xFF}}},
	{{{179, 640, 900}, 0, {0, 2010}, {0x00, 0x7F, 0x00, 0xFF}}},
	{{{179, 640, 900}, 0, {70, 262}, {0x00, 0x00, 0x81, 0xFF}}},
	{{{-178, 458, 900}, 0, {1502, 990}, {0x00, 0x00, 0x81, 0xFF}}},
	{{{-178, 640, 900}, 0, {1502, 262}, {0x00, 0x00, 0x81, 0xFF}}},
	{{{179, 458, 900}, 0, {70, 990}, {0x00, 0x00, 0x81, 0xFF}}},
	{{{179, 275, 140}, 0, {70, 1708}, {0x00, 0x00, 0x81, 0xFF}}},
	{{{179, 93, 140}, 0, {70, 2436}, {0x00, 0x00, 0x81, 0xFF}}},
	{{{-178, 93, 140}, 0, {1502, 2436}, {0x00, 0x00, 0x81, 0xFF}}},
	{{{-178, 275, 140}, 0, {1502, 1708}, {0x00, 0x00, 0x81, 0xFF}}},
	{{{179, 458, 520}, 0, {70, 986}, {0x00, 0x00, 0x81, 0xFF}}},
	{{{-178, 275, 520}, 0, {1502, 1712}, {0x00, 0x00, 0x81, 0xFF}}},
	{{{-178, 458, 520}, 0, {1502, 986}, {0x00, 0x00, 0x81, 0xFF}}},
	{{{179, 275, 520}, 0, {70, 1712}, {0x00, 0x00, 0x81, 0xFF}}},
	{{{179, 275, 520}, 0, {0, 3524}, {0x00, 0x7F, 0x00, 0xFF}}},
	{{{-178, 275, 140}, 0, {1398, 5044}, {0x00, 0x7F, 0x00, 0xFF}}},
	{{{-178, 275, 520}, 0, {1398, 3524}, {0x00, 0x7F, 0x00, 0xFF}}},
	{{{179, 275, 140}, 0, {0, 5044}, {0x00, 0x7F, 0x00, 0xFF}}},
	{{{179, 93, 140}, 0, {0, 5042}, {0x00, 0x7F, 0x00, 0xFF}}},
	{{{-178, 93, -239}, 0, {1398, 6560}, {0x00, 0x7F, 0x00, 0xFF}}},
	{{{-178, 93, 140}, 0, {1398, 5042}, {0x00, 0x7F, 0x00, 0xFF}}},
	{{{179, 93, -239}, 0, {0, 6560}, {0x00, 0x7F, 0x00, 0xFF}}},
	{{{179, 93, -239}, 0, {70, 2432}, {0x00, 0x00, 0x81, 0xFF}}},
	{{{-178, -88, -239}, 0, {1502, 3160}, {0x00, 0x00, 0x81, 0xFF}}},
	{{{-178, 93, -239}, 0, {1502, 2432}, {0x00, 0x00, 0x81, 0xFF}}},
	{{{179, -88, -239}, 0, {70, 3160}, {0x00, 0x00, 0x81, 0xFF}}},
	{{{179, -271, -620}, 0, {70, 3886}, {0x00, 0x00, 0x81, 0xFF}}},
	{{{-178, -271, -620}, 0, {1502, 3884}, {0x00, 0x00, 0x81, 0xFF}}},
	{{{179, -79, -620}, 0, {70, 3118}, {0x00, 0x00, 0x81, 0xFF}}},
	{{{-178, -79, -620}, 0, {1502, 3118}, {0x00, 0x00, 0x81, 0xFF}}},
	{{{179, -271, -620}, 0, {0, 8080}, {0x00, 0x7F, 0x02, 0xFF}}},
	{{{179, -267, -810}, 0, {0, 8840}, {0x00, 0x7F, 0x02, 0xFF}}},
	{{{-178, -267, -810}, 0, {1398, 8840}, {0x00, 0x7F, 0x02, 0xFF}}},
	{{{-178, -271, -620}, 0, {1398, 8080}, {0x00, 0x7F, 0x02, 0xFF}}},
};

Gfx wf_dl_wf_seg7_dl_070064E8_mesh_mesh_layer_1_tri_0[] = {
	gsSPVertex(wf_dl_wf_seg7_dl_070064E8_mesh_mesh_layer_1_vtx_0 + 0, 31, 0),
	gsSP2Triangles(0, 1, 2, 0, 2, 3, 4, 0),
	gsSP2Triangles(5, 6, 7, 0, 8, 9, 0, 0),
	gsSP2Triangles(10, 11, 8, 0, 12, 10, 13, 0),
	gsSP2Triangles(14, 15, 16, 0, 17, 13, 18, 0),
	gsSP2Triangles(19, 20, 21, 0, 19, 21, 22, 0),
	gsSP2Triangles(23, 24, 25, 0, 24, 26, 25, 0),
	gsSP2Triangles(27, 28, 29, 0, 27, 30, 28, 0),
	gsSPVertex(wf_dl_wf_seg7_dl_070064E8_mesh_mesh_layer_1_vtx_0 + 31, 32, 0),
	gsSP2Triangles(0, 1, 2, 0, 0, 3, 1, 0),
	gsSP2Triangles(4, 5, 6, 0, 4, 6, 7, 0),
	gsSP2Triangles(8, 9, 10, 0, 8, 11, 9, 0),
	gsSP2Triangles(12, 13, 14, 0, 12, 15, 13, 0),
	gsSP2Triangles(16, 17, 18, 0, 16, 19, 17, 0),
	gsSP2Triangles(20, 21, 22, 0, 20, 23, 21, 0),
	gsSP2Triangles(24, 25, 26, 0, 25, 27, 26, 0),
	gsSP2Triangles(28, 29, 30, 0, 28, 30, 31, 0),
	gsSPEndDisplayList(),
};

Vtx wf_dl_wf_seg7_dl_07006820_mesh_mesh_layer_1_vtx_cull[8] = {
	{{{-255, 0, 256}, 0, {0, 0}, {0x00, 0x00, 0x00, 0x00}}},
	{{{-255, 1075, 256}, 0, {0, 0}, {0x00, 0x00, 0x00, 0x00}}},
	{{{-255, 1075, -255}, 0, {0, 0}, {0x00, 0x00, 0x00, 0x00}}},
	{{{-255, 0, -255}, 0, {0, 0}, {0x00, 0x00, 0x00, 0x00}}},
	{{{256, 0, 256}, 0, {0, 0}, {0x00, 0x00, 0x00, 0x00}}},
	{{{256, 1075, 256}, 0, {0, 0}, {0x00, 0x00, 0x00, 0x00}}},
	{{{256, 1075, -255}, 0, {0, 0}, {0x00, 0x00, 0x00, 0x00}}},
	{{{256, 0, -255}, 0, {0, 0}, {0x00, 0x00, 0x00, 0x00}}},
};

Vtx wf_dl_wf_seg7_dl_07006820_mesh_mesh_layer_1_vtx_0[4] = {
	{{{256, 1075, -255}, 0, {-9228, 990}, {0x00, 0x7F, 0x00, 0xFF}}},
	{{{-255, 1075, -255}, 0, {-9228, -1054}, {0x00, 0x7F, 0x00, 0xFF}}},
	{{{-255, 1075, 256}, 0, {-11272, -1054}, {0x00, 0x7F, 0x00, 0xFF}}},
	{{{256, 1075, 256}, 0, {-11272, 990}, {0x00, 0x7F, 0x00, 0xFF}}},
};

Gfx wf_dl_wf_seg7_dl_07006820_mesh_mesh_layer_1_tri_0[] = {
	gsSPVertex(wf_dl_wf_seg7_dl_07006820_mesh_mesh_layer_1_vtx_0 + 0, 4, 0),
	gsSP2Triangles(0, 1, 2, 0, 0, 2, 3, 0),
	gsSPEndDisplayList(),
};

Vtx wf_dl_wf_seg7_dl_07006820_mesh_mesh_layer_1_vtx_1[12] = {
	{{{256, 1075, 256}, 0, {3034, 0}, {0x7F, 0x00, 0x00, 0xFF}}},
	{{{256, 0, -255}, 0, {5078, 4258}, {0x7F, 0x00, 0x00, 0xFF}}},
	{{{256, 1075, -255}, 0, {5078, 0}, {0x7F, 0x00, 0x00, 0xFF}}},
	{{{256, 0, 256}, 0, {3034, 4258}, {0x7F, 0x00, 0x00, 0xFF}}},
	{{{-255, 1075, 256}, 0, {-1052, 0}, {0x00, 0x00, 0x7F, 0xFF}}},
	{{{256, 0, 256}, 0, {990, 4258}, {0x00, 0x00, 0x7F, 0xFF}}},
	{{{256, 1075, 256}, 0, {990, 0}, {0x00, 0x00, 0x7F, 0xFF}}},
	{{{-255, 0, 256}, 0, {-1052, 4258}, {0x00, 0x00, 0x7F, 0xFF}}},
	{{{256, 1075, -255}, 0, {-1052, 0}, {0x00, 0x00, 0x81, 0xFF}}},
	{{{-255, 0, -255}, 0, {990, 4258}, {0x00, 0x00, 0x81, 0xFF}}},
	{{{-255, 1075, -255}, 0, {990, 0}, {0x00, 0x00, 0x81, 0xFF}}},
	{{{256, 0, -255}, 0, {-1052, 4258}, {0x00, 0x00, 0x81, 0xFF}}},
};

Gfx wf_dl_wf_seg7_dl_07006820_mesh_mesh_layer_1_tri_1[] = {
	gsSPVertex(wf_dl_wf_seg7_dl_07006820_mesh_mesh_layer_1_vtx_1 + 0, 12, 0),
	gsSP2Triangles(0, 1, 2, 0, 0, 3, 1, 0),
	gsSP2Triangles(4, 5, 6, 0, 4, 7, 5, 0),
	gsSP2Triangles(8, 9, 10, 0, 8, 11, 9, 0),
	gsSPEndDisplayList(),
};

Vtx wf_dl_wf_seg7_dl_07006820_mesh_001_mesh_layer_1_vtx_cull[8] = {
	{{{-255, 0, 256}, 0, {0, 0}, {0x00, 0x00, 0x00, 0x00}}},
	{{{-255, 1075, 256}, 0, {0, 0}, {0x00, 0x00, 0x00, 0x00}}},
	{{{-255, 1075, -255}, 0, {0, 0}, {0x00, 0x00, 0x00, 0x00}}},
	{{{-255, 0, -255}, 0, {0, 0}, {0x00, 0x00, 0x00, 0x00}}},
	{{{256, 0, 256}, 0, {0, 0}, {0x00, 0x00, 0x00, 0x00}}},
	{{{256, 1075, 256}, 0, {0, 0}, {0x00, 0x00, 0x00, 0x00}}},
	{{{256, 1075, -255}, 0, {0, 0}, {0x00, 0x00, 0x00, 0x00}}},
	{{{256, 0, -255}, 0, {0, 0}, {0x00, 0x00, 0x00, 0x00}}},
};

Vtx wf_dl_wf_seg7_dl_07006820_mesh_001_mesh_layer_1_vtx_0[4] = {
	{{{256, 1075, -255}, 0, {-9228, 990}, {0x00, 0x7F, 0x00, 0xFF}}},
	{{{-255, 1075, -255}, 0, {-9228, -1054}, {0x00, 0x7F, 0x00, 0xFF}}},
	{{{-255, 1075, 256}, 0, {-11272, -1054}, {0x00, 0x7F, 0x00, 0xFF}}},
	{{{256, 1075, 256}, 0, {-11272, 990}, {0x00, 0x7F, 0x00, 0xFF}}},
};

Gfx wf_dl_wf_seg7_dl_07006820_mesh_001_mesh_layer_1_tri_0[] = {
	gsSPVertex(wf_dl_wf_seg7_dl_07006820_mesh_001_mesh_layer_1_vtx_0 + 0, 4, 0),
	gsSP2Triangles(0, 1, 2, 0, 0, 2, 3, 0),
	gsSPEndDisplayList(),
};

Vtx wf_dl_wf_seg7_dl_07006820_mesh_001_mesh_layer_1_vtx_1[12] = {
	{{{256, 1075, 256}, 0, {3034, 0}, {0x7F, 0x00, 0x00, 0xFF}}},
	{{{256, 0, -255}, 0, {5078, 4258}, {0x7F, 0x00, 0x00, 0xFF}}},
	{{{256, 1075, -255}, 0, {5078, 0}, {0x7F, 0x00, 0x00, 0xFF}}},
	{{{256, 0, 256}, 0, {3034, 4258}, {0x7F, 0x00, 0x00, 0xFF}}},
	{{{-255, 1075, 256}, 0, {-1052, 0}, {0x00, 0x00, 0x7F, 0xFF}}},
	{{{256, 0, 256}, 0, {990, 4258}, {0x00, 0x00, 0x7F, 0xFF}}},
	{{{256, 1075, 256}, 0, {990, 0}, {0x00, 0x00, 0x7F, 0xFF}}},
	{{{-255, 0, 256}, 0, {-1052, 4258}, {0x00, 0x00, 0x7F, 0xFF}}},
	{{{256, 1075, -255}, 0, {-1052, 0}, {0x00, 0x00, 0x81, 0xFF}}},
	{{{-255, 0, -255}, 0, {990, 4258}, {0x00, 0x00, 0x81, 0xFF}}},
	{{{-255, 1075, -255}, 0, {990, 0}, {0x00, 0x00, 0x81, 0xFF}}},
	{{{256, 0, -255}, 0, {-1052, 4258}, {0x00, 0x00, 0x81, 0xFF}}},
};

Gfx wf_dl_wf_seg7_dl_07006820_mesh_001_mesh_layer_1_tri_1[] = {
	gsSPVertex(wf_dl_wf_seg7_dl_07006820_mesh_001_mesh_layer_1_vtx_1 + 0, 12, 0),
	gsSP2Triangles(0, 1, 2, 0, 0, 3, 1, 0),
	gsSP2Triangles(4, 5, 6, 0, 4, 7, 5, 0),
	gsSP2Triangles(8, 9, 10, 0, 8, 11, 9, 0),
	gsSPEndDisplayList(),
};

Vtx wf_dl_wf_seg7_dl_07007220_mesh_mesh_layer_4_vtx_cull[8] = {
	{{{-3276, 256, 5632}, 0, {0, 0}, {0x00, 0x00, 0x00, 0x00}}},
	{{{-3276, 2688, 5632}, 0, {0, 0}, {0x00, 0x00, 0x00, 0x00}}},
	{{{-3276, 2688, -4095}, 0, {0, 0}, {0x00, 0x00, 0x00, 0x00}}},
	{{{-3276, 256, -4095}, 0, {0, 0}, {0x00, 0x00, 0x00, 0x00}}},
	{{{5120, 256, 5632}, 0, {0, 0}, {0x00, 0x00, 0x00, 0x00}}},
	{{{5120, 2688, 5632}, 0, {0, 0}, {0x00, 0x00, 0x00, 0x00}}},
	{{{5120, 2688, -4095}, 0, {0, 0}, {0x00, 0x00, 0x00, 0x00}}},
	{{{5120, 256, -4095}, 0, {0, 0}, {0x00, 0x00, 0x00, 0x00}}},
};

Vtx wf_dl_wf_seg7_dl_07007220_mesh_mesh_layer_4_vtx_0[60] = {
	{{{-2508, 1024, 4096}, 0, {1500, 480}, {0xFF, 0xFF, 0xFF, 0xFF}}},
	{{{-2508, 1152, 4096}, 0, {990, 0}, {0xFF, 0xFF, 0xFF, 0xFF}}},
	{{{-1023, 1152, 4096}, 0, {-5140, 6098}, {0xFF, 0xFF, 0xFF, 0xFF}}},
	{{{-1023, 1024, 4096}, 0, {-4630, 6610}, {0xFF, 0xFF, 0xFF, 0xFF}}},
	{{{-1535, 2560, 1536}, 0, {-5304, -4284}, {0xFF, 0xFF, 0xFF, 0xFF}}},
	{{{-2047, 2662, 512}, 0, {918, 918}, {0xFF, 0xFF, 0xFF, 0xFF}}},
	{{{-1535, 2662, 1536}, 0, {-4792, -4794}, {0xFF, 0xFF, 0xFF, 0xFF}}},
	{{{-2047, 2560, 512}, 0, {408, 1428}, {0xFF, 0xFF, 0xFF, 0xFF}}},
	{{{-273, 2560, -2833}, 0, {480, 1500}, {0xFF, 0xFF, 0xFF, 0xFF}}},
	{{{1536, 2560, -1023}, 0, {13254, -11274}, {0xFF, 0xFF, 0xFF, 0xFF}}},
	{{{1536, 2662, -1023}, 0, {12744, -11786}, {0xFF, 0xFF, 0xFF, 0xFF}}},
	{{{-273, 2662, -2833}, 0, {0, 990}, {0xFF, 0xFF, 0xFF, 0xFF}}},
	{{{3226, 2432, 0}, 0, {-132, 1090}, {0xFF, 0xFF, 0xFF, 0xFF}}},
	{{{2560, 2304, 0}, 0, {3034, -1054}, {0xFF, 0xFF, 0xFF, 0xFF}}},
	{{{3226, 2304, 0}, 0, {376, 1602}, {0xFF, 0xFF, 0xFF, 0xFF}}},
	{{{2560, 2432, 0}, 0, {2524, -1566}, {0xFF, 0xFF, 0xFF, 0xFF}}},
	{{{2048, 2688, 0}, 0, {3546, -4632}, {0xFF, 0xFF, 0xFF, 0xFF}}},
	{{{2048, 2560, 0}, 0, {4056, -4120}, {0xFF, 0xFF, 0xFF, 0xFF}}},
	{{{2048, 2560, 1024}, 0, {-3096, 5076}, {0xFF, 0xFF, 0xFF, 0xFF}}},
	{{{2048, 2560, 0}, 0, {990, 990}, {0xFF, 0xFF, 0xFF, 0xFF}}},
	{{{2048, 2688, 0}, 0, {478, 478}, {0xFF, 0xFF, 0xFF, 0xFF}}},
	{{{2048, 2688, 1024}, 0, {-3606, 4566}, {0xFF, 0xFF, 0xFF, 0xFF}}},
	{{{-2047, 2662, -2409}, 0, {478, 480}, {0xFF, 0xFF, 0xFF, 0xFF}}},
	{{{-2047, 2560, -1023}, 0, {-5966, 7946}, {0xFF, 0xFF, 0xFF, 0xFF}}},
	{{{-2047, 2560, -2409}, 0, {990, 990}, {0xFF, 0xFF, 0xFF, 0xFF}}},
	{{{-2047, 2662, -1023}, 0, {-6476, 7434}, {0xFF, 0xFF, 0xFF, 0xFF}}},
	{{{-3276, 384, -1535}, 0, {5078, -3098}, {0xFF, 0xFF, 0xFF, 0xFF}}},
	{{{-2047, 512, -1535}, 0, {-336, 1294}, {0xFF, 0xFF, 0xFF, 0xFF}}},
	{{{-3276, 512, -1535}, 0, {4566, -3608}, {0xFF, 0xFF, 0xFF, 0xFF}}},
	{{{-2047, 384, -1535}, 0, {172, 1806}, {0xFF, 0xFF, 0xFF, 0xFF}}},
	{{{-2047, 2560, -2409}, 0, {478, 1500}, {0xFF, 0xFF, 0xFF, 0xFF}}},
	{{{-273, 2662, -2833}, 0, {8344, -7386}, {0xFF, 0xFF, 0xFF, 0xFF}}},
	{{{-2047, 2662, -2409}, 0, {0, 990}, {0xFF, 0xFF, 0xFF, 0xFF}}},
	{{{-273, 2560, -2833}, 0, {8854, -6874}, {0xFF, 0xFF, 0xFF, 0xFF}}},
	{{{4096, 1075, -4095}, 0, {990, 990}, {0xFF, 0xFF, 0xFF, 0xFF}}},
	{{{4096, 1203, -4095}, 0, {478, 478}, {0xFF, 0xFF, 0xFF, 0xFF}}},
	{{{2458, 1203, -4095}, 0, {-6060, 7018}, {0xFF, 0xFF, 0xFF, 0xFF}}},
	{{{2458, 1075, -4095}, 0, {-5548, 7528}, {0xFF, 0xFF, 0xFF, 0xFF}}},
	{{{-2047, 2560, 512}, 0, {-6736, 8716}, {0xFF, 0xFF, 0xFF, 0xFF}}},
	{{{-2047, 2560, -1023}, 0, {926, 1052}, {0xFF, 0xFF, 0xFF, 0xFF}}},
	{{{-2047, 2662, -1023}, 0, {416, 542}, {0xFF, 0xFF, 0xFF, 0xFF}}},
	{{{-2047, 2662, 512}, 0, {-7248, 8206}, {0xFF, 0xFF, 0xFF, 0xFF}}},
	{{{4096, 1075, -4095}, 0, {478, 1498}, {0xFF, 0xFF, 0xFF, 0xFF}}},
	{{{4096, 1203, -3071}, 0, {4056, -3098}, {0xFF, 0xFF, 0xFF, 0xFF}}},
	{{{4096, 1203, -4095}, 0, {0, 990}, {0xFF, 0xFF, 0xFF, 0xFF}}},
	{{{4096, 1075, -3071}, 0, {4566, -2588}, {0xFF, 0xFF, 0xFF, 0xFF}}},
	{{{-3276, 384, 640}, 0, {480, 1498}, {0xFF, 0xFF, 0xFF, 0xFF}}},
	{{{-3276, 512, -1535}, 0, {7122, -6164}, {0xFF, 0xFF, 0xFF, 0xFF}}},
	{{{-3276, 512, 640}, 0, {0, 990}, {0xFF, 0xFF, 0xFF, 0xFF}}},
	{{{-3276, 384, -1535}, 0, {7634, -5654}, {0xFF, 0xFF, 0xFF, 0xFF}}},
	{{{-3276, 384, 640}, 0, {3544, -1564}, {0xFF, 0xFF, 0xFF, 0xFF}}},
	{{{-2508, 512, 640}, 0, {0, 990}, {0xFF, 0xFF, 0xFF, 0xFF}}},
	{{{-2508, 384, 640}, 0, {478, 1500}, {0xFF, 0xFF, 0xFF, 0xFF}}},
	{{{-3276, 512, 640}, 0, {3034, -2076}, {0xFF, 0xFF, 0xFF, 0xFF}}},
	{{{-2508, 384, 640}, 0, {17342, -10252}, {0xFF, 0xFF, 0xFF, 0xFF}}},
	{{{-2508, 512, 640}, 0, {16832, -10762}, {0xFF, 0xFF, 0xFF, 0xFF}}},
	{{{-2508, 1152, 3072}, 0, {4786, -2368}, {0xFF, 0xFF, 0xFF, 0xFF}}},
	{{{-2508, 1024, 3072}, 0, {5298, -1856}, {0xFF, 0xFF, 0xFF, 0xFF}}},
	{{{-2508, 1024, 4096}, 0, {478, 1500}, {0xFF, 0xFF, 0xFF, 0xFF}}},
	{{{-2508, 1152, 4096}, 0, {0, 990}, {0xFF, 0xFF, 0xFF, 0xFF}}},
};

Gfx wf_dl_wf_seg7_dl_07007220_mesh_mesh_layer_4_tri_0[] = {
	gsSPVertex(wf_dl_wf_seg7_dl_07007220_mesh_mesh_layer_4_vtx_0 + 0, 30, 0),
	gsSP2Triangles(0, 1, 2, 0, 0, 2, 3, 0),
	gsSP2Triangles(4, 5, 6, 0, 4, 7, 5, 0),
	gsSP2Triangles(8, 9, 10, 0, 8, 10, 11, 0),
	gsSP2Triangles(12, 13, 14, 0, 12, 15, 13, 0),
	gsSP2Triangles(13, 15, 16, 0, 13, 16, 17, 0),
	gsSP2Triangles(18, 19, 20, 0, 18, 20, 21, 0),
	gsSP2Triangles(22, 23, 24, 0, 22, 25, 23, 0),
	gsSP2Triangles(26, 27, 28, 0, 26, 29, 27, 0),
	gsSPVertex(wf_dl_wf_seg7_dl_07007220_mesh_mesh_layer_4_vtx_0 + 30, 30, 0),
	gsSP2Triangles(0, 1, 2, 0, 0, 3, 1, 0),
	gsSP2Triangles(4, 5, 6, 0, 4, 6, 7, 0),
	gsSP2Triangles(8, 9, 10, 0, 8, 10, 11, 0),
	gsSP2Triangles(12, 13, 14, 0, 12, 15, 13, 0),
	gsSP2Triangles(16, 17, 18, 0, 16, 19, 17, 0),
	gsSP2Triangles(20, 21, 22, 0, 20, 23, 21, 0),
	gsSP2Triangles(24, 25, 26, 0, 24, 26, 27, 0),
	gsSP2Triangles(26, 28, 27, 0, 26, 29, 28, 0),
	gsSPEndDisplayList(),
};

Vtx wf_dl_wf_seg7_dl_07007220_mesh_mesh_layer_5_vtx_cull[8] = {
	{{{-3276, 256, 5632}, 0, {0, 0}, {0x00, 0x00, 0x00, 0x00}}},
	{{{-3276, 2688, 5632}, 0, {0, 0}, {0x00, 0x00, 0x00, 0x00}}},
	{{{-3276, 2688, -4095}, 0, {0, 0}, {0x00, 0x00, 0x00, 0x00}}},
	{{{-3276, 256, -4095}, 0, {0, 0}, {0x00, 0x00, 0x00, 0x00}}},
	{{{5120, 256, 5632}, 0, {0, 0}, {0x00, 0x00, 0x00, 0x00}}},
	{{{5120, 2688, 5632}, 0, {0, 0}, {0x00, 0x00, 0x00, 0x00}}},
	{{{5120, 2688, -4095}, 0, {0, 0}, {0x00, 0x00, 0x00, 0x00}}},
	{{{5120, 256, -4095}, 0, {0, 0}, {0x00, 0x00, 0x00, 0x00}}},
};

Vtx wf_dl_wf_seg7_dl_07007220_mesh_mesh_layer_5_vtx_0[32] = {
	{{{5120, 384, 2816}, 0, {990, 0}, {0xFF, 0xFF, 0xFF, 0xFF}}},
	{{{5120, 384, 0}, 0, {-21492, 0}, {0xFF, 0xFF, 0xFF, 0xFF}}},
	{{{5120, 256, 0}, 0, {-21492, 990}, {0xFF, 0xFF, 0xFF, 0xFF}}},
	{{{5120, 256, 2816}, 0, {990, 990}, {0xFF, 0xFF, 0xFF, 0xFF}}},
	{{{4608, 256, 5632}, 0, {1662, 990}, {0xFF, 0xFF, 0xFF, 0xFF}}},
	{{{5120, 384, 5120}, 0, {-4118, 0}, {0xFF, 0xFF, 0xFF, 0xFF}}},
	{{{5120, 256, 5120}, 0, {-4118, 990}, {0xFF, 0xFF, 0xFF, 0xFF}}},
	{{{4608, 384, 5632}, 0, {1662, 0}, {0xFF, 0xFF, 0xFF, 0xFF}}},
	{{{4608, 256, -511}, 0, {876, 988}, {0xFF, 0xFF, 0xFF, 0xFF}}},
	{{{4096, 384, -511}, 0, {-3210, -34}, {0xFF, 0xFF, 0xFF, 0xFF}}},
	{{{4096, 256, -511}, 0, {-3210, 988}, {0xFF, 0xFF, 0xFF, 0xFF}}},
	{{{4608, 384, -511}, 0, {876, -34}, {0xFF, 0xFF, 0xFF, 0xFF}}},
	{{{5120, 256, 0}, 0, {5612, 986}, {0xFF, 0xFF, 0xFF, 0xFF}}},
	{{{4608, 384, -511}, 0, {-168, -36}, {0xFF, 0xFF, 0xFF, 0xFF}}},
	{{{4608, 256, -511}, 0, {-168, 986}, {0xFF, 0xFF, 0xFF, 0xFF}}},
	{{{5120, 384, 0}, 0, {5612, -36}, {0xFF, 0xFF, 0xFF, 0xFF}}},
	{{{2048, 256, 5120}, 0, {5078, 990}, {0xFF, 0xFF, 0xFF, 0xFF}}},
	{{{2048, 384, 5120}, 0, {5078, 0}, {0xFF, 0xFF, 0xFF, 0xFF}}},
	{{{2560, 384, 5632}, 0, {-702, 0}, {0xFF, 0xFF, 0xFF, 0xFF}}},
	{{{2560, 256, 5632}, 0, {-702, 990}, {0xFF, 0xFF, 0xFF, 0xFF}}},
	{{{5120, 256, 5120}, 0, {990, 990}, {0xFF, 0xFF, 0xFF, 0xFF}}},
	{{{5120, 384, 2816}, 0, {-21492, 0}, {0xFF, 0xFF, 0xFF, 0xFF}}},
	{{{5120, 256, 2816}, 0, {-21492, 990}, {0xFF, 0xFF, 0xFF, 0xFF}}},
	{{{5120, 384, 5120}, 0, {990, 0}, {0xFF, 0xFF, 0xFF, 0xFF}}},
	{{{2560, 256, 5632}, 0, {20408, 990}, {0xFF, 0xFF, 0xFF, 0xFF}}},
	{{{4608, 384, 5632}, 0, {0, 0}, {0xFF, 0xFF, 0xFF, 0xFF}}},
	{{{4608, 256, 5632}, 0, {0, 990}, {0xFF, 0xFF, 0xFF, 0xFF}}},
	{{{2560, 384, 5632}, 0, {20408, 0}, {0xFF, 0xFF, 0xFF, 0xFF}}},
	{{{2048, 256, 4096}, 0, {12232, 990}, {0xFF, 0xFF, 0xFF, 0xFF}}},
	{{{2048, 384, 4096}, 0, {12232, 0}, {0xFF, 0xFF, 0xFF, 0xFF}}},
	{{{2048, 384, 5120}, 0, {0, 0}, {0xFF, 0xFF, 0xFF, 0xFF}}},
	{{{2048, 256, 5120}, 0, {0, 990}, {0xFF, 0xFF, 0xFF, 0xFF}}},
};

Gfx wf_dl_wf_seg7_dl_07007220_mesh_mesh_layer_5_tri_0[] = {
	gsSPVertex(wf_dl_wf_seg7_dl_07007220_mesh_mesh_layer_5_vtx_0 + 0, 32, 0),
	gsSP2Triangles(0, 1, 2, 0, 0, 2, 3, 0),
	gsSP2Triangles(4, 5, 6, 0, 4, 7, 5, 0),
	gsSP2Triangles(8, 9, 10, 0, 8, 11, 9, 0),
	gsSP2Triangles(12, 13, 14, 0, 12, 15, 13, 0),
	gsSP2Triangles(16, 17, 18, 0, 16, 18, 19, 0),
	gsSP2Triangles(20, 21, 22, 0, 20, 23, 21, 0),
	gsSP2Triangles(24, 25, 26, 0, 24, 27, 25, 0),
	gsSP2Triangles(28, 29, 30, 0, 28, 30, 31, 0),
	gsSPEndDisplayList(),
};

Vtx wf_dl_wf_seg7_dl_07009780_mesh_mesh_layer_1_vtx_cull[8] = {
	{{{-255, -281, 1152}, 0, {0, 0}, {0x00, 0x00, 0x00, 0x00}}},
	{{{-255, 282, 1152}, 0, {0, 0}, {0x00, 0x00, 0x00, 0x00}}},
	{{{-255, 282, -1151}, 0, {0, 0}, {0x00, 0x00, 0x00, 0x00}}},
	{{{-255, -281, -1151}, 0, {0, 0}, {0x00, 0x00, 0x00, 0x00}}},
	{{{256, -281, 1152}, 0, {0, 0}, {0x00, 0x00, 0x00, 0x00}}},
	{{{256, 282, 1152}, 0, {0, 0}, {0x00, 0x00, 0x00, 0x00}}},
	{{{256, 282, -1151}, 0, {0, 0}, {0x00, 0x00, 0x00, 0x00}}},
	{{{256, -281, -1151}, 0, {0, 0}, {0x00, 0x00, 0x00, 0x00}}},
};

Vtx wf_dl_wf_seg7_dl_07009780_mesh_mesh_layer_1_vtx_0[57] = {
	{{{-255, 282, -1151}, 0, {4822, 0}, {0x08, 0x7C, 0x1C, 0xFF}}},
	{{{-127, 160, -654}, 0, {3800, 224}, {0x08, 0x7C, 0x1C, 0xFF}}},
	{{{0, 180, -778}, 0, {4052, 478}, {0x08, 0x7C, 0x1C, 0xFF}}},
	{{{-255, -281, 1152}, 0, {88, 0}, {0x00, 0x7A, 0x22, 0xFF}}},
	{{{256, -281, 1152}, 0, {88, 990}, {0x00, 0x7A, 0x22, 0xFF}}},
	{{{-127, -193, 837}, 0, {740, 224}, {0x00, 0x7A, 0x22, 0xFF}}},
	{{{-255, -281, 1152}, 0, {88, 0}, {0xF6, 0x7B, 0x1E, 0xFF}}},
	{{{-127, -193, 837}, 0, {740, 224}, {0xF6, 0x7B, 0x1E, 0xFF}}},
	{{{-255, 8, -32}, 0, {2524, 0}, {0xF6, 0x7B, 0x1E, 0xFF}}},
	{{{-127, -193, 837}, 0, {740, 224}, {0x2D, 0x73, 0x1E, 0xFF}}},
	{{{0, -42, 91}, 0, {2258, 478}, {0x2D, 0x73, 0x1E, 0xFF}}},
	{{{-127, 8, 91}, 0, {2282, 224}, {0x2D, 0x73, 0x1E, 0xFF}}},
	{{{128, -194, 713}, 0, {980, 734}, {0x0D, 0x7B, 0x1B, 0xFF}}},
	{{{0, -42, 91}, 0, {2258, 478}, {0x0D, 0x7B, 0x1B, 0xFF}}},
	{{{-127, -193, 837}, 0, {740, 224}, {0x0D, 0x7B, 0x1B, 0xFF}}},
	{{{256, -281, 1152}, 0, {88, 990}, {0x0A, 0x7D, 0x15, 0xFF}}},
	{{{128, -194, 713}, 0, {980, 734}, {0x0A, 0x7D, 0x15, 0xFF}}},
	{{{-127, -193, 837}, 0, {740, 224}, {0x0A, 0x7D, 0x15, 0xFF}}},
	{{{-127, -193, 837}, 0, {740, 224}, {0xE2, 0x77, 0x20, 0xFF}}},
	{{{-127, 8, 91}, 0, {2282, 224}, {0xE2, 0x77, 0x20, 0xFF}}},
	{{{-255, 8, -32}, 0, {2524, 0}, {0xE2, 0x77, 0x20, 0xFF}}},
	{{{-127, 160, -654}, 0, {3800, 224}, {0x00, 0x7B, 0x1E, 0xFF}}},
	{{{-255, 282, -1151}, 0, {4822, 0}, {0x00, 0x7B, 0x1E, 0xFF}}},
	{{{-255, 8, -32}, 0, {2524, 0}, {0x00, 0x7B, 0x1E, 0xFF}}},
	{{{-127, 8, 91}, 0, {2282, 224}, {0xE9, 0x7B, 0x18, 0xFF}}},
	{{{-127, 160, -654}, 0, {3800, 224}, {0xE9, 0x7B, 0x18, 0xFF}}},
	{{{-255, 8, -32}, 0, {2524, 0}, {0xE9, 0x7B, 0x18, 0xFF}}},
	{{{256, -281, 1152}, 0, {88, 990}, {0xDB, 0x76, 0x1C, 0xFF}}},
	{{{256, 282, -1151}, 0, {4822, 990}, {0xDB, 0x76, 0x1C, 0xFF}}},
	{{{128, 28, -281}, 0, {3014, 734}, {0xDB, 0x76, 0x1C, 0xFF}}},
	{{{256, -281, 1152}, 0, {88, 990}, {0xF6, 0x7C, 0x1B, 0xFF}}},
	{{{128, 28, -281}, 0, {3014, 734}, {0xF6, 0x7C, 0x1B, 0xFF}}},
	{{{128, -194, 713}, 0, {980, 734}, {0xF6, 0x7C, 0x1B, 0xFF}}},
	{{{256, 282, -1151}, 0, {4822, 990}, {0x00, 0x7B, 0x21, 0xFF}}},
	{{{-255, 282, -1151}, 0, {4822, 0}, {0x00, 0x7B, 0x21, 0xFF}}},
	{{{0, 180, -778}, 0, {4052, 478}, {0x00, 0x7B, 0x21, 0xFF}}},
	{{{256, 282, -1151}, 0, {4822, 990}, {0x1C, 0x76, 0x26, 0xFF}}},
	{{{0, 99, -405}, 0, {3290, 478}, {0x1C, 0x76, 0x26, 0xFF}}},
	{{{128, 28, -281}, 0, {3014, 734}, {0x1C, 0x76, 0x26, 0xFF}}},
	{{{256, 282, -1151}, 0, {4822, 990}, {0xF6, 0x7C, 0x1A, 0xFF}}},
	{{{0, 180, -778}, 0, {4052, 478}, {0xF6, 0x7C, 0x1A, 0xFF}}},
	{{{0, 99, -405}, 0, {3290, 478}, {0xF6, 0x7C, 0x1A, 0xFF}}},
	{{{0, 99, -405}, 0, {3290, 478}, {0x27, 0x76, 0x1A, 0xFF}}},
	{{{128, -194, 713}, 0, {980, 734}, {0x27, 0x76, 0x1A, 0xFF}}},
	{{{128, 28, -281}, 0, {3014, 734}, {0x27, 0x76, 0x1A, 0xFF}}},
	{{{-127, 160, -654}, 0, {3800, 224}, {0x06, 0x7C, 0x1A, 0xFF}}},
	{{{0, 99, -405}, 0, {3290, 478}, {0x06, 0x7C, 0x1A, 0xFF}}},
	{{{0, 180, -778}, 0, {4052, 478}, {0x06, 0x7C, 0x1A, 0xFF}}},
	{{{-127, 160, -654}, 0, {3800, 224}, {0xF7, 0x7A, 0x22, 0xFF}}},
	{{{0, -42, 91}, 0, {2258, 478}, {0xF7, 0x7A, 0x22, 0xFF}}},
	{{{0, 99, -405}, 0, {3290, 478}, {0xF7, 0x7A, 0x22, 0xFF}}},
	{{{0, 99, -405}, 0, {3290, 478}, {0xE9, 0x78, 0x22, 0xFF}}},
	{{{0, -42, 91}, 0, {2258, 478}, {0xE9, 0x78, 0x22, 0xFF}}},
	{{{128, -194, 713}, 0, {980, 734}, {0xE9, 0x78, 0x22, 0xFF}}},
	{{{0, -42, 91}, 0, {2258, 478}, {0x2D, 0x74, 0x17, 0xFF}}},
	{{{-127, 160, -654}, 0, {3800, 224}, {0x2D, 0x74, 0x17, 0xFF}}},
	{{{-127, 8, 91}, 0, {2282, 224}, {0x2D, 0x74, 0x17, 0xFF}}},
};

Gfx wf_dl_wf_seg7_dl_07009780_mesh_mesh_layer_1_tri_0[] = {
	gsSPVertex(wf_dl_wf_seg7_dl_07009780_mesh_mesh_layer_1_vtx_0 + 0, 30, 0),
	gsSP2Triangles(0, 1, 2, 0, 3, 4, 5, 0),
	gsSP2Triangles(6, 7, 8, 0, 9, 10, 11, 0),
	gsSP2Triangles(12, 13, 14, 0, 15, 16, 17, 0),
	gsSP2Triangles(18, 19, 20, 0, 21, 22, 23, 0),
	gsSP2Triangles(24, 25, 26, 0, 27, 28, 29, 0),
	gsSPVertex(wf_dl_wf_seg7_dl_07009780_mesh_mesh_layer_1_vtx_0 + 30, 27, 0),
	gsSP2Triangles(0, 1, 2, 0, 3, 4, 5, 0),
	gsSP2Triangles(6, 7, 8, 0, 9, 10, 11, 0),
	gsSP2Triangles(12, 13, 14, 0, 15, 16, 17, 0),
	gsSP2Triangles(18, 19, 20, 0, 21, 22, 23, 0),
	gsSP1Triangle(24, 25, 26, 0),
	gsSPEndDisplayList(),
};

Vtx wf_dl_wf_seg7_dl_07009DB0_mesh_mesh_layer_1_vtx_cull[8] = {
	{{{-666, -89, 512}, 0, {0, 0}, {0x00, 0x00, 0x00, 0x00}}},
	{{{-666, 63, 512}, 0, {0, 0}, {0x00, 0x00, 0x00, 0x00}}},
	{{{-666, 63, -255}, 0, {0, 0}, {0x00, 0x00, 0x00, 0x00}}},
	{{{-666, -89, -255}, 0, {0, 0}, {0x00, 0x00, 0x00, 0x00}}},
	{{{794, -89, 512}, 0, {0, 0}, {0x00, 0x00, 0x00, 0x00}}},
	{{{794, 63, 512}, 0, {0, 0}, {0x00, 0x00, 0x00, 0x00}}},
	{{{794, 63, -255}, 0, {0, 0}, {0x00, 0x00, 0x00, 0x00}}},
	{{{794, -89, -255}, 0, {0, 0}, {0x00, 0x00, 0x00, 0x00}}},
};

Vtx wf_dl_wf_seg7_dl_07009DB0_mesh_mesh_layer_1_vtx_0[4] = {
	{{{794, 38, -255}, 0, {22452, 6606}, {0x00, 0x7F, 0x00, 0xFF}}},
	{{{128, 38, -255}, 0, {20408, 6606}, {0x00, 0x7F, 0x00, 0xFF}}},
	{{{128, 38, 512}, 0, {20408, 8650}, {0x00, 0x7F, 0x00, 0xFF}}},
	{{{794, 38, 512}, 0, {22452, 8650}, {0x00, 0x7F, 0x00, 0xFF}}},
};

Gfx wf_dl_wf_seg7_dl_07009DB0_mesh_mesh_layer_1_tri_0[] = {
	gsSPVertex(wf_dl_wf_seg7_dl_07009DB0_mesh_mesh_layer_1_vtx_0 + 0, 4, 0),
	gsSP2Triangles(0, 1, 2, 0, 0, 2, 3, 0),
	gsSPEndDisplayList(),
};

Vtx wf_dl_wf_seg7_dl_07009DB0_mesh_mesh_layer_1_vtx_1[20] = {
	{{{794, -89, 512}, 0, {-3096, 990}, {0x00, 0x81, 0x00, 0xFF}}},
	{{{128, -89, -255}, 0, {990, -3098}, {0x00, 0x81, 0x00, 0xFF}}},
	{{{794, -89, -255}, 0, {-3096, -3098}, {0x00, 0x81, 0x00, 0xFF}}},
	{{{128, -89, 512}, 0, {990, 990}, {0x00, 0x81, 0x00, 0xFF}}},
	{{{794, 38, 512}, 0, {0, 478}, {0x7F, 0x00, 0x00, 0xFF}}},
	{{{794, -89, 512}, 0, {0, 990}, {0x7F, 0x00, 0x00, 0xFF}}},
	{{{794, -89, -255}, 0, {2012, 990}, {0x7F, 0x00, 0x00, 0xFF}}},
	{{{794, 38, -255}, 0, {2012, 478}, {0x7F, 0x00, 0x00, 0xFF}}},
	{{{128, 38, 512}, 0, {0, 480}, {0x00, 0x00, 0x7F, 0xFF}}},
	{{{128, -89, 512}, 0, {0, 990}, {0x00, 0x00, 0x7F, 0xFF}}},
	{{{794, -89, 512}, 0, {2012, 990}, {0x00, 0x00, 0x7F, 0xFF}}},
	{{{794, 38, 512}, 0, {2012, 480}, {0x00, 0x00, 0x7F, 0xFF}}},
	{{{128, 38, -255}, 0, {-1052, 480}, {0x81, 0x00, 0x00, 0xFF}}},
	{{{128, -89, -255}, 0, {-1052, 990}, {0x81, 0x00, 0x00, 0xFF}}},
	{{{128, -89, 512}, 0, {990, 990}, {0x81, 0x00, 0x00, 0xFF}}},
	{{{128, 38, 512}, 0, {990, 478}, {0x81, 0x00, 0x00, 0xFF}}},
	{{{794, 38, -255}, 0, {0, 478}, {0x00, 0x00, 0x81, 0xFF}}},
	{{{128, -89, -255}, 0, {2012, 990}, {0x00, 0x00, 0x81, 0xFF}}},
	{{{128, 38, -255}, 0, {2012, 480}, {0x00, 0x00, 0x81, 0xFF}}},
	{{{794, -89, -255}, 0, {0, 990}, {0x00, 0x00, 0x81, 0xFF}}},
};

Gfx wf_dl_wf_seg7_dl_07009DB0_mesh_mesh_layer_1_tri_1[] = {
	gsSPVertex(wf_dl_wf_seg7_dl_07009DB0_mesh_mesh_layer_1_vtx_1 + 0, 20, 0),
	gsSP2Triangles(0, 1, 2, 0, 0, 3, 1, 0),
	gsSP2Triangles(4, 5, 6, 0, 4, 6, 7, 0),
	gsSP2Triangles(8, 9, 10, 0, 8, 10, 11, 0),
	gsSP2Triangles(12, 13, 14, 0, 12, 14, 15, 0),
	gsSP2Triangles(16, 17, 18, 0, 16, 19, 17, 0),
	gsSPEndDisplayList(),
};

Vtx wf_dl_wf_seg7_dl_07009DB0_mesh_mesh_layer_1_vtx_2[24] = {
	{{{-666, 38, -178}, 0, {7122, 990}, {0x00, 0x00, 0x81, 0xFF}}},
	{{{-666, 63, -178}, 0, {7122, 582}, {0x00, 0x00, 0x81, 0xFF}}},
	{{{358, 63, -178}, 0, {0, 582}, {0x00, 0x00, 0x81, 0xFF}}},
	{{{358, 38, -178}, 0, {0, 990}, {0x00, 0x00, 0x81, 0xFF}}},
	{{{-666, 38, -76}, 0, {990, 376}, {0x81, 0x00, 0x00, 0xFF}}},
	{{{-666, 63, -76}, 0, {990, 0}, {0x81, 0x00, 0x00, 0xFF}}},
	{{{-666, 63, -178}, 0, {172, 0}, {0x81, 0x00, 0x00, 0xFF}}},
	{{{-666, 38, -178}, 0, {172, 376}, {0x81, 0x00, 0x00, 0xFF}}},
	{{{358, 63, -178}, 0, {4568, -1310}, {0x00, 0x7F, 0x00, 0xFF}}},
	{{{-666, 63, -178}, 0, {-13316, -1310}, {0x00, 0x7F, 0x00, 0xFF}}},
	{{{-666, 63, -76}, 0, {-13316, 0}, {0x00, 0x7F, 0x00, 0xFF}}},
	{{{358, 63, -76}, 0, {4568, 0}, {0x00, 0x7F, 0x00, 0xFF}}},
	{{{358, 38, -76}, 0, {2012, 1396}, {0x00, 0x00, 0x7F, 0xFF}}},
	{{{358, 63, -76}, 0, {2012, 990}, {0x00, 0x00, 0x7F, 0xFF}}},
	{{{-666, 63, -76}, 0, {-5140, 990}, {0x00, 0x00, 0x7F, 0xFF}}},
	{{{-666, 38, -76}, 0, {-5140, 1396}, {0x00, 0x00, 0x7F, 0xFF}}},
	{{{358, 38, -178}, 0, {990, 990}, {0x7F, 0x00, 0x00, 0xFF}}},
	{{{358, 63, -178}, 0, {990, 582}, {0x7F, 0x00, 0x00, 0xFF}}},
	{{{358, 63, -76}, 0, {0, 582}, {0x7F, 0x00, 0x00, 0xFF}}},
	{{{358, 38, -76}, 0, {0, 990}, {0x7F, 0x00, 0x00, 0xFF}}},
	{{{358, 38, -76}, 0, {4568, 0}, {0x00, 0x81, 0x00, 0xFF}}},
	{{{-666, 38, -76}, 0, {-13316, 0}, {0x00, 0x81, 0x00, 0xFF}}},
	{{{-666, 38, -178}, 0, {-13316, -1310}, {0x00, 0x81, 0x00, 0xFF}}},
	{{{358, 38, -178}, 0, {4568, -1310}, {0x00, 0x81, 0x00, 0xFF}}},
};

Gfx wf_dl_wf_seg7_dl_07009DB0_mesh_mesh_layer_1_tri_2[] = {
	gsSPVertex(wf_dl_wf_seg7_dl_07009DB0_mesh_mesh_layer_1_vtx_2 + 0, 24, 0),
	gsSP2Triangles(0, 1, 2, 0, 0, 2, 3, 0),
	gsSP2Triangles(4, 5, 6, 0, 4, 6, 7, 0),
	gsSP2Triangles(8, 9, 10, 0, 8, 10, 11, 0),
	gsSP2Triangles(12, 13, 14, 0, 12, 14, 15, 0),
	gsSP2Triangles(16, 17, 18, 0, 16, 18, 19, 0),
	gsSP2Triangles(20, 21, 22, 0, 20, 22, 23, 0),
	gsSPEndDisplayList(),
};

Vtx wf_dl_wf_seg7_dl_0700A170_mesh_mesh_layer_1_vtx_cull[8] = {
	{{{-14, 0, 13}, 0, {0, 0}, {0x00, 0x00, 0x00, 0x00}}},
	{{{-14, 2100, 13}, 0, {0, 0}, {0x00, 0x00, 0x00, 0x00}}},
	{{{-14, 2100, -12}, 0, {0, 0}, {0x00, 0x00, 0x00, 0x00}}},
	{{{-14, 0, -12}, 0, {0, 0}, {0x00, 0x00, 0x00, 0x00}}},
	{{{15, 0, 13}, 0, {0, 0}, {0x00, 0x00, 0x00, 0x00}}},
	{{{15, 2100, 13}, 0, {0, 0}, {0x00, 0x00, 0x00, 0x00}}},
	{{{15, 2100, -12}, 0, {0, 0}, {0x00, 0x00, 0x00, 0x00}}},
	{{{15, 0, -12}, 0, {0, 0}, {0x00, 0x00, 0x00, 0x00}}},
};

Vtx wf_dl_wf_seg7_dl_0700A170_mesh_mesh_layer_1_vtx_0[34] = {
	{{{-7, 0, 13}, 0, {480, 990}, {0x90, 0x00, 0x3C, 0xFF}}},
	{{{-14, 2100, 0}, 0, {0, -19972}, {0x90, 0x00, 0x3C, 0xFF}}},
	{{{-14, 0, 0}, 0, {0, 990}, {0x90, 0x00, 0x3C, 0xFF}}},
	{{{-7, 0, 13}, 0, {480, 990}, {0x90, 0x00, 0x3C, 0xFF}}},
	{{{-7, 2100, 13}, 0, {480, -19972}, {0x90, 0x00, 0x3C, 0xFF}}},
	{{{-14, 2100, 0}, 0, {0, -19972}, {0x90, 0x00, 0x3C, 0xFF}}},
	{{{8, 0, -12}, 0, {2012, 990}, {0x6E, 0x00, 0xC0, 0xFF}}},
	{{{15, 2100, 0}, 0, {1502, -19972}, {0x6E, 0x00, 0xC0, 0xFF}}},
	{{{15, 0, 0}, 0, {1502, 990}, {0x6E, 0x00, 0xC0, 0xFF}}},
	{{{8, 0, -12}, 0, {2012, 990}, {0x6E, 0x00, 0xC0, 0xFF}}},
	{{{8, 2100, -12}, 0, {2012, -19972}, {0x6E, 0x00, 0xC0, 0xFF}}},
	{{{15, 2100, 0}, 0, {1502, -19972}, {0x6E, 0x00, 0xC0, 0xFF}}},
	{{{15, 0, 0}, 0, {1502, 990}, {0x70, 0x00, 0x3C, 0xFF}}},
	{{{8, 2100, 13}, 0, {990, -19972}, {0x70, 0x00, 0x3C, 0xFF}}},
	{{{8, 0, 13}, 0, {990, 990}, {0x70, 0x00, 0x3C, 0xFF}}},
	{{{15, 2100, 0}, 0, {1502, -19972}, {0x70, 0x00, 0x3C, 0xFF}}},
	{{{-7, 2100, -12}, 0, {156, 1020}, {0x00, 0x7F, 0x00, 0xFF}}},
	{{{-14, 2100, 0}, 0, {768, 1020}, {0x00, 0x7F, 0x00, 0xFF}}},
	{{{-7, 2100, 13}, 0, {1076, 490}, {0x00, 0x7F, 0x00, 0xFF}}},
	{{{8, 2100, 13}, 0, {768, -40}, {0x00, 0x7F, 0x00, 0xFF}}},
	{{{15, 2100, 0}, 0, {156, -40}, {0x00, 0x7F, 0x00, 0xFF}}},
	{{{8, 2100, -12}, 0, {-150, 490}, {0x00, 0x7F, 0x00, 0xFF}}},
	{{{8, 0, 13}, 0, {990, 990}, {0x00, 0x00, 0x7F, 0xFF}}},
	{{{-7, 2100, 13}, 0, {480, -19972}, {0x00, 0x00, 0x7F, 0xFF}}},
	{{{-7, 0, 13}, 0, {480, 990}, {0x00, 0x00, 0x7F, 0xFF}}},
	{{{8, 2100, 13}, 0, {990, -19972}, {0x00, 0x00, 0x7F, 0xFF}}},
	{{{-14, 0, 0}, 0, {3034, 990}, {0x92, 0x00, 0xC0, 0xFF}}},
	{{{-14, 2100, 0}, 0, {3034, -19972}, {0x92, 0x00, 0xC0, 0xFF}}},
	{{{-7, 2100, -12}, 0, {2524, -19972}, {0x92, 0x00, 0xC0, 0xFF}}},
	{{{-7, 0, -12}, 0, {2524, 990}, {0x92, 0x00, 0xC0, 0xFF}}},
	{{{-7, 0, -12}, 0, {2524, 990}, {0x00, 0x00, 0x81, 0xFF}}},
	{{{8, 2100, -12}, 0, {2012, -19972}, {0x00, 0x00, 0x81, 0xFF}}},
	{{{8, 0, -12}, 0, {2012, 990}, {0x00, 0x00, 0x81, 0xFF}}},
	{{{-7, 2100, -12}, 0, {2524, -19972}, {0x00, 0x00, 0x81, 0xFF}}},
};

Gfx wf_dl_wf_seg7_dl_0700A170_mesh_mesh_layer_1_tri_0[] = {
	gsSPVertex(wf_dl_wf_seg7_dl_0700A170_mesh_mesh_layer_1_vtx_0 + 0, 30, 0),
	gsSP2Triangles(0, 1, 2, 0, 3, 4, 5, 0),
	gsSP2Triangles(6, 7, 8, 0, 9, 10, 11, 0),
	gsSP2Triangles(12, 13, 14, 0, 12, 15, 13, 0),
	gsSP2Triangles(16, 17, 18, 0, 16, 18, 19, 0),
	gsSP2Triangles(16, 19, 20, 0, 16, 20, 21, 0),
	gsSP2Triangles(22, 23, 24, 0, 22, 25, 23, 0),
	gsSP2Triangles(26, 27, 28, 0, 26, 28, 29, 0),
	gsSPVertex(wf_dl_wf_seg7_dl_0700A170_mesh_mesh_layer_1_vtx_0 + 30, 4, 0),
	gsSP2Triangles(0, 1, 2, 0, 0, 3, 1, 0),
	gsSPEndDisplayList(),
};

Vtx wf_dl_wf_seg7_dl_0700ABA0_mesh_mesh_layer_1_vtx_cull[8] = {
	{{{-1535, -153, 768}, 0, {0, 0}, {0x00, 0x00, 0x00, 0x00}}},
	{{{-1535, 154, 768}, 0, {0, 0}, {0x00, 0x00, 0x00, 0x00}}},
	{{{-1535, 154, -767}, 0, {0, 0}, {0x00, 0x00, 0x00, 0x00}}},
	{{{-1535, -153, -767}, 0, {0, 0}, {0x00, 0x00, 0x00, 0x00}}},
	{{{1536, -153, 768}, 0, {0, 0}, {0x00, 0x00, 0x00, 0x00}}},
	{{{1536, 154, 768}, 0, {0, 0}, {0x00, 0x00, 0x00, 0x00}}},
	{{{1536, 154, -767}, 0, {0, 0}, {0x00, 0x00, 0x00, 0x00}}},
	{{{1536, -153, -767}, 0, {0, 0}, {0x00, 0x00, 0x00, 0x00}}},
};

Vtx wf_dl_wf_seg7_dl_0700ABA0_mesh_mesh_layer_1_vtx_0[20] = {
	{{{-1023, -153, 768}, 0, {1414, 478}, {0xA6, 0x00, 0x5A, 0xFF}}},
	{{{-1535, 102, 256}, 0, {0, 0}, {0xA6, 0x00, 0x5A, 0xFF}}},
	{{{-1535, -153, 256}, 0, {0, 478}, {0xA6, 0x00, 0x5A, 0xFF}}},
	{{{-1023, 102, 768}, 0, {1414, 0}, {0xA6, 0x00, 0x5A, 0xFF}}},
	{{{1536, 102, -767}, 0, {-7184, 0}, {0x7F, 0x00, 0x00, 0xFF}}},
	{{{1536, 102, 256}, 0, {-9228, 0}, {0x7F, 0x00, 0x00, 0xFF}}},
	{{{1536, -153, 256}, 0, {-9228, 478}, {0x7F, 0x00, 0x00, 0xFF}}},
	{{{1536, -153, -767}, 0, {-7184, 478}, {0x7F, 0x00, 0x00, 0xFF}}},
	{{{1536, -153, 256}, 0, {990, 478}, {0x5A, 0x00, 0x5A, 0xFF}}},
	{{{1536, 102, 256}, 0, {990, 0}, {0x5A, 0x00, 0x5A, 0xFF}}},
	{{{1024, 102, 768}, 0, {-454, 0}, {0x5A, 0x00, 0x5A, 0xFF}}},
	{{{1024, -153, 768}, 0, {-454, 478}, {0x5A, 0x00, 0x5A, 0xFF}}},
	{{{-1535, -153, 256}, 0, {990, 478}, {0x81, 0x00, 0x00, 0xFF}}},
	{{{-1535, 102, -767}, 0, {-1052, 0}, {0x81, 0x00, 0x00, 0xFF}}},
	{{{-1535, -153, -767}, 0, {-1052, 478}, {0x81, 0x00, 0x00, 0xFF}}},
	{{{-1535, 102, 256}, 0, {990, 0}, {0x81, 0x00, 0x00, 0xFF}}},
	{{{1024, -153, 768}, 0, {990, 480}, {0x00, 0x00, 0x7F, 0xFF}}},
	{{{-1023, 102, 768}, 0, {-3096, 0}, {0x00, 0x00, 0x7F, 0xFF}}},
	{{{-1023, -153, 768}, 0, {-3096, 480}, {0x00, 0x00, 0x7F, 0xFF}}},
	{{{1024, 102, 768}, 0, {990, 0}, {0x00, 0x00, 0x7F, 0xFF}}},
};

Gfx wf_dl_wf_seg7_dl_0700ABA0_mesh_mesh_layer_1_tri_0[] = {
	gsSPVertex(wf_dl_wf_seg7_dl_0700ABA0_mesh_mesh_layer_1_vtx_0 + 0, 20, 0),
	gsSP2Triangles(0, 1, 2, 0, 0, 3, 1, 0),
	gsSP2Triangles(4, 5, 6, 0, 4, 6, 7, 0),
	gsSP2Triangles(8, 9, 10, 0, 8, 10, 11, 0),
	gsSP2Triangles(12, 13, 14, 0, 12, 15, 13, 0),
	gsSP2Triangles(16, 17, 18, 0, 16, 19, 17, 0),
	gsSPEndDisplayList(),
};

Vtx wf_dl_wf_seg7_dl_0700ABA0_mesh_mesh_layer_1_vtx_1[6] = {
	{{{1536, 102, -767}, 0, {990, 5076}, {0x00, 0x7F, 0x00, 0xFF}}},
	{{{1024, 102, 768}, 0, {-2074, 5332}, {0x00, 0x7F, 0x00, 0xFF}}},
	{{{1536, 102, 256}, 0, {-1052, 6354}, {0x00, 0x7F, 0x00, 0xFF}}},
	{{{-1023, 102, 768}, 0, {-2074, 1244}, {0x00, 0x7F, 0x00, 0xFF}}},
	{{{-1535, 102, 256}, 0, {-1052, 224}, {0x00, 0x7F, 0x00, 0xFF}}},
	{{{-1535, 102, -767}, 0, {990, 224}, {0x00, 0x7F, 0x00, 0xFF}}},
};

Gfx wf_dl_wf_seg7_dl_0700ABA0_mesh_mesh_layer_1_tri_1[] = {
	gsSPVertex(wf_dl_wf_seg7_dl_0700ABA0_mesh_mesh_layer_1_vtx_1 + 0, 6, 0),
	gsSP2Triangles(0, 1, 2, 0, 0, 3, 1, 0),
	gsSP2Triangles(0, 4, 3, 0, 0, 5, 4, 0),
	gsSPEndDisplayList(),
};

Vtx wf_dl_wf_seg7_dl_0700ABA0_mesh_mesh_layer_1_vtx_2[67] = {
	{{{1152, 102, -127}, 0, {3034, 990}, {0x59, 0x00, 0xA6, 0xFF}}},
	{{{1280, 154, 0}, 0, {-578, 0}, {0x59, 0x00, 0xA6, 0xFF}}},
	{{{1280, 102, 0}, 0, {-578, 990}, {0x59, 0x00, 0xA6, 0xFF}}},
	{{{1152, 102, -127}, 0, {3034, 990}, {0x59, 0x00, 0xA6, 0xFF}}},
	{{{1152, 154, -127}, 0, {3034, 0}, {0x59, 0x00, 0xA6, 0xFF}}},
	{{{768, 102, 0}, 0, {3582, 990}, {0xA7, 0x00, 0xA6, 0xFF}}},
	{{{768, 154, 0}, 0, {3582, 0}, {0xA7, 0x00, 0xA6, 0xFF}}},
	{{{896, 154, -127}, 0, {0, 0}, {0xA7, 0x00, 0xA6, 0xFF}}},
	{{{768, 102, 0}, 0, {3582, 990}, {0xA7, 0x00, 0xA6, 0xFF}}},
	{{{896, 154, -127}, 0, {0, 0}, {0xA7, 0x00, 0xA6, 0xFF}}},
	{{{896, 102, -127}, 0, {0, 990}, {0xA7, 0x00, 0xA6, 0xFF}}},
	{{{-695, 102, 476}, 0, {0, 990}, {0x81, 0x00, 0x00, 0xFF}}},
	{{{-695, 133, 476}, 0, {0, 0}, {0x81, 0x00, 0x00, 0xFF}}},
	{{{-695, 133, 292}, 0, {6100, 0}, {0x81, 0x00, 0x00, 0xFF}}},
	{{{-695, 102, 292}, 0, {6100, 990}, {0x81, 0x00, 0x00, 0xFF}}},
	{{{1280, 102, 0}, 0, {5078, 990}, {0x7F, 0x00, 0x00, 0xFF}}},
	{{{1280, 154, 256}, 0, {0, 0}, {0x7F, 0x00, 0x00, 0xFF}}},
	{{{1280, 102, 256}, 0, {0, 990}, {0x7F, 0x00, 0x00, 0xFF}}},
	{{{1280, 154, 0}, 0, {5078, 0}, {0x7F, 0x00, 0x00, 0xFF}}},
	{{{1280, 102, 256}, 0, {3034, 990}, {0x5A, 0x00, 0x5A, 0xFF}}},
	{{{1280, 154, 256}, 0, {3034, 0}, {0x5A, 0x00, 0x5A, 0xFF}}},
	{{{1152, 154, 384}, 0, {-578, 0}, {0x5A, 0x00, 0x5A, 0xFF}}},
	{{{1152, 102, 384}, 0, {-578, 990}, {0x5A, 0x00, 0x5A, 0xFF}}},
	{{{-419, 102, 200}, 0, {4304, 990}, {0x5A, 0x00, 0xA6, 0xFF}}},
	{{{-327, 133, 292}, 0, {0, 0}, {0x5A, 0x00, 0xA6, 0xFF}}},
	{{{-327, 102, 292}, 0, {0, 990}, {0x5A, 0x00, 0xA6, 0xFF}}},
	{{{-419, 133, 200}, 0, {4304, 0}, {0x5A, 0x00, 0xA6, 0xFF}}},
	{{{-695, 102, 292}, 0, {4304, 990}, {0xA6, 0x00, 0xA6, 0xFF}}},
	{{{-695, 133, 292}, 0, {4304, 0}, {0xA6, 0x00, 0xA6, 0xFF}}},
	{{{-603, 133, 200}, 0, {0, 0}, {0xA6, 0x00, 0xA6, 0xFF}}},
	{{{-603, 102, 200}, 0, {0, 990}, {0xA6, 0x00, 0xA6, 0xFF}}},
	{{{-603, 102, 200}, 0, {6100, 990}, {0x00, 0x00, 0x81, 0xFF}}},
	{{{-603, 133, 200}, 0, {6100, 0}, {0x00, 0x00, 0x81, 0xFF}}},
	{{{-419, 133, 200}, 0, {0, 0}, {0x00, 0x00, 0x81, 0xFF}}},
	{{{-419, 102, 200}, 0, {0, 990}, {0x00, 0x00, 0x81, 0xFF}}},
	{{{-603, 102, 568}, 0, {0, 990}, {0xA6, 0x00, 0x5A, 0xFF}}},
	{{{-603, 133, 568}, 0, {0, 0}, {0xA6, 0x00, 0x5A, 0xFF}}},
	{{{-695, 133, 476}, 0, {4304, 0}, {0xA6, 0x00, 0x5A, 0xFF}}},
	{{{-695, 102, 476}, 0, {4304, 990}, {0xA6, 0x00, 0x5A, 0xFF}}},
	{{{-327, 102, 292}, 0, {6100, 990}, {0x7F, 0x00, 0x00, 0xFF}}},
	{{{-327, 133, 476}, 0, {0, 0}, {0x7F, 0x00, 0x00, 0xFF}}},
	{{{-327, 102, 476}, 0, {0, 990}, {0x7F, 0x00, 0x00, 0xFF}}},
	{{{-327, 133, 292}, 0, {6100, 0}, {0x7F, 0x00, 0x00, 0xFF}}},
	{{{-327, 102, 476}, 0, {0, 990}, {0x5A, 0x00, 0x5A, 0xFF}}},
	{{{-327, 133, 476}, 0, {0, 0}, {0x5A, 0x00, 0x5A, 0xFF}}},
	{{{-419, 133, 568}, 0, {4304, 0}, {0x5A, 0x00, 0x5A, 0xFF}}},
	{{{-419, 102, 568}, 0, {4304, 990}, {0x5A, 0x00, 0x5A, 0xFF}}},
	{{{-419, 102, 568}, 0, {0, 990}, {0x00, 0x00, 0x7F, 0xFF}}},
	{{{-603, 133, 568}, 0, {6100, 0}, {0x00, 0x00, 0x7F, 0xFF}}},
	{{{-603, 102, 568}, 0, {6100, 990}, {0x00, 0x00, 0x7F, 0xFF}}},
	{{{-419, 133, 568}, 0, {0, 0}, {0x00, 0x00, 0x7F, 0xFF}}},
	{{{768, 102, 256}, 0, {5078, 990}, {0x81, 0x00, 0x00, 0xFF}}},
	{{{768, 154, 0}, 0, {0, 0}, {0x81, 0x00, 0x00, 0xFF}}},
	{{{768, 102, 0}, 0, {0, 990}, {0x81, 0x00, 0x00, 0xFF}}},
	{{{768, 154, 256}, 0, {5078, 0}, {0x81, 0x00, 0x00, 0xFF}}},
	{{{896, 102, -127}, 0, {5078, 990}, {0x00, 0x00, 0x81, 0xFF}}},
	{{{896, 154, -127}, 0, {5078, 0}, {0x00, 0x00, 0x81, 0xFF}}},
	{{{1152, 154, -127}, 0, {0, 0}, {0x00, 0x00, 0x81, 0xFF}}},
	{{{1152, 102, -127}, 0, {0, 990}, {0x00, 0x00, 0x81, 0xFF}}},
	{{{896, 102, 384}, 0, {3582, 990}, {0xA6, 0x00, 0x5A, 0xFF}}},
	{{{896, 154, 384}, 0, {3582, 0}, {0xA6, 0x00, 0x5A, 0xFF}}},
	{{{768, 154, 256}, 0, {0, 0}, {0xA6, 0x00, 0x5A, 0xFF}}},
	{{{768, 102, 256}, 0, {0, 990}, {0xA6, 0x00, 0x5A, 0xFF}}},
	{{{1152, 102, 384}, 0, {5078, 990}, {0x00, 0x00, 0x7F, 0xFF}}},
	{{{896, 154, 384}, 0, {0, 0}, {0x00, 0x00, 0x7F, 0xFF}}},
	{{{896, 102, 384}, 0, {0, 990}, {0x00, 0x00, 0x7F, 0xFF}}},
	{{{1152, 154, 384}, 0, {5078, 0}, {0x00, 0x00, 0x7F, 0xFF}}},
};

Gfx wf_dl_wf_seg7_dl_0700ABA0_mesh_mesh_layer_1_tri_2[] = {
	gsSPVertex(wf_dl_wf_seg7_dl_0700ABA0_mesh_mesh_layer_1_vtx_2 + 0, 31, 0),
	gsSP2Triangles(0, 1, 2, 0, 3, 4, 1, 0),
	gsSP2Triangles(5, 6, 7, 0, 8, 9, 10, 0),
	gsSP2Triangles(11, 12, 13, 0, 11, 13, 14, 0),
	gsSP2Triangles(15, 16, 17, 0, 15, 18, 16, 0),
	gsSP2Triangles(19, 20, 21, 0, 19, 21, 22, 0),
	gsSP2Triangles(23, 24, 25, 0, 23, 26, 24, 0),
	gsSP2Triangles(27, 28, 29, 0, 27, 29, 30, 0),
	gsSPVertex(wf_dl_wf_seg7_dl_0700ABA0_mesh_mesh_layer_1_vtx_2 + 31, 32, 0),
	gsSP2Triangles(0, 1, 2, 0, 0, 2, 3, 0),
	gsSP2Triangles(4, 5, 6, 0, 4, 6, 7, 0),
	gsSP2Triangles(8, 9, 10, 0, 8, 11, 9, 0),
	gsSP2Triangles(12, 13, 14, 0, 12, 14, 15, 0),
	gsSP2Triangles(16, 17, 18, 0, 16, 19, 17, 0),
	gsSP2Triangles(20, 21, 22, 0, 20, 23, 21, 0),
	gsSP2Triangles(24, 25, 26, 0, 24, 26, 27, 0),
	gsSP2Triangles(28, 29, 30, 0, 28, 30, 31, 0),
	gsSPVertex(wf_dl_wf_seg7_dl_0700ABA0_mesh_mesh_layer_1_vtx_2 + 63, 4, 0),
	gsSP2Triangles(0, 1, 2, 0, 0, 3, 1, 0),
	gsSPEndDisplayList(),
};

Vtx wf_dl_wf_seg7_dl_0700ABA0_mesh_mesh_layer_1_vtx_3[16] = {
	{{{-695, 133, 292}, 0, {-2074, -2076}, {0x00, 0x7F, 0x00, 0xFF}}},
	{{{-419, 133, 200}, 0, {990, -3098}, {0x00, 0x7F, 0x00, 0xFF}}},
	{{{-603, 133, 200}, 0, {-1052, -3098}, {0x00, 0x7F, 0x00, 0xFF}}},
	{{{-327, 133, 292}, 0, {2012, -2076}, {0x00, 0x7F, 0x00, 0xFF}}},
	{{{-327, 133, 476}, 0, {2012, 0}, {0x00, 0x7F, 0x00, 0xFF}}},
	{{{-419, 133, 568}, 0, {990, 990}, {0x00, 0x7F, 0x00, 0xFF}}},
	{{{-603, 133, 568}, 0, {-1052, 990}, {0x00, 0x7F, 0x00, 0xFF}}},
	{{{-695, 133, 476}, 0, {-2074, 0}, {0x00, 0x7F, 0x00, 0xFF}}},
	{{{768, 154, 0}, 0, {3034, -3098}, {0x00, 0x7F, 0x00, 0xFF}}},
	{{{768, 154, 256}, 0, {990, -3098}, {0x00, 0x7F, 0x00, 0xFF}}},
	{{{896, 154, 384}, 0, {0, -2076}, {0x00, 0x7F, 0x00, 0xFF}}},
	{{{1152, 154, 384}, 0, {0, 0}, {0x00, 0x7F, 0x00, 0xFF}}},
	{{{1280, 154, 256}, 0, {990, 990}, {0x00, 0x7F, 0x00, 0xFF}}},
	{{{1280, 154, 0}, 0, {3034, 990}, {0x00, 0x7F, 0x00, 0xFF}}},
	{{{1152, 154, -127}, 0, {4056, 0}, {0x00, 0x7F, 0x00, 0xFF}}},
	{{{896, 154, -127}, 0, {4056, -2076}, {0x00, 0x7F, 0x00, 0xFF}}},
};

Gfx wf_dl_wf_seg7_dl_0700ABA0_mesh_mesh_layer_1_tri_3[] = {
	gsSPVertex(wf_dl_wf_seg7_dl_0700ABA0_mesh_mesh_layer_1_vtx_3 + 0, 16, 0),
	gsSP2Triangles(0, 1, 2, 0, 0, 3, 1, 0),
	gsSP2Triangles(0, 4, 3, 0, 0, 5, 4, 0),
	gsSP2Triangles(0, 6, 5, 0, 0, 7, 6, 0),
	gsSP2Triangles(8, 9, 10, 0, 8, 10, 11, 0),
	gsSP2Triangles(8, 11, 12, 0, 8, 12, 13, 0),
	gsSP2Triangles(8, 13, 14, 0, 8, 14, 15, 0),
	gsSPEndDisplayList(),
};

Vtx wf_dl_wf_seg7_dl_0700AFB8_mesh_mesh_layer_6_vtx_cull[8] = {
	{{{-1228, 102, -50}, 0, {0, 0}, {0x00, 0x00, 0x00, 0x00}}},
	{{{-1228, 102, -50}, 0, {0, 0}, {0x00, 0x00, 0x00, 0x00}}},
	{{{-1228, 102, -460}, 0, {0, 0}, {0x00, 0x00, 0x00, 0x00}}},
	{{{-1228, 102, -460}, 0, {0, 0}, {0x00, 0x00, 0x00, 0x00}}},
	{{{-818, 102, -50}, 0, {0, 0}, {0x00, 0x00, 0x00, 0x00}}},
	{{{-818, 102, -50}, 0, {0, 0}, {0x00, 0x00, 0x00, 0x00}}},
	{{{-818, 102, -460}, 0, {0, 0}, {0x00, 0x00, 0x00, 0x00}}},
	{{{-818, 102, -460}, 0, {0, 0}, {0x00, 0x00, 0x00, 0x00}}},
};

Vtx wf_dl_wf_seg7_dl_0700AFB8_mesh_mesh_layer_6_vtx_0[4] = {
	{{{-818, 102, -460}, 0, {990, 0}, {0xFF, 0xFF, 0xFF, 0xFF}}},
	{{{-1228, 102, -460}, 0, {0, 0}, {0xFF, 0xFF, 0xFF, 0xFF}}},
	{{{-1228, 102, -50}, 0, {0, 990}, {0xFF, 0xFF, 0xFF, 0xFF}}},
	{{{-818, 102, -50}, 0, {990, 990}, {0xFF, 0xFF, 0xFF, 0xFF}}},
};

Gfx wf_dl_wf_seg7_dl_0700AFB8_mesh_mesh_layer_6_tri_0[] = {
	gsSPVertex(wf_dl_wf_seg7_dl_0700AFB8_mesh_mesh_layer_6_vtx_0 + 0, 4, 0),
	gsSP2Triangles(0, 1, 2, 0, 0, 2, 3, 0),
	gsSPEndDisplayList(),
};

Vtx wf_dl_wf_seg7_dl_0700BA28_mesh_mesh_layer_1_vtx_cull[8] = {
	{{{-511, -255, 2304}, 0, {0, 0}, {0x00, 0x00, 0x00, 0x00}}},
	{{{-511, 256, 2304}, 0, {0, 0}, {0x00, 0x00, 0x00, 0x00}}},
	{{{-511, 256, -2303}, 0, {0, 0}, {0x00, 0x00, 0x00, 0x00}}},
	{{{-511, -255, -2303}, 0, {0, 0}, {0x00, 0x00, 0x00, 0x00}}},
	{{{512, -255, 2304}, 0, {0, 0}, {0x00, 0x00, 0x00, 0x00}}},
	{{{512, 256, 2304}, 0, {0, 0}, {0x00, 0x00, 0x00, 0x00}}},
	{{{512, 256, -2303}, 0, {0, 0}, {0x00, 0x00, 0x00, 0x00}}},
	{{{512, -255, -2303}, 0, {0, 0}, {0x00, 0x00, 0x00, 0x00}}},
};

Vtx wf_dl_wf_seg7_dl_0700BA28_mesh_mesh_layer_1_vtx_0[3] = {
	{{{-511, 256, 2048}, 0, {310, 134}, {0x44, 0x66, 0xDF, 0xFF}}},
	{{{-127, 0, 2048}, 0, {0, 990}, {0x44, 0x66, 0xDF, 0xFF}}},
	{{{-511, 0, 1280}, 0, {1682, 990}, {0x44, 0x66, 0xDF, 0xFF}}},
};

Gfx wf_dl_wf_seg7_dl_0700BA28_mesh_mesh_layer_1_tri_0[] = {
	gsSPVertex(wf_dl_wf_seg7_dl_0700BA28_mesh_mesh_layer_1_vtx_0 + 0, 3, 0),
	gsSP1Triangle(0, 1, 2, 0),
	gsSPEndDisplayList(),
};

Vtx wf_dl_wf_seg7_dl_0700BA28_mesh_mesh_layer_1_vtx_1[19] = {
	{{{-511, 0, 2304}, 0, {1706, 480}, {0x00, 0x00, 0x7F, 0xFF}}},
	{{{-127, 0, 2304}, 0, {2472, 480}, {0x00, 0x00, 0x7F, 0xFF}}},
	{{{-511, 256, 2304}, 0, {1706, 0}, {0x00, 0x00, 0x7F, 0xFF}}},
	{{{0, -255, -2303}, 0, {990, 480}, {0x5A, 0x00, 0xA6, 0xFF}}},
	{{{512, 0, -1791}, 0, {-454, 0}, {0x5A, 0x00, 0xA6, 0xFF}}},
	{{{512, -255, -1791}, 0, {-454, 480}, {0x5A, 0x00, 0xA6, 0xFF}}},
	{{{0, 0, -2303}, 0, {990, 0}, {0x5A, 0x00, 0xA6, 0xFF}}},
	{{{-511, 256, 2048}, 0, {990, 0}, {0x46, 0x6A, 0x00, 0xFF}}},
	{{{-511, 256, 2304}, 0, {478, 0}, {0x46, 0x6A, 0x00, 0xFF}}},
	{{{-127, 0, 2304}, 0, {480, 890}, {0x46, 0x6A, 0x00, 0xFF}}},
	{{{-127, 0, 2048}, 0, {990, 890}, {0x46, 0x6A, 0x00, 0xFF}}},
	{{{-511, -255, -2303}, 0, {990, 480}, {0x00, 0x00, 0x81, 0xFF}}},
	{{{-511, 0, -2303}, 0, {990, 0}, {0x00, 0x00, 0x81, 0xFF}}},
	{{{0, 0, -2303}, 0, {0, 0}, {0x00, 0x00, 0x81, 0xFF}}},
	{{{0, -255, -2303}, 0, {0, 480}, {0x00, 0x00, 0x81, 0xFF}}},
	{{{512, -255, -1791}, 0, {990, 478}, {0x7F, 0x00, 0x00, 0xFF}}},
	{{{512, 0, 2304}, 0, {-7184, 0}, {0x7F, 0x00, 0x00, 0xFF}}},
	{{{512, -255, 2304}, 0, {-7184, 478}, {0x7F, 0x00, 0x00, 0xFF}}},
	{{{512, 0, -1791}, 0, {990, 0}, {0x7F, 0x00, 0x00, 0xFF}}},
};

Gfx wf_dl_wf_seg7_dl_0700BA28_mesh_mesh_layer_1_tri_1[] = {
	gsSPVertex(wf_dl_wf_seg7_dl_0700BA28_mesh_mesh_layer_1_vtx_1 + 0, 19, 0),
	gsSP2Triangles(0, 1, 2, 0, 3, 4, 5, 0),
	gsSP2Triangles(3, 6, 4, 0, 7, 8, 9, 0),
	gsSP2Triangles(7, 9, 10, 0, 11, 12, 13, 0),
	gsSP2Triangles(11, 13, 14, 0, 15, 16, 17, 0),
	gsSP1Triangle(15, 18, 16, 0),
	gsSPEndDisplayList(),
};

Vtx wf_dl_wf_seg7_dl_0700BA28_mesh_mesh_layer_1_vtx_2[7] = {
	{{{0, 0, -2303}, 0, {10188, 5332}, {0x00, 0x7F, 0x00, 0xFF}}},
	{{{-511, 0, -2303}, 0, {10188, 4310}, {0x00, 0x7F, 0x00, 0xFF}}},
	{{{-511, 0, 1280}, 0, {3034, 4310}, {0x00, 0x7F, 0x00, 0xFF}}},
	{{{512, 0, -1791}, 0, {9166, 6354}, {0x00, 0x7F, 0x00, 0xFF}}},
	{{{-127, 0, 2048}, 0, {1502, 5076}, {0x00, 0x7F, 0x00, 0xFF}}},
	{{{512, 0, 2304}, 0, {990, 6354}, {0x00, 0x7F, 0x00, 0xFF}}},
	{{{-127, 0, 2304}, 0, {990, 5332}, {0x00, 0x7F, 0x00, 0xFF}}},
};

Gfx wf_dl_wf_seg7_dl_0700BA28_mesh_mesh_layer_1_tri_2[] = {
	gsSPVertex(wf_dl_wf_seg7_dl_0700BA28_mesh_mesh_layer_1_vtx_2 + 0, 7, 0),
	gsSP2Triangles(0, 1, 2, 0, 0, 2, 3, 0),
	gsSP2Triangles(2, 4, 3, 0, 5, 3, 4, 0),
	gsSP1Triangle(5, 4, 6, 0),
	gsSPEndDisplayList(),
};

Vtx wf_dl_wf_seg7_dl_0700BA28_mesh_mesh_layer_1_vtx_3[64] = {
	{{{-255, 0, -511}, 0, {25518, 990}, {0x81, 0x00, 0x00, 0xFF}}},
	{{{-255, 51, -767}, 0, {20408, 0}, {0x81, 0x00, 0x00, 0xFF}}},
	{{{-255, 0, -767}, 0, {20408, 990}, {0x81, 0x00, 0x00, 0xFF}}},
	{{{-255, 51, -511}, 0, {25518, 0}, {0x81, 0x00, 0x00, 0xFF}}},
	{{{-255, 0, -1535}, 0, {0, 990}, {0x81, 0x00, 0x00, 0xFF}}},
	{{{-255, 51, -1535}, 0, {0, 0}, {0x81, 0x00, 0x00, 0xFF}}},
	{{{-255, 51, -1791}, 0, {5078, 0}, {0x81, 0x00, 0x00, 0xFF}}},
	{{{-255, 0, -1791}, 0, {5078, 990}, {0x81, 0x00, 0x00, 0xFF}}},
	{{{128, 0, -1919}, 0, {4056, 990}, {0x5A, 0x00, 0xA6, 0xFF}}},
	{{{128, 51, -1919}, 0, {4056, 0}, {0x5A, 0x00, 0xA6, 0xFF}}},
	{{{256, 51, -1791}, 0, {442, 0}, {0x5A, 0x00, 0xA6, 0xFF}}},
	{{{256, 0, -1791}, 0, {442, 990}, {0x5A, 0x00, 0xA6, 0xFF}}},
	{{{-127, 0, -1919}, 0, {0, 990}, {0x00, 0x00, 0x81, 0xFF}}},
	{{{-127, 51, -1919}, 0, {0, 0}, {0x00, 0x00, 0x81, 0xFF}}},
	{{{128, 51, -1919}, 0, {5078, 0}, {0x00, 0x00, 0x81, 0xFF}}},
	{{{128, 0, -1919}, 0, {5078, 990}, {0x00, 0x00, 0x81, 0xFF}}},
	{{{128, 0, -895}, 0, {-11418, 990}, {0x5A, 0x00, 0xA6, 0xFF}}},
	{{{256, 51, -767}, 0, {-15030, 0}, {0x5A, 0x00, 0xA6, 0xFF}}},
	{{{256, 0, -767}, 0, {-15030, 990}, {0x5A, 0x00, 0xA6, 0xFF}}},
	{{{128, 51, -895}, 0, {-11418, 0}, {0x5A, 0x00, 0xA6, 0xFF}}},
	{{{-255, 0, -767}, 0, {18034, 990}, {0xA6, 0x00, 0xA6, 0xFF}}},
	{{{-255, 51, -767}, 0, {18034, 0}, {0xA6, 0x00, 0xA6, 0xFF}}},
	{{{-127, 51, -895}, 0, {14422, 0}, {0xA6, 0x00, 0xA6, 0xFF}}},
	{{{-127, 0, -895}, 0, {14422, 990}, {0xA6, 0x00, 0xA6, 0xFF}}},
	{{{-127, 0, -895}, 0, {5078, 990}, {0x00, 0x00, 0x81, 0xFF}}},
	{{{128, 51, -895}, 0, {0, 0}, {0x00, 0x00, 0x81, 0xFF}}},
	{{{128, 0, -895}, 0, {0, 990}, {0x00, 0x00, 0x81, 0xFF}}},
	{{{-127, 51, -895}, 0, {5078, 0}, {0x00, 0x00, 0x81, 0xFF}}},
	{{{-127, 0, -383}, 0, {3582, 990}, {0xA6, 0x00, 0x5A, 0xFF}}},
	{{{-255, 51, -511}, 0, {0, 0}, {0xA6, 0x00, 0x5A, 0xFF}}},
	{{{-255, 0, -511}, 0, {0, 990}, {0xA6, 0x00, 0x5A, 0xFF}}},
	{{{-127, 51, -383}, 0, {3582, 0}, {0xA6, 0x00, 0x5A, 0xFF}}},
	{{{256, 0, -767}, 0, {990, 990}, {0x7F, 0x00, 0x00, 0xFF}}},
	{{{256, 51, -511}, 0, {-4118, 0}, {0x7F, 0x00, 0x00, 0xFF}}},
	{{{256, 0, -511}, 0, {-4118, 990}, {0x7F, 0x00, 0x00, 0xFF}}},
	{{{256, 51, -767}, 0, {990, 0}, {0x7F, 0x00, 0x00, 0xFF}}},
	{{{256, 0, -511}, 0, {3034, 990}, {0x5A, 0x00, 0x5A, 0xFF}}},
	{{{256, 51, -511}, 0, {3034, 0}, {0x5A, 0x00, 0x5A, 0xFF}}},
	{{{128, 51, -383}, 0, {-578, 0}, {0x5A, 0x00, 0x5A, 0xFF}}},
	{{{128, 0, -383}, 0, {-578, 990}, {0x5A, 0x00, 0x5A, 0xFF}}},
	{{{128, 0, -383}, 0, {5078, 990}, {0x00, 0x00, 0x7F, 0xFF}}},
	{{{128, 51, -383}, 0, {5078, 0}, {0x00, 0x00, 0x7F, 0xFF}}},
	{{{-127, 51, -383}, 0, {0, 0}, {0x00, 0x00, 0x7F, 0xFF}}},
	{{{-127, 0, -383}, 0, {0, 990}, {0x00, 0x00, 0x7F, 0xFF}}},
	{{{256, 0, -1535}, 0, {4056, 990}, {0x5A, 0x00, 0x5A, 0xFF}}},
	{{{256, 51, -1535}, 0, {4056, 0}, {0x5A, 0x00, 0x5A, 0xFF}}},
	{{{128, 51, -1407}, 0, {442, 0}, {0x5A, 0x00, 0x5A, 0xFF}}},
	{{{128, 0, -1407}, 0, {442, 990}, {0x5A, 0x00, 0x5A, 0xFF}}},
	{{{-127, 0, -1407}, 0, {442, 990}, {0xA6, 0x00, 0x5A, 0xFF}}},
	{{{-255, 51, -1535}, 0, {4056, 0}, {0xA6, 0x00, 0x5A, 0xFF}}},
	{{{-255, 0, -1535}, 0, {4056, 990}, {0xA6, 0x00, 0x5A, 0xFF}}},
	{{{-127, 51, -1407}, 0, {442, 0}, {0xA6, 0x00, 0x5A, 0xFF}}},
	{{{128, 0, -1407}, 0, {5078, 990}, {0x00, 0x00, 0x7F, 0xFF}}},
	{{{128, 51, -1407}, 0, {5078, 0}, {0x00, 0x00, 0x7F, 0xFF}}},
	{{{-127, 51, -1407}, 0, {0, 0}, {0x00, 0x00, 0x7F, 0xFF}}},
	{{{-127, 0, -1407}, 0, {0, 990}, {0x00, 0x00, 0x7F, 0xFF}}},
	{{{256, 0, -1791}, 0, {5078, 990}, {0x7F, 0x00, 0x00, 0xFF}}},
	{{{256, 51, -1791}, 0, {5078, 0}, {0x7F, 0x00, 0x00, 0xFF}}},
	{{{256, 51, -1535}, 0, {0, 0}, {0x7F, 0x00, 0x00, 0xFF}}},
	{{{256, 0, -1535}, 0, {0, 990}, {0x7F, 0x00, 0x00, 0xFF}}},
	{{{-255, 0, -1791}, 0, {442, 990}, {0xA6, 0x00, 0xA6, 0xFF}}},
	{{{-255, 51, -1791}, 0, {442, 0}, {0xA6, 0x00, 0xA6, 0xFF}}},
	{{{-127, 51, -1919}, 0, {4056, 0}, {0xA6, 0x00, 0xA6, 0xFF}}},
	{{{-127, 0, -1919}, 0, {4056, 990}, {0xA6, 0x00, 0xA6, 0xFF}}},
};

Gfx wf_dl_wf_seg7_dl_0700BA28_mesh_mesh_layer_1_tri_3[] = {
	gsSPVertex(wf_dl_wf_seg7_dl_0700BA28_mesh_mesh_layer_1_vtx_3 + 0, 32, 0),
	gsSP2Triangles(0, 1, 2, 0, 0, 3, 1, 0),
	gsSP2Triangles(4, 5, 6, 0, 4, 6, 7, 0),
	gsSP2Triangles(8, 9, 10, 0, 8, 10, 11, 0),
	gsSP2Triangles(12, 13, 14, 0, 12, 14, 15, 0),
	gsSP2Triangles(16, 17, 18, 0, 16, 19, 17, 0),
	gsSP2Triangles(20, 21, 22, 0, 20, 22, 23, 0),
	gsSP2Triangles(24, 25, 26, 0, 24, 27, 25, 0),
	gsSP2Triangles(28, 29, 30, 0, 28, 31, 29, 0),
	gsSPVertex(wf_dl_wf_seg7_dl_0700BA28_mesh_mesh_layer_1_vtx_3 + 32, 32, 0),
	gsSP2Triangles(0, 1, 2, 0, 0, 3, 1, 0),
	gsSP2Triangles(4, 5, 6, 0, 4, 6, 7, 0),
	gsSP2Triangles(8, 9, 10, 0, 8, 10, 11, 0),
	gsSP2Triangles(12, 13, 14, 0, 12, 14, 15, 0),
	gsSP2Triangles(16, 17, 18, 0, 16, 19, 17, 0),
	gsSP2Triangles(20, 21, 22, 0, 20, 22, 23, 0),
	gsSP2Triangles(24, 25, 26, 0, 24, 26, 27, 0),
	gsSP2Triangles(28, 29, 30, 0, 28, 30, 31, 0),
	gsSPEndDisplayList(),
};

Vtx wf_dl_wf_seg7_dl_0700BA28_mesh_mesh_layer_1_vtx_4[16] = {
	{{{-255, 51, -767}, 0, {3034, -3098}, {0x00, 0x7F, 0x00, 0xFF}}},
	{{{128, 51, -895}, 0, {4056, 0}, {0x00, 0x7F, 0x00, 0xFF}}},
	{{{-127, 51, -895}, 0, {4056, -2076}, {0x00, 0x7F, 0x00, 0xFF}}},
	{{{256, 51, -767}, 0, {3034, 990}, {0x00, 0x7F, 0x00, 0xFF}}},
	{{{256, 51, -511}, 0, {990, 990}, {0x00, 0x7F, 0x00, 0xFF}}},
	{{{128, 51, -383}, 0, {0, 0}, {0x00, 0x7F, 0x00, 0xFF}}},
	{{{-127, 51, -383}, 0, {0, -2076}, {0x00, 0x7F, 0x00, 0xFF}}},
	{{{-255, 51, -511}, 0, {990, -3098}, {0x00, 0x7F, 0x00, 0xFF}}},
	{{{-255, 51, -1791}, 0, {11210, -3098}, {0x00, 0x7F, 0x00, 0xFF}}},
	{{{128, 51, -1919}, 0, {12232, 0}, {0x00, 0x7F, 0x00, 0xFF}}},
	{{{-127, 51, -1919}, 0, {12232, -2076}, {0x00, 0x7F, 0x00, 0xFF}}},
	{{{256, 51, -1791}, 0, {11210, 990}, {0x00, 0x7F, 0x00, 0xFF}}},
	{{{256, 51, -1535}, 0, {9166, 990}, {0x00, 0x7F, 0x00, 0xFF}}},
	{{{128, 51, -1407}, 0, {8144, 0}, {0x00, 0x7F, 0x00, 0xFF}}},
	{{{-127, 51, -1407}, 0, {8144, -2076}, {0x00, 0x7F, 0x00, 0xFF}}},
	{{{-255, 51, -1535}, 0, {9166, -3098}, {0x00, 0x7F, 0x00, 0xFF}}},
};

Gfx wf_dl_wf_seg7_dl_0700BA28_mesh_mesh_layer_1_tri_4[] = {
	gsSPVertex(wf_dl_wf_seg7_dl_0700BA28_mesh_mesh_layer_1_vtx_4 + 0, 16, 0),
	gsSP2Triangles(0, 1, 2, 0, 0, 3, 1, 0),
	gsSP2Triangles(0, 4, 3, 0, 0, 5, 4, 0),
	gsSP2Triangles(0, 6, 5, 0, 0, 7, 6, 0),
	gsSP2Triangles(8, 9, 10, 0, 8, 11, 9, 0),
	gsSP2Triangles(8, 12, 11, 0, 8, 13, 12, 0),
	gsSP2Triangles(8, 14, 13, 0, 8, 15, 14, 0),
	gsSPEndDisplayList(),
};

Vtx wf_dl_wf_seg7_dl_0700D028_mesh_mesh_layer_1_vtx_cull[8] = {
	{{{-571, -588, 774}, 0, {0, 0}, {0x00, 0x00, 0x00, 0x00}}},
	{{{-571, 768, 774}, 0, {0, 0}, {0x00, 0x00, 0x00, 0x00}}},
	{{{-571, 768, -761}, 0, {0, 0}, {0x00, 0x00, 0x00, 0x00}}},
	{{{-571, -588, -761}, 0, {0, 0}, {0x00, 0x00, 0x00, 0x00}}},
	{{{452, -588, 774}, 0, {0, 0}, {0x00, 0x00, 0x00, 0x00}}},
	{{{452, 768, 774}, 0, {0, 0}, {0x00, 0x00, 0x00, 0x00}}},
	{{{452, 768, -761}, 0, {0, 0}, {0x00, 0x00, 0x00, 0x00}}},
	{{{452, -588, -761}, 0, {0, 0}, {0x00, 0x00, 0x00, 0x00}}},
};

Vtx wf_dl_wf_seg7_dl_0700D028_mesh_mesh_layer_1_vtx_0[36] = {
	{{{11, 154, 19}, 0, {0, 990}, {0x6C, 0x00, 0x42, 0xFF}}},
	{{{11, -460, 19}, 0, {24666, 990}, {0x6C, 0x00, 0x42, 0xFF}}},
	{{{19, -460, 6}, 0, {24666, 0}, {0x6C, 0x00, 0x42, 0xFF}}},
	{{{19, 154, 6}, 0, {0, 0}, {0x6C, 0x00, 0x42, 0xFF}}},
	{{{11, 154, 19}, 0, {0, 990}, {0x6C, 0x00, 0x42, 0xFF}}},
	{{{19, -460, 6}, 0, {24666, 0}, {0x6C, 0x00, 0x42, 0xFF}}},
	{{{-11, 154, 6}, 0, {990, 990}, {0x94, 0x00, 0x42, 0xFF}}},
	{{{-11, -460, 6}, 0, {990, -23708}, {0x94, 0x00, 0x42, 0xFF}}},
	{{{-3, -460, 19}, 0, {0, -23708}, {0x94, 0x00, 0x42, 0xFF}}},
	{{{-3, 154, 19}, 0, {0, 990}, {0x94, 0x00, 0x42, 0xFF}}},
	{{{-11, 154, 6}, 0, {990, 990}, {0x94, 0x00, 0x42, 0xFF}}},
	{{{-3, -460, 19}, 0, {0, -23708}, {0x94, 0x00, 0x42, 0xFF}}},
	{{{19, 154, 6}, 0, {0, 990}, {0x6A, 0x00, 0xBA, 0xFF}}},
	{{{19, -460, 6}, 0, {24662, 2010}, {0x6A, 0x00, 0xBA, 0xFF}}},
	{{{11, -460, -6}, 0, {24672, 990}, {0x6A, 0x00, 0xBA, 0xFF}}},
	{{{11, 154, -6}, 0, {-22, 0}, {0x6A, 0x00, 0xBA, 0xFF}}},
	{{{-3, 154, -6}, 0, {990, 990}, {0x96, 0x00, 0xBA, 0xFF}}},
	{{{-3, -460, -6}, 0, {990, -23708}, {0x96, 0x00, 0xBA, 0xFF}}},
	{{{-11, -460, 6}, 0, {0, -23708}, {0x96, 0x00, 0xBA, 0xFF}}},
	{{{-11, 154, 6}, 0, {0, 990}, {0x96, 0x00, 0xBA, 0xFF}}},
	{{{11, 154, -6}, 0, {990, 990}, {0x00, 0x00, 0x81, 0xFF}}},
	{{{11, -460, -6}, 0, {990, -23708}, {0x00, 0x00, 0x81, 0xFF}}},
	{{{-3, -460, -6}, 0, {0, -23708}, {0x00, 0x00, 0x81, 0xFF}}},
	{{{-3, 154, -6}, 0, {0, 990}, {0x00, 0x00, 0x81, 0xFF}}},
	{{{11, 154, 19}, 0, {0, 0}, {0x00, 0x00, 0x7F, 0xFF}}},
	{{{-3, 154, 19}, 0, {0, 990}, {0x00, 0x00, 0x7F, 0xFF}}},
	{{{11, -460, 19}, 0, {24666, 0}, {0x00, 0x00, 0x7F, 0xFF}}},
	{{{-3, -460, 19}, 0, {24666, 990}, {0x00, 0x00, 0x7F, 0xFF}}},
	{{{-3, 154, -6}, 0, {0, 478}, {0x00, 0x7F, 0x00, 0xFF}}},
	{{{19, 154, 6}, 0, {734, 36}, {0x00, 0x7F, 0x00, 0xFF}}},
	{{{11, 154, -6}, 0, {224, 36}, {0x00, 0x7F, 0x00, 0xFF}}},
	{{{11, 154, 19}, 0, {990, 480}, {0x00, 0x7F, 0x00, 0xFF}}},
	{{{-3, 154, -6}, 0, {0, 478}, {0x00, 0x7F, 0x00, 0xFF}}},
	{{{-3, 154, 19}, 0, {734, 922}, {0x00, 0x7F, 0x00, 0xFF}}},
	{{{11, 154, 19}, 0, {990, 480}, {0x00, 0x7F, 0x00, 0xFF}}},
	{{{-11, 154, 6}, 0, {224, 922}, {0x00, 0x7F, 0x00, 0xFF}}},
};

Gfx wf_dl_wf_seg7_dl_0700D028_mesh_mesh_layer_1_tri_0[] = {
	gsSPVertex(wf_dl_wf_seg7_dl_0700D028_mesh_mesh_layer_1_vtx_0 + 0, 32, 0),
	gsSP2Triangles(0, 1, 2, 0, 3, 4, 5, 0),
	gsSP2Triangles(6, 7, 8, 0, 9, 10, 11, 0),
	gsSP2Triangles(12, 13, 14, 0, 15, 12, 14, 0),
	gsSP2Triangles(16, 17, 18, 0, 19, 16, 18, 0),
	gsSP2Triangles(20, 21, 22, 0, 23, 20, 22, 0),
	gsSP2Triangles(24, 25, 26, 0, 25, 27, 26, 0),
	gsSP2Triangles(28, 29, 30, 0, 28, 31, 29, 0),
	gsSPVertex(wf_dl_wf_seg7_dl_0700D028_mesh_mesh_layer_1_vtx_0 + 32, 4, 0),
	gsSP2Triangles(0, 1, 2, 0, 0, 3, 1, 0),
	gsSPEndDisplayList(),
};

Vtx wf_dl_wf_seg7_dl_0700D028_mesh_mesh_layer_1_vtx_1[24] = {
	{{{-191, -588, 227}, 0, {2958, 990}, {0x00, 0x81, 0x00, 0xFF}}},
	{{{452, -588, -521}, 0, {0, -1578}, {0x00, 0x81, 0x00, 0xFF}}},
	{{{452, -588, 227}, 0, {2958, -1578}, {0x00, 0x81, 0x00, 0xFF}}},
	{{{-191, -588, -521}, 0, {0, 990}, {0x00, 0x81, 0x00, 0xFF}}},
	{{{-239, -460, 275}, 0, {3148, 1180}, {0x00, 0x7F, 0x00, 0xFF}}},
	{{{452, -460, 275}, 0, {3148, -1578}, {0x00, 0x7F, 0x00, 0xFF}}},
	{{{452, -460, -569}, 0, {-222, -1578}, {0x00, 0x7F, 0x00, 0xFF}}},
	{{{-239, -460, -569}, 0, {-222, 1180}, {0x00, 0x7F, 0x00, 0xFF}}},
	{{{-571, 640, -761}, 0, {-5140, 0}, {0x00, 0x81, 0x00, 0xFF}}},
	{{{452, 640, -761}, 0, {-5140, 3074}, {0x00, 0x81, 0x00, 0xFF}}},
	{{{452, 640, 774}, 0, {990, 3074}, {0x00, 0x81, 0x00, 0xFF}}},
	{{{-571, 640, 774}, 0, {990, 0}, {0x00, 0x81, 0x00, 0xFF}}},
	{{{452, 768, 774}, 0, {990, 6098}, {0x00, 0x7F, 0x00, 0xFF}}},
	{{{452, 768, -761}, 0, {990, 0}, {0x00, 0x7F, 0x00, 0xFF}}},
	{{{-571, 768, 774}, 0, {-3096, 6098}, {0x00, 0x7F, 0x00, 0xFF}}},
	{{{-571, 768, -761}, 0, {-3096, 0}, {0x00, 0x7F, 0x00, 0xFF}}},
	{{{-443, 0, 581}, 0, {990, 990}, {0x00, 0x7F, 0x00, 0xFF}}},
	{{{452, 0, 581}, 0, {990, -2588}, {0x00, 0x7F, 0x00, 0xFF}}},
	{{{69, 0, 71}, 0, {-1044, -1058}, {0x00, 0x7F, 0x00, 0xFF}}},
	{{{69, 0, -57}, 0, {-1558, -1058}, {0x00, 0x7F, 0x00, 0xFF}}},
	{{{452, 0, -570}, 0, {-3608, -2588}, {0x00, 0x7F, 0x00, 0xFF}}},
	{{{-443, 0, -570}, 0, {-3606, 990}, {0x00, 0x7F, 0x00, 0xFF}}},
	{{{-59, 0, -57}, 0, {-1558, -544}, {0x00, 0x7F, 0x00, 0xFF}}},
	{{{-59, 0, 71}, 0, {-1044, -544}, {0x00, 0x7F, 0x00, 0xFF}}},
};

Gfx wf_dl_wf_seg7_dl_0700D028_mesh_mesh_layer_1_tri_1[] = {
	gsSPVertex(wf_dl_wf_seg7_dl_0700D028_mesh_mesh_layer_1_vtx_1 + 0, 24, 0),
	gsSP2Triangles(0, 1, 2, 0, 0, 3, 1, 0),
	gsSP2Triangles(4, 5, 6, 0, 4, 6, 7, 0),
	gsSP2Triangles(8, 9, 10, 0, 8, 10, 11, 0),
	gsSP2Triangles(12, 13, 14, 0, 14, 13, 15, 0),
	gsSP2Triangles(16, 17, 18, 0, 17, 19, 18, 0),
	gsSP2Triangles(17, 20, 19, 0, 20, 21, 19, 0),
	gsSP2Triangles(21, 22, 19, 0, 21, 23, 22, 0),
	gsSP2Triangles(21, 16, 23, 0, 16, 18, 23, 0),
	gsSPEndDisplayList(),
};

Vtx wf_dl_wf_seg7_dl_0700D028_mesh_mesh_layer_1_vtx_2[126] = {
	{{{-239, -460, -569}, 0, {-438, 0}, {0x89, 0xD4, 0x00, 0xFF}}},
	{{{-191, -588, 227}, 0, {4694, 1058}, {0x89, 0xD4, 0x00, 0xFF}}},
	{{{-239, -460, 275}, 0, {5078, 0}, {0x89, 0xD4, 0x00, 0xFF}}},
	{{{-239, -460, -569}, 0, {-438, 0}, {0x89, 0xD4, 0x00, 0xFF}}},
	{{{-191, -588, -521}, 0, {-56, 1058}, {0x89, 0xD4, 0x00, 0xFF}}},
	{{{-191, -588, 227}, 0, {4694, 1058}, {0x89, 0xD4, 0x00, 0xFF}}},
	{{{69, -127, 71}, 0, {0, 990}, {0x00, 0x00, 0x81, 0xFF}}},
	{{{-59, -127, 71}, 0, {484, 990}, {0x00, 0x00, 0x81, 0xFF}}},
	{{{69, 0, 71}, 0, {0, 480}, {0x00, 0x00, 0x81, 0xFF}}},
	{{{-59, 0, 71}, 0, {484, 478}, {0x00, 0x00, 0x81, 0xFF}}},
	{{{452, -588, -521}, 0, {-4118, 1058}, {0x00, 0xD4, 0x89, 0xFF}}},
	{{{-239, -460, -569}, 0, {990, 0}, {0x00, 0xD4, 0x89, 0xFF}}},
	{{{452, -460, -569}, 0, {-4118, 0}, {0x00, 0xD4, 0x89, 0xFF}}},
	{{{-191, -588, -521}, 0, {606, 1058}, {0x00, 0xD4, 0x89, 0xFF}}},
	{{{-239, -460, 275}, 0, {990, 1904}, {0x00, 0xD4, 0x77, 0xFF}}},
	{{{452, -588, 227}, 0, {-4118, 2726}, {0x00, 0xD4, 0x77, 0xFF}}},
	{{{452, -460, 275}, 0, {-4118, 1904}, {0x00, 0xD4, 0x77, 0xFF}}},
	{{{-191, -588, 227}, 0, {606, 2726}, {0x00, 0xD4, 0x77, 0xFF}}},
	{{{69, -127, -57}, 0, {484, 990}, {0x81, 0x00, 0x00, 0xFF}}},
	{{{69, -127, 71}, 0, {0, 990}, {0x81, 0x00, 0x00, 0xFF}}},
	{{{69, 0, 71}, 0, {0, 478}, {0x81, 0x00, 0x00, 0xFF}}},
	{{{69, 0, -57}, 0, {484, 478}, {0x81, 0x00, 0x00, 0xFF}}},
	{{{-59, -127, 71}, 0, {0, 990}, {0x7F, 0x00, 0x00, 0xFF}}},
	{{{-59, -127, -57}, 0, {484, 990}, {0x7F, 0x00, 0x00, 0xFF}}},
	{{{-59, 0, -57}, 0, {484, 478}, {0x7F, 0x00, 0x00, 0xFF}}},
	{{{-59, 0, 71}, 0, {0, 480}, {0x7F, 0x00, 0x00, 0xFF}}},
	{{{69, -127, -57}, 0, {0, 990}, {0x00, 0x00, 0x7F, 0xFF}}},
	{{{69, 0, -57}, 0, {0, 480}, {0x00, 0x00, 0x7F, 0xFF}}},
	{{{-59, 0, -57}, 0, {484, 478}, {0x00, 0x00, 0x7F, 0xFF}}},
	{{{-59, -127, -57}, 0, {484, 990}, {0x00, 0x00, 0x7F, 0xFF}}},
	{{{68, 0, -474}, 0, {-2074, 3032}, {0x81, 0x00, 0x00, 0xFF}}},
	{{{68, 640, -570}, 0, {-2584, 480}, {0x81, 0x00, 0x00, 0xFF}}},
	{{{68, 0, -570}, 0, {-2584, 3032}, {0x81, 0x00, 0x00, 0xFF}}},
	{{{68, 640, -474}, 0, {-2074, 480}, {0x81, 0x00, 0x00, 0xFF}}},
	{{{196, 0, -474}, 0, {0, 3032}, {0x00, 0x00, 0x7F, 0xFF}}},
	{{{196, 640, -474}, 0, {0, 480}, {0x00, 0x00, 0x7F, 0xFF}}},
	{{{68, 640, -474}, 0, {-540, 480}, {0x00, 0x00, 0x7F, 0xFF}}},
	{{{68, 0, -474}, 0, {-542, 3032}, {0x00, 0x00, 0x7F, 0xFF}}},
	{{{-187, 0, -474}, 0, {-1564, 3032}, {0x00, 0x00, 0x7F, 0xFF}}},
	{{{-315, 640, -474}, 0, {-2074, 480}, {0x00, 0x00, 0x7F, 0xFF}}},
	{{{-315, 0, -474}, 0, {-2074, 3032}, {0x00, 0x00, 0x7F, 0xFF}}},
	{{{-187, 640, -474}, 0, {-1562, 480}, {0x00, 0x00, 0x7F, 0xFF}}},
	{{{68, 0, -570}, 0, {-542, 3032}, {0x00, 0x00, 0x81, 0xFF}}},
	{{{196, 640, -570}, 0, {0, 480}, {0x00, 0x00, 0x81, 0xFF}}},
	{{{196, 0, -570}, 0, {0, 3032}, {0x00, 0x00, 0x81, 0xFF}}},
	{{{68, 640, -570}, 0, {-540, 480}, {0x00, 0x00, 0x81, 0xFF}}},
	{{{196, 0, -570}, 0, {-2584, 3032}, {0x7F, 0x00, 0x00, 0xFF}}},
	{{{196, 640, -570}, 0, {-2584, 480}, {0x7F, 0x00, 0x00, 0xFF}}},
	{{{196, 640, -474}, 0, {-2074, 480}, {0x7F, 0x00, 0x00, 0xFF}}},
	{{{196, 0, -474}, 0, {-2074, 3032}, {0x7F, 0x00, 0x00, 0xFF}}},
	{{{-187, 0, 581}, 0, {-542, 3032}, {0x00, 0x00, 0x7F, 0xFF}}},
	{{{-187, 640, 581}, 0, {-542, 480}, {0x00, 0x00, 0x7F, 0xFF}}},
	{{{-315, 640, 581}, 0, {-1052, 480}, {0x00, 0x00, 0x7F, 0xFF}}},
	{{{-315, 0, 581}, 0, {-1052, 3032}, {0x00, 0x00, 0x7F, 0xFF}}},
	{{{-315, 0, -474}, 0, {-2074, 3032}, {0x81, 0x00, 0x00, 0xFF}}},
	{{{-315, 640, -474}, 0, {-2074, 480}, {0x81, 0x00, 0x00, 0xFF}}},
	{{{-315, 640, -570}, 0, {-2586, 480}, {0x81, 0x00, 0x00, 0xFF}}},
	{{{-315, 0, -570}, 0, {-2584, 3032}, {0x81, 0x00, 0x00, 0xFF}}},
	{{{-315, 0, -570}, 0, {-2074, 3032}, {0x00, 0x00, 0x81, 0xFF}}},
	{{{-187, 640, -570}, 0, {-1562, 480}, {0x00, 0x00, 0x81, 0xFF}}},
	{{{-187, 0, -570}, 0, {-1564, 3032}, {0x00, 0x00, 0x81, 0xFF}}},
	{{{-315, 640, -570}, 0, {-2074, 480}, {0x00, 0x00, 0x81, 0xFF}}},
	{{{-187, 0, -570}, 0, {-2586, 3032}, {0x7F, 0x00, 0x00, 0xFF}}},
	{{{-187, 640, -474}, 0, {-2074, 480}, {0x7F, 0x00, 0x00, 0xFF}}},
	{{{-187, 0, -474}, 0, {-2074, 3032}, {0x7F, 0x00, 0x00, 0xFF}}},
	{{{-187, 640, -570}, 0, {-2586, 480}, {0x7F, 0x00, 0x00, 0xFF}}},
	{{{-187, 0, 485}, 0, {3034, 3032}, {0x7F, 0x00, 0x00, 0xFF}}},
	{{{-187, 640, 485}, 0, {3034, 480}, {0x7F, 0x00, 0x00, 0xFF}}},
	{{{-187, 640, 581}, 0, {3546, 478}, {0x7F, 0x00, 0x00, 0xFF}}},
	{{{-187, 0, 581}, 0, {3546, 3032}, {0x7F, 0x00, 0x00, 0xFF}}},
	{{{-315, 0, 581}, 0, {3546, 3032}, {0x81, 0x00, 0x00, 0xFF}}},
	{{{-315, 640, 581}, 0, {3544, 478}, {0x81, 0x00, 0x00, 0xFF}}},
	{{{-315, 640, 485}, 0, {3034, 480}, {0x81, 0x00, 0x00, 0xFF}}},
	{{{-315, 0, 485}, 0, {3034, 3032}, {0x81, 0x00, 0x00, 0xFF}}},
	{{{-315, 0, 485}, 0, {-2074, 3032}, {0x00, 0x00, 0x81, 0xFF}}},
	{{{-187, 640, 485}, 0, {-1564, 480}, {0x00, 0x00, 0x81, 0xFF}}},
	{{{-187, 0, 485}, 0, {-1564, 3032}, {0x00, 0x00, 0x81, 0xFF}}},
	{{{-315, 640, 485}, 0, {-2074, 480}, {0x00, 0x00, 0x81, 0xFF}}},
	{{{196, 0, 485}, 0, {3034, 3032}, {0x7F, 0x00, 0x00, 0xFF}}},
	{{{196, 640, 485}, 0, {3034, 480}, {0x7F, 0x00, 0x00, 0xFF}}},
	{{{196, 640, 581}, 0, {3546, 478}, {0x7F, 0x00, 0x00, 0xFF}}},
	{{{196, 0, 581}, 0, {3546, 3032}, {0x7F, 0x00, 0x00, 0xFF}}},
	{{{196, 0, 581}, 0, {990, 3032}, {0x00, 0x00, 0x7F, 0xFF}}},
	{{{196, 640, 581}, 0, {990, 480}, {0x00, 0x00, 0x7F, 0xFF}}},
	{{{68, 640, 581}, 0, {478, 480}, {0x00, 0x00, 0x7F, 0xFF}}},
	{{{68, 0, 581}, 0, {478, 3032}, {0x00, 0x00, 0x7F, 0xFF}}},
	{{{68, 0, 581}, 0, {3546, 3032}, {0x81, 0x00, 0x00, 0xFF}}},
	{{{68, 640, 581}, 0, {3546, 478}, {0x81, 0x00, 0x00, 0xFF}}},
	{{{68, 640, 485}, 0, {3034, 480}, {0x81, 0x00, 0x00, 0xFF}}},
	{{{68, 0, 485}, 0, {3034, 3032}, {0x81, 0x00, 0x00, 0xFF}}},
	{{{68, 0, 485}, 0, {-542, 3032}, {0x00, 0x00, 0x81, 0xFF}}},
	{{{68, 640, 485}, 0, {-542, 480}, {0x00, 0x00, 0x81, 0xFF}}},
	{{{196, 640, 485}, 0, {0, 480}, {0x00, 0x00, 0x81, 0xFF}}},
	{{{196, 0, 485}, 0, {0, 3032}, {0x00, 0x00, 0x81, 0xFF}}},
	{{{-571, 640, -761}, 0, {-3096, 480}, {0x00, 0x00, 0x81, 0xFF}}},
	{{{-571, 768, -761}, 0, {-3096, 0}, {0x00, 0x00, 0x81, 0xFF}}},
	{{{452, 768, -761}, 0, {990, 0}, {0x00, 0x00, 0x81, 0xFF}}},
	{{{452, 640, -761}, 0, {990, 480}, {0x00, 0x00, 0x81, 0xFF}}},
	{{{-571, 768, 774}, 0, {-3096, 0}, {0x00, 0x00, 0x7F, 0xFF}}},
	{{{-571, 640, 774}, 0, {-3096, 478}, {0x00, 0x00, 0x7F, 0xFF}}},
	{{{452, 640, 774}, 0, {990, 480}, {0x00, 0x00, 0x7F, 0xFF}}},
	{{{452, 768, 774}, 0, {990, 0}, {0x00, 0x00, 0x7F, 0xFF}}},
	{{{452, -127, 581}, 0, {990, 3544}, {0x00, 0x00, 0x7F, 0xFF}}},
	{{{452, 0, 581}, 0, {990, 3032}, {0x00, 0x00, 0x7F, 0xFF}}},
	{{{-443, 0, 581}, 0, {-2586, 3032}, {0x00, 0x00, 0x7F, 0xFF}}},
	{{{-443, -127, 581}, 0, {-2586, 3544}, {0x00, 0x00, 0x7F, 0xFF}}},
	{{{-443, -127, -570}, 0, {-2586, 3544}, {0x00, 0x00, 0x81, 0xFF}}},
	{{{-443, 0, -570}, 0, {-2586, 3032}, {0x00, 0x00, 0x81, 0xFF}}},
	{{{452, 0, -570}, 0, {990, 3032}, {0x00, 0x00, 0x81, 0xFF}}},
	{{{452, -127, -570}, 0, {990, 3544}, {0x00, 0x00, 0x81, 0xFF}}},
	{{{-443, -127, -570}, 0, {0, 480}, {0x81, 0x00, 0x00, 0xFF}}},
	{{{-443, -127, 581}, 0, {6100, 478}, {0x81, 0x00, 0x00, 0xFF}}},
	{{{-443, 0, 581}, 0, {6100, 0}, {0x81, 0x00, 0x00, 0xFF}}},
	{{{-443, 0, -570}, 0, {0, 0}, {0x81, 0x00, 0x00, 0xFF}}},
	{{{-571, 768, 774}, 0, {6100, 0}, {0x81, 0x00, 0x00, 0xFF}}},
	{{{-571, 640, -761}, 0, {0, 478}, {0x81, 0x00, 0x00, 0xFF}}},
	{{{-571, 640, 774}, 0, {6100, 478}, {0x81, 0x00, 0x00, 0xFF}}},
	{{{-571, 768, -761}, 0, {0, 0}, {0x81, 0x00, 0x00, 0xFF}}},
	{{{-443, -127, -570}, 0, {3034, 3544}, {0x00, 0x81, 0x00, 0xFF}}},
	{{{452, -127, -570}, 0, {3034, 0}, {0x00, 0x81, 0x00, 0xFF}}},
	{{{-59, -127, -57}, 0, {226, 2010}, {0x00, 0x81, 0x00, 0xFF}}},
	{{{69, -127, -57}, 0, {226, 1494}, {0x00, 0x81, 0x00, 0xFF}}},
	{{{69, -127, 71}, 0, {-288, 1494}, {0x00, 0x81, 0x00, 0xFF}}},
	{{{452, -127, 581}, 0, {-3096, 0}, {0x00, 0x81, 0x00, 0xFF}}},
	{{{-59, -127, 71}, 0, {-288, 2010}, {0x00, 0x81, 0x00, 0xFF}}},
	{{{-443, -127, 581}, 0, {-3096, 3544}, {0x00, 0x81, 0x00, 0xFF}}},
};

Gfx wf_dl_wf_seg7_dl_0700D028_mesh_mesh_layer_1_tri_2[] = {
	gsSPVertex(wf_dl_wf_seg7_dl_0700D028_mesh_mesh_layer_1_vtx_2 + 0, 30, 0),
	gsSP2Triangles(0, 1, 2, 0, 3, 4, 5, 0),
	gsSP2Triangles(6, 7, 8, 0, 7, 9, 8, 0),
	gsSP2Triangles(10, 11, 12, 0, 10, 13, 11, 0),
	gsSP2Triangles(14, 15, 16, 0, 14, 17, 15, 0),
	gsSP2Triangles(18, 19, 20, 0, 18, 20, 21, 0),
	gsSP2Triangles(22, 23, 24, 0, 22, 24, 25, 0),
	gsSP2Triangles(26, 27, 28, 0, 29, 26, 28, 0),
	gsSPVertex(wf_dl_wf_seg7_dl_0700D028_mesh_mesh_layer_1_vtx_2 + 30, 32, 0),
	gsSP2Triangles(0, 1, 2, 0, 0, 3, 1, 0),
	gsSP2Triangles(4, 5, 6, 0, 4, 6, 7, 0),
	gsSP2Triangles(8, 9, 10, 0, 8, 11, 9, 0),
	gsSP2Triangles(12, 13, 14, 0, 12, 15, 13, 0),
	gsSP2Triangles(16, 17, 18, 0, 16, 18, 19, 0),
	gsSP2Triangles(20, 21, 22, 0, 20, 22, 23, 0),
	gsSP2Triangles(24, 25, 26, 0, 24, 26, 27, 0),
	gsSP2Triangles(28, 29, 30, 0, 28, 31, 29, 0),
	gsSPVertex(wf_dl_wf_seg7_dl_0700D028_mesh_mesh_layer_1_vtx_2 + 62, 32, 0),
	gsSP2Triangles(0, 1, 2, 0, 0, 3, 1, 0),
	gsSP2Triangles(4, 5, 6, 0, 4, 6, 7, 0),
	gsSP2Triangles(8, 9, 10, 0, 8, 10, 11, 0),
	gsSP2Triangles(12, 13, 14, 0, 12, 15, 13, 0),
	gsSP2Triangles(16, 17, 18, 0, 16, 18, 19, 0),
	gsSP2Triangles(20, 21, 22, 0, 20, 22, 23, 0),
	gsSP2Triangles(24, 25, 26, 0, 24, 26, 27, 0),
	gsSP2Triangles(28, 29, 30, 0, 28, 30, 31, 0),
	gsSPVertex(wf_dl_wf_seg7_dl_0700D028_mesh_mesh_layer_1_vtx_2 + 94, 32, 0),
	gsSP2Triangles(0, 1, 2, 0, 3, 0, 2, 0),
	gsSP2Triangles(4, 5, 6, 0, 7, 4, 6, 0),
	gsSP2Triangles(8, 9, 10, 0, 8, 10, 11, 0),
	gsSP2Triangles(12, 13, 14, 0, 12, 14, 15, 0),
	gsSP2Triangles(16, 17, 18, 0, 19, 16, 18, 0),
	gsSP2Triangles(20, 21, 22, 0, 20, 23, 21, 0),
	gsSP2Triangles(24, 25, 26, 0, 25, 27, 26, 0),
	gsSP2Triangles(25, 28, 27, 0, 25, 29, 28, 0),
	gsSP2Triangles(29, 30, 28, 0, 29, 31, 30, 0),
	gsSP2Triangles(31, 26, 30, 0, 31, 24, 26, 0),
	gsSPEndDisplayList(),
};

Vtx wf_dl_wf_seg7_dl_0700D300_mesh_mesh_layer_1_vtx_cull[8] = {
	{{{-613, -383, 2432}, 0, {0, 0}, {0x00, 0x00, 0x00, 0x00}}},
	{{{-613, 640, 2432}, 0, {0, 0}, {0x00, 0x00, 0x00, 0x00}}},
	{{{-613, 640, -2175}, 0, {0, 0}, {0x00, 0x00, 0x00, 0x00}}},
	{{{-613, -383, -2175}, 0, {0, 0}, {0x00, 0x00, 0x00, 0x00}}},
	{{{614, -383, 2432}, 0, {0, 0}, {0x00, 0x00, 0x00, 0x00}}},
	{{{614, 640, 2432}, 0, {0, 0}, {0x00, 0x00, 0x00, 0x00}}},
	{{{614, 640, -2175}, 0, {0, 0}, {0x00, 0x00, 0x00, 0x00}}},
	{{{614, -383, -2175}, 0, {0, 0}, {0x00, 0x00, 0x00, 0x00}}},
};

Vtx wf_dl_wf_seg7_dl_0700D300_mesh_mesh_layer_1_vtx_0[24] = {
	{{{-613, 0, -2175}, 0, {-20266, -542}, {0x81, 0x00, 0x00, 0xFF}}},
	{{{-613, -383, 0}, 0, {-13316, 990}, {0x81, 0x00, 0x00, 0xFF}}},
	{{{-613, 0, 0}, 0, {-13316, -542}, {0x81, 0x00, 0x00, 0xFF}}},
	{{{-613, -383, -2175}, 0, {-20266, 990}, {0x81, 0x00, 0x00, 0xFF}}},
	{{{154, -383, 2432}, 0, {-3096, 990}, {0x81, 0x00, 0x00, 0xFF}}},
	{{{154, 640, 2432}, 0, {-3096, -2002}, {0x81, 0x00, 0x00, 0xFF}}},
	{{{154, 0, 0}, 0, {-13316, -542}, {0x81, 0x00, 0x00, 0xFF}}},
	{{{154, -383, 0}, 0, {-13316, 990}, {0x81, 0x00, 0x00, 0xFF}}},
	{{{614, 640, 2432}, 0, {0, 0}, {0x00, 0x7B, 0xE0, 0xFF}}},
	{{{614, 0, 0}, 0, {0, -10252}, {0x00, 0x7B, 0xE0, 0xFF}}},
	{{{154, 0, 0}, 0, {-1870, -10252}, {0x00, 0x7B, 0xE0, 0xFF}}},
	{{{154, 640, 2432}, 0, {-1870, 0}, {0x00, 0x7B, 0xE0, 0xFF}}},
	{{{154, -383, 0}, 0, {3034, 990}, {0x00, 0x00, 0x7F, 0xFF}}},
	{{{154, 0, 0}, 0, {3034, -542}, {0x00, 0x00, 0x7F, 0xFF}}},
	{{{-613, 0, 0}, 0, {172, -542}, {0x00, 0x00, 0x7F, 0xFF}}},
	{{{-613, -383, 0}, 0, {172, 990}, {0x00, 0x00, 0x7F, 0xFF}}},
	{{{614, 0, -2175}, 0, {-3914, -542}, {0x00, 0x00, 0x81, 0xFF}}},
	{{{-613, -383, -2175}, 0, {990, 990}, {0x00, 0x00, 0x81, 0xFF}}},
	{{{-613, 0, -2175}, 0, {990, -542}, {0x00, 0x00, 0x81, 0xFF}}},
	{{{614, -383, -2175}, 0, {-3914, 990}, {0x00, 0x00, 0x81, 0xFF}}},
	{{{-613, 0, -2175}, 0, {-3914, -6164}, {0x00, 0x7F, 0x00, 0xFF}}},
	{{{-613, 0, 0}, 0, {-3914, 990}, {0x00, 0x7F, 0x00, 0xFF}}},
	{{{614, 0, 0}, 0, {990, 990}, {0x00, 0x7F, 0x00, 0xFF}}},
	{{{614, 0, -2175}, 0, {990, -6164}, {0x00, 0x7F, 0x00, 0xFF}}},
};

Gfx wf_dl_wf_seg7_dl_0700D300_mesh_mesh_layer_1_tri_0[] = {
	gsSPVertex(wf_dl_wf_seg7_dl_0700D300_mesh_mesh_layer_1_vtx_0 + 0, 24, 0),
	gsSP2Triangles(0, 1, 2, 0, 0, 3, 1, 0),
	gsSP2Triangles(4, 5, 6, 0, 7, 4, 6, 0),
	gsSP2Triangles(8, 9, 10, 0, 8, 10, 11, 0),
	gsSP2Triangles(12, 13, 14, 0, 15, 12, 14, 0),
	gsSP2Triangles(16, 17, 18, 0, 16, 19, 17, 0),
	gsSP2Triangles(20, 21, 22, 0, 20, 22, 23, 0),
	gsSPEndDisplayList(),
};

Gfx mat_wf_dl_f3dlite_material_025[] = {
	gsSPClearGeometryMode(G_CULL_BACK | G_LIGHTING),
	gsDPPipeSync(),
	gsDPSetCombineLERP(0, 0, 0, TEXEL0, 0, 0, 0, TEXEL0, 0, 0, 0, TEXEL0, 0, 0, 0, TEXEL0),
	gsDPSetAlphaDither(G_AD_NOISE),
	gsDPSetTextureLUT(G_TT_RGBA16),
	gsSPTexture(65535, 65535, 0, 0, 1),
	gsDPSetTextureImage(G_IM_FMT_RGBA, G_IM_SIZ_16b, 1, wf_dl_wf_textures_00000_rgba16_pal_rgba16),
	gsDPSetTile(0, 0, 0, 256, 5, 0, G_TX_WRAP | G_TX_NOMIRROR, 0, 0, G_TX_WRAP | G_TX_NOMIRROR, 0, 0),
	gsDPLoadTLUTCmd(5, 113),
	gsDPSetTextureImage(G_IM_FMT_CI, G_IM_SIZ_8b_LOAD_BLOCK, 1, wf_dl_wf_textures_00000_rgba16_ci8),
	gsDPSetTile(G_IM_FMT_CI, G_IM_SIZ_8b_LOAD_BLOCK, 0, 0, 7, 0, G_TX_WRAP | G_TX_NOMIRROR, 0, 0, G_TX_WRAP | G_TX_NOMIRROR, 0, 0),
	gsDPLoadBlock(7, 0, 0, 511, 512),
	gsDPSetTile(G_IM_FMT_CI, G_IM_SIZ_8b, 4, 0, 0, 0, G_TX_WRAP | G_TX_NOMIRROR, 5, 0, G_TX_WRAP | G_TX_NOMIRROR, 5, 0),
	gsDPSetTileSize(0, 0, 0, 124, 124),
	gsSPEndDisplayList(),
};

Gfx mat_revert_wf_dl_f3dlite_material_025[] = {
	gsSPSetGeometryMode(G_CULL_BACK | G_LIGHTING),
	gsDPPipeSync(),
	gsDPSetAlphaDither(G_AD_DISABLE),
	gsDPSetTextureLUT(G_TT_NONE),
	gsSPEndDisplayList(),
};

Gfx mat_wf_dl_f3dlite_material_001[] = {
	gsSPClearGeometryMode(G_SHADING_SMOOTH),
	gsSPLightColor(LIGHT_1, 0xFFFFFFFF),
	gsSPLightColor(LIGHT_2, 0x666666FF),
	gsDPPipeSync(),
	gsDPSetCombineLERP(TEXEL0, 0, SHADE, 0, 0, 0, 0, SHADE, TEXEL0, 0, SHADE, 0, 0, 0, 0, SHADE),
	gsDPSetAlphaDither(G_AD_NOISE),
	gsDPSetTextureLUT(G_TT_RGBA16),
	gsSPTexture(65535, 65535, 0, 0, 1),
	gsDPSetTextureImage(G_IM_FMT_RGBA, G_IM_SIZ_16b, 1, wf_dl_wf_textures_04800_rgba16_pal_rgba16),
	gsDPSetTile(0, 0, 0, 256, 5, 0, G_TX_WRAP | G_TX_NOMIRROR, 0, 0, G_TX_WRAP | G_TX_NOMIRROR, 0, 0),
	gsDPLoadTLUTCmd(5, 158),
	gsDPSetTextureImage(G_IM_FMT_CI, G_IM_SIZ_8b_LOAD_BLOCK, 1, wf_dl_wf_textures_04800_rgba16_ci8),
	gsDPSetTile(G_IM_FMT_CI, G_IM_SIZ_8b_LOAD_BLOCK, 0, 0, 7, 0, G_TX_WRAP | G_TX_NOMIRROR, 0, 0, G_TX_WRAP | G_TX_NOMIRROR, 0, 0),
	gsDPLoadBlock(7, 0, 0, 511, 512),
	gsDPSetTile(G_IM_FMT_CI, G_IM_SIZ_8b, 4, 0, 0, 0, G_TX_WRAP | G_TX_NOMIRROR, 5, 0, G_TX_WRAP | G_TX_NOMIRROR, 5, 0),
	gsDPSetTileSize(0, 0, 0, 124, 124),
	gsSPEndDisplayList(),
};

Gfx mat_revert_wf_dl_f3dlite_material_001[] = {
	gsSPSetGeometryMode(G_SHADING_SMOOTH),
	gsDPPipeSync(),
	gsDPSetAlphaDither(G_AD_DISABLE),
	gsDPSetTextureLUT(G_TT_NONE),
	gsSPEndDisplayList(),
};

Gfx mat_wf_dl_f3dlite_material_002[] = {
	gsSPClearGeometryMode(G_SHADING_SMOOTH),
	gsSPLightColor(LIGHT_1, 0xFFFFFFFF),
	gsSPLightColor(LIGHT_2, 0x666666FF),
	gsDPPipeSync(),
	gsDPSetCombineLERP(TEXEL0, 0, SHADE, 0, 0, 0, 0, SHADE, TEXEL0, 0, SHADE, 0, 0, 0, 0, SHADE),
	gsDPSetAlphaDither(G_AD_NOISE),
	gsDPSetTextureLUT(G_TT_RGBA16),
	gsSPTexture(65535, 65535, 0, 0, 1),
	gsDPSetTextureImage(G_IM_FMT_RGBA, G_IM_SIZ_16b, 1, wf_dl_wf_textures_07800_rgba16_pal_rgba16),
	gsDPSetTile(0, 0, 0, 256, 5, 0, G_TX_WRAP | G_TX_NOMIRROR, 0, 0, G_TX_WRAP | G_TX_NOMIRROR, 0, 0),
	gsDPLoadTLUTCmd(5, 60),
	gsDPSetTextureImage(G_IM_FMT_CI, G_IM_SIZ_8b_LOAD_BLOCK, 1, wf_dl_wf_textures_07800_rgba16_ci8),
	gsDPSetTile(G_IM_FMT_CI, G_IM_SIZ_8b_LOAD_BLOCK, 0, 0, 7, 0, G_TX_WRAP | G_TX_NOMIRROR, 0, 0, G_TX_WRAP | G_TX_NOMIRROR, 0, 0),
	gsDPLoadBlock(7, 0, 0, 511, 512),
	gsDPSetTile(G_IM_FMT_CI, G_IM_SIZ_8b, 4, 0, 0, 0, G_TX_WRAP | G_TX_NOMIRROR, 5, 0, G_TX_WRAP | G_TX_NOMIRROR, 5, 0),
	gsDPSetTileSize(0, 0, 0, 124, 124),
	gsSPEndDisplayList(),
};

Gfx mat_revert_wf_dl_f3dlite_material_002[] = {
	gsSPSetGeometryMode(G_SHADING_SMOOTH),
	gsDPPipeSync(),
	gsDPSetAlphaDither(G_AD_DISABLE),
	gsDPSetTextureLUT(G_TT_NONE),
	gsSPEndDisplayList(),
};

Gfx mat_wf_dl_f3dlite_material_003[] = {
	gsSPClearGeometryMode(G_SHADING_SMOOTH),
	gsSPLightColor(LIGHT_1, 0xFFFFFFFF),
	gsSPLightColor(LIGHT_2, 0x666666FF),
	gsDPPipeSync(),
	gsDPSetCombineLERP(TEXEL0, 0, SHADE, 0, 0, 0, 0, SHADE, TEXEL0, 0, SHADE, 0, 0, 0, 0, SHADE),
	gsDPSetAlphaDither(G_AD_NOISE),
	gsDPSetTextureLUT(G_TT_RGBA16),
	gsSPTexture(65535, 65535, 0, 0, 1),
	gsDPSetTextureImage(G_IM_FMT_RGBA, G_IM_SIZ_16b, 1, wf_dl_wf_textures_01000_rgba16_pal_rgba16),
	gsDPSetTile(0, 0, 0, 256, 5, 0, G_TX_WRAP | G_TX_NOMIRROR, 0, 0, G_TX_WRAP | G_TX_NOMIRROR, 0, 0),
	gsDPLoadTLUTCmd(5, 156),
	gsDPSetTextureImage(G_IM_FMT_CI, G_IM_SIZ_8b_LOAD_BLOCK, 1, wf_dl_wf_textures_01000_rgba16_ci8),
	gsDPSetTile(G_IM_FMT_CI, G_IM_SIZ_8b_LOAD_BLOCK, 0, 0, 7, 0, G_TX_WRAP | G_TX_NOMIRROR, 0, 0, G_TX_WRAP | G_TX_NOMIRROR, 0, 0),
	gsDPLoadBlock(7, 0, 0, 511, 512),
	gsDPSetTile(G_IM_FMT_CI, G_IM_SIZ_8b, 4, 0, 0, 0, G_TX_WRAP | G_TX_NOMIRROR, 5, 0, G_TX_WRAP | G_TX_NOMIRROR, 5, 0),
	gsDPSetTileSize(0, 0, 0, 124, 124),
	gsSPEndDisplayList(),
};

Gfx mat_revert_wf_dl_f3dlite_material_003[] = {
	gsSPSetGeometryMode(G_SHADING_SMOOTH),
	gsDPPipeSync(),
	gsDPSetAlphaDither(G_AD_DISABLE),
	gsDPSetTextureLUT(G_TT_NONE),
	gsSPEndDisplayList(),
};

Gfx mat_wf_dl_f3dlite_material_004[] = {
	gsSPClearGeometryMode(G_SHADING_SMOOTH),
	gsSPLightColor(LIGHT_1, 0xFFFFFFFF),
	gsSPLightColor(LIGHT_2, 0x666666FF),
	gsDPPipeSync(),
	gsDPSetCombineLERP(TEXEL0, 0, SHADE, 0, 0, 0, 0, SHADE, TEXEL0, 0, SHADE, 0, 0, 0, 0, SHADE),
	gsDPSetAlphaDither(G_AD_NOISE),
	gsDPSetTextureLUT(G_TT_RGBA16),
	gsSPTexture(65535, 65535, 0, 0, 1),
	gsDPSetTextureImage(G_IM_FMT_RGBA, G_IM_SIZ_16b, 1, wf_dl_wf_textures_00800_rgba16_pal_rgba16),
	gsDPSetTile(0, 0, 0, 256, 5, 0, G_TX_WRAP | G_TX_NOMIRROR, 0, 0, G_TX_WRAP | G_TX_NOMIRROR, 0, 0),
	gsDPLoadTLUTCmd(5, 146),
	gsDPSetTextureImage(G_IM_FMT_CI, G_IM_SIZ_8b_LOAD_BLOCK, 1, wf_dl_wf_textures_00800_rgba16_ci8),
	gsDPSetTile(G_IM_FMT_CI, G_IM_SIZ_8b_LOAD_BLOCK, 0, 0, 7, 0, G_TX_WRAP | G_TX_NOMIRROR, 0, 0, G_TX_WRAP | G_TX_NOMIRROR, 0, 0),
	gsDPLoadBlock(7, 0, 0, 511, 512),
	gsDPSetTile(G_IM_FMT_CI, G_IM_SIZ_8b, 4, 0, 0, 0, G_TX_WRAP | G_TX_NOMIRROR, 5, 0, G_TX_WRAP | G_TX_NOMIRROR, 5, 0),
	gsDPSetTileSize(0, 0, 0, 124, 124),
	gsSPEndDisplayList(),
};

Gfx mat_revert_wf_dl_f3dlite_material_004[] = {
	gsSPSetGeometryMode(G_SHADING_SMOOTH),
	gsDPPipeSync(),
	gsDPSetAlphaDither(G_AD_DISABLE),
	gsDPSetTextureLUT(G_TT_NONE),
	gsSPEndDisplayList(),
};

Gfx mat_wf_dl_f3dlite_material_005[] = {
	gsSPClearGeometryMode(G_SHADING_SMOOTH),
	gsSPLightColor(LIGHT_1, 0xFFFFFFFF),
	gsSPLightColor(LIGHT_2, 0x666666FF),
	gsDPPipeSync(),
	gsDPSetCombineLERP(TEXEL0, 0, SHADE, 0, 0, 0, 0, SHADE, TEXEL0, 0, SHADE, 0, 0, 0, 0, SHADE),
	gsDPSetAlphaDither(G_AD_NOISE),
	gsDPSetTextureLUT(G_TT_RGBA16),
	gsSPTexture(65535, 65535, 0, 0, 1),
	gsDPSetTextureImage(G_IM_FMT_RGBA, G_IM_SIZ_16b, 1, wf_dl_wf_textures_09800_rgba16_pal_rgba16),
	gsDPSetTile(0, 0, 0, 256, 5, 0, G_TX_WRAP | G_TX_NOMIRROR, 0, 0, G_TX_WRAP | G_TX_NOMIRROR, 0, 0),
	gsDPLoadTLUTCmd(5, 147),
	gsDPSetTextureImage(G_IM_FMT_CI, G_IM_SIZ_8b_LOAD_BLOCK, 1, wf_dl_wf_textures_09800_rgba16_ci8),
	gsDPSetTile(G_IM_FMT_CI, G_IM_SIZ_8b_LOAD_BLOCK, 0, 0, 7, 0, G_TX_WRAP | G_TX_NOMIRROR, 0, 0, G_TX_WRAP | G_TX_NOMIRROR, 0, 0),
	gsDPLoadBlock(7, 0, 0, 511, 512),
	gsDPSetTile(G_IM_FMT_CI, G_IM_SIZ_8b, 4, 0, 0, 0, G_TX_WRAP | G_TX_NOMIRROR, 5, 0, G_TX_WRAP | G_TX_NOMIRROR, 5, 0),
	gsDPSetTileSize(0, 0, 0, 124, 124),
	gsSPEndDisplayList(),
};

Gfx mat_revert_wf_dl_f3dlite_material_005[] = {
	gsSPSetGeometryMode(G_SHADING_SMOOTH),
	gsDPPipeSync(),
	gsDPSetAlphaDither(G_AD_DISABLE),
	gsDPSetTextureLUT(G_TT_NONE),
	gsSPEndDisplayList(),
};

Gfx mat_wf_dl_f3dlite_material_006[] = {
	gsSPClearGeometryMode(G_SHADING_SMOOTH),
	gsSPLightColor(LIGHT_1, 0xFFFFFFFF),
	gsSPLightColor(LIGHT_2, 0x666666FF),
	gsDPPipeSync(),
	gsDPSetCombineLERP(TEXEL0, 0, SHADE, 0, 0, 0, 0, SHADE, TEXEL0, 0, SHADE, 0, 0, 0, 0, SHADE),
	gsDPSetAlphaDither(G_AD_NOISE),
	gsDPSetTextureLUT(G_TT_RGBA16),
	gsSPTexture(65535, 65535, 0, 0, 1),
	gsDPSetTextureImage(G_IM_FMT_RGBA, G_IM_SIZ_16b, 1, wf_dl_wf_textures_04000_rgba16_pal_rgba16),
	gsDPSetTile(0, 0, 0, 256, 5, 0, G_TX_WRAP | G_TX_NOMIRROR, 0, 0, G_TX_WRAP | G_TX_NOMIRROR, 0, 0),
	gsDPLoadTLUTCmd(5, 25),
	gsDPSetTextureImage(G_IM_FMT_CI, G_IM_SIZ_8b_LOAD_BLOCK, 1, wf_dl_wf_textures_04000_rgba16_ci8),
	gsDPSetTile(G_IM_FMT_CI, G_IM_SIZ_8b_LOAD_BLOCK, 0, 0, 7, 0, G_TX_WRAP | G_TX_NOMIRROR, 0, 0, G_TX_WRAP | G_TX_NOMIRROR, 0, 0),
	gsDPLoadBlock(7, 0, 0, 511, 512),
	gsDPSetTile(G_IM_FMT_CI, G_IM_SIZ_8b, 4, 0, 0, 0, G_TX_WRAP | G_TX_NOMIRROR, 5, 0, G_TX_WRAP | G_TX_NOMIRROR, 5, 0),
	gsDPSetTileSize(0, 0, 0, 124, 124),
	gsSPEndDisplayList(),
};

Gfx mat_revert_wf_dl_f3dlite_material_006[] = {
	gsSPSetGeometryMode(G_SHADING_SMOOTH),
	gsDPPipeSync(),
	gsDPSetAlphaDither(G_AD_DISABLE),
	gsDPSetTextureLUT(G_TT_NONE),
	gsSPEndDisplayList(),
};

Gfx mat_wf_dl_f3dlite_material_007[] = {
	gsSPClearGeometryMode(G_SHADING_SMOOTH),
	gsSPLightColor(LIGHT_1, 0xFFFFFFFF),
	gsSPLightColor(LIGHT_2, 0x666666FF),
	gsDPPipeSync(),
	gsDPSetCombineLERP(TEXEL0, 0, SHADE, 0, 0, 0, 0, SHADE, TEXEL0, 0, SHADE, 0, 0, 0, 0, SHADE),
	gsDPSetAlphaDither(G_AD_NOISE),
	gsDPSetTextureLUT(G_TT_RGBA16),
	gsSPTexture(65535, 65535, 0, 0, 1),
	gsDPSetTextureImage(G_IM_FMT_RGBA, G_IM_SIZ_16b, 1, wf_dl_wf_textures_05000_rgba16_pal_rgba16),
	gsDPSetTile(0, 0, 0, 256, 5, 0, G_TX_WRAP | G_TX_NOMIRROR, 0, 0, G_TX_WRAP | G_TX_NOMIRROR, 0, 0),
	gsDPLoadTLUTCmd(5, 253),
	gsDPSetTextureImage(G_IM_FMT_CI, G_IM_SIZ_8b_LOAD_BLOCK, 1, wf_dl_wf_textures_05000_rgba16_ci8),
	gsDPSetTile(G_IM_FMT_CI, G_IM_SIZ_8b_LOAD_BLOCK, 0, 0, 7, 0, G_TX_WRAP | G_TX_NOMIRROR, 0, 0, G_TX_WRAP | G_TX_NOMIRROR, 0, 0),
	gsDPLoadBlock(7, 0, 0, 511, 512),
	gsDPSetTile(G_IM_FMT_CI, G_IM_SIZ_8b, 4, 0, 0, 0, G_TX_CLAMP | G_TX_NOMIRROR, 5, 0, G_TX_WRAP | G_TX_NOMIRROR, 5, 0),
	gsDPSetTileSize(0, 0, 0, 124, 124),
	gsSPEndDisplayList(),
};

Gfx mat_revert_wf_dl_f3dlite_material_007[] = {
	gsSPSetGeometryMode(G_SHADING_SMOOTH),
	gsDPPipeSync(),
	gsDPSetAlphaDither(G_AD_DISABLE),
	gsDPSetTextureLUT(G_TT_NONE),
	gsSPEndDisplayList(),
};

Gfx mat_wf_dl_f3dlite_material_008[] = {
	gsSPClearGeometryMode(G_SHADING_SMOOTH),
	gsSPLightColor(LIGHT_1, 0xFFFFFFFF),
	gsSPLightColor(LIGHT_2, 0x666666FF),
	gsDPPipeSync(),
	gsDPSetCombineLERP(TEXEL0, 0, SHADE, 0, 0, 0, 0, SHADE, TEXEL0, 0, SHADE, 0, 0, 0, 0, SHADE),
	gsDPSetAlphaDither(G_AD_NOISE),
	gsDPSetTextureLUT(G_TT_RGBA16),
	gsSPTexture(65535, 65535, 0, 0, 1),
	gsDPSetTextureImage(G_IM_FMT_RGBA, G_IM_SIZ_16b, 1, wf_dl_wf_textures_08800_rgba16_pal_rgba16),
	gsDPSetTile(0, 0, 0, 256, 5, 0, G_TX_WRAP | G_TX_NOMIRROR, 0, 0, G_TX_WRAP | G_TX_NOMIRROR, 0, 0),
	gsDPLoadTLUTCmd(5, 95),
	gsDPSetTextureImage(G_IM_FMT_CI, G_IM_SIZ_8b_LOAD_BLOCK, 1, wf_dl_wf_textures_08800_rgba16_ci8),
	gsDPSetTile(G_IM_FMT_CI, G_IM_SIZ_8b_LOAD_BLOCK, 0, 0, 7, 0, G_TX_WRAP | G_TX_NOMIRROR, 0, 0, G_TX_WRAP | G_TX_NOMIRROR, 0, 0),
	gsDPLoadBlock(7, 0, 0, 511, 512),
	gsDPSetTile(G_IM_FMT_CI, G_IM_SIZ_8b, 4, 0, 0, 0, G_TX_WRAP | G_TX_NOMIRROR, 5, 0, G_TX_WRAP | G_TX_NOMIRROR, 5, 0),
	gsDPSetTileSize(0, 0, 0, 124, 124),
	gsSPEndDisplayList(),
};

Gfx mat_revert_wf_dl_f3dlite_material_008[] = {
	gsSPSetGeometryMode(G_SHADING_SMOOTH),
	gsDPPipeSync(),
	gsDPSetAlphaDither(G_AD_DISABLE),
	gsDPSetTextureLUT(G_TT_NONE),
	gsSPEndDisplayList(),
};

Gfx mat_wf_dl_f3dlite_material_009[] = {
	gsSPClearGeometryMode(G_SHADING_SMOOTH),
	gsSPLightColor(LIGHT_1, 0xFFFFFFFF),
	gsSPLightColor(LIGHT_2, 0x666666FF),
	gsDPPipeSync(),
	gsDPSetCombineLERP(TEXEL0, 0, SHADE, 0, 0, 0, 0, SHADE, TEXEL0, 0, SHADE, 0, 0, 0, 0, SHADE),
	gsDPSetAlphaDither(G_AD_NOISE),
	gsDPSetTextureLUT(G_TT_RGBA16),
	gsSPTexture(65535, 65535, 0, 0, 1),
	gsDPSetTextureImage(G_IM_FMT_RGBA, G_IM_SIZ_16b, 1, wf_dl_wf_textures_08000_rgba16_pal_rgba16),
	gsDPSetTile(0, 0, 0, 256, 5, 0, G_TX_WRAP | G_TX_NOMIRROR, 0, 0, G_TX_WRAP | G_TX_NOMIRROR, 0, 0),
	gsDPLoadTLUTCmd(5, 205),
	gsDPSetTextureImage(G_IM_FMT_CI, G_IM_SIZ_8b_LOAD_BLOCK, 1, wf_dl_wf_textures_08000_rgba16_ci8),
	gsDPSetTile(G_IM_FMT_CI, G_IM_SIZ_8b_LOAD_BLOCK, 0, 0, 7, 0, G_TX_WRAP | G_TX_NOMIRROR, 0, 0, G_TX_WRAP | G_TX_NOMIRROR, 0, 0),
	gsDPLoadBlock(7, 0, 0, 511, 512),
	gsDPSetTile(G_IM_FMT_CI, G_IM_SIZ_8b, 4, 0, 0, 0, G_TX_WRAP | G_TX_NOMIRROR, 5, 0, G_TX_WRAP | G_TX_NOMIRROR, 5, 0),
	gsDPSetTileSize(0, 0, 0, 124, 124),
	gsSPEndDisplayList(),
};

Gfx mat_revert_wf_dl_f3dlite_material_009[] = {
	gsSPSetGeometryMode(G_SHADING_SMOOTH),
	gsDPPipeSync(),
	gsDPSetAlphaDither(G_AD_DISABLE),
	gsDPSetTextureLUT(G_TT_NONE),
	gsSPEndDisplayList(),
};

Gfx mat_wf_dl_f3dlite_material_011[] = {
	gsSPClearGeometryMode(G_SHADING_SMOOTH),
	gsSPLightColor(LIGHT_1, 0xFFFFFFFF),
	gsSPLightColor(LIGHT_2, 0x666666FF),
	gsDPPipeSync(),
	gsDPSetCombineLERP(TEXEL0, 0, SHADE, 0, 0, 0, 0, SHADE, TEXEL0, 0, SHADE, 0, 0, 0, 0, SHADE),
	gsDPSetAlphaDither(G_AD_NOISE),
	gsDPSetTextureLUT(G_TT_RGBA16),
	gsSPTexture(65535, 65535, 0, 0, 1),
	gsDPSetTextureImage(G_IM_FMT_RGBA, G_IM_SIZ_16b, 1, wf_dl_WF_bill_blaster_front_pal_rgba16),
	gsDPSetTile(0, 0, 0, 256, 5, 0, G_TX_WRAP | G_TX_NOMIRROR, 0, 0, G_TX_WRAP | G_TX_NOMIRROR, 0, 0),
	gsDPLoadTLUTCmd(5, 78),
	gsDPSetTextureImage(G_IM_FMT_CI, G_IM_SIZ_8b_LOAD_BLOCK, 1, wf_dl_WF_bill_blaster_front_ci8),
	gsDPSetTile(G_IM_FMT_CI, G_IM_SIZ_8b_LOAD_BLOCK, 0, 0, 7, 0, G_TX_WRAP | G_TX_NOMIRROR, 0, 0, G_TX_WRAP | G_TX_NOMIRROR, 0, 0),
	gsDPLoadBlock(7, 0, 0, 511, 512),
	gsDPSetTile(G_IM_FMT_CI, G_IM_SIZ_8b, 4, 0, 0, 0, G_TX_WRAP | G_TX_NOMIRROR, 5, 0, G_TX_WRAP | G_TX_NOMIRROR, 5, 0),
	gsDPSetTileSize(0, 0, 0, 124, 124),
	gsSPEndDisplayList(),
};

Gfx mat_revert_wf_dl_f3dlite_material_011[] = {
	gsSPSetGeometryMode(G_SHADING_SMOOTH),
	gsDPPipeSync(),
	gsDPSetAlphaDither(G_AD_DISABLE),
	gsDPSetTextureLUT(G_TT_NONE),
	gsSPEndDisplayList(),
};

Gfx mat_wf_dl_f3dlite_material_012[] = {
	gsSPClearGeometryMode(G_SHADING_SMOOTH),
	gsSPLightColor(LIGHT_1, 0xFFFFFFFF),
	gsSPLightColor(LIGHT_2, 0x666666FF),
	gsDPPipeSync(),
	gsDPSetCombineLERP(TEXEL0, 0, SHADE, 0, 0, 0, 0, SHADE, TEXEL0, 0, SHADE, 0, 0, 0, 0, SHADE),
	gsDPSetAlphaDither(G_AD_NOISE),
	gsDPSetTextureLUT(G_TT_RGBA16),
	gsSPTexture(65535, 65535, 0, 0, 1),
	gsDPSetTextureImage(G_IM_FMT_RGBA, G_IM_SIZ_16b, 1, wf_dl_WF_bill_blaster_side_pal_rgba16),
	gsDPSetTile(0, 0, 0, 256, 5, 0, G_TX_WRAP | G_TX_NOMIRROR, 0, 0, G_TX_WRAP | G_TX_NOMIRROR, 0, 0),
	gsDPLoadTLUTCmd(5, 92),
	gsDPSetTextureImage(G_IM_FMT_CI, G_IM_SIZ_8b_LOAD_BLOCK, 1, wf_dl_WF_bill_blaster_side_ci8),
	gsDPSetTile(G_IM_FMT_CI, G_IM_SIZ_8b_LOAD_BLOCK, 0, 0, 7, 0, G_TX_WRAP | G_TX_NOMIRROR, 0, 0, G_TX_WRAP | G_TX_NOMIRROR, 0, 0),
	gsDPLoadBlock(7, 0, 0, 511, 512),
	gsDPSetTile(G_IM_FMT_CI, G_IM_SIZ_8b, 4, 0, 0, 0, G_TX_WRAP | G_TX_NOMIRROR, 5, 0, G_TX_WRAP | G_TX_NOMIRROR, 5, 0),
	gsDPSetTileSize(0, 0, 0, 124, 124),
	gsSPEndDisplayList(),
};

Gfx mat_revert_wf_dl_f3dlite_material_012[] = {
	gsSPSetGeometryMode(G_SHADING_SMOOTH),
	gsDPPipeSync(),
	gsDPSetAlphaDither(G_AD_DISABLE),
	gsDPSetTextureLUT(G_TT_NONE),
	gsSPEndDisplayList(),
};

Gfx mat_wf_dl_f3dlite_material_013[] = {
	gsSPClearGeometryMode(G_SHADING_SMOOTH),
	gsSPLightColor(LIGHT_1, 0xFFFFFFFF),
	gsSPLightColor(LIGHT_2, 0x666666FF),
	gsDPPipeSync(),
	gsDPSetCombineLERP(TEXEL0, 0, SHADE, 0, 0, 0, 0, SHADE, TEXEL0, 0, SHADE, 0, 0, 0, 0, SHADE),
	gsDPSetAlphaDither(G_AD_NOISE),
	gsDPSetTextureLUT(G_TT_RGBA16),
	gsSPTexture(65535, 65535, 0, 0, 1),
	gsDPSetTextureImage(G_IM_FMT_RGBA, G_IM_SIZ_16b, 1, wf_dl_wf_textures_05800_rgba16_pal_rgba16),
	gsDPSetTile(0, 0, 0, 256, 5, 0, G_TX_WRAP | G_TX_NOMIRROR, 0, 0, G_TX_WRAP | G_TX_NOMIRROR, 0, 0),
	gsDPLoadTLUTCmd(5, 54),
	gsDPSetTextureImage(G_IM_FMT_CI, G_IM_SIZ_8b_LOAD_BLOCK, 1, wf_dl_wf_textures_05800_rgba16_ci8),
	gsDPSetTile(G_IM_FMT_CI, G_IM_SIZ_8b_LOAD_BLOCK, 0, 0, 7, 0, G_TX_WRAP | G_TX_NOMIRROR, 0, 0, G_TX_WRAP | G_TX_NOMIRROR, 0, 0),
	gsDPLoadBlock(7, 0, 0, 511, 512),
	gsDPSetTile(G_IM_FMT_CI, G_IM_SIZ_8b, 4, 0, 0, 0, G_TX_WRAP | G_TX_NOMIRROR, 5, 0, G_TX_WRAP | G_TX_NOMIRROR, 5, 0),
	gsDPSetTileSize(0, 0, 0, 124, 124),
	gsSPEndDisplayList(),
};

Gfx mat_revert_wf_dl_f3dlite_material_013[] = {
	gsSPSetGeometryMode(G_SHADING_SMOOTH),
	gsDPPipeSync(),
	gsDPSetAlphaDither(G_AD_DISABLE),
	gsDPSetTextureLUT(G_TT_NONE),
	gsSPEndDisplayList(),
};

Gfx mat_wf_dl_f3dlite_material_016[] = {
	gsSPClearGeometryMode(G_LIGHTING),
	gsDPPipeSync(),
	gsDPSetCombineLERP(0, 0, 0, SHADE, 0, 0, 0, ENVIRONMENT, 0, 0, 0, SHADE, 0, 0, 0, ENVIRONMENT),
	gsDPSetAlphaDither(G_AD_NOISE),
	gsSPTexture(65535, 65535, 0, 0, 1),
	gsDPSetEnvColor(255, 255, 255, 162),
	gsSPEndDisplayList(),
};

Gfx mat_revert_wf_dl_f3dlite_material_016[] = {
	gsSPSetGeometryMode(G_LIGHTING),
	gsDPPipeSync(),
	gsDPSetAlphaDither(G_AD_DISABLE),
	gsSPEndDisplayList(),
};

Gfx mat_wf_dl_f3dlite_material_017[] = {
	gsSPClearGeometryMode(G_LIGHTING),
	gsDPPipeSync(),
	gsDPSetCombineLERP(0, 0, 0, SHADE, 0, 0, 0, ENVIRONMENT, 0, 0, 0, SHADE, 0, 0, 0, ENVIRONMENT),
	gsDPSetAlphaDither(G_AD_NOISE),
	gsSPTexture(65535, 65535, 0, 0, 1),
	gsDPSetEnvColor(255, 255, 255, 162),
	gsSPEndDisplayList(),
};

Gfx mat_revert_wf_dl_f3dlite_material_017[] = {
	gsSPSetGeometryMode(G_LIGHTING),
	gsDPPipeSync(),
	gsDPSetAlphaDither(G_AD_DISABLE),
	gsSPEndDisplayList(),
};

Gfx mat_wf_dl_f3dlite_material_018[] = {
	gsSPClearGeometryMode(G_SHADING_SMOOTH),
	gsSPLightColor(LIGHT_1, 0xFFFFFFFF),
	gsSPLightColor(LIGHT_2, 0x666666FF),
	gsDPPipeSync(),
	gsDPSetCombineLERP(TEXEL0, 0, SHADE, 0, 0, 0, 0, SHADE, TEXEL0, 0, SHADE, 0, 0, 0, 0, SHADE),
	gsDPSetAlphaDither(G_AD_NOISE),
	gsDPSetTextureLUT(G_TT_RGBA16),
	gsSPTexture(65535, 65535, 0, 0, 1),
	gsDPSetTextureImage(G_IM_FMT_RGBA, G_IM_SIZ_16b, 1, wf_dl_wf_textures_09800_rgba16_pal_rgba16),
	gsDPSetTile(0, 0, 0, 256, 5, 0, G_TX_WRAP | G_TX_NOMIRROR, 0, 0, G_TX_WRAP | G_TX_NOMIRROR, 0, 0),
	gsDPLoadTLUTCmd(5, 147),
	gsDPSetTextureImage(G_IM_FMT_CI, G_IM_SIZ_8b_LOAD_BLOCK, 1, wf_dl_wf_textures_09800_rgba16_ci8),
	gsDPSetTile(G_IM_FMT_CI, G_IM_SIZ_8b_LOAD_BLOCK, 0, 0, 7, 0, G_TX_WRAP | G_TX_NOMIRROR, 0, 0, G_TX_WRAP | G_TX_NOMIRROR, 0, 0),
	gsDPLoadBlock(7, 0, 0, 511, 512),
	gsDPSetTile(G_IM_FMT_CI, G_IM_SIZ_8b, 4, 0, 0, 0, G_TX_WRAP | G_TX_NOMIRROR, 5, 0, G_TX_WRAP | G_TX_NOMIRROR, 5, 0),
	gsDPSetTileSize(0, 0, 0, 124, 124),
	gsSPEndDisplayList(),
};

Gfx mat_revert_wf_dl_f3dlite_material_018[] = {
	gsSPSetGeometryMode(G_SHADING_SMOOTH),
	gsDPPipeSync(),
	gsDPSetAlphaDither(G_AD_DISABLE),
	gsDPSetTextureLUT(G_TT_NONE),
	gsSPEndDisplayList(),
};

Gfx mat_wf_dl_f3dlite_material_021[] = {
	gsSPClearGeometryMode(G_SHADING_SMOOTH),
	gsSPLightColor(LIGHT_1, 0xFFFFFFFF),
	gsSPLightColor(LIGHT_2, 0x666666FF),
	gsDPPipeSync(),
	gsDPSetCombineLERP(TEXEL0, 0, SHADE, 0, 0, 0, 0, SHADE, TEXEL0, 0, SHADE, 0, 0, 0, 0, SHADE),
	gsDPSetAlphaDither(G_AD_NOISE),
	gsDPSetTextureLUT(G_TT_RGBA16),
	gsSPTexture(65535, 65535, 0, 0, 1),
	gsDPSetTextureImage(G_IM_FMT_RGBA, G_IM_SIZ_16b, 1, wf_dl_wf_textures_08000_rgba16_pal_rgba16),
	gsDPSetTile(0, 0, 0, 256, 5, 0, G_TX_WRAP | G_TX_NOMIRROR, 0, 0, G_TX_WRAP | G_TX_NOMIRROR, 0, 0),
	gsDPLoadTLUTCmd(5, 205),
	gsDPSetTextureImage(G_IM_FMT_CI, G_IM_SIZ_8b_LOAD_BLOCK, 1, wf_dl_wf_textures_08000_rgba16_ci8),
	gsDPSetTile(G_IM_FMT_CI, G_IM_SIZ_8b_LOAD_BLOCK, 0, 0, 7, 0, G_TX_WRAP | G_TX_NOMIRROR, 0, 0, G_TX_WRAP | G_TX_NOMIRROR, 0, 0),
	gsDPLoadBlock(7, 0, 0, 511, 512),
	gsDPSetTile(G_IM_FMT_CI, G_IM_SIZ_8b, 4, 0, 0, 0, G_TX_WRAP | G_TX_NOMIRROR, 5, 0, G_TX_WRAP | G_TX_NOMIRROR, 5, 0),
	gsDPSetTileSize(0, 0, 0, 124, 124),
	gsSPEndDisplayList(),
};

Gfx mat_revert_wf_dl_f3dlite_material_021[] = {
	gsSPSetGeometryMode(G_SHADING_SMOOTH),
	gsDPPipeSync(),
	gsDPSetAlphaDither(G_AD_DISABLE),
	gsDPSetTextureLUT(G_TT_NONE),
	gsSPEndDisplayList(),
};

Gfx mat_wf_dl_f3dlite_material_023[] = {
	gsSPClearGeometryMode(G_SHADING_SMOOTH),
	gsSPLightColor(LIGHT_1, 0xFFFFFFFF),
	gsSPLightColor(LIGHT_2, 0x666666FF),
	gsDPPipeSync(),
	gsDPSetCombineLERP(TEXEL0, 0, SHADE, 0, 0, 0, 0, SHADE, TEXEL0, 0, SHADE, 0, 0, 0, 0, SHADE),
	gsDPSetAlphaDither(G_AD_NOISE),
	gsDPSetTextureLUT(G_TT_RGBA16),
	gsSPTexture(65535, 65535, 0, 0, 1),
	gsDPSetTextureImage(G_IM_FMT_RGBA, G_IM_SIZ_16b, 1, wf_dl_wf_textures_01000_rgba16_pal_rgba16),
	gsDPSetTile(0, 0, 0, 256, 5, 0, G_TX_WRAP | G_TX_NOMIRROR, 0, 0, G_TX_WRAP | G_TX_NOMIRROR, 0, 0),
	gsDPLoadTLUTCmd(5, 156),
	gsDPSetTextureImage(G_IM_FMT_CI, G_IM_SIZ_8b_LOAD_BLOCK, 1, wf_dl_wf_textures_01000_rgba16_ci8),
	gsDPSetTile(G_IM_FMT_CI, G_IM_SIZ_8b_LOAD_BLOCK, 0, 0, 7, 0, G_TX_WRAP | G_TX_NOMIRROR, 0, 0, G_TX_WRAP | G_TX_NOMIRROR, 0, 0),
	gsDPLoadBlock(7, 0, 0, 511, 512),
	gsDPSetTile(G_IM_FMT_CI, G_IM_SIZ_8b, 4, 0, 0, 0, G_TX_WRAP | G_TX_NOMIRROR, 5, 0, G_TX_WRAP | G_TX_NOMIRROR, 5, 0),
	gsDPSetTileSize(0, 0, 0, 124, 124),
	gsSPEndDisplayList(),
};

Gfx mat_revert_wf_dl_f3dlite_material_023[] = {
	gsSPSetGeometryMode(G_SHADING_SMOOTH),
	gsDPPipeSync(),
	gsDPSetAlphaDither(G_AD_DISABLE),
	gsDPSetTextureLUT(G_TT_NONE),
	gsSPEndDisplayList(),
};

Gfx mat_wf_dl_f3dlite_material_024[] = {
	gsSPClearGeometryMode(G_SHADING_SMOOTH),
	gsSPLightColor(LIGHT_1, 0xFFFFFFFF),
	gsSPLightColor(LIGHT_2, 0x666666FF),
	gsDPPipeSync(),
	gsDPSetCombineLERP(TEXEL0, 0, SHADE, 0, 0, 0, 0, SHADE, TEXEL0, 0, SHADE, 0, 0, 0, 0, SHADE),
	gsDPSetAlphaDither(G_AD_NOISE),
	gsDPSetTextureLUT(G_TT_RGBA16),
	gsSPTexture(65535, 65535, 0, 0, 1),
	gsDPSetTextureImage(G_IM_FMT_RGBA, G_IM_SIZ_16b, 1, wf_dl_wf_textures_00800_rgba16_pal_rgba16),
	gsDPSetTile(0, 0, 0, 256, 5, 0, G_TX_WRAP | G_TX_NOMIRROR, 0, 0, G_TX_WRAP | G_TX_NOMIRROR, 0, 0),
	gsDPLoadTLUTCmd(5, 146),
	gsDPSetTextureImage(G_IM_FMT_CI, G_IM_SIZ_8b_LOAD_BLOCK, 1, wf_dl_wf_textures_00800_rgba16_ci8),
	gsDPSetTile(G_IM_FMT_CI, G_IM_SIZ_8b_LOAD_BLOCK, 0, 0, 7, 0, G_TX_WRAP | G_TX_NOMIRROR, 0, 0, G_TX_WRAP | G_TX_NOMIRROR, 0, 0),
	gsDPLoadBlock(7, 0, 0, 511, 512),
	gsDPSetTile(G_IM_FMT_CI, G_IM_SIZ_8b, 4, 0, 0, 0, G_TX_WRAP | G_TX_NOMIRROR, 5, 0, G_TX_WRAP | G_TX_NOMIRROR, 5, 0),
	gsDPSetTileSize(0, 0, 0, 124, 124),
	gsSPEndDisplayList(),
};

Gfx mat_revert_wf_dl_f3dlite_material_024[] = {
	gsSPSetGeometryMode(G_SHADING_SMOOTH),
	gsDPPipeSync(),
	gsDPSetAlphaDither(G_AD_DISABLE),
	gsDPSetTextureLUT(G_TT_NONE),
	gsSPEndDisplayList(),
};

Gfx mat_wf_dl_f3dlite_material_026[] = {
	gsSPClearGeometryMode(G_CULL_BACK | G_LIGHTING),
	gsDPPipeSync(),
	gsDPSetCombineLERP(0, 0, 0, TEXEL0, 0, 0, 0, TEXEL0, 0, 0, 0, TEXEL0, 0, 0, 0, TEXEL0),
	gsDPSetAlphaDither(G_AD_NOISE),
	gsDPSetTextureLUT(G_TT_RGBA16),
	gsSPTexture(65535, 65535, 0, 0, 1),
	gsDPSetTextureImage(G_IM_FMT_RGBA, G_IM_SIZ_16b, 1, wf_dl_wf_textures_0A000_rgba16_pal_rgba16),
	gsDPSetTile(0, 0, 0, 256, 5, 0, G_TX_WRAP | G_TX_NOMIRROR, 0, 0, G_TX_WRAP | G_TX_NOMIRROR, 0, 0),
	gsDPLoadTLUTCmd(5, 113),
	gsDPSetTextureImage(G_IM_FMT_CI, G_IM_SIZ_8b_LOAD_BLOCK, 1, wf_dl_wf_textures_0A000_rgba16_ci8),
	gsDPSetTile(G_IM_FMT_CI, G_IM_SIZ_8b_LOAD_BLOCK, 0, 0, 7, 0, G_TX_WRAP | G_TX_NOMIRROR, 0, 0, G_TX_WRAP | G_TX_NOMIRROR, 0, 0),
	gsDPLoadBlock(7, 0, 0, 511, 512),
	gsDPSetTile(G_IM_FMT_CI, G_IM_SIZ_8b, 4, 0, 0, 0, G_TX_WRAP | G_TX_NOMIRROR, 5, 0, G_TX_WRAP | G_TX_NOMIRROR, 5, 0),
	gsDPSetTileSize(0, 0, 0, 124, 124),
	gsSPEndDisplayList(),
};

Gfx mat_revert_wf_dl_f3dlite_material_026[] = {
	gsSPSetGeometryMode(G_CULL_BACK | G_LIGHTING),
	gsDPPipeSync(),
	gsDPSetAlphaDither(G_AD_DISABLE),
	gsDPSetTextureLUT(G_TT_NONE),
	gsSPEndDisplayList(),
};

Gfx mat_wf_dl_f3dlite_material_039[] = {
	gsSPClearGeometryMode(G_SHADING_SMOOTH),
	gsSPLightColor(LIGHT_1, 0xFFFFFFFF),
	gsSPLightColor(LIGHT_2, 0x666666FF),
	gsDPPipeSync(),
	gsDPSetCombineLERP(TEXEL0, 0, SHADE, 0, 0, 0, 0, SHADE, TEXEL0, 0, SHADE, 0, 0, 0, 0, SHADE),
	gsDPSetAlphaDither(G_AD_NOISE),
	gsDPSetTextureLUT(G_TT_RGBA16),
	gsSPTexture(65535, 65535, 0, 0, 1),
	gsDPSetTextureImage(G_IM_FMT_RGBA, G_IM_SIZ_16b, 1, wf_dl_wf_textures_04800_rgba16_pal_rgba16),
	gsDPSetTile(0, 0, 0, 256, 5, 0, G_TX_WRAP | G_TX_NOMIRROR, 0, 0, G_TX_WRAP | G_TX_NOMIRROR, 0, 0),
	gsDPLoadTLUTCmd(5, 158),
	gsDPSetTextureImage(G_IM_FMT_CI, G_IM_SIZ_8b_LOAD_BLOCK, 1, wf_dl_wf_textures_04800_rgba16_ci8),
	gsDPSetTile(G_IM_FMT_CI, G_IM_SIZ_8b_LOAD_BLOCK, 0, 0, 7, 0, G_TX_WRAP | G_TX_NOMIRROR, 0, 0, G_TX_WRAP | G_TX_NOMIRROR, 0, 0),
	gsDPLoadBlock(7, 0, 0, 511, 512),
	gsDPSetTile(G_IM_FMT_CI, G_IM_SIZ_8b, 4, 0, 0, 0, G_TX_WRAP | G_TX_NOMIRROR, 5, 0, G_TX_WRAP | G_TX_NOMIRROR, 5, 0),
	gsDPSetTileSize(0, 0, 0, 124, 124),
	gsSPEndDisplayList(),
};

Gfx mat_revert_wf_dl_f3dlite_material_039[] = {
	gsSPSetGeometryMode(G_SHADING_SMOOTH),
	gsDPPipeSync(),
	gsDPSetAlphaDither(G_AD_DISABLE),
	gsDPSetTextureLUT(G_TT_NONE),
	gsSPEndDisplayList(),
};

Gfx mat_wf_dl_f3dlite_material_041[] = {
	gsSPClearGeometryMode(G_SHADING_SMOOTH),
	gsSPLightColor(LIGHT_1, 0xFFFFFFFF),
	gsSPLightColor(LIGHT_2, 0x666666FF),
	gsDPPipeSync(),
	gsDPSetCombineLERP(TEXEL0, 0, SHADE, 0, 0, 0, 0, SHADE, TEXEL0, 0, SHADE, 0, 0, 0, 0, SHADE),
	gsDPSetAlphaDither(G_AD_NOISE),
	gsDPSetTextureLUT(G_TT_RGBA16),
	gsSPTexture(65535, 65535, 0, 0, 1),
	gsDPSetTextureImage(G_IM_FMT_RGBA, G_IM_SIZ_16b, 1, wf_dl_wf_textures_01000_rgba16_pal_rgba16),
	gsDPSetTile(0, 0, 0, 256, 5, 0, G_TX_WRAP | G_TX_NOMIRROR, 0, 0, G_TX_WRAP | G_TX_NOMIRROR, 0, 0),
	gsDPLoadTLUTCmd(5, 156),
	gsDPSetTextureImage(G_IM_FMT_CI, G_IM_SIZ_8b_LOAD_BLOCK, 1, wf_dl_wf_textures_01000_rgba16_ci8),
	gsDPSetTile(G_IM_FMT_CI, G_IM_SIZ_8b_LOAD_BLOCK, 0, 0, 7, 0, G_TX_WRAP | G_TX_NOMIRROR, 0, 0, G_TX_WRAP | G_TX_NOMIRROR, 0, 0),
	gsDPLoadBlock(7, 0, 0, 511, 512),
	gsDPSetTile(G_IM_FMT_CI, G_IM_SIZ_8b, 4, 0, 0, 0, G_TX_WRAP | G_TX_NOMIRROR, 5, 0, G_TX_WRAP | G_TX_NOMIRROR, 5, 0),
	gsDPSetTileSize(0, 0, 0, 124, 124),
	gsSPEndDisplayList(),
};

Gfx mat_revert_wf_dl_f3dlite_material_041[] = {
	gsSPSetGeometryMode(G_SHADING_SMOOTH),
	gsDPPipeSync(),
	gsDPSetAlphaDither(G_AD_DISABLE),
	gsDPSetTextureLUT(G_TT_NONE),
	gsSPEndDisplayList(),
};

Gfx mat_wf_dl_f3dlite_material_042[] = {
	gsSPClearGeometryMode(G_SHADING_SMOOTH),
	gsSPLightColor(LIGHT_1, 0xFFFFFFFF),
	gsSPLightColor(LIGHT_2, 0x666666FF),
	gsDPPipeSync(),
	gsDPSetCombineLERP(TEXEL0, 0, SHADE, 0, 0, 0, 0, SHADE, TEXEL0, 0, SHADE, 0, 0, 0, 0, SHADE),
	gsDPSetAlphaDither(G_AD_NOISE),
	gsDPSetTextureLUT(G_TT_RGBA16),
	gsSPTexture(65535, 65535, 0, 0, 1),
	gsDPSetTextureImage(G_IM_FMT_RGBA, G_IM_SIZ_16b, 1, wf_dl_wf_textures_00800_rgba16_pal_rgba16),
	gsDPSetTile(0, 0, 0, 256, 5, 0, G_TX_WRAP | G_TX_NOMIRROR, 0, 0, G_TX_WRAP | G_TX_NOMIRROR, 0, 0),
	gsDPLoadTLUTCmd(5, 146),
	gsDPSetTextureImage(G_IM_FMT_CI, G_IM_SIZ_8b_LOAD_BLOCK, 1, wf_dl_wf_textures_00800_rgba16_ci8),
	gsDPSetTile(G_IM_FMT_CI, G_IM_SIZ_8b_LOAD_BLOCK, 0, 0, 7, 0, G_TX_WRAP | G_TX_NOMIRROR, 0, 0, G_TX_WRAP | G_TX_NOMIRROR, 0, 0),
	gsDPLoadBlock(7, 0, 0, 511, 512),
	gsDPSetTile(G_IM_FMT_CI, G_IM_SIZ_8b, 4, 0, 0, 0, G_TX_WRAP | G_TX_NOMIRROR, 5, 0, G_TX_WRAP | G_TX_NOMIRROR, 5, 0),
	gsDPSetTileSize(0, 0, 0, 124, 124),
	gsSPEndDisplayList(),
};

Gfx mat_revert_wf_dl_f3dlite_material_042[] = {
	gsSPSetGeometryMode(G_SHADING_SMOOTH),
	gsDPPipeSync(),
	gsDPSetAlphaDither(G_AD_DISABLE),
	gsDPSetTextureLUT(G_TT_NONE),
	gsSPEndDisplayList(),
};

Gfx mat_wf_dl_f3dlite_material_043[] = {
	gsSPClearGeometryMode(G_SHADING_SMOOTH),
	gsSPLightColor(LIGHT_1, 0xFFFFFFFF),
	gsSPLightColor(LIGHT_2, 0x666666FF),
	gsDPPipeSync(),
	gsDPSetCombineLERP(TEXEL0, 0, SHADE, 0, 0, 0, 0, SHADE, TEXEL0, 0, SHADE, 0, 0, 0, 0, SHADE),
	gsDPSetAlphaDither(G_AD_NOISE),
	gsDPSetTextureLUT(G_TT_RGBA16),
	gsSPTexture(65535, 65535, 0, 0, 1),
	gsDPSetTextureImage(G_IM_FMT_RGBA, G_IM_SIZ_16b, 1, wf_dl_wf_textures_06800_rgba16_pal_rgba16),
	gsDPSetTile(0, 0, 0, 256, 5, 0, G_TX_WRAP | G_TX_NOMIRROR, 0, 0, G_TX_WRAP | G_TX_NOMIRROR, 0, 0),
	gsDPLoadTLUTCmd(5, 96),
	gsDPSetTextureImage(G_IM_FMT_CI, G_IM_SIZ_8b_LOAD_BLOCK, 1, wf_dl_wf_textures_06800_rgba16_ci8),
	gsDPSetTile(G_IM_FMT_CI, G_IM_SIZ_8b_LOAD_BLOCK, 0, 0, 7, 0, G_TX_WRAP | G_TX_NOMIRROR, 0, 0, G_TX_WRAP | G_TX_NOMIRROR, 0, 0),
	gsDPLoadBlock(7, 0, 0, 511, 512),
	gsDPSetTile(G_IM_FMT_CI, G_IM_SIZ_8b, 4, 0, 0, 0, G_TX_WRAP | G_TX_NOMIRROR, 5, 0, G_TX_WRAP | G_TX_NOMIRROR, 5, 0),
	gsDPSetTileSize(0, 0, 0, 124, 124),
	gsSPEndDisplayList(),
};

Gfx mat_revert_wf_dl_f3dlite_material_043[] = {
	gsSPSetGeometryMode(G_SHADING_SMOOTH),
	gsDPPipeSync(),
	gsDPSetAlphaDither(G_AD_DISABLE),
	gsDPSetTextureLUT(G_TT_NONE),
	gsSPEndDisplayList(),
};

Gfx mat_wf_dl_f3dlite_material_044[] = {
	gsSPClearGeometryMode(G_SHADING_SMOOTH),
	gsSPLightColor(LIGHT_1, 0xFFFFFFFF),
	gsSPLightColor(LIGHT_2, 0x666666FF),
	gsDPPipeSync(),
	gsDPSetCombineLERP(TEXEL0, 0, SHADE, 0, 0, 0, 0, SHADE, TEXEL0, 0, SHADE, 0, 0, 0, 0, SHADE),
	gsDPSetAlphaDither(G_AD_NOISE),
	gsDPSetTextureLUT(G_TT_RGBA16),
	gsSPTexture(65535, 65535, 0, 0, 1),
	gsDPSetTextureImage(G_IM_FMT_RGBA, G_IM_SIZ_16b, 1, wf_dl_wf_textures_07800_rgba16_pal_rgba16),
	gsDPSetTile(0, 0, 0, 256, 5, 0, G_TX_WRAP | G_TX_NOMIRROR, 0, 0, G_TX_WRAP | G_TX_NOMIRROR, 0, 0),
	gsDPLoadTLUTCmd(5, 60),
	gsDPSetTextureImage(G_IM_FMT_CI, G_IM_SIZ_8b_LOAD_BLOCK, 1, wf_dl_wf_textures_07800_rgba16_ci8),
	gsDPSetTile(G_IM_FMT_CI, G_IM_SIZ_8b_LOAD_BLOCK, 0, 0, 7, 0, G_TX_WRAP | G_TX_NOMIRROR, 0, 0, G_TX_WRAP | G_TX_NOMIRROR, 0, 0),
	gsDPLoadBlock(7, 0, 0, 511, 512),
	gsDPSetTile(G_IM_FMT_CI, G_IM_SIZ_8b, 4, 0, 0, 0, G_TX_WRAP | G_TX_NOMIRROR, 5, 0, G_TX_WRAP | G_TX_NOMIRROR, 5, 0),
	gsDPSetTileSize(0, 0, 0, 124, 124),
	gsSPEndDisplayList(),
};

Gfx mat_revert_wf_dl_f3dlite_material_044[] = {
	gsSPSetGeometryMode(G_SHADING_SMOOTH),
	gsDPPipeSync(),
	gsDPSetAlphaDither(G_AD_DISABLE),
	gsDPSetTextureLUT(G_TT_NONE),
	gsSPEndDisplayList(),
};

Gfx mat_wf_dl_f3dlite_material_015[] = {
	gsSPClearGeometryMode(G_SHADING_SMOOTH),
	gsSPLightColor(LIGHT_1, 0xFFFFFFFF),
	gsSPLightColor(LIGHT_2, 0x666666FF),
	gsDPPipeSync(),
	gsDPSetCombineLERP(TEXEL0, 0, SHADE, 0, 0, 0, 0, SHADE, TEXEL0, 0, SHADE, 0, 0, 0, 0, SHADE),
	gsDPSetAlphaDither(G_AD_NOISE),
	gsDPSetTextureLUT(G_TT_RGBA16),
	gsSPTexture(65535, 65535, 0, 0, 1),
	gsDPSetTextureImage(G_IM_FMT_RGBA, G_IM_SIZ_16b, 1, wf_dl_wf_textures_05000_rgba16_pal_rgba16),
	gsDPSetTile(0, 0, 0, 256, 5, 0, G_TX_WRAP | G_TX_NOMIRROR, 0, 0, G_TX_WRAP | G_TX_NOMIRROR, 0, 0),
	gsDPLoadTLUTCmd(5, 253),
	gsDPSetTextureImage(G_IM_FMT_CI, G_IM_SIZ_8b_LOAD_BLOCK, 1, wf_dl_wf_textures_05000_rgba16_ci8),
	gsDPSetTile(G_IM_FMT_CI, G_IM_SIZ_8b_LOAD_BLOCK, 0, 0, 7, 0, G_TX_WRAP | G_TX_NOMIRROR, 0, 0, G_TX_WRAP | G_TX_NOMIRROR, 0, 0),
	gsDPLoadBlock(7, 0, 0, 511, 512),
	gsDPSetTile(G_IM_FMT_CI, G_IM_SIZ_8b, 4, 0, 0, 0, G_TX_CLAMP | G_TX_NOMIRROR, 5, 0, G_TX_WRAP | G_TX_NOMIRROR, 5, 0),
	gsDPSetTileSize(0, 0, 0, 124, 124),
	gsSPEndDisplayList(),
};

Gfx mat_revert_wf_dl_f3dlite_material_015[] = {
	gsSPSetGeometryMode(G_SHADING_SMOOTH),
	gsDPPipeSync(),
	gsDPSetAlphaDither(G_AD_DISABLE),
	gsDPSetTextureLUT(G_TT_NONE),
	gsSPEndDisplayList(),
};

Gfx mat_wf_dl_f3dlite_material_020[] = {
	gsSPClearGeometryMode(G_SHADING_SMOOTH),
	gsSPLightColor(LIGHT_1, 0xFFFFFFFF),
	gsSPLightColor(LIGHT_2, 0x666666FF),
	gsDPPipeSync(),
	gsDPSetCombineLERP(TEXEL0, 0, SHADE, 0, 0, 0, 0, SHADE, TEXEL0, 0, SHADE, 0, 0, 0, 0, SHADE),
	gsDPSetAlphaDither(G_AD_NOISE),
	gsDPSetTextureLUT(G_TT_RGBA16),
	gsSPTexture(65535, 65535, 0, 0, 1),
	gsDPSetTextureImage(G_IM_FMT_RGBA, G_IM_SIZ_16b, 1, wf_dl_wf_textures_05800_rgba16_pal_rgba16),
	gsDPSetTile(0, 0, 0, 256, 5, 0, G_TX_WRAP | G_TX_NOMIRROR, 0, 0, G_TX_WRAP | G_TX_NOMIRROR, 0, 0),
	gsDPLoadTLUTCmd(5, 54),
	gsDPSetTextureImage(G_IM_FMT_CI, G_IM_SIZ_8b_LOAD_BLOCK, 1, wf_dl_wf_textures_05800_rgba16_ci8),
	gsDPSetTile(G_IM_FMT_CI, G_IM_SIZ_8b_LOAD_BLOCK, 0, 0, 7, 0, G_TX_WRAP | G_TX_NOMIRROR, 0, 0, G_TX_WRAP | G_TX_NOMIRROR, 0, 0),
	gsDPLoadBlock(7, 0, 0, 511, 512),
	gsDPSetTile(G_IM_FMT_CI, G_IM_SIZ_8b, 4, 0, 0, 0, G_TX_WRAP | G_TX_NOMIRROR, 5, 0, G_TX_WRAP | G_TX_NOMIRROR, 5, 0),
	gsDPSetTileSize(0, 0, 0, 124, 124),
	gsSPEndDisplayList(),
};

Gfx mat_revert_wf_dl_f3dlite_material_020[] = {
	gsSPSetGeometryMode(G_SHADING_SMOOTH),
	gsDPPipeSync(),
	gsDPSetAlphaDither(G_AD_DISABLE),
	gsDPSetTextureLUT(G_TT_NONE),
	gsSPEndDisplayList(),
};

Gfx mat_wf_dl_f3dlite_material_045[] = {
	gsSPClearGeometryMode(G_SHADING_SMOOTH),
	gsSPLightColor(LIGHT_1, 0xFFFFFFFF),
	gsSPLightColor(LIGHT_2, 0x666666FF),
	gsDPPipeSync(),
	gsDPSetCombineLERP(TEXEL0, 0, SHADE, 0, 0, 0, 0, SHADE, TEXEL0, 0, SHADE, 0, 0, 0, 0, SHADE),
	gsDPSetAlphaDither(G_AD_NOISE),
	gsSPTexture(65535, 65535, 0, 0, 1),
	gsDPSetTextureImage(G_IM_FMT_RGBA, G_IM_SIZ_16b_LOAD_BLOCK, 1, wf_dl_flower_side_rgba16),
	gsDPSetTile(G_IM_FMT_RGBA, G_IM_SIZ_16b_LOAD_BLOCK, 0, 0, 7, 0, G_TX_WRAP | G_TX_NOMIRROR, 0, 0, G_TX_WRAP | G_TX_NOMIRROR, 0, 0),
	gsDPLoadBlock(7, 0, 0, 1023, 256),
	gsDPSetTile(G_IM_FMT_RGBA, G_IM_SIZ_16b, 8, 0, 0, 0, G_TX_CLAMP | G_TX_NOMIRROR, 5, 0, G_TX_WRAP | G_TX_NOMIRROR, 5, 0),
	gsDPSetTileSize(0, 0, 0, 124, 124),
	gsSPEndDisplayList(),
};

Gfx mat_revert_wf_dl_f3dlite_material_045[] = {
	gsSPSetGeometryMode(G_SHADING_SMOOTH),
	gsDPPipeSync(),
	gsDPSetAlphaDither(G_AD_DISABLE),
	gsSPEndDisplayList(),
};

Gfx mat_wf_dl_f3dlite_material_046[] = {
	gsSPClearGeometryMode(G_SHADING_SMOOTH),
	gsSPLightColor(LIGHT_1, 0xFFFFFFFF),
	gsSPLightColor(LIGHT_2, 0x666666FF),
	gsDPPipeSync(),
	gsDPSetCombineLERP(TEXEL0, 0, SHADE, 0, 0, 0, 0, SHADE, TEXEL0, 0, SHADE, 0, 0, 0, 0, SHADE),
	gsDPSetAlphaDither(G_AD_NOISE),
	gsSPTexture(65535, 65535, 0, 0, 1),
	gsDPSetTextureImage(G_IM_FMT_RGBA, G_IM_SIZ_16b_LOAD_BLOCK, 1, wf_dl_flower_top_rgba16),
	gsDPSetTile(G_IM_FMT_RGBA, G_IM_SIZ_16b_LOAD_BLOCK, 0, 0, 7, 0, G_TX_WRAP | G_TX_NOMIRROR, 0, 0, G_TX_WRAP | G_TX_NOMIRROR, 0, 0),
	gsDPLoadBlock(7, 0, 0, 1023, 256),
	gsDPSetTile(G_IM_FMT_RGBA, G_IM_SIZ_16b, 8, 0, 0, 0, G_TX_WRAP | G_TX_NOMIRROR, 5, 0, G_TX_WRAP | G_TX_NOMIRROR, 5, 0),
	gsDPSetTileSize(0, 0, 0, 124, 124),
	gsSPEndDisplayList(),
};

Gfx mat_revert_wf_dl_f3dlite_material_046[] = {
	gsSPSetGeometryMode(G_SHADING_SMOOTH),
	gsDPPipeSync(),
	gsDPSetAlphaDither(G_AD_DISABLE),
	gsSPEndDisplayList(),
};

Gfx mat_wf_dl_f3dlite_material_049[] = {
	gsSPClearGeometryMode(G_LIGHTING),
	gsDPPipeSync(),
	gsDPSetCombineLERP(TEXEL0, 0, SHADE, 0, TEXEL0, 0, SHADE, 0, TEXEL0, 0, SHADE, 0, TEXEL0, 0, SHADE, 0),
	gsDPSetAlphaDither(G_AD_NOISE),
	gsSPTexture(65535, 65535, 0, 0, 1),
	gsDPSetTextureImage(G_IM_FMT_IA, G_IM_SIZ_8b_LOAD_BLOCK, 1, wf_dl_wf_textures_0B000_ia16_ia8),
	gsDPSetTile(G_IM_FMT_IA, G_IM_SIZ_8b_LOAD_BLOCK, 0, 0, 7, 0, G_TX_WRAP | G_TX_NOMIRROR, 0, 0, G_TX_WRAP | G_TX_NOMIRROR, 0, 0),
	gsDPLoadBlock(7, 0, 0, 511, 512),
	gsDPSetTile(G_IM_FMT_IA, G_IM_SIZ_8b, 4, 0, 0, 0, G_TX_WRAP | G_TX_NOMIRROR, 5, 0, G_TX_WRAP | G_TX_NOMIRROR, 5, 0),
	gsDPSetTileSize(0, 0, 0, 124, 124),
	gsSPEndDisplayList(),
};

Gfx mat_revert_wf_dl_f3dlite_material_049[] = {
	gsSPSetGeometryMode(G_LIGHTING),
	gsDPPipeSync(),
	gsDPSetAlphaDither(G_AD_DISABLE),
	gsSPEndDisplayList(),
};

Gfx mat_wf_dl_f3dlite_material_050[] = {
	gsSPClearGeometryMode(G_SHADING_SMOOTH),
	gsSPLightColor(LIGHT_1, 0xFFFFFFFF),
	gsSPLightColor(LIGHT_2, 0x666666FF),
	gsDPPipeSync(),
	gsDPSetCombineLERP(TEXEL0, 0, SHADE, 0, 0, 0, 0, SHADE, TEXEL0, 0, SHADE, 0, 0, 0, 0, SHADE),
	gsDPSetAlphaDither(G_AD_NOISE),
	gsDPSetTextureLUT(G_TT_RGBA16),
	gsSPTexture(65535, 65535, 0, 0, 1),
	gsDPSetTextureImage(G_IM_FMT_RGBA, G_IM_SIZ_16b, 1, wf_dl_wf_textures_04800_rgba16_pal_rgba16),
	gsDPSetTile(0, 0, 0, 256, 5, 0, G_TX_WRAP | G_TX_NOMIRROR, 0, 0, G_TX_WRAP | G_TX_NOMIRROR, 0, 0),
	gsDPLoadTLUTCmd(5, 158),
	gsDPSetTextureImage(G_IM_FMT_CI, G_IM_SIZ_8b_LOAD_BLOCK, 1, wf_dl_wf_textures_04800_rgba16_ci8),
	gsDPSetTile(G_IM_FMT_CI, G_IM_SIZ_8b_LOAD_BLOCK, 0, 0, 7, 0, G_TX_WRAP | G_TX_NOMIRROR, 0, 0, G_TX_WRAP | G_TX_NOMIRROR, 0, 0),
	gsDPLoadBlock(7, 0, 0, 511, 512),
	gsDPSetTile(G_IM_FMT_CI, G_IM_SIZ_8b, 4, 0, 0, 0, G_TX_WRAP | G_TX_NOMIRROR, 5, 0, G_TX_WRAP | G_TX_NOMIRROR, 5, 0),
	gsDPSetTileSize(0, 0, 0, 124, 124),
	gsSPEndDisplayList(),
};

Gfx mat_revert_wf_dl_f3dlite_material_050[] = {
	gsSPSetGeometryMode(G_SHADING_SMOOTH),
	gsDPPipeSync(),
	gsDPSetAlphaDither(G_AD_DISABLE),
	gsDPSetTextureLUT(G_TT_NONE),
	gsSPEndDisplayList(),
};

Gfx mat_wf_dl_f3dlite_material_051[] = {
	gsSPClearGeometryMode(G_SHADING_SMOOTH),
	gsSPLightColor(LIGHT_1, 0xFFFFFFFF),
	gsSPLightColor(LIGHT_2, 0x666666FF),
	gsDPPipeSync(),
	gsDPSetCombineLERP(TEXEL0, 0, SHADE, 0, 0, 0, 0, SHADE, TEXEL0, 0, SHADE, 0, 0, 0, 0, SHADE),
	gsDPSetAlphaDither(G_AD_NOISE),
	gsDPSetTextureLUT(G_TT_RGBA16),
	gsSPTexture(65535, 65535, 0, 0, 1),
	gsDPSetTextureImage(G_IM_FMT_RGBA, G_IM_SIZ_16b, 1, wf_dl_wf_textures_05000_rgba16_pal_rgba16),
	gsDPSetTile(0, 0, 0, 256, 5, 0, G_TX_WRAP | G_TX_NOMIRROR, 0, 0, G_TX_WRAP | G_TX_NOMIRROR, 0, 0),
	gsDPLoadTLUTCmd(5, 253),
	gsDPSetTextureImage(G_IM_FMT_CI, G_IM_SIZ_8b_LOAD_BLOCK, 1, wf_dl_wf_textures_05000_rgba16_ci8),
	gsDPSetTile(G_IM_FMT_CI, G_IM_SIZ_8b_LOAD_BLOCK, 0, 0, 7, 0, G_TX_WRAP | G_TX_NOMIRROR, 0, 0, G_TX_WRAP | G_TX_NOMIRROR, 0, 0),
	gsDPLoadBlock(7, 0, 0, 511, 512),
	gsDPSetTile(G_IM_FMT_CI, G_IM_SIZ_8b, 4, 0, 0, 0, G_TX_CLAMP | G_TX_NOMIRROR, 5, 0, G_TX_WRAP | G_TX_NOMIRROR, 5, 0),
	gsDPSetTileSize(0, 0, 0, 124, 124),
	gsSPEndDisplayList(),
};

Gfx mat_revert_wf_dl_f3dlite_material_051[] = {
	gsSPSetGeometryMode(G_SHADING_SMOOTH),
	gsDPPipeSync(),
	gsDPSetAlphaDither(G_AD_DISABLE),
	gsDPSetTextureLUT(G_TT_NONE),
	gsSPEndDisplayList(),
};

Gfx mat_wf_dl_f3dlite_material_052[] = {
	gsSPClearGeometryMode(G_SHADING_SMOOTH),
	gsSPLightColor(LIGHT_1, 0xFFFFFFFF),
	gsSPLightColor(LIGHT_2, 0x666666FF),
	gsDPPipeSync(),
	gsDPSetCombineLERP(TEXEL0, 0, SHADE, 0, 0, 0, 0, SHADE, TEXEL0, 0, SHADE, 0, 0, 0, 0, SHADE),
	gsDPSetAlphaDither(G_AD_NOISE),
	gsDPSetTextureLUT(G_TT_RGBA16),
	gsSPTexture(65535, 65535, 0, 0, 1),
	gsDPSetTextureImage(G_IM_FMT_RGBA, G_IM_SIZ_16b, 1, wf_dl_wf_textures_05800_rgba16_pal_rgba16),
	gsDPSetTile(0, 0, 0, 256, 5, 0, G_TX_WRAP | G_TX_NOMIRROR, 0, 0, G_TX_WRAP | G_TX_NOMIRROR, 0, 0),
	gsDPLoadTLUTCmd(5, 54),
	gsDPSetTextureImage(G_IM_FMT_CI, G_IM_SIZ_8b_LOAD_BLOCK, 1, wf_dl_wf_textures_05800_rgba16_ci8),
	gsDPSetTile(G_IM_FMT_CI, G_IM_SIZ_8b_LOAD_BLOCK, 0, 0, 7, 0, G_TX_WRAP | G_TX_NOMIRROR, 0, 0, G_TX_WRAP | G_TX_NOMIRROR, 0, 0),
	gsDPLoadBlock(7, 0, 0, 511, 512),
	gsDPSetTile(G_IM_FMT_CI, G_IM_SIZ_8b, 4, 0, 0, 0, G_TX_WRAP | G_TX_NOMIRROR, 5, 0, G_TX_WRAP | G_TX_NOMIRROR, 5, 0),
	gsDPSetTileSize(0, 0, 0, 124, 124),
	gsSPEndDisplayList(),
};

Gfx mat_revert_wf_dl_f3dlite_material_052[] = {
	gsSPSetGeometryMode(G_SHADING_SMOOTH),
	gsDPPipeSync(),
	gsDPSetAlphaDither(G_AD_DISABLE),
	gsDPSetTextureLUT(G_TT_NONE),
	gsSPEndDisplayList(),
};

Gfx mat_wf_dl_f3dlite_material_053[] = {
	gsSPClearGeometryMode(G_SHADING_SMOOTH),
	gsSPLightColor(LIGHT_1, 0xFFFFFFFF),
	gsSPLightColor(LIGHT_2, 0x666666FF),
	gsDPPipeSync(),
	gsDPSetCombineLERP(TEXEL0, 0, SHADE, 0, 0, 0, 0, SHADE, TEXEL0, 0, SHADE, 0, 0, 0, 0, SHADE),
	gsDPSetAlphaDither(G_AD_NOISE),
	gsSPTexture(65535, 65535, 0, 0, 1),
	gsDPSetTextureImage(G_IM_FMT_RGBA, G_IM_SIZ_16b_LOAD_BLOCK, 1, wf_dl_flower_side_rgba16),
	gsDPSetTile(G_IM_FMT_RGBA, G_IM_SIZ_16b_LOAD_BLOCK, 0, 0, 7, 0, G_TX_WRAP | G_TX_NOMIRROR, 0, 0, G_TX_WRAP | G_TX_NOMIRROR, 0, 0),
	gsDPLoadBlock(7, 0, 0, 1023, 256),
	gsDPSetTile(G_IM_FMT_RGBA, G_IM_SIZ_16b, 8, 0, 0, 0, G_TX_CLAMP | G_TX_NOMIRROR, 5, 0, G_TX_WRAP | G_TX_NOMIRROR, 5, 0),
	gsDPSetTileSize(0, 0, 0, 124, 124),
	gsSPEndDisplayList(),
};

Gfx mat_revert_wf_dl_f3dlite_material_053[] = {
	gsSPSetGeometryMode(G_SHADING_SMOOTH),
	gsDPPipeSync(),
	gsDPSetAlphaDither(G_AD_DISABLE),
	gsSPEndDisplayList(),
};

Gfx mat_wf_dl_f3dlite_material_054[] = {
	gsSPClearGeometryMode(G_SHADING_SMOOTH),
	gsSPLightColor(LIGHT_1, 0xFFFFFFFF),
	gsSPLightColor(LIGHT_2, 0x666666FF),
	gsDPPipeSync(),
	gsDPSetCombineLERP(TEXEL0, 0, SHADE, 0, 0, 0, 0, SHADE, TEXEL0, 0, SHADE, 0, 0, 0, 0, SHADE),
	gsDPSetAlphaDither(G_AD_NOISE),
	gsSPTexture(65535, 65535, 0, 0, 1),
	gsDPSetTextureImage(G_IM_FMT_RGBA, G_IM_SIZ_16b_LOAD_BLOCK, 1, wf_dl_flower_top_rgba16),
	gsDPSetTile(G_IM_FMT_RGBA, G_IM_SIZ_16b_LOAD_BLOCK, 0, 0, 7, 0, G_TX_WRAP | G_TX_NOMIRROR, 0, 0, G_TX_WRAP | G_TX_NOMIRROR, 0, 0),
	gsDPLoadBlock(7, 0, 0, 1023, 256),
	gsDPSetTile(G_IM_FMT_RGBA, G_IM_SIZ_16b, 8, 0, 0, 0, G_TX_WRAP | G_TX_NOMIRROR, 5, 0, G_TX_WRAP | G_TX_NOMIRROR, 5, 0),
	gsDPSetTileSize(0, 0, 0, 124, 124),
	gsSPEndDisplayList(),
};

Gfx mat_revert_wf_dl_f3dlite_material_054[] = {
	gsSPSetGeometryMode(G_SHADING_SMOOTH),
	gsDPPipeSync(),
	gsDPSetAlphaDither(G_AD_DISABLE),
	gsSPEndDisplayList(),
};

Gfx mat_wf_dl_f3dlite_material_057[] = {
	gsSPClearGeometryMode(G_SHADING_SMOOTH),
	gsSPLightColor(LIGHT_1, 0xFFFFFFFF),
	gsSPLightColor(LIGHT_2, 0x666666FF),
	gsDPPipeSync(),
	gsDPSetCombineLERP(TEXEL0, 0, SHADE, 0, 0, 0, 0, SHADE, TEXEL0, 0, SHADE, 0, 0, 0, 0, SHADE),
	gsDPSetAlphaDither(G_AD_NOISE),
	gsDPSetTextureLUT(G_TT_RGBA16),
	gsSPTexture(65535, 65535, 0, 0, 1),
	gsDPSetTextureImage(G_IM_FMT_RGBA, G_IM_SIZ_16b, 1, wf_dl_wf_textures_07800_rgba16_pal_rgba16),
	gsDPSetTile(0, 0, 0, 256, 5, 0, G_TX_WRAP | G_TX_NOMIRROR, 0, 0, G_TX_WRAP | G_TX_NOMIRROR, 0, 0),
	gsDPLoadTLUTCmd(5, 60),
	gsDPSetTextureImage(G_IM_FMT_CI, G_IM_SIZ_8b_LOAD_BLOCK, 1, wf_dl_wf_textures_07800_rgba16_ci8),
	gsDPSetTile(G_IM_FMT_CI, G_IM_SIZ_8b_LOAD_BLOCK, 0, 0, 7, 0, G_TX_WRAP | G_TX_NOMIRROR, 0, 0, G_TX_WRAP | G_TX_NOMIRROR, 0, 0),
	gsDPLoadBlock(7, 0, 0, 511, 512),
	gsDPSetTile(G_IM_FMT_CI, G_IM_SIZ_8b, 4, 0, 0, 0, G_TX_WRAP | G_TX_NOMIRROR, 5, 0, G_TX_WRAP | G_TX_NOMIRROR, 5, 0),
	gsDPSetTileSize(0, 0, 0, 124, 124),
	gsSPEndDisplayList(),
};

Gfx mat_revert_wf_dl_f3dlite_material_057[] = {
	gsSPSetGeometryMode(G_SHADING_SMOOTH),
	gsDPPipeSync(),
	gsDPSetAlphaDither(G_AD_DISABLE),
	gsDPSetTextureLUT(G_TT_NONE),
	gsSPEndDisplayList(),
};

Gfx mat_wf_dl_f3dlite_material_058[] = {
	gsSPClearGeometryMode(G_SHADING_SMOOTH),
	gsSPLightColor(LIGHT_1, 0xFFFFFFFF),
	gsSPLightColor(LIGHT_2, 0x666666FF),
	gsDPPipeSync(),
	gsDPSetCombineLERP(TEXEL0, 0, SHADE, 0, 0, 0, 0, SHADE, TEXEL0, 0, SHADE, 0, 0, 0, 0, SHADE),
	gsDPSetAlphaDither(G_AD_NOISE),
	gsDPSetTextureLUT(G_TT_RGBA16),
	gsSPTexture(65535, 65535, 0, 0, 1),
	gsDPSetTextureImage(G_IM_FMT_RGBA, G_IM_SIZ_16b, 1, wf_dl_wf_textures_01000_rgba16_pal_rgba16),
	gsDPSetTile(0, 0, 0, 256, 5, 0, G_TX_WRAP | G_TX_NOMIRROR, 0, 0, G_TX_WRAP | G_TX_NOMIRROR, 0, 0),
	gsDPLoadTLUTCmd(5, 156),
	gsDPSetTextureImage(G_IM_FMT_CI, G_IM_SIZ_8b_LOAD_BLOCK, 1, wf_dl_wf_textures_01000_rgba16_ci8),
	gsDPSetTile(G_IM_FMT_CI, G_IM_SIZ_8b_LOAD_BLOCK, 0, 0, 7, 0, G_TX_WRAP | G_TX_NOMIRROR, 0, 0, G_TX_WRAP | G_TX_NOMIRROR, 0, 0),
	gsDPLoadBlock(7, 0, 0, 511, 512),
	gsDPSetTile(G_IM_FMT_CI, G_IM_SIZ_8b, 4, 0, 0, 0, G_TX_WRAP | G_TX_NOMIRROR, 5, 0, G_TX_WRAP | G_TX_NOMIRROR, 5, 0),
	gsDPSetTileSize(0, 0, 0, 124, 124),
	gsSPEndDisplayList(),
};

Gfx mat_revert_wf_dl_f3dlite_material_058[] = {
	gsSPSetGeometryMode(G_SHADING_SMOOTH),
	gsDPPipeSync(),
	gsDPSetAlphaDither(G_AD_DISABLE),
	gsDPSetTextureLUT(G_TT_NONE),
	gsSPEndDisplayList(),
};

Gfx mat_wf_dl_f3dlite_material_059[] = {
	gsSPClearGeometryMode(G_SHADING_SMOOTH),
	gsSPLightColor(LIGHT_1, 0xFFFFFFFF),
	gsSPLightColor(LIGHT_2, 0x666666FF),
	gsDPPipeSync(),
	gsDPSetCombineLERP(TEXEL0, 0, SHADE, 0, 0, 0, 0, SHADE, TEXEL0, 0, SHADE, 0, 0, 0, 0, SHADE),
	gsDPSetAlphaDither(G_AD_NOISE),
	gsDPSetTextureLUT(G_TT_RGBA16),
	gsSPTexture(65535, 65535, 0, 0, 1),
	gsDPSetTextureImage(G_IM_FMT_RGBA, G_IM_SIZ_16b, 1, wf_dl_wf_textures_00800_rgba16_pal_rgba16),
	gsDPSetTile(0, 0, 0, 256, 5, 0, G_TX_WRAP | G_TX_NOMIRROR, 0, 0, G_TX_WRAP | G_TX_NOMIRROR, 0, 0),
	gsDPLoadTLUTCmd(5, 146),
	gsDPSetTextureImage(G_IM_FMT_CI, G_IM_SIZ_8b_LOAD_BLOCK, 1, wf_dl_wf_textures_00800_rgba16_ci8),
	gsDPSetTile(G_IM_FMT_CI, G_IM_SIZ_8b_LOAD_BLOCK, 0, 0, 7, 0, G_TX_WRAP | G_TX_NOMIRROR, 0, 0, G_TX_WRAP | G_TX_NOMIRROR, 0, 0),
	gsDPLoadBlock(7, 0, 0, 511, 512),
	gsDPSetTile(G_IM_FMT_CI, G_IM_SIZ_8b, 4, 0, 0, 0, G_TX_WRAP | G_TX_NOMIRROR, 5, 0, G_TX_WRAP | G_TX_NOMIRROR, 5, 0),
	gsDPSetTileSize(0, 0, 0, 124, 124),
	gsSPEndDisplayList(),
};

Gfx mat_revert_wf_dl_f3dlite_material_059[] = {
	gsSPSetGeometryMode(G_SHADING_SMOOTH),
	gsDPPipeSync(),
	gsDPSetAlphaDither(G_AD_DISABLE),
	gsDPSetTextureLUT(G_TT_NONE),
	gsSPEndDisplayList(),
};

Gfx mat_wf_dl_f3dlite_material_060[] = {
	gsSPClearGeometryMode(G_SHADING_SMOOTH),
	gsSPLightColor(LIGHT_1, 0xFFFFFFFF),
	gsSPLightColor(LIGHT_2, 0x666666FF),
	gsDPPipeSync(),
	gsDPSetCombineLERP(TEXEL0, 0, SHADE, 0, 0, 0, 0, SHADE, TEXEL0, 0, SHADE, 0, 0, 0, 0, SHADE),
	gsDPSetAlphaDither(G_AD_NOISE),
	gsDPSetTextureLUT(G_TT_RGBA16),
	gsSPTexture(65535, 65535, 0, 0, 1),
	gsDPSetTextureImage(G_IM_FMT_RGBA, G_IM_SIZ_16b, 1, wf_dl_wf_textures_08000_rgba16_pal_rgba16),
	gsDPSetTile(0, 0, 0, 256, 5, 0, G_TX_WRAP | G_TX_NOMIRROR, 0, 0, G_TX_WRAP | G_TX_NOMIRROR, 0, 0),
	gsDPLoadTLUTCmd(5, 205),
	gsDPSetTextureImage(G_IM_FMT_CI, G_IM_SIZ_8b_LOAD_BLOCK, 1, wf_dl_wf_textures_08000_rgba16_ci8),
	gsDPSetTile(G_IM_FMT_CI, G_IM_SIZ_8b_LOAD_BLOCK, 0, 0, 7, 0, G_TX_WRAP | G_TX_NOMIRROR, 0, 0, G_TX_WRAP | G_TX_NOMIRROR, 0, 0),
	gsDPLoadBlock(7, 0, 0, 511, 512),
	gsDPSetTile(G_IM_FMT_CI, G_IM_SIZ_8b, 4, 0, 0, 0, G_TX_WRAP | G_TX_NOMIRROR, 5, 0, G_TX_WRAP | G_TX_NOMIRROR, 5, 0),
	gsDPSetTileSize(0, 0, 0, 124, 124),
	gsSPEndDisplayList(),
};

Gfx mat_revert_wf_dl_f3dlite_material_060[] = {
	gsSPSetGeometryMode(G_SHADING_SMOOTH),
	gsDPPipeSync(),
	gsDPSetAlphaDither(G_AD_DISABLE),
	gsDPSetTextureLUT(G_TT_NONE),
	gsSPEndDisplayList(),
};

Gfx wf_dl_visual_fence_mesh_layer_4[] = {
	gsSPClearGeometryMode(G_LIGHTING),
	gsSPVertex(wf_dl_visual_fence_mesh_layer_4_vtx_cull + 0, 8, 0),
	gsSPSetGeometryMode(G_LIGHTING),
	gsSPCullDisplayList(0, 7),
	gsSPDisplayList(mat_wf_dl_f3dlite_material_025),
	gsSPDisplayList(wf_dl_visual_fence_mesh_layer_4_tri_0),
	gsSPDisplayList(mat_revert_wf_dl_f3dlite_material_025),
	gsSPEndDisplayList(),
};

Gfx wf_dl_wf_seg7_dl_070050C8_mesh_mesh_layer_1[] = {
	gsSPClearGeometryMode(G_LIGHTING),
	gsSPVertex(wf_dl_wf_seg7_dl_070050C8_mesh_mesh_layer_1_vtx_cull + 0, 8, 0),
	gsSPSetGeometryMode(G_LIGHTING),
	gsSPCullDisplayList(0, 7),
	gsSPDisplayList(mat_wf_dl_f3dlite_material_001),
	gsSPDisplayList(wf_dl_wf_seg7_dl_070050C8_mesh_mesh_layer_1_tri_0),
	gsSPDisplayList(mat_revert_wf_dl_f3dlite_material_001),
	gsSPDisplayList(mat_wf_dl_f3dlite_material_002),
	gsSPDisplayList(wf_dl_wf_seg7_dl_070050C8_mesh_mesh_layer_1_tri_1),
	gsSPDisplayList(mat_revert_wf_dl_f3dlite_material_002),
	gsSPDisplayList(mat_wf_dl_f3dlite_material_003),
	gsSPDisplayList(wf_dl_wf_seg7_dl_070050C8_mesh_mesh_layer_1_tri_2),
	gsSPDisplayList(mat_revert_wf_dl_f3dlite_material_003),
	gsSPDisplayList(mat_wf_dl_f3dlite_material_004),
	gsSPDisplayList(wf_dl_wf_seg7_dl_070050C8_mesh_mesh_layer_1_tri_3),
	gsSPDisplayList(mat_revert_wf_dl_f3dlite_material_004),
	gsSPDisplayList(mat_wf_dl_f3dlite_material_005),
	gsSPDisplayList(wf_dl_wf_seg7_dl_070050C8_mesh_mesh_layer_1_tri_4),
	gsSPDisplayList(mat_revert_wf_dl_f3dlite_material_005),
	gsSPDisplayList(mat_wf_dl_f3dlite_material_006),
	gsSPDisplayList(wf_dl_wf_seg7_dl_070050C8_mesh_mesh_layer_1_tri_5),
	gsSPDisplayList(mat_revert_wf_dl_f3dlite_material_006),
	gsSPDisplayList(mat_wf_dl_f3dlite_material_007),
	gsSPDisplayList(wf_dl_wf_seg7_dl_070050C8_mesh_mesh_layer_1_tri_6),
	gsSPDisplayList(mat_revert_wf_dl_f3dlite_material_007),
	gsSPDisplayList(mat_wf_dl_f3dlite_material_008),
	gsSPDisplayList(wf_dl_wf_seg7_dl_070050C8_mesh_mesh_layer_1_tri_7),
	gsSPDisplayList(mat_revert_wf_dl_f3dlite_material_008),
	gsSPDisplayList(mat_wf_dl_f3dlite_material_009),
	gsSPDisplayList(wf_dl_wf_seg7_dl_070050C8_mesh_mesh_layer_1_tri_8),
	gsSPDisplayList(mat_revert_wf_dl_f3dlite_material_009),
	gsSPDisplayList(mat_wf_dl_f3dlite_material_011),
	gsSPDisplayList(wf_dl_wf_seg7_dl_070050C8_mesh_mesh_layer_1_tri_9),
	gsSPDisplayList(mat_revert_wf_dl_f3dlite_material_011),
	gsSPDisplayList(mat_wf_dl_f3dlite_material_012),
	gsSPDisplayList(wf_dl_wf_seg7_dl_070050C8_mesh_mesh_layer_1_tri_10),
	gsSPDisplayList(mat_revert_wf_dl_f3dlite_material_012),
	gsSPDisplayList(mat_wf_dl_f3dlite_material_013),
	gsSPDisplayList(wf_dl_wf_seg7_dl_070050C8_mesh_mesh_layer_1_tri_11),
	gsSPDisplayList(mat_revert_wf_dl_f3dlite_material_013),
	gsSPEndDisplayList(),
};

Gfx wf_dl_wf_seg7_dl_07005538_mesh_mesh_layer_6[] = {
	gsSPClearGeometryMode(G_LIGHTING),
	gsSPVertex(wf_dl_wf_seg7_dl_07005538_mesh_mesh_layer_6_vtx_cull + 0, 8, 0),
	gsSPSetGeometryMode(G_LIGHTING),
	gsSPCullDisplayList(0, 7),
	gsSPDisplayList(mat_wf_dl_f3dlite_material_016),
	gsSPDisplayList(wf_dl_wf_seg7_dl_07005538_mesh_mesh_layer_6_tri_0),
	gsSPDisplayList(mat_revert_wf_dl_f3dlite_material_016),
	gsSPEndDisplayList(),
};

Gfx wf_dl_wf_seg7_dl_07005690_mesh_mesh_layer_6[] = {
	gsSPClearGeometryMode(G_LIGHTING),
	gsSPVertex(wf_dl_wf_seg7_dl_07005690_mesh_mesh_layer_6_vtx_cull + 0, 8, 0),
	gsSPSetGeometryMode(G_LIGHTING),
	gsSPCullDisplayList(0, 7),
	gsSPDisplayList(mat_wf_dl_f3dlite_material_017),
	gsSPDisplayList(wf_dl_wf_seg7_dl_07005690_mesh_mesh_layer_6_tri_0),
	gsSPDisplayList(mat_revert_wf_dl_f3dlite_material_017),
	gsSPEndDisplayList(),
};

Gfx wf_dl_wf_seg7_dl_07005DD8_mesh_mesh_layer_1[] = {
	gsSPClearGeometryMode(G_LIGHTING),
	gsSPVertex(wf_dl_wf_seg7_dl_07005DD8_mesh_mesh_layer_1_vtx_cull + 0, 8, 0),
	gsSPSetGeometryMode(G_LIGHTING),
	gsSPCullDisplayList(0, 7),
	gsSPDisplayList(mat_wf_dl_f3dlite_material_018),
	gsSPDisplayList(wf_dl_wf_seg7_dl_07005DD8_mesh_mesh_layer_1_tri_0),
	gsSPDisplayList(mat_revert_wf_dl_f3dlite_material_018),
	gsSPEndDisplayList(),
};

Gfx wf_dl_wf_seg7_dl_070064E8_mesh_mesh_layer_1[] = {
	gsSPClearGeometryMode(G_LIGHTING),
	gsSPVertex(wf_dl_wf_seg7_dl_070064E8_mesh_mesh_layer_1_vtx_cull + 0, 8, 0),
	gsSPSetGeometryMode(G_LIGHTING),
	gsSPCullDisplayList(0, 7),
	gsSPDisplayList(mat_wf_dl_f3dlite_material_021),
	gsSPDisplayList(wf_dl_wf_seg7_dl_070064E8_mesh_mesh_layer_1_tri_0),
	gsSPDisplayList(mat_revert_wf_dl_f3dlite_material_021),
	gsSPEndDisplayList(),
};

Gfx wf_dl_wf_seg7_dl_07006820_mesh_mesh_layer_1[] = {
	gsSPClearGeometryMode(G_LIGHTING),
	gsSPVertex(wf_dl_wf_seg7_dl_07006820_mesh_mesh_layer_1_vtx_cull + 0, 8, 0),
	gsSPSetGeometryMode(G_LIGHTING),
	gsSPCullDisplayList(0, 7),
	gsSPDisplayList(mat_wf_dl_f3dlite_material_023),
	gsSPDisplayList(wf_dl_wf_seg7_dl_07006820_mesh_mesh_layer_1_tri_0),
	gsSPDisplayList(mat_revert_wf_dl_f3dlite_material_023),
	gsSPDisplayList(mat_wf_dl_f3dlite_material_024),
	gsSPDisplayList(wf_dl_wf_seg7_dl_07006820_mesh_mesh_layer_1_tri_1),
	gsSPDisplayList(mat_revert_wf_dl_f3dlite_material_024),
	gsSPEndDisplayList(),
};

Gfx wf_dl_wf_seg7_dl_07006820_mesh_001_mesh_layer_1[] = {
	gsSPClearGeometryMode(G_LIGHTING),
	gsSPVertex(wf_dl_wf_seg7_dl_07006820_mesh_001_mesh_layer_1_vtx_cull + 0, 8, 0),
	gsSPSetGeometryMode(G_LIGHTING),
	gsSPCullDisplayList(0, 7),
	gsSPDisplayList(mat_wf_dl_f3dlite_material_023),
	gsSPDisplayList(wf_dl_wf_seg7_dl_07006820_mesh_001_mesh_layer_1_tri_0),
	gsSPDisplayList(mat_revert_wf_dl_f3dlite_material_023),
	gsSPDisplayList(mat_wf_dl_f3dlite_material_024),
	gsSPDisplayList(wf_dl_wf_seg7_dl_07006820_mesh_001_mesh_layer_1_tri_1),
	gsSPDisplayList(mat_revert_wf_dl_f3dlite_material_024),
	gsSPEndDisplayList(),
};

Gfx wf_dl_wf_seg7_dl_07007220_mesh_mesh_layer_4[] = {
	gsSPClearGeometryMode(G_LIGHTING),
	gsSPVertex(wf_dl_wf_seg7_dl_07007220_mesh_mesh_layer_4_vtx_cull + 0, 8, 0),
	gsSPSetGeometryMode(G_LIGHTING),
	gsSPCullDisplayList(0, 7),
	gsSPDisplayList(mat_wf_dl_f3dlite_material_025),
	gsSPDisplayList(wf_dl_wf_seg7_dl_07007220_mesh_mesh_layer_4_tri_0),
	gsSPDisplayList(mat_revert_wf_dl_f3dlite_material_025),
	gsSPEndDisplayList(),
};

Gfx wf_dl_wf_seg7_dl_07007220_mesh_mesh_layer_5[] = {
	gsSPClearGeometryMode(G_LIGHTING),
	gsSPVertex(wf_dl_wf_seg7_dl_07007220_mesh_mesh_layer_5_vtx_cull + 0, 8, 0),
	gsSPSetGeometryMode(G_LIGHTING),
	gsSPCullDisplayList(0, 7),
	gsSPDisplayList(mat_wf_dl_f3dlite_material_026),
	gsSPDisplayList(wf_dl_wf_seg7_dl_07007220_mesh_mesh_layer_5_tri_0),
	gsSPDisplayList(mat_revert_wf_dl_f3dlite_material_026),
	gsSPEndDisplayList(),
};

Gfx wf_dl_wf_seg7_dl_07009780_mesh_mesh_layer_1[] = {
	gsSPClearGeometryMode(G_LIGHTING),
	gsSPVertex(wf_dl_wf_seg7_dl_07009780_mesh_mesh_layer_1_vtx_cull + 0, 8, 0),
	gsSPSetGeometryMode(G_LIGHTING),
	gsSPCullDisplayList(0, 7),
	gsSPDisplayList(mat_wf_dl_f3dlite_material_039),
	gsSPDisplayList(wf_dl_wf_seg7_dl_07009780_mesh_mesh_layer_1_tri_0),
	gsSPDisplayList(mat_revert_wf_dl_f3dlite_material_039),
	gsSPEndDisplayList(),
};

Gfx wf_dl_wf_seg7_dl_07009DB0_mesh_mesh_layer_1[] = {
	gsSPClearGeometryMode(G_LIGHTING),
	gsSPVertex(wf_dl_wf_seg7_dl_07009DB0_mesh_mesh_layer_1_vtx_cull + 0, 8, 0),
	gsSPSetGeometryMode(G_LIGHTING),
	gsSPCullDisplayList(0, 7),
	gsSPDisplayList(mat_wf_dl_f3dlite_material_041),
	gsSPDisplayList(wf_dl_wf_seg7_dl_07009DB0_mesh_mesh_layer_1_tri_0),
	gsSPDisplayList(mat_revert_wf_dl_f3dlite_material_041),
	gsSPDisplayList(mat_wf_dl_f3dlite_material_042),
	gsSPDisplayList(wf_dl_wf_seg7_dl_07009DB0_mesh_mesh_layer_1_tri_1),
	gsSPDisplayList(mat_revert_wf_dl_f3dlite_material_042),
	gsSPDisplayList(mat_wf_dl_f3dlite_material_043),
	gsSPDisplayList(wf_dl_wf_seg7_dl_07009DB0_mesh_mesh_layer_1_tri_2),
	gsSPDisplayList(mat_revert_wf_dl_f3dlite_material_043),
	gsSPEndDisplayList(),
};

Gfx wf_dl_wf_seg7_dl_0700A170_mesh_mesh_layer_1[] = {
	gsSPClearGeometryMode(G_LIGHTING),
	gsSPVertex(wf_dl_wf_seg7_dl_0700A170_mesh_mesh_layer_1_vtx_cull + 0, 8, 0),
	gsSPSetGeometryMode(G_LIGHTING),
	gsSPCullDisplayList(0, 7),
	gsSPDisplayList(mat_wf_dl_f3dlite_material_044),
	gsSPDisplayList(wf_dl_wf_seg7_dl_0700A170_mesh_mesh_layer_1_tri_0),
	gsSPDisplayList(mat_revert_wf_dl_f3dlite_material_044),
	gsSPEndDisplayList(),
};

Gfx wf_dl_wf_seg7_dl_0700ABA0_mesh_mesh_layer_1[] = {
	gsSPClearGeometryMode(G_LIGHTING),
	gsSPVertex(wf_dl_wf_seg7_dl_0700ABA0_mesh_mesh_layer_1_vtx_cull + 0, 8, 0),
	gsSPSetGeometryMode(G_LIGHTING),
	gsSPCullDisplayList(0, 7),
	gsSPDisplayList(mat_wf_dl_f3dlite_material_015),
	gsSPDisplayList(wf_dl_wf_seg7_dl_0700ABA0_mesh_mesh_layer_1_tri_0),
	gsSPDisplayList(mat_revert_wf_dl_f3dlite_material_015),
	gsSPDisplayList(mat_wf_dl_f3dlite_material_020),
	gsSPDisplayList(wf_dl_wf_seg7_dl_0700ABA0_mesh_mesh_layer_1_tri_1),
	gsSPDisplayList(mat_revert_wf_dl_f3dlite_material_020),
	gsSPDisplayList(mat_wf_dl_f3dlite_material_045),
	gsSPDisplayList(wf_dl_wf_seg7_dl_0700ABA0_mesh_mesh_layer_1_tri_2),
	gsSPDisplayList(mat_revert_wf_dl_f3dlite_material_045),
	gsSPDisplayList(mat_wf_dl_f3dlite_material_046),
	gsSPDisplayList(wf_dl_wf_seg7_dl_0700ABA0_mesh_mesh_layer_1_tri_3),
	gsSPDisplayList(mat_revert_wf_dl_f3dlite_material_046),
	gsSPEndDisplayList(),
};

Gfx wf_dl_wf_seg7_dl_0700AFB8_mesh_mesh_layer_6[] = {
	gsSPClearGeometryMode(G_LIGHTING),
	gsSPVertex(wf_dl_wf_seg7_dl_0700AFB8_mesh_mesh_layer_6_vtx_cull + 0, 8, 0),
	gsSPSetGeometryMode(G_LIGHTING),
	gsSPCullDisplayList(0, 7),
	gsSPDisplayList(mat_wf_dl_f3dlite_material_049),
	gsSPDisplayList(wf_dl_wf_seg7_dl_0700AFB8_mesh_mesh_layer_6_tri_0),
	gsSPDisplayList(mat_revert_wf_dl_f3dlite_material_049),
	gsSPEndDisplayList(),
};

Gfx wf_dl_wf_seg7_dl_0700BA28_mesh_mesh_layer_1[] = {
	gsSPClearGeometryMode(G_LIGHTING),
	gsSPVertex(wf_dl_wf_seg7_dl_0700BA28_mesh_mesh_layer_1_vtx_cull + 0, 8, 0),
	gsSPSetGeometryMode(G_LIGHTING),
	gsSPCullDisplayList(0, 7),
	gsSPDisplayList(mat_wf_dl_f3dlite_material_050),
	gsSPDisplayList(wf_dl_wf_seg7_dl_0700BA28_mesh_mesh_layer_1_tri_0),
	gsSPDisplayList(mat_revert_wf_dl_f3dlite_material_050),
	gsSPDisplayList(mat_wf_dl_f3dlite_material_051),
	gsSPDisplayList(wf_dl_wf_seg7_dl_0700BA28_mesh_mesh_layer_1_tri_1),
	gsSPDisplayList(mat_revert_wf_dl_f3dlite_material_051),
	gsSPDisplayList(mat_wf_dl_f3dlite_material_052),
	gsSPDisplayList(wf_dl_wf_seg7_dl_0700BA28_mesh_mesh_layer_1_tri_2),
	gsSPDisplayList(mat_revert_wf_dl_f3dlite_material_052),
	gsSPDisplayList(mat_wf_dl_f3dlite_material_053),
	gsSPDisplayList(wf_dl_wf_seg7_dl_0700BA28_mesh_mesh_layer_1_tri_3),
	gsSPDisplayList(mat_revert_wf_dl_f3dlite_material_053),
	gsSPDisplayList(mat_wf_dl_f3dlite_material_054),
	gsSPDisplayList(wf_dl_wf_seg7_dl_0700BA28_mesh_mesh_layer_1_tri_4),
	gsSPDisplayList(mat_revert_wf_dl_f3dlite_material_054),
	gsSPEndDisplayList(),
};

Gfx wf_dl_wf_seg7_dl_0700D028_mesh_mesh_layer_1[] = {
	gsSPClearGeometryMode(G_LIGHTING),
	gsSPVertex(wf_dl_wf_seg7_dl_0700D028_mesh_mesh_layer_1_vtx_cull + 0, 8, 0),
	gsSPSetGeometryMode(G_LIGHTING),
	gsSPCullDisplayList(0, 7),
	gsSPDisplayList(mat_wf_dl_f3dlite_material_057),
	gsSPDisplayList(wf_dl_wf_seg7_dl_0700D028_mesh_mesh_layer_1_tri_0),
	gsSPDisplayList(mat_revert_wf_dl_f3dlite_material_057),
	gsSPDisplayList(mat_wf_dl_f3dlite_material_058),
	gsSPDisplayList(wf_dl_wf_seg7_dl_0700D028_mesh_mesh_layer_1_tri_1),
	gsSPDisplayList(mat_revert_wf_dl_f3dlite_material_058),
	gsSPDisplayList(mat_wf_dl_f3dlite_material_059),
	gsSPDisplayList(wf_dl_wf_seg7_dl_0700D028_mesh_mesh_layer_1_tri_2),
	gsSPDisplayList(mat_revert_wf_dl_f3dlite_material_059),
	gsSPEndDisplayList(),
};

Gfx wf_dl_wf_seg7_dl_0700D300_mesh_mesh_layer_1[] = {
	gsSPClearGeometryMode(G_LIGHTING),
	gsSPVertex(wf_dl_wf_seg7_dl_0700D300_mesh_mesh_layer_1_vtx_cull + 0, 8, 0),
	gsSPSetGeometryMode(G_LIGHTING),
	gsSPCullDisplayList(0, 7),
	gsSPDisplayList(mat_wf_dl_f3dlite_material_060),
	gsSPDisplayList(wf_dl_wf_seg7_dl_0700D300_mesh_mesh_layer_1_tri_0),
	gsSPDisplayList(mat_revert_wf_dl_f3dlite_material_060),
	gsSPEndDisplayList(),
};

Gfx wf_dl_final_revert_mesh_layer_4[] = {
	gsDPPipeSync(),
	gsSPSetGeometryMode(G_LIGHTING),
	gsSPClearGeometryMode(G_TEXTURE_GEN),
	gsDPSetCombineLERP(0, 0, 0, SHADE, 0, 0, 0, ENVIRONMENT, 0, 0, 0, SHADE, 0, 0, 0, ENVIRONMENT),
	gsSPTexture(65535, 65535, 0, 0, 0),
	gsDPSetEnvColor(255, 255, 255, 255),
	gsDPSetAlphaCompare(G_AC_NONE),
	gsSPEndDisplayList(),
};

Gfx wf_dl_final_revert_mesh_layer_1[] = {
	gsDPPipeSync(),
	gsSPSetGeometryMode(G_LIGHTING),
	gsSPClearGeometryMode(G_TEXTURE_GEN),
	gsDPSetCombineLERP(0, 0, 0, SHADE, 0, 0, 0, ENVIRONMENT, 0, 0, 0, SHADE, 0, 0, 0, ENVIRONMENT),
	gsSPTexture(65535, 65535, 0, 0, 0),
	gsDPSetEnvColor(255, 255, 255, 255),
	gsDPSetAlphaCompare(G_AC_NONE),
	gsSPEndDisplayList(),
};

Gfx wf_dl_final_revert_mesh_layer_6[] = {
	gsDPPipeSync(),
	gsSPSetGeometryMode(G_LIGHTING),
	gsSPClearGeometryMode(G_TEXTURE_GEN),
	gsDPSetCombineLERP(0, 0, 0, SHADE, 0, 0, 0, ENVIRONMENT, 0, 0, 0, SHADE, 0, 0, 0, ENVIRONMENT),
	gsSPTexture(65535, 65535, 0, 0, 0),
	gsDPSetEnvColor(255, 255, 255, 255),
	gsDPSetAlphaCompare(G_AC_NONE),
	gsSPEndDisplayList(),
};

Gfx wf_dl_final_revert_mesh_layer_5[] = {
	gsDPPipeSync(),
	gsSPSetGeometryMode(G_LIGHTING),
	gsSPClearGeometryMode(G_TEXTURE_GEN),
	gsDPSetCombineLERP(0, 0, 0, SHADE, 0, 0, 0, ENVIRONMENT, 0, 0, 0, SHADE, 0, 0, 0, ENVIRONMENT),
	gsSPTexture(65535, 65535, 0, 0, 0),
	gsDPSetEnvColor(255, 255, 255, 255),
	gsDPSetAlphaCompare(G_AC_NONE),
	gsSPEndDisplayList(),
};

