Lights1 ingredients_tomato_chopped_lights = gdSPDefLights1(
	0x7F, 0x7F, 0x7F,
	0xFF, 0xFF, 0xFF, 0x28, 0x28, 0x28);

Texture ingredients_unchopped_lettuce_rgba16[] = {
	0x00, 0x00, 0x00, 0x00, 0x00, 0x00, 0x00, 0x00, 
	0x00, 0x00, 0x00, 0x00, 0x00, 0x00, 0x00, 0x00, 
	0x00, 0x00, 0x00, 0x00, 0x00, 0x00, 0x00, 0x00, 
	0x00, 0x00, 0x00, 0x00, 0x00, 0x00, 0x00, 0x00, 
	0x00, 0x00, 0x00, 0x00, 0x00, 0x00, 0x00, 0x00, 
	0x00, 0x00, 0x00, 0x00, 0x00, 0x00, 0x00, 0x00, 
	0x00, 0x00, 0x00, 0x00, 0x00, 0x00, 0x00, 0x00, 
	0x00, 0x00, 0x00, 0x00, 0x00, 0x00, 0x00, 0x00, 
	0x00, 0x00, 0x00, 0x00, 0x00, 0x00, 0x00, 0x00, 
	0x00, 0x00, 0x00, 0x00, 0x00, 0x00, 0x00, 0x00, 
	0x00, 0x00, 0x00, 0x00, 0x00, 0x00, 0x00, 0x00, 
	0x00, 0x00, 0x00, 0x00, 0x00, 0x00, 0x00, 0x00, 
	0x00, 0x00, 0x00, 0x00, 0x00, 0x00, 0x00, 0x00, 
	0x00, 0x00, 0x00, 0x00, 0x00, 0x00, 0x00, 0x00, 
	0x00, 0x00, 0x00, 0x00, 0x00, 0x00, 0x00, 0x00, 
	0x00, 0x00, 0x00, 0x00, 0x00, 0x00, 0x00, 0x00, 
	0x00, 0x00, 0x00, 0x00, 0x00, 0x00, 0x00, 0x00, 
	0x00, 0x00, 0x00, 0x00, 0x00, 0x00, 0x00, 0x00, 
	0x00, 0x00, 0x00, 0x00, 0x00, 0x00, 0x00, 0x00, 
	0x00, 0x00, 0x00, 0x00, 0x00, 0x00, 0x00, 0x00, 
	0x00, 0x00, 0x00, 0x00, 0x00, 0x00, 0x00, 0x00, 
	0x00, 0x00, 0x00, 0x00, 0x00, 0x00, 0x00, 0x00, 
	0x00, 0x00, 0x00, 0x00, 0x00, 0x00, 0x85, 0xd7, 
	0x00, 0x00, 0x00, 0x00, 0x00, 0x00, 0x00, 0x00, 
	0x00, 0x00, 0x00, 0x00, 0x00, 0x00, 0x00, 0x00, 
	0x00, 0x00, 0x00, 0x00, 0x00, 0x00, 0x00, 0x00, 
	0x00, 0x00, 0x00, 0x00, 0x00, 0x00, 0x00, 0x00, 
	0x00, 0x00, 0x00, 0x00, 0x00, 0x00, 0x00, 0x00, 
	0x00, 0x00, 0x00, 0x00, 0x00, 0x00, 0x00, 0x00, 
	0x00, 0x00, 0x00, 0x00, 0x00, 0x00, 0x00, 0x00, 
	0x7d, 0xd5, 0x6d, 0x93, 0x9e, 0x59, 0x96, 0x59, 
	0x00, 0x00, 0x00, 0x00, 0x00, 0x00, 0x00, 0x00, 
	0x00, 0x00, 0x00, 0x00, 0x00, 0x00, 0x00, 0x00, 
	0x00, 0x00, 0x00, 0x00, 0x00, 0x00, 0x00, 0x00, 
	0x00, 0x00, 0x00, 0x00, 0x00, 0x00, 0x00, 0x00, 
	0x00, 0x00, 0x00, 0x00, 0x00, 0x00, 0x00, 0x00, 
	0x00, 0x00, 0x00, 0x00, 0x00, 0x00, 0x00, 0x00, 
	0x00, 0x00, 0x75, 0x95, 0x86, 0x17, 0x96, 0x59, 
	0x96, 0x17, 0x9e, 0x5b, 0x85, 0xd7, 0x6d, 0x53, 
	0x00, 0x00, 0x00, 0x00, 0x00, 0x00, 0x00, 0x00, 
	0x00, 0x00, 0x00, 0x00, 0x00, 0x00, 0x00, 0x00, 
	0x00, 0x00, 0x00, 0x00, 0x00, 0x00, 0x00, 0x00, 
	0x00, 0x00, 0x00, 0x00, 0x00, 0x00, 0x00, 0x00, 
	0x00, 0x00, 0x00, 0x00, 0x6d, 0x53, 0xa6, 0x59, 
	0x96, 0x15, 0x8e, 0x15, 0x86, 0x17, 0x5d, 0x0f, 
	0x5d, 0x51, 0x9e, 0x59, 0x96, 0x59, 0x96, 0x19, 
	0xa6, 0x59, 0x9e, 0x59, 0xa6, 0x5b, 0xa5, 0xdf, 
	0x00, 0x00, 0x00, 0x00, 0x00, 0x00, 0x00, 0x00, 
	0x00, 0x00, 0x00, 0x00, 0x00, 0x00, 0x00, 0x00, 
	0x00, 0x00, 0x00, 0x00, 0x00, 0x00, 0x00, 0x00, 
	0x00, 0x00, 0x00, 0x00, 0x00, 0x00, 0x00, 0x00, 
	0x00, 0x00, 0x6d, 0x91, 0xa6, 0x59, 0x96, 0x57, 
	0xae, 0x99, 0x96, 0x57, 0x96, 0x57, 0x9e, 0x57, 
	0x9e, 0x59, 0x86, 0x15, 0xa6, 0x59, 0x9e, 0x59, 
	0xb6, 0x9d, 0xb6, 0x9b, 0x96, 0x19, 0x00, 0x00, 
	0x00, 0x00, 0x00, 0x00, 0x00, 0x00, 0x00, 0x00, 
	0x00, 0x00, 0x00, 0x00, 0x00, 0x00, 0x00, 0x00, 
	0x00, 0x00, 0x00, 0x00, 0x00, 0x00, 0x00, 0x00, 
	0x00, 0x00, 0x00, 0x00, 0x00, 0x00, 0x00, 0x00, 
	0x75, 0x97, 0x8e, 0x17, 0xb6, 0x99, 0xbe, 0xdd, 
	0xa6, 0x97, 0x8e, 0x57, 0x8e, 0x17, 0x9e, 0x57, 
	0x8e, 0x17, 0x8e, 0x17, 0x96, 0x57, 0xbe, 0xdb, 
	0x96, 0x59, 0xae, 0x9d, 0x75, 0x93, 0x00, 0x00, 
	0x00, 0x00, 0x00, 0x00, 0x00, 0x00, 0x00, 0x00, 
	0x00, 0x00, 0x00, 0x00, 0x00, 0x00, 0x00, 0x00, 
	0x00, 0x00, 0x00, 0x00, 0x00, 0x00, 0x00, 0x00, 
	0x00, 0x00, 0x7d, 0x9b, 0xae, 0x65, 0xc6, 0xe5, 
	0xbe, 0xdf, 0xae, 0x9b, 0xae, 0x9b, 0xb6, 0x9d, 
	0xcf, 0x1f, 0x86, 0x15, 0x9e, 0x57, 0x96, 0x57, 
	0xa6, 0x9b, 0x9e, 0x59, 0xb6, 0x9b, 0xae, 0x9b, 
	0x96, 0x17, 0xb6, 0x9d, 0x00, 0x00, 0x00, 0x00, 
	0x00, 0x00, 0x00, 0x00, 0x00, 0x00, 0x00, 0x00, 
	0x00, 0x00, 0x00, 0x00, 0x00, 0x00, 0x00, 0x00, 
	0x00, 0x00, 0x00, 0x00, 0x00, 0x00, 0x00, 0x00, 
	0x9e, 0x59, 0xa6, 0x99, 0xb6, 0x9b, 0xdf, 0x6f, 
	0xae, 0x97, 0xa6, 0x57, 0xae, 0x97, 0x9e, 0x99, 
	0xa6, 0x99, 0x9e, 0x57, 0x86, 0x15, 0x9e, 0x59, 
	0x8e, 0x57, 0x9e, 0x57, 0xae, 0x99, 0xa6, 0x9b, 
	0xcf, 0x21, 0x96, 0x19, 0x00, 0x00, 0x00, 0x00, 
	0x00, 0x00, 0x00, 0x00, 0x00, 0x00, 0x00, 0x00, 
	0x00, 0x00, 0x00, 0x00, 0x00, 0x00, 0x00, 0x00, 
	0x00, 0x00, 0x00, 0x00, 0x00, 0x00, 0x96, 0x57, 
	0xb6, 0xdb, 0xbe, 0xdd, 0xcf, 0x23, 0xb6, 0xe3, 
	0xd7, 0x27, 0xae, 0x99, 0xb6, 0x99, 0xae, 0x99, 
	0x9e, 0x97, 0xcf, 0x21, 0x96, 0x57, 0x86, 0x13, 
	0x75, 0xd3, 0xae, 0x99, 0xb6, 0x9b, 0xae, 0x9b, 
	0x9e, 0x5b, 0x00, 0x00, 0x00, 0x00, 0x00, 0x00, 
	0x00, 0x00, 0x00, 0x00, 0x00, 0x00, 0x00, 0x00, 
	0x00, 0x00, 0x00, 0x00, 0x00, 0x00, 0x00, 0x00, 
	0x00, 0x00, 0x00, 0x00, 0xa6, 0x59, 0xb6, 0xdb, 
	0x9e, 0x57, 0x9e, 0x59, 0xb6, 0xdd, 0xae, 0x99, 
	0xae, 0x9b, 0xb6, 0x9b, 0xb6, 0x99, 0x9e, 0x57, 
	0x86, 0x15, 0xa6, 0x99, 0xc6, 0xdb, 0x8e, 0x55, 
	0x96, 0x57, 0xae, 0x99, 0xae, 0x99, 0xae, 0x9b, 
	0x00, 0x00, 0x00, 0x00, 0x00, 0x00, 0x00, 0x00, 
	0x00, 0x00, 0x00, 0x00, 0x00, 0x00, 0x00, 0x00, 
	0x00, 0x00, 0x00, 0x00, 0x00, 0x00, 0x00, 0x00, 
	0x7d, 0xd3, 0xbe, 0xdd, 0x9e, 0x57, 0x86, 0x13, 
	0xa6, 0x97, 0xa6, 0x97, 0xa6, 0x99, 0xae, 0x99, 
	0xb6, 0xdb, 0xcf, 0x1f, 0xa6, 0x57, 0x9e, 0x97, 
	0x96, 0x57, 0x86, 0x15, 0x9e, 0x57, 0x96, 0x55, 
	0xdf, 0x65, 0xae, 0x99, 0xae, 0x5b, 0x00, 0x00, 
	0x00, 0x00, 0x00, 0x00, 0x00, 0x00, 0x00, 0x00, 
	0x00, 0x00, 0x00, 0x00, 0x00, 0x00, 0x00, 0x00, 
	0x00, 0x00, 0x00, 0x00, 0x00, 0x00, 0xae, 0x9b, 
	0xb6, 0x99, 0xa6, 0x99, 0x7d, 0xd3, 0x6d, 0xd3, 
	0x8e, 0x15, 0xc6, 0xdb, 0x9e, 0x97, 0xbe, 0xdd, 
	0x9e, 0x57, 0xa6, 0x97, 0xd7, 0x1f, 0x8e, 0x15, 
	0x8e, 0x57, 0x96, 0x57, 0xae, 0x99, 0xae, 0x99, 
	0xb6, 0x9d, 0xae, 0x9b, 0x00, 0x00, 0x00, 0x00, 
	0x00, 0x00, 0x00, 0x00, 0x00, 0x00, 0x00, 0x00, 
	0x00, 0x00, 0x00, 0x00, 0x00, 0x00, 0x00, 0x00, 
	0x00, 0x00, 0x00, 0x00, 0x95, 0x97, 0x9e, 0x59, 
	0x65, 0x91, 0x8e, 0x17, 0xae, 0x97, 0xae, 0x99, 
	0xa6, 0x97, 0xae, 0x99, 0x8e, 0x55, 0xa6, 0x99, 
	0x96, 0x55, 0x9e, 0x55, 0xb6, 0x9b, 0xa6, 0x59, 
	0x96, 0x55, 0xae, 0x99, 0xc6, 0xdf, 0xc6, 0xdf, 
	0xae, 0x59, 0x00, 0x00, 0x00, 0x00, 0x74, 0xd3, 
	0x64, 0xd1, 0x00, 0x00, 0x00, 0x00, 0x00, 0x00, 
	0x00, 0x00, 0x00, 0x00, 0x00, 0x00, 0x00, 0x00, 
	0x00, 0x00, 0x96, 0x19, 0xb6, 0x9d, 0xce, 0xe1, 
	0xcf, 0x21, 0x9e, 0x57, 0xc6, 0xdd, 0x9e, 0x97, 
	0xae, 0xd9, 0xb6, 0x99, 0xae, 0x99, 0xa6, 0x99, 
	0xbe, 0xdb, 0xb6, 0x99, 0xb6, 0xdb, 0xbe, 0x9b, 
	0xae, 0x99, 0xce, 0xe1, 0xbe, 0xdd, 0x00, 0x00, 
	0x00, 0x00, 0x96, 0x15, 0xae, 0x9b, 0xa6, 0x57, 
	0xa6, 0x59, 0xa6, 0x99, 0x86, 0x15, 0x8d, 0x59, 
	0x00, 0x00, 0x00, 0x00, 0x00, 0x00, 0x00, 0x00, 
	0x00, 0x00, 0x00, 0x00, 0xae, 0x5d, 0xae, 0x57, 
	0xb6, 0x99, 0xc6, 0xdf, 0xc6, 0xdf, 0xc6, 0xdd, 
	0xce, 0xdf, 0xbe, 0xdd, 0xbe, 0xdd, 0xb6, 0x9d, 
	0xb6, 0x9b, 0xb6, 0x9b, 0xb6, 0x9d, 0xb6, 0x9b, 
	0xae, 0x9b, 0xb6, 0x9d, 0xce, 0xe3, 0x9e, 0x59, 
	0xae, 0x5b, 0xd7, 0x23, 0xc6, 0xdf, 0xb6, 0x9b, 
	0xa6, 0x57, 0xae, 0x99, 0x9e, 0x59, 0x85, 0xd5, 
	0x75, 0x95, 0x00, 0x00, 0x00, 0x00, 0x00, 0x00, 
	0x00, 0x00, 0x00, 0x00, 0x00, 0x00, 0xb6, 0x9b, 
	0x9e, 0x59, 0xae, 0x99, 0xae, 0x97, 0xc6, 0xdd, 
	0xbe, 0xdb, 0xcf, 0x1f, 0xc6, 0xdf, 0xc6, 0xdf, 
	0xc6, 0xdf, 0xd7, 0x25, 0xce, 0xe1, 0xc6, 0xe1, 
	0xce, 0xe1, 0xdf, 0x29, 0xd7, 0x25, 0xdf, 0x69, 
	0xbe, 0x9b, 0xd7, 0x25, 0xbe, 0xdd, 0xb6, 0x9b, 
	0xc6, 0xdd, 0xc6, 0xdd, 0xc6, 0xdf, 0xc6, 0xdf, 
	0x75, 0x93, 0x00, 0x00, 0x00, 0x00, 0x00, 0x00, 
	0x00, 0x00, 0x00, 0x00, 0x00, 0x00, 0x95, 0xdd, 
	0xb6, 0x9d, 0x9e, 0x57, 0xa6, 0x97, 0x9e, 0x55, 
	0xbe, 0xdb, 0x9e, 0x55, 0xc6, 0xdd, 0xc6, 0xdd, 
	0xb6, 0x9b, 0xb6, 0xdb, 0xcf, 0x21, 0xbe, 0xdf, 
	0xce, 0xe1, 0xc6, 0xe1, 0xc6, 0xdf, 0xd7, 0x25, 
	0xae, 0x99, 0xa6, 0x99, 0xc6, 0xe1, 0xd7, 0x25, 
	0xce, 0xe1, 0xb6, 0x9b, 0xae, 0x9b, 0xb6, 0x9b, 
	0x75, 0x95, 0x00, 0x00, 0x00, 0x00, 0x00, 0x00, 
	0x00, 0x00, 0x00, 0x00, 0x00, 0x00, 0x00, 0x00, 
	0xb6, 0x9b, 0xa6, 0x97, 0xa6, 0x95, 0xa6, 0x95, 
	0x9e, 0x55, 0xc6, 0xdd, 0xae, 0x99, 0xb6, 0x9b, 
	0xb6, 0x9b, 0xbe, 0xdf, 0xc6, 0xdf, 0xa6, 0x59, 
	0xd7, 0x23, 0xc6, 0xe1, 0xbe, 0xdd, 0xc6, 0xe1, 
	0xce, 0xdf, 0xa6, 0x57, 0xbe, 0xdd, 0xb6, 0x9d, 
	0xbe, 0xdf, 0xcf, 0x23, 0x8e, 0x17, 0x96, 0x57, 
	0x8e, 0x17, 0x00, 0x00, 0x00, 0x00, 0x00, 0x00, 
	0x00, 0x00, 0x00, 0x00, 0x00, 0x00, 0x00, 0x00, 
	0x00, 0x00, 0xa6, 0x97, 0x9e, 0x57, 0xae, 0x99, 
	0x9e, 0x55, 0x9e, 0x57, 0xb6, 0xd9, 0xbe, 0xdb, 
	0xcf, 0x1f, 0xb6, 0xdb, 0xae, 0x99, 0x96, 0x57, 
	0xcf, 0x21, 0x9e, 0x59, 0xae, 0x99, 0xbe, 0xdf, 
	0xae, 0x9b, 0xd7, 0x27, 0x96, 0x17, 0x9e, 0x1b, 
	0x75, 0xd7, 0xae, 0x9d, 0xb6, 0xdd, 0x96, 0x57, 
	0x00, 0x00, 0x00, 0x00, 0x00, 0x00, 0x00, 0x00, 
	0x00, 0x00, 0x00, 0x00, 0x00, 0x00, 0x00, 0x00, 
	0x00, 0x00, 0x9e, 0x19, 0xbe, 0xdb, 0x8e, 0x13, 
	0xb6, 0xd9, 0xae, 0x99, 0x9e, 0x55, 0xb6, 0xdb, 
	0x9e, 0x57, 0xb6, 0xdb, 0xae, 0x99, 0xd7, 0x23, 
	0xc6, 0xdf, 0xb6, 0x9b, 0xae, 0x99, 0xcf, 0x23, 
	0x8e, 0x15, 0xc6, 0xe1, 0xbe, 0xe1, 0x86, 0x15, 
	0x96, 0x59, 0x9e, 0x9b, 0x86, 0x19, 0x00, 0x00, 
	0x00, 0x00, 0x00, 0x00, 0x00, 0x00, 0x00, 0x00, 
	0x00, 0x00, 0x00, 0x00, 0x00, 0x00, 0x00, 0x00, 
	0x00, 0x00, 0x00, 0x00, 0xae, 0x99, 0xb6, 0x99, 
	0xa6, 0x55, 0xae, 0x97, 0xa6, 0x97, 0xa6, 0x99, 
	0xae, 0x97, 0x9e, 0x57, 0xb6, 0x9b, 0xa6, 0x5b, 
	0xbe, 0xe3, 0xa6, 0x9b, 0x8e, 0x57, 0xd7, 0x23, 
	0xae, 0x9b, 0x7d, 0xd5, 0x86, 0x19, 0xbe, 0xe1, 
	0xbe, 0xdf, 0x8e, 0x19, 0x00, 0x00, 0x00, 0x00, 
	0x00, 0x00, 0x00, 0x00, 0x00, 0x00, 0x00, 0x00, 
	0x00, 0x00, 0x00, 0x00, 0x00, 0x00, 0x00, 0x00, 
	0x00, 0x00, 0x00, 0x00, 0xce, 0x65, 0x75, 0xd1, 
	0xae, 0x99, 0xae, 0x99, 0xa6, 0x57, 0x96, 0x55, 
	0x86, 0x13, 0x96, 0x57, 0xc6, 0xdf, 0x7d, 0xd5, 
	0xa6, 0x9b, 0x9e, 0x57, 0x7d, 0xd3, 0xc6, 0xdf, 
	0xa6, 0x59, 0x75, 0xd3, 0x8e, 0x15, 0x8d, 0xdb, 
	0x85, 0x99, 0x00, 0x00, 0x00, 0x00, 0x00, 0x00, 
	0x00, 0x00, 0x00, 0x00, 0x00, 0x00, 0x00, 0x00, 
	0x00, 0x00, 0x00, 0x00, 0x00, 0x00, 0x00, 0x00, 
	0x00, 0x00, 0x00, 0x00, 0x00, 0x00, 0xa6, 0x5d, 
	0xa6, 0x99, 0xb6, 0xdb, 0xc6, 0xdd, 0x9e, 0x57, 
	0x9e, 0x57, 0xc6, 0xdb, 0x9e, 0x5b, 0x8e, 0x17, 
	0xae, 0x99, 0x8e, 0x15, 0x9e, 0x57, 0xbe, 0xdd, 
	0xa6, 0x59, 0xae, 0x9b, 0x8e, 0x1b, 0x00, 0x00, 
	0x00, 0x00, 0x00, 0x00, 0x00, 0x00, 0x00, 0x00, 
	0x00, 0x00, 0x00, 0x00, 0x00, 0x00, 0x00, 0x00, 
	0x00, 0x00, 0x00, 0x00, 0x00, 0x00, 0x00, 0x00, 
	0x00, 0x00, 0x00, 0x00, 0x00, 0x00, 0x00, 0x00, 
	0x95, 0xdb, 0xa6, 0x9b, 0xbe, 0xdf, 0xbe, 0xdd, 
	0xbe, 0xdd, 0xa6, 0x99, 0x86, 0x15, 0xa6, 0x97, 
	0xb6, 0x99, 0xa6, 0x99, 0xae, 0x9b, 0x85, 0xd5, 
	0x8e, 0x17, 0x6d, 0x15, 0x00, 0x00, 0x00, 0x00, 
	0x00, 0x00, 0x00, 0x00, 0x00, 0x00, 0x00, 0x00, 
	0x00, 0x00, 0x00, 0x00, 0x00, 0x00, 0x00, 0x00, 
	0x00, 0x00, 0x00, 0x00, 0x00, 0x00, 0x00, 0x00, 
	0x00, 0x00, 0x00, 0x00, 0x00, 0x00, 0x00, 0x00, 
	0x00, 0x00, 0x9d, 0x59, 0xb6, 0x9d, 0x65, 0x93, 
	0xae, 0x99, 0xc6, 0xdf, 0x9e, 0x57, 0x8e, 0x13, 
	0xae, 0x99, 0xbe, 0xdd, 0xa6, 0x99, 0x8e, 0x57, 
	0x4c, 0x8d, 0x00, 0x00, 0x00, 0x00, 0x00, 0x00, 
	0x00, 0x00, 0x00, 0x00, 0x00, 0x00, 0x00, 0x00, 
	0x00, 0x00, 0x00, 0x00, 0x00, 0x00, 0x00, 0x00, 
	0x00, 0x00, 0x00, 0x00, 0x00, 0x00, 0x00, 0x00, 
	0x00, 0x00, 0x00, 0x00, 0x00, 0x00, 0x00, 0x00, 
	0x00, 0x00, 0x00, 0x00, 0x00, 0x00, 0x96, 0x17, 
	0xae, 0x99, 0x8e, 0x17, 0xb6, 0x9d, 0xb6, 0x9d, 
	0xbe, 0xdf, 0x9e, 0x59, 0x65, 0x51, 0x5d, 0x11, 
	0x00, 0x00, 0x00, 0x00, 0x00, 0x00, 0x00, 0x00, 
	0x00, 0x00, 0x00, 0x00, 0x00, 0x00, 0x00, 0x00, 
	0x00, 0x00, 0x00, 0x00, 0x00, 0x00, 0x00, 0x00, 
	0x00, 0x00, 0x00, 0x00, 0x00, 0x00, 0x00, 0x00, 
	0x00, 0x00, 0x00, 0x00, 0x00, 0x00, 0x00, 0x00, 
	0x00, 0x00, 0x00, 0x00, 0x00, 0x00, 0x00, 0x00, 
	0x00, 0x00, 0x00, 0x00, 0x6d, 0x53, 0x6d, 0x55, 
	0x85, 0xd9, 0x6d, 0x55, 0x6d, 0x11, 0x00, 0x00, 
	0x00, 0x00, 0x00, 0x00, 0x00, 0x00, 0x00, 0x00, 
	0x00, 0x00, 0x00, 0x00, 0x00, 0x00, 0x00, 0x00, 
	0x00, 0x00, 0x00, 0x00, 0x00, 0x00, 0x00, 0x00, 
	0x00, 0x00, 0x00, 0x00, 0x00, 0x00, 0x00, 0x00, 
	0x00, 0x00, 0x00, 0x00, 0x00, 0x00, 0x00, 0x00, 
	0x00, 0x00, 0x00, 0x00, 0x00, 0x00, 0x00, 0x00, 
	0x00, 0x00, 0x00, 0x00, 0x00, 0x00, 0x00, 0x00, 
	0x00, 0x00, 0x00, 0x00, 0x00, 0x00, 0x00, 0x00, 
	0x00, 0x00, 0x00, 0x00, 0x00, 0x00, 0x00, 0x00, 
	0x00, 0x00, 0x00, 0x00, 0x00, 0x00, 0x00, 0x00, 
	0x00, 0x00, 0x00, 0x00, 0x00, 0x00, 0x00, 0x00, 
	0x00, 0x00, 0x00, 0x00, 0x00, 0x00, 0x00, 0x00, 
	0x00, 0x00, 0x00, 0x00, 0x00, 0x00, 0x00, 0x00, 
	0x00, 0x00, 0x00, 0x00, 0x00, 0x00, 0x00, 0x00, 
	0x00, 0x00, 0x00, 0x00, 0x00, 0x00, 0x00, 0x00, 
	0x00, 0x00, 0x00, 0x00, 0x00, 0x00, 0x00, 0x00, 
	0x00, 0x00, 0x00, 0x00, 0x00, 0x00, 0x00, 0x00, 
	0x00, 0x00, 0x00, 0x00, 0x00, 0x00, 0x00, 0x00, 
	0x00, 0x00, 0x00, 0x00, 0x00, 0x00, 0x00, 0x00, 
	0x00, 0x00, 0x00, 0x00, 0x00, 0x00, 0x00, 0x00, 
	0x00, 0x00, 0x00, 0x00, 0x00, 0x00, 0x00, 0x00, 
	0x00, 0x00, 0x00, 0x00, 0x00, 0x00, 0x00, 0x00, 
	0x00, 0x00, 0x00, 0x00, 0x00, 0x00, 0x00, 0x00, 
	0x00, 0x00, 0x00, 0x00, 0x00, 0x00, 0x00, 0x00, 
	0x00, 0x00, 0x00, 0x00, 0x00, 0x00, 0x00, 0x00, 
	0x00, 0x00, 0x00, 0x00, 0x00, 0x00, 0x00, 0x00, 
	0x00, 0x00, 0x00, 0x00, 0x00, 0x00, 0x00, 0x00, 
	
};

Texture ingredients_chopped_lettuce_ci8[] = {
	0x00, 0x00, 0x00, 0x00, 0x00, 0x00, 0x00, 0x00, 
	0x00, 0x00, 0x00, 0x00, 0x00, 0x00, 0x00, 0x00, 
	0x00, 0x00, 0x00, 0x00, 0x00, 0x00, 0x00, 0x00, 
	0x00, 0x00, 0x00, 0x00, 0x00, 0x00, 0x00, 0x00, 
	0x00, 0x00, 0x00, 0x00, 0x00, 0x00, 0x00, 0x00, 
	0x00, 0x00, 0x00, 0x00, 0x00, 0x00, 0x00, 0x00, 
	0x00, 0x00, 0x00, 0x00, 0x00, 0x00, 0x00, 0x00, 
	0x00, 0x00, 0x00, 0x00, 0x00, 0x00, 0x00, 0x00, 
	0x00, 0x00, 0x00, 0x00, 0x00, 0x00, 0x00, 0x00, 
	0x00, 0x00, 0x00, 0x00, 0x00, 0x00, 0x00, 0x00, 
	0x00, 0x00, 0x00, 0x00, 0x00, 0x00, 0x00, 0x00, 
	0x00, 0x00, 0x00, 0x00, 0x00, 0x00, 0x00, 0x00, 
	0x00, 0x00, 0x00, 0x00, 0x00, 0x00, 0x00, 0x00, 
	0x00, 0x00, 0x00, 0x00, 0x00, 0x00, 0x00, 0x00, 
	0x00, 0x00, 0x00, 0x00, 0x00, 0x00, 0x00, 0x00, 
	0x00, 0x00, 0x00, 0x00, 0x00, 0x00, 0x00, 0x00, 
	0x00, 0x00, 0x00, 0x00, 0x00, 0x00, 0x00, 0x00, 
	0x00, 0x00, 0x00, 0x00, 0x00, 0x00, 0x00, 0x00, 
	0x00, 0x00, 0x00, 0x00, 0x00, 0x00, 0x00, 0x00, 
	0x00, 0x00, 0x00, 0x00, 0x00, 0x00, 0x00, 0x00, 
	0x00, 0x00, 0x00, 0x00, 0x00, 0x00, 0x00, 0x01, 
	0x00, 0x00, 0x00, 0x00, 0x00, 0x00, 0x00, 0x00, 
	0x00, 0x00, 0x00, 0x00, 0x00, 0x00, 0x00, 0x00, 
	0x00, 0x00, 0x00, 0x00, 0x00, 0x00, 0x00, 0x00, 
	0x00, 0x00, 0x00, 0x00, 0x00, 0x00, 0x00, 0x02, 
	0x00, 0x00, 0x00, 0x00, 0x00, 0x00, 0x00, 0x00, 
	0x00, 0x00, 0x00, 0x00, 0x00, 0x00, 0x00, 0x00, 
	0x00, 0x00, 0x00, 0x00, 0x00, 0x00, 0x00, 0x00, 
	0x00, 0x00, 0x00, 0x00, 0x00, 0x00, 0x00, 0x03, 
	0x00, 0x00, 0x00, 0x00, 0x00, 0x00, 0x00, 0x00, 
	0x00, 0x04, 0x05, 0x06, 0x00, 0x00, 0x00, 0x00, 
	0x00, 0x00, 0x00, 0x00, 0x00, 0x00, 0x00, 0x00, 
	0x00, 0x00, 0x00, 0x00, 0x00, 0x00, 0x07, 0x03, 
	0x00, 0x08, 0x02, 0x00, 0x00, 0x00, 0x00, 0x09, 
	0x0a, 0x0b, 0x0c, 0x0d, 0x0e, 0x0f, 0x00, 0x00, 
	0x00, 0x00, 0x00, 0x00, 0x00, 0x00, 0x00, 0x00, 
	0x00, 0x00, 0x00, 0x10, 0x11, 0x12, 0x10, 0x13, 
	0x00, 0x0d, 0x11, 0x00, 0x00, 0x00, 0x00, 0x14, 
	0x0a, 0x15, 0x16, 0x0d, 0x17, 0x18, 0x00, 0x00, 
	0x00, 0x00, 0x00, 0x00, 0x00, 0x00, 0x00, 0x00, 
	0x00, 0x00, 0x00, 0x19, 0x1a, 0x1b, 0x13, 0x13, 
	0x1c, 0x1d, 0x1b, 0x00, 0x00, 0x00, 0x17, 0x15, 
	0x16, 0x0a, 0x0a, 0x1e, 0x17, 0x00, 0x00, 0x00, 
	0x00, 0x00, 0x1b, 0x00, 0x00, 0x00, 0x00, 0x00, 
	0x00, 0x00, 0x00, 0x00, 0x1d, 0x11, 0x1f, 0x1f, 
	0x09, 0x20, 0x01, 0x00, 0x00, 0x00, 0x21, 0x22, 
	0x23, 0x09, 0x1e, 0x24, 0x00, 0x00, 0x00, 0x00, 
	0x00, 0x25, 0x01, 0x02, 0x00, 0x00, 0x00, 0x00, 
	0x00, 0x00, 0x00, 0x00, 0x26, 0x24, 0x27, 0x03, 
	0x28, 0x11, 0x29, 0x00, 0x00, 0x00, 0x16, 0x2a, 
	0x14, 0x14, 0x00, 0x00, 0x00, 0x00, 0x00, 0x07, 
	0x1f, 0x2b, 0x02, 0x26, 0x00, 0x00, 0x00, 0x00, 
	0x00, 0x00, 0x2c, 0x02, 0x1c, 0x2d, 0x11, 0x1f, 
	0x27, 0x09, 0x2e, 0x00, 0x00, 0x23, 0x23, 0x2a, 
	0x2f, 0x30, 0x00, 0x00, 0x00, 0x00, 0x00, 0x26, 
	0x03, 0x2b, 0x03, 0x31, 0x00, 0x00, 0x00, 0x00, 
	0x00, 0x01, 0x1b, 0x1f, 0x0a, 0x32, 0x20, 0x1f, 
	0x03, 0x1f, 0x2e, 0x00, 0x00, 0x23, 0x23, 0x15, 
	0x33, 0x34, 0x00, 0x00, 0x00, 0x00, 0x35, 0x10, 
	0x02, 0x36, 0x03, 0x1c, 0x02, 0x02, 0x00, 0x00, 
	0x00, 0x00, 0x2c, 0x37, 0x38, 0x0d, 0x39, 0x16, 
	0x3a, 0x03, 0x3b, 0x00, 0x00, 0x24, 0x14, 0x0c, 
	0x0b, 0x34, 0x00, 0x00, 0x00, 0x00, 0x3c, 0x11, 
	0x12, 0x10, 0x13, 0x26, 0x0d, 0x11, 0x00, 0x00, 
	0x00, 0x00, 0x2e, 0x26, 0x1f, 0x3d, 0x1e, 0x1e, 
	0x38, 0x03, 0x00, 0x00, 0x00, 0x24, 0x24, 0x0c, 
	0x3e, 0x17, 0x00, 0x00, 0x00, 0x1b, 0x25, 0x1a, 
	0x1b, 0x13, 0x13, 0x1c, 0x1d, 0x1b, 0x00, 0x00, 
	0x00, 0x00, 0x00, 0x3f, 0x1f, 0x1f, 0x2b, 0x1d, 
	0x40, 0x2b, 0x00, 0x00, 0x00, 0x16, 0x34, 0x17, 
	0x1b, 0x00, 0x00, 0x00, 0x00, 0x09, 0x27, 0x1d, 
	0x11, 0x1f, 0x1f, 0x09, 0x20, 0x01, 0x00, 0x00, 
	0x00, 0x00, 0x00, 0x00, 0x0d, 0x41, 0x42, 0x20, 
	0x3a, 0x25, 0x00, 0x00, 0x00, 0x09, 0x43, 0x44, 
	0x00, 0x00, 0x00, 0x00, 0x00, 0x02, 0x3b, 0x26, 
	0x24, 0x27, 0x03, 0x1b, 0x11, 0x12, 0x00, 0x00, 
	0x00, 0x00, 0x00, 0x00, 0x02, 0x45, 0x11, 0x2b, 
	0x27, 0x00, 0x00, 0x00, 0x00, 0x10, 0x00, 0x00, 
	0x00, 0x00, 0x00, 0x00, 0x00, 0x2c, 0x08, 0x1c, 
	0x2d, 0x11, 0x1f, 0x27, 0x09, 0x2e, 0x00, 0x00, 
	0x00, 0x00, 0x00, 0x00, 0x00, 0x46, 0x11, 0x47, 
	0x16, 0x00, 0x00, 0x00, 0x00, 0x00, 0x00, 0x00, 
	0x00, 0x00, 0x00, 0x00, 0x01, 0x1b, 0x1f, 0x0d, 
	0x32, 0x20, 0x1f, 0x03, 0x1f, 0x2e, 0x00, 0x00, 
	0x00, 0x00, 0x00, 0x00, 0x00, 0x00, 0x00, 0x26, 
	0x1e, 0x00, 0x00, 0x00, 0x00, 0x00, 0x00, 0x00, 
	0x00, 0x00, 0x00, 0x00, 0x00, 0x2c, 0x37, 0x38, 
	0x0d, 0x39, 0x16, 0x3a, 0x03, 0x07, 0x00, 0x00, 
	0x00, 0x00, 0x00, 0x00, 0x00, 0x00, 0x00, 0x00, 
	0x00, 0x00, 0x00, 0x00, 0x00, 0x00, 0x00, 0x00, 
	0x00, 0x00, 0x00, 0x00, 0x00, 0x48, 0x26, 0x1f, 
	0x3d, 0x1e, 0x1e, 0x38, 0x03, 0x10, 0x00, 0x00, 
	0x00, 0x00, 0x00, 0x00, 0x00, 0x00, 0x00, 0x00, 
	0x00, 0x00, 0x00, 0x00, 0x00, 0x00, 0x00, 0x00, 
	0x00, 0x00, 0x00, 0x00, 0x00, 0x00, 0x2e, 0x1f, 
	0x1f, 0x2b, 0x1d, 0x40, 0x2b, 0x49, 0x00, 0x00, 
	0x00, 0x00, 0x00, 0x00, 0x00, 0x00, 0x00, 0x00, 
	0x00, 0x00, 0x00, 0x00, 0x00, 0x00, 0x00, 0x00, 
	0x00, 0x00, 0x00, 0x00, 0x00, 0x00, 0x10, 0x0d, 
	0x41, 0x42, 0x20, 0x3a, 0x25, 0x02, 0x00, 0x00, 
	0x00, 0x00, 0x00, 0x00, 0x00, 0x00, 0x00, 0x00, 
	0x00, 0x00, 0x00, 0x00, 0x00, 0x00, 0x00, 0x00, 
	0x00, 0x00, 0x00, 0x00, 0x00, 0x00, 0x00, 0x02, 
	0x45, 0x11, 0x2b, 0x27, 0x00, 0x01, 0x00, 0x00, 
	0x00, 0x00, 0x00, 0x00, 0x00, 0x00, 0x00, 0x00, 
	0x00, 0x00, 0x00, 0x00, 0x00, 0x00, 0x00, 0x00, 
	0x00, 0x00, 0x00, 0x00, 0x00, 0x00, 0x00, 0x00, 
	0x46, 0x1b, 0x47, 0x16, 0x00, 0x00, 0x00, 0x00, 
	0x00, 0x00, 0x00, 0x00, 0x00, 0x00, 0x00, 0x00, 
	0x00, 0x00, 0x00, 0x00, 0x00, 0x00, 0x00, 0x00, 
	0x00, 0x00, 0x00, 0x00, 0x00, 0x00, 0x00, 0x00, 
	0x00, 0x00, 0x13, 0x1e, 0x00, 0x00, 0x00, 0x00, 
	0x00, 0x00, 0x00, 0x00, 0x00, 0x00, 0x00, 0x00, 
	0x00, 0x00, 0x00, 0x00, 0x00, 0x00, 0x00, 0x00, 
	0x00, 0x00, 0x00, 0x00, 0x00, 0x00, 0x00, 0x00, 
	0x00, 0x00, 0x00, 0x00, 0x00, 0x00, 0x00, 0x00, 
	0x00, 0x00, 0x00, 0x00, 0x00, 0x00, 0x00, 0x00, 
	0x00, 0x00, 0x00, 0x00, 0x00, 0x00, 0x00, 0x00, 
	0x00, 0x00, 0x00, 0x00, 0x00, 0x00, 0x00, 0x00, 
	0x00, 0x00, 0x00, 0x00, 0x00, 0x00, 0x00, 0x00, 
	0x00, 0x00, 0x00, 0x00, 0x00, 0x00, 0x00, 0x00, 
	0x00, 0x00, 0x00, 0x00, 0x00, 0x00, 0x00, 0x00, 
	0x00, 0x00, 0x00, 0x00, 0x00, 0x00, 0x00, 0x00, 
	0x00, 0x00, 0x00, 0x00, 0x00, 0x00, 0x00, 0x00, 
	0x00, 0x00, 0x00, 0x00, 0x00, 0x00, 0x00, 0x00, 
	0x00, 0x00, 0x00, 0x00, 0x00, 0x00, 0x00, 0x00, 
	0x00, 0x00, 0x00, 0x00, 0x00, 0x00, 0x00, 0x00, 
	0x00, 0x00, 0x00, 0x00, 0x00, 0x00, 0x00, 0x00, 
	
};

Texture ingredients_chopped_lettuce_pal_rgba16[] = {
	0x00, 0x00, 0x8e, 0x19, 0x8e, 0x17, 0x8e, 0x57, 
	0xae, 0x9d, 0xae, 0x9f, 0x96, 0x17, 0x75, 0xd3, 
	0x85, 0xd5, 0x9e, 0x59, 0x9e, 0x57, 0xbe, 0xdf, 
	0xb6, 0x9d, 0x96, 0x57, 0x8d, 0xd7, 0x8d, 0xd9, 
	0x7d, 0xd5, 0x9e, 0x99, 0x85, 0xd9, 0x7e, 0x15, 
	0xb6, 0x9b, 0xbe, 0xdd, 0xa6, 0x97, 0xa6, 0x5b, 
	0x95, 0xd9, 0x85, 0xd7, 0xa6, 0xdb, 0x96, 0x59, 
	0x8e, 0x15, 0xae, 0xd9, 0xa6, 0x99, 0x96, 0x97, 
	0xae, 0xdb, 0xa6, 0x57, 0xc6, 0xdd, 0xae, 0x99, 
	0xae, 0x9b, 0x8e, 0x59, 0x86, 0x15, 0x9e, 0x97, 
	0x96, 0x5b, 0x86, 0x19, 0xc6, 0xdf, 0x8e, 0x55, 
	0x86, 0x17, 0xb6, 0xdf, 0x75, 0xd5, 0xc6, 0xe3, 
	0x95, 0xd7, 0x86, 0x55, 0xb6, 0xdd, 0xce, 0xe3, 
	0xa6, 0x59, 0x75, 0xd7, 0x7e, 0x13, 0x86, 0x57, 
	0x86, 0x53, 0xb6, 0xdb, 0x96, 0x95, 0x7d, 0xd3, 
	0x7d, 0xd7, 0x7e, 0x53, 0xb6, 0x9f, 0x6d, 0xd3, 
	0x8e, 0x93, 0x9e, 0xd9, 0x8e, 0x97, 0x96, 0x19, 
	0x96, 0x1b, 0xa6, 0xd9, 0x9e, 0x5b, 0x7e, 0x55, 
	0x75, 0x93, 0x7e, 0x17, 
};

Texture ingredients_unchopped_tomato_rgba16[] = {
	0x89, 0xc6, 0x89, 0xc6, 0x92, 0x08, 0x92, 0x08, 
	0x9a, 0x08, 0x9a, 0x08, 0x8a, 0x8a, 0x8a, 0x8a, 
	0x8a, 0x8a, 0x8a, 0x8a, 0x69, 0x80, 0x69, 0x80, 
	0x69, 0x80, 0x69, 0x80, 0x8a, 0x4a, 0x92, 0x4a, 
	0x8a, 0x4a, 0x82, 0x8a, 0x6a, 0x8c, 0x61, 0xc0, 
	0x61, 0xc0, 0xaa, 0x08, 0x9a, 0x08, 0x52, 0x08, 
	0x52, 0x08, 0x91, 0xc6, 0x91, 0xc6, 0x72, 0x08, 
	0x72, 0x08, 0x81, 0x86, 0x72, 0xc6, 0x72, 0xc6, 
	0x91, 0xc8, 0x89, 0xc6, 0x89, 0xc6, 0x92, 0x08, 
	0x92, 0x08, 0x9a, 0x08, 0x9a, 0x08, 0x8a, 0x8a, 
	0x8a, 0x8a, 0x8a, 0x8a, 0x8a, 0x8a, 0x69, 0x80, 
	0x69, 0x81, 0x8a, 0x4b, 0x92, 0x4b, 0x8a, 0x4b, 
	0x82, 0x8b, 0x6a, 0x8d, 0x61, 0xc0, 0x61, 0xc0, 
	0xaa, 0x08, 0x9a, 0x08, 0x52, 0x08, 0x52, 0x08, 
	0x91, 0xc6, 0x91, 0xc6, 0x72, 0x08, 0x72, 0x08, 
	0x81, 0x86, 0x72, 0xc6, 0x72, 0xc6, 0x49, 0x80, 
	0x91, 0xc8, 0x91, 0xc8, 0x89, 0xc6, 0x89, 0xc6, 
	0x92, 0x08, 0x92, 0x08, 0x9a, 0x08, 0x9a, 0x08, 
	0x8a, 0x8a, 0x8a, 0x8b, 0xb2, 0x89, 0xb2, 0x49, 
	0xb2, 0x49, 0xba, 0x49, 0xba, 0x49, 0xba, 0x49, 
	0xb2, 0x09, 0xb2, 0x49, 0xaa, 0x09, 0xaa, 0x09, 
	0x9a, 0x09, 0x52, 0x09, 0x52, 0x08, 0x91, 0xc6, 
	0x91, 0xc6, 0x72, 0x08, 0x72, 0x08, 0x81, 0x86, 
	0x72, 0xc6, 0x72, 0xc6, 0x49, 0x80, 0x49, 0x80, 
	0x79, 0x40, 0x91, 0xc8, 0x91, 0xc8, 0x89, 0xc6, 
	0x89, 0xc6, 0x92, 0x08, 0x92, 0x08, 0x9a, 0x08, 
	0x9a, 0x09, 0xb2, 0x49, 0xc2, 0x49, 0xc2, 0x8b, 
	0xca, 0x8b, 0xca, 0xcb, 0xca, 0xcb, 0xca, 0x8d, 
	0xc2, 0x4b, 0xc2, 0x4b, 0xc2, 0x8b, 0xb2, 0x09, 
	0xb2, 0x09, 0xa1, 0xc9, 0x91, 0xc7, 0x91, 0xc6, 
	0x72, 0x08, 0x72, 0x08, 0x81, 0x86, 0x72, 0xc6, 
	0x72, 0xc6, 0x49, 0x80, 0x49, 0x80, 0x49, 0x80, 
	0x79, 0x40, 0x79, 0x40, 0x91, 0xc8, 0x91, 0xc8, 
	0x89, 0xc6, 0x89, 0xc6, 0x92, 0x08, 0x92, 0x09, 
	0xaa, 0x09, 0xba, 0x49, 0xca, 0x89, 0xd3, 0x0d, 
	0xd3, 0x0b, 0xd3, 0x0d, 0xd3, 0x4f, 0xd3, 0x4f, 
	0xd3, 0x51, 0xdb, 0x51, 0xca, 0xcd, 0xca, 0x8b, 
	0xc2, 0x49, 0xb2, 0x09, 0xa9, 0xc9, 0x72, 0x09, 
	0x72, 0x08, 0x81, 0x86, 0x72, 0xc6, 0x72, 0xc6, 
	0x49, 0x80, 0x49, 0x80, 0x49, 0x80, 0x81, 0x86, 
	0x8a, 0x08, 0x79, 0x40, 0x79, 0x40, 0x91, 0xc8, 
	0x91, 0xc8, 0x89, 0xc6, 0x89, 0xc7, 0x99, 0xc7, 
	0xb2, 0x49, 0xc2, 0x89, 0xd2, 0xcb, 0xd2, 0xcb, 
	0xdb, 0x0b, 0xd3, 0x4d, 0xdb, 0x4f, 0xe4, 0x55, 
	0xed, 0x1d, 0xe4, 0x99, 0xdb, 0x91, 0xd3, 0x0d, 
	0xca, 0x8b, 0xba, 0x49, 0xb2, 0x09, 0x91, 0x87, 
	0x81, 0x87, 0x72, 0xc7, 0x72, 0xc6, 0x49, 0x80, 
	0x49, 0x80, 0x49, 0x80, 0x81, 0x86, 0x61, 0x00, 
	0x8a, 0x08, 0x8a, 0x08, 0x79, 0x40, 0x79, 0x40, 
	0x91, 0xc8, 0x91, 0xc9, 0x91, 0x87, 0xa2, 0x07, 
	0xc2, 0x49, 0xca, 0xcb, 0xd3, 0x0d, 0xd3, 0x0d, 
	0xd2, 0xcd, 0xd3, 0x0d, 0xdb, 0xd3, 0xed, 0xa1, 
	0xed, 0xe5, 0xed, 0x5f, 0xe4, 0x55, 0xd3, 0x0f, 
	0xca, 0x8b, 0xc2, 0x4b, 0xba, 0x09, 0xa1, 0x87, 
	0x91, 0x87, 0x81, 0x87, 0x49, 0x81, 0x49, 0x80, 
	0x49, 0x80, 0x81, 0x86, 0x61, 0x00, 0x61, 0x00, 
	0x8a, 0x08, 0x8a, 0x08, 0x8a, 0x08, 0x79, 0x40, 
	0x79, 0x41, 0x91, 0x87, 0x99, 0xc7, 0xb2, 0x07, 
	0xc2, 0x89, 0xd3, 0x4f, 0xe4, 0x55, 0xd3, 0x4d, 
	0xd2, 0xcb, 0xca, 0x8b, 0xca, 0x8b, 0xd3, 0x0d, 
	0xd3, 0x4f, 0xd3, 0x0f, 0xd3, 0x0d, 0xca, 0x8b, 
	0xc2, 0x49, 0xc2, 0x49, 0xb2, 0x07, 0xa9, 0xc7, 
	0xa1, 0xc7, 0x91, 0x87, 0x79, 0x87, 0x49, 0x80, 
	0x81, 0x86, 0x61, 0x00, 0x61, 0x00, 0x61, 0x00, 
	0x69, 0x40, 0x8a, 0x08, 0x8a, 0x08, 0x8a, 0x09, 
	0x89, 0x87, 0x99, 0xc7, 0xa1, 0xc7, 0xa1, 0xc7, 
	0xaa, 0x07, 0xb2, 0x49, 0xc2, 0x8b, 0xc2, 0x4b, 
	0xb9, 0xc7, 0xb1, 0x87, 0xb1, 0xc7, 0xa9, 0x87, 
	0xa9, 0x87, 0xa9, 0x87, 0xa9, 0x87, 0xa9, 0x87, 
	0xa9, 0x87, 0xa1, 0x87, 0xa1, 0x87, 0xa1, 0xc7, 
	0x99, 0xc7, 0x91, 0x85, 0x91, 0x87, 0x81, 0x87, 
	0x61, 0x01, 0x61, 0x00, 0x61, 0x00, 0x61, 0x40, 
	0x69, 0x40, 0x69, 0x40, 0x8a, 0x08, 0x81, 0x87, 
	0x89, 0x85, 0x91, 0x85, 0x99, 0x85, 0x99, 0x87, 
	0xa1, 0xc7, 0xa1, 0xc7, 0xa1, 0x87, 0xb1, 0xc7, 
	0xb1, 0xc7, 0xa9, 0x87, 0xa1, 0x87, 0xa1, 0x87, 
	0xa1, 0x47, 0xa1, 0x47, 0x99, 0x45, 0x99, 0x45, 
	0x99, 0x47, 0x99, 0x47, 0x99, 0x87, 0x99, 0xc7, 
	0x99, 0x87, 0x91, 0x85, 0x89, 0x85, 0x81, 0x85, 
	0x79, 0xc7, 0x61, 0x00, 0x61, 0x40, 0x61, 0x40, 
	0x69, 0x40, 0x69, 0x40, 0x69, 0x41, 0x79, 0x85, 
	0x89, 0x45, 0x89, 0x45, 0x91, 0x45, 0x91, 0x45, 
	0xa1, 0x87, 0x99, 0x87, 0x91, 0x45, 0xa1, 0x87, 
	0xa9, 0x87, 0xa9, 0x87, 0xa1, 0x87, 0x99, 0x47, 
	0x99, 0x45, 0x99, 0x45, 0x91, 0x45, 0x91, 0x45, 
	0x91, 0x45, 0x99, 0x45, 0x99, 0x87, 0x99, 0x87, 
	0x91, 0x87, 0x89, 0x45, 0x89, 0x45, 0x81, 0x45, 
	0x71, 0x85, 0x61, 0x41, 0x61, 0x40, 0x61, 0x40, 
	0x69, 0x40, 0x69, 0x40, 0x81, 0xc7, 0x79, 0x45, 
	0x89, 0x45, 0x89, 0x45, 0x89, 0x05, 0x81, 0x05, 
	0x91, 0x45, 0x91, 0x45, 0x89, 0x45, 0x99, 0x85, 
	0xa9, 0xc7, 0xb2, 0x49, 0xaa, 0x07, 0xa1, 0xc7, 
	0xa1, 0x87, 0x99, 0x87, 0x91, 0x45, 0x91, 0x45, 
	0x91, 0x45, 0x99, 0x87, 0xa1, 0xc7, 0x91, 0x87, 
	0x91, 0x45, 0x81, 0x45, 0x79, 0x05, 0x81, 0x45, 
	0x79, 0x45, 0x69, 0xc7, 0x61, 0x40, 0x61, 0x40, 
	0x69, 0x40, 0x81, 0xc6, 0x79, 0x87, 0x79, 0x45, 
	0x81, 0x45, 0x81, 0x45, 0x89, 0x45, 0x81, 0x05, 
	0x89, 0x05, 0x89, 0x05, 0x81, 0x05, 0x99, 0x85, 
	0xaa, 0x07, 0xc3, 0x8b, 0xc3, 0xcf, 0xbb, 0x8d, 
	0xc3, 0x4f, 0xc3, 0x0d, 0xb2, 0x49, 0x91, 0x85, 
	0x91, 0x45, 0x99, 0x87, 0x91, 0x47, 0x89, 0x45, 
	0x89, 0x45, 0x81, 0x05, 0x79, 0x05, 0x79, 0x05, 
	0x71, 0x45, 0x69, 0x87, 0x69, 0xc6, 0x61, 0x40, 
	0x81, 0xc6, 0x79, 0x86, 0x71, 0x87, 0x79, 0x45, 
	0x81, 0x45, 0x81, 0x45, 0x81, 0x45, 0x79, 0x05, 
	0x89, 0x45, 0x89, 0x45, 0x91, 0x85, 0x99, 0xc5, 
	0x9a, 0x89, 0xa4, 0x11, 0xa3, 0xcf, 0xc5, 0x57, 
	0xc4, 0x95, 0xd4, 0x93, 0xba, 0xcb, 0x99, 0xc7, 
	0x91, 0x85, 0x89, 0x45, 0x81, 0x05, 0x81, 0x05, 
	0x81, 0x05, 0x81, 0x05, 0x79, 0x05, 0x71, 0x05, 
	0x71, 0x05, 0x69, 0x45, 0x69, 0x86, 0x59, 0x00, 
	0x61, 0x40, 0x71, 0x86, 0x71, 0x45, 0x79, 0x45, 
	0x79, 0x45, 0x81, 0x45, 0x81, 0x45, 0x81, 0x45, 
	0x89, 0x45, 0x99, 0x85, 0xa1, 0xc7, 0xa2, 0x87, 
	0x9b, 0x8f, 0x7b, 0x0d, 0x8b, 0xcf, 0xbd, 0x59, 
	0x8b, 0x0b, 0x82, 0xc9, 0xa2, 0x87, 0x99, 0xc7, 
	0x91, 0x45, 0x89, 0x05, 0x70, 0xc5, 0x81, 0x05, 
	0x81, 0x05, 0x79, 0x05, 0x79, 0x05, 0x71, 0x05, 
	0x71, 0x05, 0x69, 0x45, 0x59, 0x01, 0x59, 0x00, 
	0x61, 0x40, 0x61, 0x41, 0x71, 0x45, 0x71, 0x05, 
	0x81, 0x45, 0x81, 0x45, 0x81, 0x05, 0x81, 0x05, 
	0x91, 0x45, 0x99, 0x85, 0x9a, 0x05, 0x8a, 0xc9, 
	0x72, 0x49, 0x73, 0x0b, 0x62, 0xc9, 0x8c, 0x51, 
	0x6a, 0xcb, 0x59, 0xc5, 0x9a, 0x47, 0x99, 0x87, 
	0x91, 0x45, 0x81, 0x05, 0x78, 0xc5, 0x79, 0x05, 
	0x79, 0x05, 0x79, 0x05, 0x79, 0x05, 0x71, 0x05, 
	0x69, 0x05, 0x61, 0x05, 0x58, 0xc1, 0x59, 0x00, 
	0x61, 0x40, 0x61, 0x01, 0x69, 0x05, 0x71, 0x05, 
	0x79, 0x45, 0x79, 0x05, 0x81, 0x05, 0x81, 0x05, 
	0x89, 0x05, 0x99, 0xc5, 0xa2, 0x07, 0xa3, 0xcf, 
	0x6a, 0x49, 0x83, 0x8d, 0xbd, 0x97, 0x83, 0xcb, 
	0x7b, 0x4d, 0x6a, 0x09, 0x92, 0x05, 0x99, 0xc7, 
	0x89, 0x45, 0x89, 0x05, 0x81, 0x05, 0x81, 0x05, 
	0x79, 0x05, 0x79, 0x05, 0x71, 0x05, 0x71, 0x05, 
	0x69, 0x05, 0x69, 0x05, 0x58, 0xc1, 0x58, 0xc0, 
	0x61, 0x00, 0x79, 0xc1, 0x71, 0x45, 0x79, 0x05, 
	0x79, 0x45, 0x79, 0x05, 0x79, 0x05, 0x81, 0x05, 
	0x89, 0x45, 0x99, 0x87, 0xa2, 0x07, 0xa3, 0x8d, 
	0x8b, 0x4d, 0x9c, 0x93, 0x94, 0x4f, 0x62, 0xc9, 
	0x5a, 0x47, 0x7a, 0xc9, 0x9a, 0x07, 0xa1, 0xc7, 
	0x99, 0x85, 0x89, 0x45, 0x78, 0xc5, 0x79, 0x05, 
	0x81, 0x05, 0x79, 0x05, 0x79, 0x05, 0x71, 0x05, 
	0x69, 0x05, 0x61, 0x05, 0x51, 0x41, 0x58, 0xc0, 
	0x79, 0xc0, 0x82, 0xc9, 0x79, 0x87, 0x79, 0x05, 
	0x79, 0x05, 0x79, 0x05, 0x79, 0x05, 0x81, 0x03, 
	0x91, 0x45, 0x99, 0x87, 0xaa, 0x07, 0xab, 0x49, 
	0x72, 0x89, 0x8b, 0x8d, 0xb5, 0x15, 0x7b, 0x4b, 
	0x8b, 0x4d, 0x7a, 0x89, 0xaa, 0xc9, 0xaa, 0x47, 
	0x99, 0x87, 0x91, 0x45, 0x81, 0x05, 0x78, 0xc5, 
	0x81, 0x05, 0x79, 0x05, 0x79, 0x05, 0x71, 0x05, 
	0x69, 0x05, 0x61, 0x05, 0x61, 0x04, 0x51, 0x40, 
	0x82, 0xc8, 0x82, 0xc8, 0x79, 0xc7, 0x79, 0x45, 
	0x79, 0x45, 0x81, 0x05, 0x79, 0x05, 0x79, 0x05, 
	0x99, 0x85, 0xa9, 0xc7, 0xb2, 0x07, 0xb2, 0x89, 
	0xb3, 0x4b, 0xc5, 0x17, 0xbd, 0x17, 0xd5, 0x9b, 
	0x93, 0x0b, 0xab, 0x0b, 0xbb, 0x09, 0xa2, 0x07, 
	0xa1, 0xc7, 0xa1, 0xc7, 0x99, 0x87, 0x89, 0x05, 
	0x81, 0x05, 0x79, 0x05, 0x79, 0x05, 0x71, 0x05, 
	0x69, 0x05, 0x69, 0x45, 0x61, 0x04, 0x61, 0x04, 
	0x82, 0xc8, 0x79, 0xc6, 0x8a, 0x09, 0x79, 0x45, 
	0x79, 0x45, 0x81, 0x45, 0x89, 0x45, 0x91, 0x45, 
	0xa1, 0xc7, 0xaa, 0x09, 0xa1, 0x87, 0xa9, 0xc7, 
	0xba, 0xcb, 0xc3, 0x8d, 0xbb, 0xcd, 0xc4, 0x91, 
	0xc3, 0x8d, 0xba, 0xcb, 0xb2, 0x49, 0xa1, 0xc7, 
	0x99, 0x47, 0x99, 0x87, 0xa1, 0xc7, 0x91, 0x47, 
	0x89, 0x45, 0x81, 0x45, 0x81, 0x45, 0x79, 0x05, 
	0x71, 0x45, 0x69, 0x87, 0x69, 0x44, 0x61, 0x04, 
	0x79, 0xc6, 0x8a, 0x08, 0x8a, 0x4b, 0x81, 0x87, 
	0x89, 0x85, 0x91, 0x85, 0x99, 0x87, 0xa9, 0xc7, 
	0xa9, 0xc9, 0xa1, 0x87, 0xa1, 0x87, 0xa1, 0xc7, 
	0xa9, 0xc7, 0xb2, 0x07, 0xc3, 0x09, 0xc3, 0x4b, 
	0xba, 0x89, 0xa1, 0xc7, 0xa1, 0xc7, 0xa1, 0x87, 
	0x99, 0x45, 0x91, 0x45, 0x91, 0x47, 0x91, 0x85, 
	0x91, 0x85, 0x89, 0x45, 0x81, 0x45, 0x79, 0x45, 
	0x71, 0x45, 0x6a, 0x09, 0x69, 0x86, 0x69, 0x44, 
	0x8a, 0x08, 0x8a, 0x4a, 0x81, 0x41, 0x89, 0x87, 
	0x89, 0x87, 0x91, 0x85, 0x99, 0x87, 0xa1, 0xc7, 
	0xa1, 0x87, 0x99, 0x87, 0xa9, 0x87, 0xa9, 0x87, 
	0xa9, 0xc7, 0xa9, 0xc7, 0xb2, 0x07, 0xb2, 0x07, 
	0xa9, 0xc7, 0xa1, 0x87, 0x99, 0x45, 0xa1, 0x87, 
	0xa1, 0x47, 0x99, 0x45, 0x91, 0x45, 0x91, 0x87, 
	0x91, 0x85, 0x89, 0x45, 0x81, 0x45, 0x79, 0x45, 
	0x71, 0x47, 0x71, 0x44, 0x6a, 0x08, 0x69, 0x86, 
	0x8a, 0x4a, 0x81, 0x40, 0x81, 0x40, 0x81, 0x41, 
	0x9a, 0x09, 0x99, 0xc7, 0x99, 0xc7, 0x99, 0x87, 
	0xa9, 0xc7, 0xb1, 0xc9, 0xb1, 0xc7, 0xb1, 0xc7, 
	0xb1, 0xc9, 0xba, 0x09, 0xc2, 0x09, 0xb9, 0xc9, 
	0xb9, 0xc9, 0xb1, 0xc9, 0xb1, 0xc7, 0xa9, 0x87, 
	0xa9, 0x87, 0xa9, 0xc7, 0xb1, 0xc7, 0xaa, 0x07, 
	0xaa, 0x89, 0x99, 0xc7, 0x89, 0x45, 0x81, 0x87, 
	0x79, 0x44, 0x71, 0x46, 0x71, 0x44, 0x6a, 0x08, 
	0x81, 0x40, 0x81, 0x40, 0x81, 0x40, 0x81, 0x40, 
	0x92, 0x4b, 0xa2, 0x09, 0xa1, 0xc7, 0xa1, 0xc7, 
	0xb2, 0x09, 0xb2, 0x09, 0xba, 0x49, 0xc2, 0x4b, 
	0xc2, 0x8d, 0xca, 0xcf, 0xca, 0x8d, 0xd2, 0x8d, 
	0xca, 0x8d, 0xca, 0xcd, 0xca, 0xcf, 0xca, 0xcf, 
	0xcb, 0x11, 0xba, 0x0b, 0xb1, 0xc9, 0xaa, 0x09, 
	0xaa, 0x09, 0x91, 0x87, 0x89, 0x85, 0x7a, 0x49, 
	0x81, 0x86, 0x79, 0x44, 0x71, 0x46, 0x71, 0x44, 
	0x81, 0x40, 0x81, 0x40, 0x81, 0x40, 0x92, 0x4a, 
	0x92, 0x4a, 0xa2, 0x4b, 0xa2, 0x09, 0xaa, 0x07, 
	0xb2, 0x09, 0xba, 0x49, 0xc2, 0x8b, 0xca, 0xcd, 
	0xdb, 0xd5, 0xed, 0x5f, 0xed, 0x1d, 0xec, 0xdd, 
	0xe4, 0x9b, 0xed, 0xa3, 0xee, 0x27, 0xe4, 0x9b, 
	0xd3, 0x53, 0xc2, 0x8d, 0xb2, 0x09, 0xaa, 0x07, 
	0xa1, 0xc7, 0x99, 0x87, 0x81, 0xc7, 0x89, 0x84, 
	0x7a, 0x48, 0x81, 0x86, 0x79, 0x44, 0x71, 0x46, 
	0x81, 0x40, 0x81, 0x40, 0x92, 0x4a, 0x92, 0x4a, 
	0xa2, 0x4a, 0xa2, 0x4a, 0xa2, 0x49, 0xaa, 0x49, 
	0xb2, 0x09, 0xba, 0x49, 0xc2, 0x8b, 0xba, 0x4b, 
	0xc2, 0x8b, 0xd3, 0x91, 0xdc, 0x15, 0xe4, 0x59, 
	0xdb, 0xd5, 0xdc, 0x17, 0xdc, 0x57, 0xcb, 0x51, 
	0xc2, 0x8d, 0xba, 0x09, 0xb2, 0x09, 0xa9, 0xc7, 
	0xa1, 0xc7, 0x9a, 0x09, 0x99, 0x86, 0x81, 0xc6, 
	0x89, 0x84, 0x7a, 0x48, 0x81, 0x86, 0x79, 0x44, 
	0x81, 0x40, 0x92, 0x4a, 0x92, 0x4a, 0xa2, 0x4a, 
	0xa2, 0x4a, 0xa2, 0x48, 0xa2, 0x48, 0xa2, 0x8b, 
	0xb2, 0x09, 0xb2, 0x09, 0xba, 0x09, 0xba, 0x4b, 
	0xba, 0x49, 0xc2, 0x49, 0xca, 0x8b, 0xca, 0x8d, 
	0xca, 0x8d, 0xca, 0x8b, 0xca, 0x8d, 0xca, 0x8b, 
	0xba, 0x4b, 0xba, 0x49, 0xb2, 0x09, 0xa2, 0x07, 
	0x9a, 0x4b, 0xa1, 0xc6, 0x9a, 0x08, 0x99, 0x86, 
	0x81, 0xc6, 0x89, 0x84, 0x7a, 0x48, 0x81, 0x86, 
	0x92, 0x4a, 0x92, 0x4a, 0xa2, 0x4a, 0xa2, 0x4a, 
	0xa2, 0x48, 0xa2, 0x48, 0xa2, 0x8a, 0xa2, 0x8a, 
	0xaa, 0x09, 0xa9, 0xc7, 0xa9, 0xc7, 0xa9, 0xc7, 
	0xb2, 0x09, 0xb2, 0x07, 0xba, 0x09, 0xba, 0x09, 
	0xc2, 0x09, 0xba, 0x49, 0xc2, 0x4b, 0xba, 0x49, 
	0xb2, 0x09, 0xb2, 0x09, 0xaa, 0x09, 0x61, 0x01, 
	0xa2, 0x06, 0x9a, 0x4a, 0xa1, 0xc6, 0x9a, 0x08, 
	0x99, 0x86, 0x81, 0xc6, 0x89, 0x84, 0x7a, 0x48, 
	0x92, 0x4a, 0xa2, 0x4a, 0xa2, 0x4a, 0xa2, 0x48, 
	0xa2, 0x48, 0xa2, 0x8a, 0xa2, 0x8a, 0xaa, 0x08, 
	0xaa, 0x08, 0x71, 0x41, 0xa2, 0x09, 0xa1, 0xc9, 
	0xa1, 0xc7, 0xa9, 0xc7, 0xb1, 0xc7, 0xb1, 0xc9, 
	0xb1, 0xc9, 0xa9, 0xc7, 0xa9, 0xc7, 0xa9, 0xc9, 
	0x99, 0xc7, 0xa2, 0x07, 0xb2, 0x08, 0xaa, 0x08, 
	0x61, 0x00, 0xa2, 0x06, 0x9a, 0x4a, 0xa1, 0xc6, 
	0x9a, 0x08, 0x99, 0x86, 0x81, 0xc6, 0x89, 0x84, 
	0xa2, 0x4a, 0xa2, 0x4a, 0xa2, 0x48, 0xa2, 0x48, 
	0xa2, 0x8a, 0xa2, 0x8a, 0xaa, 0x08, 0xaa, 0x08, 
	0x71, 0x40, 0x71, 0x40, 0x71, 0x40, 0xa2, 0x08, 
	0xa1, 0xc8, 0x92, 0x4b, 0x9a, 0x0b, 0xa2, 0x09, 
	0x9a, 0x09, 0x92, 0x0b, 0x71, 0x01, 0xa9, 0xc6, 
	0xa9, 0xc8, 0x99, 0xc6, 0xa2, 0x06, 0xb2, 0x08, 
	0xaa, 0x08, 0x61, 0x00, 0xa2, 0x06, 0x9a, 0x4a, 
	0xa1, 0xc6, 0x9a, 0x08, 0x99, 0x86, 0x81, 0xc6, 
	0xa2, 0x4a, 0xa2, 0x48, 0xa2, 0x48, 0xa2, 0x8a, 
	0xa2, 0x8a, 0xaa, 0x08, 0xaa, 0x08, 0x71, 0x40, 
	0x71, 0x40, 0x71, 0x40, 0x71, 0x40, 0x71, 0x40, 
	0x92, 0x4a, 0x92, 0x4a, 0x92, 0x4a, 0x9a, 0x0a, 
	0xa2, 0x08, 0x9a, 0x08, 0x92, 0x0a, 0x71, 0x00, 
	0xa9, 0xc6, 0xa9, 0xc8, 0x99, 0xc6, 0xa2, 0x06, 
	0xb2, 0x08, 0xaa, 0x08, 0x61, 0x00, 0xa2, 0x06, 
	0x9a, 0x4a, 0xa1, 0xc6, 0x9a, 0x08, 0x99, 0x86, 
	
};

Texture ingredients_chopped_tomato_ci8[] = {
	0x00, 0x00, 0x00, 0x00, 0x00, 0x00, 0x00, 0x00, 
	0x00, 0x00, 0x00, 0x00, 0x00, 0x00, 0x00, 0x00, 
	0x00, 0x00, 0x00, 0x00, 0x00, 0x00, 0x00, 0x00, 
	0x00, 0x00, 0x00, 0x00, 0x00, 0x00, 0x00, 0x00, 
	0x00, 0x00, 0x00, 0x00, 0x00, 0x00, 0x00, 0x00, 
	0x00, 0x00, 0x00, 0x00, 0x00, 0x00, 0x00, 0x00, 
	0x00, 0x00, 0x00, 0x00, 0x00, 0x00, 0x00, 0x00, 
	0x00, 0x00, 0x00, 0x00, 0x00, 0x00, 0x00, 0x00, 
	0x00, 0x00, 0x00, 0x00, 0x00, 0x00, 0x00, 0x00, 
	0x00, 0x00, 0x00, 0x01, 0x02, 0x03, 0x04, 0x05, 
	0x06, 0x07, 0x08, 0x09, 0x0a, 0x00, 0x00, 0x00, 
	0x00, 0x00, 0x00, 0x00, 0x00, 0x00, 0x00, 0x00, 
	0x00, 0x00, 0x00, 0x00, 0x00, 0x00, 0x00, 0x00, 
	0x00, 0x0b, 0x05, 0x0c, 0x06, 0x05, 0x0d, 0x0d, 
	0x0e, 0x0d, 0x0f, 0x10, 0x11, 0x12, 0x13, 0x00, 
	0x00, 0x00, 0x00, 0x00, 0x00, 0x00, 0x00, 0x00, 
	0x00, 0x00, 0x00, 0x00, 0x00, 0x00, 0x00, 0x0f, 
	0x05, 0x05, 0x05, 0x0e, 0x0c, 0x14, 0x15, 0x16, 
	0x0f, 0x17, 0x11, 0x11, 0x05, 0x0c, 0x18, 0x13, 
	0x08, 0x00, 0x00, 0x00, 0x00, 0x00, 0x00, 0x00, 
	0x00, 0x00, 0x00, 0x00, 0x00, 0x00, 0x0d, 0x19, 
	0x05, 0x0d, 0x1a, 0x0c, 0x1b, 0x1c, 0x1d, 0x1e, 
	0x1f, 0x20, 0x21, 0x22, 0x06, 0x0d, 0x0d, 0x0d, 
	0x06, 0x08, 0x00, 0x00, 0x00, 0x00, 0x00, 0x00, 
	0x00, 0x00, 0x00, 0x00, 0x00, 0x0e, 0x23, 0x24, 
	0x25, 0x0e, 0x26, 0x09, 0x27, 0x1c, 0x28, 0x1c, 
	0x06, 0x01, 0x29, 0x2a, 0x10, 0x0e, 0x0d, 0x06, 
	0x08, 0x25, 0x09, 0x00, 0x00, 0x00, 0x00, 0x00, 
	0x00, 0x00, 0x00, 0x00, 0x08, 0x0c, 0x2b, 0x2c, 
	0x17, 0x2d, 0x2e, 0x2f, 0x30, 0x31, 0x28, 0x32, 
	0x33, 0x34, 0x35, 0x2f, 0x36, 0x37, 0x38, 0x39, 
	0x38, 0x0e, 0x07, 0x3a, 0x00, 0x00, 0x00, 0x00, 
	0x00, 0x00, 0x00, 0x00, 0x0e, 0x3b, 0x24, 0x3c, 
	0x3d, 0x3e, 0x15, 0x3f, 0x34, 0x40, 0x41, 0x42, 
	0x2e, 0x43, 0x44, 0x18, 0x20, 0x45, 0x46, 0x15, 
	0x0e, 0x0e, 0x0f, 0x0f, 0x00, 0x00, 0x00, 0x00, 
	0x00, 0x00, 0x00, 0x07, 0x05, 0x47, 0x48, 0x2c, 
	0x49, 0x18, 0x4a, 0x4b, 0x4c, 0x0a, 0x41, 0x4d, 
	0x4e, 0x4f, 0x50, 0x51, 0x52, 0x46, 0x53, 0x54, 
	0x55, 0x56, 0x0d, 0x57, 0x07, 0x00, 0x00, 0x00, 
	0x00, 0x00, 0x00, 0x06, 0x3b, 0x47, 0x58, 0x10, 
	0x20, 0x59, 0x5a, 0x4f, 0x5b, 0x5c, 0x38, 0x5d, 
	0x5d, 0x5e, 0x5f, 0x09, 0x09, 0x60, 0x1e, 0x61, 
	0x61, 0x14, 0x11, 0x05, 0x0b, 0x00, 0x00, 0x00, 
	0x00, 0x00, 0x0d, 0x1a, 0x19, 0x05, 0x37, 0x62, 
	0x2f, 0x63, 0x64, 0x65, 0x66, 0x67, 0x64, 0x68, 
	0x5b, 0x4c, 0x69, 0x2e, 0x53, 0x1e, 0x53, 0x14, 
	0x38, 0x6a, 0x0f, 0x11, 0x0d, 0x08, 0x00, 0x00, 
	0x00, 0x00, 0x38, 0x0e, 0x19, 0x19, 0x6b, 0x11, 
	0x09, 0x2e, 0x4a, 0x6c, 0x6d, 0x6e, 0x6f, 0x70, 
	0x5e, 0x71, 0x01, 0x72, 0x1c, 0x1c, 0x40, 0x0a, 
	0x73, 0x74, 0x75, 0x0f, 0x11, 0x0d, 0x00, 0x00, 
	0x00, 0x00, 0x0d, 0x0e, 0x2c, 0x76, 0x77, 0x78, 
	0x32, 0x79, 0x0f, 0x09, 0x7a, 0x1c, 0x5d, 0x5e, 
	0x7b, 0x72, 0x7c, 0x7d, 0x42, 0x7e, 0x7f, 0x80, 
	0x81, 0x6a, 0x2a, 0x26, 0x25, 0x13, 0x00, 0x00, 
	0x00, 0x00, 0x06, 0x0c, 0x24, 0x82, 0x83, 0x54, 
	0x84, 0x85, 0x86, 0x87, 0x88, 0x89, 0x8a, 0x64, 
	0x64, 0x8b, 0x8a, 0x84, 0x8c, 0x0f, 0x8d, 0x50, 
	0x8e, 0x8f, 0x90, 0x2a, 0x2e, 0x40, 0x00, 0x00, 
	0x00, 0x00, 0x0d, 0x19, 0x6b, 0x91, 0x77, 0x54, 
	0x84, 0x85, 0x92, 0x93, 0x85, 0x4d, 0x94, 0x50, 
	0x84, 0x85, 0x42, 0x95, 0x50, 0x50, 0x96, 0x97, 
	0x22, 0x98, 0x6a, 0x45, 0x0f, 0x06, 0x00, 0x00, 
	0x00, 0x00, 0x06, 0x47, 0x19, 0x14, 0x91, 0x99, 
	0x9a, 0x87, 0x60, 0x87, 0x8c, 0x4d, 0x64, 0x4d, 
	0x85, 0x84, 0x9b, 0x65, 0x6d, 0x4f, 0x8d, 0x31, 
	0x9c, 0x15, 0x14, 0x19, 0x19, 0x06, 0x00, 0x00, 
	0x00, 0x00, 0x07, 0x05, 0x19, 0x2a, 0x24, 0x97, 
	0x01, 0x35, 0x9d, 0x02, 0x69, 0x9e, 0x9f, 0xa0, 
	0x4d, 0x8b, 0x4d, 0x5e, 0xa1, 0x8c, 0x1c, 0x63, 
	0x61, 0x82, 0x83, 0x24, 0x25, 0x20, 0x00, 0x00, 
	0x00, 0x00, 0x09, 0x48, 0x10, 0x2c, 0xa2, 0x30, 
	0xa3, 0x4e, 0xa4, 0xa5, 0xa1, 0x95, 0x50, 0x61, 
	0xa6, 0x9f, 0x5c, 0x1b, 0x4f, 0x7e, 0x18, 0xa7, 
	0xa8, 0x0c, 0xa9, 0x05, 0x0b, 0x01, 0x00, 0x00, 
	0x00, 0x00, 0xaa, 0xab, 0x21, 0x21, 0x75, 0x48, 
	0x38, 0xac, 0x4f, 0x5d, 0x65, 0x4f, 0x4d, 0x12, 
	0x69, 0x7d, 0x31, 0x20, 0xad, 0x4b, 0x3f, 0xae, 
	0xaf, 0x6a, 0x73, 0x18, 0x17, 0x09, 0x00, 0x00, 
	0x00, 0x00, 0x17, 0xb0, 0x37, 0x37, 0x75, 0xa2, 
	0x40, 0xb1, 0xb2, 0xb3, 0x50, 0x4d, 0x4b, 0x7f, 
	0x0f, 0x5c, 0x31, 0x20, 0x2e, 0x5f, 0xa7, 0xb4, 
	0xb5, 0xb6, 0xb7, 0x10, 0x17, 0x17, 0x00, 0x00, 
	0x00, 0x00, 0x00, 0x3b, 0xb8, 0x37, 0x75, 0x21, 
	0x22, 0x7f, 0xb9, 0x44, 0x4c, 0x4e, 0xb9, 0x18, 
	0xba, 0x1e, 0x41, 0x16, 0x51, 0x80, 0xa7, 0x2a, 
	0xbb, 0xbc, 0x37, 0x10, 0x0f, 0x00, 0x00, 0x00, 
	0x00, 0x00, 0x00, 0x0f, 0xbd, 0xbe, 0xbf, 0xbf, 
	0x2a, 0xc0, 0x38, 0x18, 0x4a, 0x7a, 0x79, 0x63, 
	0x97, 0x15, 0xc1, 0x15, 0x0f, 0x75, 0x37, 0x2a, 
	0xc2, 0xc3, 0x2a, 0x37, 0x10, 0x00, 0x00, 0x00, 
	0x00, 0x00, 0x00, 0x00, 0xa9, 0xc4, 0x37, 0xc3, 
	0x37, 0x6a, 0x07, 0x01, 0x04, 0x08, 0xc5, 0x11, 
	0x37, 0x24, 0x77, 0x23, 0x19, 0x10, 0xc6, 0xb7, 
	0xc3, 0x75, 0x26, 0x0f, 0x00, 0x00, 0x00, 0x00, 
	0x00, 0x00, 0x00, 0x00, 0x0f, 0xc7, 0xc8, 0x48, 
	0xba, 0x2a, 0x0f, 0x46, 0x39, 0x09, 0xc9, 0x45, 
	0xca, 0xba, 0xcb, 0x15, 0xcc, 0x62, 0xcd, 0x75, 
	0x26, 0xce, 0x21, 0x17, 0x00, 0x00, 0x00, 0x00, 
	0x00, 0x00, 0x00, 0x00, 0x00, 0x48, 0xcf, 0xd0, 
	0x57, 0x11, 0x3b, 0xd1, 0x0e, 0x26, 0x45, 0x2a, 
	0xd2, 0x26, 0x19, 0x14, 0xd3, 0x05, 0xd4, 0x26, 
	0xd5, 0x37, 0xd5, 0x00, 0x00, 0x00, 0x00, 0x00, 
	0x00, 0x00, 0x00, 0x00, 0x00, 0x00, 0x48, 0xd6, 
	0xd7, 0x24, 0x14, 0x14, 0x0f, 0x26, 0xbf, 0xc3, 
	0xbf, 0x75, 0x0e, 0x76, 0x6b, 0x05, 0x10, 0xab, 
	0xd8, 0xd5, 0x00, 0x00, 0x00, 0x00, 0x00, 0x00, 
	0x00, 0x00, 0x00, 0x00, 0x00, 0x00, 0x00, 0x47, 
	0x3b, 0x6b, 0x6b, 0x14, 0x05, 0x0f, 0x07, 0x26, 
	0x37, 0x0f, 0x11, 0x05, 0x2c, 0x2c, 0x26, 0x26, 
	0xd5, 0x00, 0x00, 0x00, 0x00, 0x00, 0x00, 0x00, 
	0x00, 0x00, 0x00, 0x00, 0x00, 0x00, 0x00, 0x00, 
	0x00, 0x26, 0x05, 0x59, 0x06, 0x0e, 0x06, 0x0d, 
	0x56, 0x0d, 0x0f, 0x17, 0x17, 0x05, 0x17, 0x00, 
	0x00, 0x00, 0x00, 0x00, 0x00, 0x00, 0x00, 0x00, 
	0x00, 0x00, 0x00, 0x00, 0x00, 0x00, 0x00, 0x00, 
	0x00, 0x00, 0x00, 0x06, 0x08, 0x08, 0x13, 0x06, 
	0x13, 0x09, 0x3a, 0x07, 0x17, 0x00, 0x00, 0x00, 
	0x00, 0x00, 0x00, 0x00, 0x00, 0x00, 0x00, 0x00, 
	0x00, 0x00, 0x00, 0x00, 0x00, 0x00, 0x00, 0x00, 
	0x00, 0x00, 0x00, 0x00, 0x00, 0x00, 0x00, 0x00, 
	0x00, 0x00, 0x00, 0x00, 0x00, 0x00, 0x00, 0x00, 
	0x00, 0x00, 0x00, 0x00, 0x00, 0x00, 0x00, 0x00, 
	0x00, 0x00, 0x00, 0x00, 0x00, 0x00, 0x00, 0x00, 
	0x00, 0x00, 0x00, 0x00, 0x00, 0x00, 0x00, 0x00, 
	0x00, 0x00, 0x00, 0x00, 0x00, 0x00, 0x00, 0x00, 
	0x00, 0x00, 0x00, 0x00, 0x00, 0x00, 0x00, 0x00, 
	
};

Texture ingredients_chopped_tomato_pal_rgba16[] = {
	0x00, 0x00, 0x90, 0xc7, 0x98, 0xc7, 0xa9, 0x0b, 
	0xa9, 0x09, 0xa1, 0x4b, 0xa1, 0x09, 0x88, 0xc9, 
	0x90, 0xc9, 0x88, 0xc7, 0x78, 0x87, 0x99, 0x0b, 
	0xb1, 0x8b, 0x99, 0x09, 0xa9, 0x4b, 0x91, 0x09, 
	0x89, 0x09, 0xa1, 0x49, 0xa0, 0xc7, 0x98, 0xc9, 
	0xb9, 0xcd, 0xc2, 0x0d, 0xc1, 0xcb, 0x80, 0xc9, 
	0xa9, 0x49, 0xa9, 0x8b, 0xb1, 0x4b, 0xb9, 0x89, 
	0xda, 0x0d, 0xda, 0x4f, 0xd2, 0x0d, 0x78, 0x85, 
	0x80, 0xc7, 0x89, 0x4b, 0xa9, 0x89, 0xc2, 0x4f, 
	0xa1, 0x8b, 0xa1, 0x0b, 0x78, 0xc9, 0xc1, 0x8b, 
	0xe2, 0x4f, 0x99, 0x05, 0x70, 0xc7, 0xa9, 0xcd, 
	0x99, 0x4b, 0x68, 0x87, 0x99, 0x07, 0xa1, 0x47, 
	0x91, 0x07, 0xe2, 0x0d, 0xea, 0x4f, 0xd2, 0x4b, 
	0xc1, 0x87, 0xb1, 0x07, 0x70, 0xc5, 0x81, 0x09, 
	0xb1, 0x49, 0xb9, 0x49, 0x80, 0x87, 0xa9, 0x8d, 
	0x99, 0x49, 0xa9, 0xc7, 0x99, 0x47, 0xea, 0xcd, 
	0xa1, 0x07, 0xea, 0x8f, 0xfa, 0xd1, 0xf2, 0xcb, 
	0xe2, 0x4b, 0x78, 0xc7, 0xb9, 0x8b, 0xa1, 0x8d, 
	0x91, 0x4b, 0xd2, 0xd1, 0xe2, 0x8d, 0xfb, 0x4f, 
	0xf3, 0xd1, 0xfb, 0x51, 0xda, 0x0b, 0xfc, 0x53, 
	0xfb, 0xd1, 0xa9, 0x47, 0x78, 0xc5, 0xc9, 0xcd, 
	0xeb, 0x11, 0xd2, 0x4d, 0xb1, 0x8d, 0x91, 0x0b, 
	0x89, 0x49, 0xb9, 0xcb, 0xfb, 0x0f, 0xfd, 0x57, 
	0xe2, 0x4d, 0xfc, 0x93, 0xfc, 0xd5, 0xda, 0x4b, 
	0xc9, 0x8b, 0xca, 0x0d, 0x91, 0x49, 0xd2, 0x0b, 
	0xfc, 0x13, 0xfd, 0x15, 0xfd, 0xd7, 0xfe, 0x99, 
	0xfd, 0x97, 0xa9, 0x07, 0x81, 0x07, 0xb1, 0xcd, 
	0xf3, 0x91, 0xfd, 0x55, 0xf6, 0x99, 0xfd, 0xd9, 
	0xfe, 0x19, 0xf3, 0x0b, 0xc9, 0x49, 0x89, 0x07, 
	0x99, 0x89, 0x68, 0xc7, 0xba, 0x0d, 0xd2, 0x8f, 
	0xda, 0x91, 0xd9, 0xcb, 0xb1, 0x09, 0xf3, 0xd3, 
	0xd1, 0x89, 0xf2, 0x8f, 0xf3, 0xcf, 0xd2, 0x09, 
	0xb1, 0x89, 0xd1, 0xc9, 0xd2, 0x4f, 0xda, 0xcf, 
	0xfb, 0x11, 0xfa, 0xcf, 0xe1, 0xcb, 0xea, 0x0d, 
	0xd1, 0x09, 0xd9, 0x09, 0xfa, 0x8f, 0xf2, 0x4d, 
	0xf2, 0xcf, 0xf2, 0xcd, 0xda, 0x09, 0x91, 0x47, 
	0xba, 0xcd, 0xca, 0x4f, 0xfa, 0x4d, 0xfa, 0x4f, 
	0xfb, 0x91, 0xfb, 0xd3, 0xf2, 0x8b, 0xb9, 0xc9, 
	0xb2, 0x09, 0xe2, 0x8f, 0xf2, 0x91, 0xfb, 0x93, 
	0xc9, 0xcb, 0xb9, 0x07, 0xa8, 0xc7, 0xea, 0x4d, 
	0xfc, 0x95, 0xfc, 0xd3, 0x79, 0x07, 0xc9, 0x89, 
	0xf3, 0x8f, 0xf4, 0xd5, 0xd1, 0xcd, 0xb1, 0x47, 
	0xb1, 0xc9, 0xb2, 0x0d, 0x88, 0x87, 0x81, 0x0b, 
	0xfa, 0xcd, 0xf3, 0x4f, 0xa9, 0x87, 0x89, 0x87, 
	0x99, 0x8d, 0xd1, 0xcb, 0xfc, 0x11, 0xfb, 0x8f, 
	0xd3, 0x8f, 0x89, 0x47, 0x89, 0x89, 0x60, 0xc7, 
	0x99, 0xcd, 0xf2, 0x8d, 0x70, 0x87, 0x68, 0xc5, 
	0x61, 0x09, 0xdb, 0x97, 0x91, 0x8d, 0x68, 0xc9, 
	0xca, 0x8b, 0xe2, 0xcf, 0x58, 0x87, 0x60, 0x87, 
	0xa2, 0x0f, 0xc1, 0xc9, 0x79, 0x09, 0xb2, 0x4f, 
	0xa1, 0xcf, 0xb2, 0x0f, 0xc2, 0x8d, 0xb1, 0xcb, 
	0xa9, 0xcb, 0x71, 0x09, 0x89, 0x8d, 0xd3, 0x53, 
	0x99, 0x8b, 0xc1, 0xcd, 0x81, 0x49, 0xc2, 0x0f, 
	0x69, 0x09, 0x70, 0xc9, 0xc2, 0x91, 0xb1, 0xcf, 
	0x79, 0x0b, 
};

Texture ingredients_unchopped_cheese_rgba16[] = {
	0x00, 0x00, 0x00, 0x00, 0x00, 0x00, 0x00, 0x00, 
	0x00, 0x00, 0x00, 0x00, 0x00, 0x00, 0x00, 0x00, 
	0x00, 0x00, 0x00, 0x00, 0x00, 0x00, 0x00, 0x00, 
	0x00, 0x00, 0x00, 0x00, 0x00, 0x00, 0x00, 0x00, 
	0x00, 0x00, 0x00, 0x00, 0x00, 0x00, 0x00, 0x00, 
	0x00, 0x00, 0x00, 0x00, 0x00, 0x00, 0x00, 0x00, 
	0x00, 0x00, 0x00, 0x00, 0x00, 0x00, 0x00, 0x00, 
	0x00, 0x00, 0x00, 0x00, 0x00, 0x00, 0x00, 0x00, 
	0x00, 0x00, 0x00, 0x00, 0x00, 0x00, 0x00, 0x00, 
	0x00, 0x00, 0x00, 0x00, 0x00, 0x00, 0x00, 0x00, 
	0x00, 0x00, 0x00, 0x00, 0x00, 0x00, 0x00, 0x00, 
	0x00, 0x00, 0x00, 0x00, 0x00, 0x00, 0x00, 0x00, 
	0x00, 0x00, 0x00, 0x00, 0x00, 0x00, 0x00, 0x00, 
	0x00, 0x00, 0x00, 0x00, 0x00, 0x00, 0x00, 0x00, 
	0x00, 0x00, 0x00, 0x00, 0x00, 0x00, 0x00, 0x00, 
	0x00, 0x00, 0x00, 0x00, 0x00, 0x00, 0x00, 0x00, 
	0x00, 0x00, 0x00, 0x00, 0x00, 0x00, 0x00, 0x00, 
	0x00, 0x00, 0x00, 0x00, 0x00, 0x00, 0x00, 0x00, 
	0x00, 0x00, 0x00, 0x00, 0x00, 0x00, 0x00, 0x00, 
	0x00, 0x00, 0x00, 0x00, 0x00, 0x00, 0x00, 0x00, 
	0x00, 0x00, 0x00, 0x00, 0x00, 0x00, 0x00, 0x00, 
	0x00, 0x00, 0x00, 0x00, 0x00, 0x00, 0x00, 0x00, 
	0x00, 0x00, 0x00, 0x00, 0x00, 0x00, 0x00, 0x00, 
	0x00, 0x00, 0x00, 0x00, 0x00, 0x00, 0x00, 0x00, 
	0x00, 0x00, 0x00, 0x00, 0x00, 0x00, 0x00, 0x00, 
	0x00, 0x00, 0x00, 0x00, 0x00, 0x00, 0x00, 0x00, 
	0x00, 0x00, 0x00, 0x00, 0x00, 0x00, 0x00, 0x00, 
	0x00, 0x00, 0x00, 0x00, 0x00, 0x00, 0x00, 0x00, 
	0x00, 0x00, 0x00, 0x00, 0xf6, 0xd6, 0xf6, 0xd4, 
	0x00, 0x00, 0x00, 0x00, 0x00, 0x00, 0x00, 0x00, 
	0x00, 0x00, 0x00, 0x00, 0x00, 0x00, 0x00, 0x00, 
	0x00, 0x00, 0x00, 0x00, 0x00, 0x00, 0x00, 0x00, 
	0x00, 0x00, 0x00, 0x00, 0x00, 0x00, 0x00, 0x00, 
	0x00, 0x00, 0x00, 0x00, 0x00, 0x00, 0x00, 0x00, 
	0x00, 0x00, 0x00, 0x00, 0x00, 0x00, 0x00, 0x00, 
	0x00, 0x00, 0x00, 0x00, 0x00, 0x00, 0x00, 0x00, 
	0x00, 0x00, 0xf6, 0xda, 0xf6, 0x93, 0xf6, 0x93, 
	0xf6, 0x94, 0x00, 0x00, 0x00, 0x00, 0x00, 0x00, 
	0x00, 0x00, 0x00, 0x00, 0x00, 0x00, 0x00, 0x00, 
	0x00, 0x00, 0x00, 0x00, 0x00, 0x00, 0x00, 0x00, 
	0x00, 0x00, 0x00, 0x00, 0x00, 0x00, 0x00, 0x00, 
	0x00, 0x00, 0x00, 0x00, 0x00, 0x00, 0x00, 0x00, 
	0x00, 0x00, 0x00, 0x00, 0x00, 0x00, 0x00, 0x00, 
	0x00, 0x00, 0x00, 0x00, 0x00, 0x00, 0x00, 0x00, 
	0xf6, 0xdc, 0xf6, 0x95, 0xf6, 0x51, 0xf6, 0x53, 
	0xf6, 0x53, 0xf6, 0x96, 0x00, 0x00, 0x00, 0x00, 
	0x00, 0x00, 0x00, 0x00, 0x00, 0x00, 0x00, 0x00, 
	0x00, 0x00, 0x00, 0x00, 0x00, 0x00, 0x00, 0x00, 
	0x00, 0x00, 0x00, 0x00, 0x00, 0x00, 0x00, 0x00, 
	0x00, 0x00, 0x00, 0x00, 0x00, 0x00, 0x00, 0x00, 
	0x00, 0x00, 0x00, 0x00, 0x00, 0x00, 0x00, 0x00, 
	0x00, 0x00, 0x00, 0x00, 0x00, 0x00, 0xf7, 0x20, 
	0xf6, 0x97, 0xf6, 0x53, 0xf6, 0x53, 0xf6, 0x53, 
	0xf6, 0x53, 0xf6, 0x93, 0xe6, 0x99, 0x00, 0x00, 
	0x00, 0x00, 0x00, 0x00, 0x00, 0x00, 0x00, 0x00, 
	0x00, 0x00, 0x00, 0x00, 0x00, 0x00, 0x00, 0x00, 
	0x00, 0x00, 0x00, 0x00, 0x00, 0x00, 0x00, 0x00, 
	0x00, 0x00, 0x00, 0x00, 0x00, 0x00, 0x00, 0x00, 
	0x00, 0x00, 0x00, 0x00, 0x00, 0x00, 0x00, 0x00, 
	0x00, 0x00, 0x00, 0x00, 0xf7, 0x24, 0xf6, 0xd9, 
	0xf6, 0x95, 0xf6, 0x53, 0xf6, 0x51, 0xf6, 0x51, 
	0xf6, 0x53, 0xf6, 0x53, 0xf6, 0x93, 0xf6, 0x95, 
	0x00, 0x00, 0x00, 0x00, 0x00, 0x00, 0x00, 0x00, 
	0x00, 0x00, 0x00, 0x00, 0x00, 0x00, 0x00, 0x00, 
	0x00, 0x00, 0x00, 0x00, 0x00, 0x00, 0x00, 0x00, 
	0x00, 0x00, 0x00, 0x00, 0x00, 0x00, 0x00, 0x00, 
	0x00, 0x00, 0x00, 0x00, 0x00, 0x00, 0x00, 0x00, 
	0x00, 0x00, 0xf7, 0x68, 0xf6, 0xdb, 0xf6, 0x97, 
	0xf6, 0x53, 0xed, 0x89, 0xf5, 0x8b, 0xf6, 0x53, 
	0xf6, 0x53, 0xf6, 0x53, 0xf6, 0x53, 0xf6, 0x93, 
	0xf6, 0x97, 0xef, 0x26, 0x00, 0x00, 0x00, 0x00, 
	0x00, 0x00, 0x00, 0x00, 0x00, 0x00, 0x00, 0x00, 
	0x00, 0x00, 0x00, 0x00, 0x00, 0x00, 0x00, 0x00, 
	0x00, 0x00, 0x00, 0x00, 0x00, 0x00, 0x00, 0x00, 
	0x00, 0x00, 0x00, 0x00, 0x00, 0x00, 0x00, 0x00, 
	0xf7, 0x6a, 0xf6, 0xdf, 0xf6, 0x97, 0xf6, 0x55, 
	0xf6, 0x0f, 0xed, 0x49, 0xf5, 0xcf, 0xf6, 0x53, 
	0xf6, 0x53, 0xf6, 0x51, 0xf6, 0x51, 0xf6, 0x53, 
	0xf6, 0x93, 0xee, 0xe1, 0x00, 0x00, 0x00, 0x00, 
	0x00, 0x00, 0x00, 0x00, 0x00, 0x00, 0x00, 0x00, 
	0x00, 0x00, 0x00, 0x00, 0x00, 0x00, 0x00, 0x00, 
	0x00, 0x00, 0x00, 0x00, 0x00, 0x00, 0x00, 0x00, 
	0x00, 0x00, 0x00, 0x00, 0x00, 0x00, 0xf7, 0x6c, 
	0xf7, 0x21, 0xf6, 0x99, 0xf6, 0x57, 0xf6, 0x55, 
	0xf6, 0x55, 0xf6, 0x11, 0xf6, 0x55, 0xf6, 0x53, 
	0xf6, 0x53, 0xed, 0x89, 0xf5, 0xcd, 0xf6, 0x93, 
	0xf6, 0x53, 0xf6, 0x11, 0xef, 0x74, 0x00, 0x00, 
	0x00, 0x00, 0x00, 0x00, 0x00, 0x00, 0x00, 0x00, 
	0x00, 0x00, 0x00, 0x00, 0x00, 0x00, 0x00, 0x00, 
	0x00, 0x00, 0x00, 0x00, 0x00, 0x00, 0x00, 0x00, 
	0x00, 0x00, 0x00, 0x00, 0xf7, 0xb4, 0xf6, 0xdf, 
	0xf6, 0x99, 0xf6, 0x55, 0xf6, 0x55, 0xf6, 0x53, 
	0xf6, 0x55, 0xf6, 0x55, 0xf6, 0x53, 0xf6, 0x53, 
	0xf6, 0x53, 0xf6, 0x13, 0xf6, 0x53, 0xf6, 0x55, 
	0xf5, 0xcd, 0xf5, 0xcf, 0xee, 0x56, 0x00, 0x00, 
	0x00, 0x00, 0x00, 0x00, 0x00, 0x00, 0x00, 0x00, 
	0x00, 0x00, 0x00, 0x00, 0x00, 0x00, 0x00, 0x00, 
	0x00, 0x00, 0x00, 0x00, 0x00, 0x00, 0x00, 0x00, 
	0x00, 0x00, 0xdf, 0xfe, 0xf7, 0x21, 0xf6, 0x99, 
	0xf6, 0x97, 0xf6, 0x55, 0xf6, 0x55, 0xf6, 0x55, 
	0xf6, 0x53, 0xf6, 0x53, 0xf6, 0x53, 0xf6, 0x53, 
	0xf6, 0x53, 0xf6, 0x53, 0xf6, 0x55, 0xf5, 0xcf, 
	0xf5, 0x8f, 0xf5, 0xcf, 0xee, 0x5b, 0x00, 0x00, 
	0x00, 0x00, 0x00, 0x00, 0x00, 0x00, 0x00, 0x00, 
	0x00, 0x00, 0x00, 0x00, 0x00, 0x00, 0x00, 0x00, 
	0x00, 0x00, 0x00, 0x00, 0x00, 0x00, 0x00, 0x00, 
	0x00, 0x00, 0xf7, 0x23, 0xf6, 0x9b, 0xf6, 0x97, 
	0xf6, 0x55, 0xf6, 0x55, 0xf6, 0x55, 0xf6, 0x53, 
	0xf6, 0x53, 0xf6, 0x53, 0xf6, 0x55, 0xf6, 0x53, 
	0xf5, 0xcb, 0xf6, 0x13, 0xf5, 0xcf, 0xf5, 0x8f, 
	0xf5, 0x8f, 0xf5, 0x8f, 0xf6, 0x11, 0xef, 0x6a, 
	0x00, 0x00, 0x00, 0x00, 0x00, 0x00, 0x00, 0x00, 
	0x00, 0x00, 0x00, 0x00, 0x00, 0x00, 0x00, 0x00, 
	0x00, 0x00, 0x00, 0x00, 0x00, 0x00, 0x00, 0x00, 
	0xf7, 0x23, 0xf6, 0xdb, 0xf6, 0x97, 0xf6, 0x57, 
	0xf6, 0x55, 0xf6, 0x55, 0xf6, 0x55, 0xf6, 0x53, 
	0xf6, 0x55, 0xf6, 0x53, 0xf6, 0x55, 0xf5, 0xcd, 
	0xed, 0x4b, 0xf6, 0x0f, 0xf5, 0x8f, 0xf5, 0x8f, 
	0xf5, 0x8f, 0xf5, 0x8f, 0xf5, 0xcf, 0xf6, 0x54, 
	0x00, 0x00, 0x00, 0x00, 0x00, 0x00, 0x00, 0x00, 
	0x00, 0x00, 0x00, 0x00, 0x00, 0x00, 0x00, 0x00, 
	0x00, 0x00, 0x00, 0x00, 0x00, 0x00, 0xf6, 0xdc, 
	0xf6, 0x99, 0xf6, 0x97, 0xf6, 0x57, 0xf6, 0x55, 
	0xf6, 0x55, 0xf6, 0x55, 0xf6, 0x55, 0xf6, 0x53, 
	0xf6, 0x55, 0xf6, 0x55, 0xf6, 0x53, 0xf5, 0xcd, 
	0xf5, 0xcd, 0xf5, 0xcf, 0xf5, 0x8f, 0xf5, 0x8f, 
	0xed, 0x8d, 0xf5, 0x8f, 0xf5, 0xcf, 0xee, 0x5d, 
	0x00, 0x00, 0x00, 0x00, 0x00, 0x00, 0x00, 0x00, 
	0x00, 0x00, 0x00, 0x00, 0x00, 0x00, 0x00, 0x00, 
	0x00, 0x00, 0x00, 0x00, 0xf6, 0xdc, 0xf6, 0x99, 
	0xf6, 0x97, 0xf6, 0x57, 0xf6, 0x55, 0xf6, 0x55, 
	0xf5, 0x8b, 0xf6, 0x53, 0xf6, 0x55, 0xed, 0x89, 
	0xf6, 0x53, 0xf6, 0x93, 0xf6, 0x95, 0xf5, 0xcf, 
	0xf5, 0x8d, 0xf5, 0x8f, 0xf5, 0x8f, 0xed, 0x0b, 
	0xec, 0xc9, 0xf5, 0x8d, 0xf5, 0xcf, 0xf6, 0x11, 
	0xef, 0xf6, 0x00, 0x00, 0x00, 0x00, 0x00, 0x00, 
	0x00, 0x00, 0x00, 0x00, 0x00, 0x00, 0x00, 0x00, 
	0x00, 0x00, 0xf6, 0xdc, 0xf6, 0xd9, 0xf6, 0x97, 
	0xf6, 0x55, 0xf6, 0x55, 0xf6, 0x55, 0xf6, 0x0d, 
	0xec, 0xc7, 0xf6, 0x11, 0xf6, 0x53, 0xf5, 0x8b, 
	0xf6, 0x53, 0xf6, 0x95, 0xf5, 0xcf, 0xf5, 0x8d, 
	0xed, 0x8d, 0xed, 0x8d, 0xed, 0x8d, 0xed, 0x0b, 
	0xed, 0x49, 0xf5, 0x8f, 0xf5, 0x8d, 0xf5, 0xcf, 
	0xf6, 0x56, 0x00, 0x00, 0x00, 0x00, 0x00, 0x00, 
	0x00, 0x00, 0x00, 0x00, 0x00, 0x00, 0x00, 0x00, 
	0xf7, 0x22, 0xf6, 0x99, 0xf6, 0x55, 0xf6, 0x55, 
	0xf6, 0x57, 0xf6, 0x55, 0xf6, 0x55, 0xf6, 0x11, 
	0xed, 0x8b, 0xf6, 0x53, 0xf6, 0x53, 0xf6, 0x53, 
	0xf6, 0x95, 0xf5, 0xcd, 0xed, 0x4b, 0xed, 0x8d, 
	0xed, 0x8d, 0xed, 0x8d, 0xf5, 0x8d, 0xf5, 0x8d, 
	0xf5, 0x8d, 0xed, 0x8d, 0xed, 0x4b, 0xed, 0x4b, 
	0xe6, 0x17, 0x00, 0x00, 0x00, 0x00, 0x00, 0x00, 
	0x00, 0x00, 0x00, 0x00, 0x00, 0x00, 0xef, 0x34, 
	0xf6, 0x99, 0xf6, 0x95, 0xed, 0xcd, 0xed, 0x8b, 
	0xf6, 0x53, 0xf6, 0x53, 0xf6, 0x53, 0xf6, 0x55, 
	0xf6, 0x55, 0xf6, 0x53, 0xf6, 0x53, 0xf6, 0x95, 
	0xf6, 0x0f, 0xed, 0x4b, 0xed, 0x09, 0xed, 0x8d, 
	0xed, 0x8d, 0xed, 0x8d, 0xed, 0x8d, 0xed, 0x8d, 
	0xed, 0x8d, 0xed, 0x8d, 0xed, 0x8d, 0xed, 0x8f, 
	0xed, 0xd2, 0x00, 0x00, 0x00, 0x00, 0x00, 0x00, 
	0x00, 0x00, 0x00, 0x00, 0x00, 0x00, 0xef, 0x28, 
	0xf6, 0x97, 0xf6, 0x51, 0xf6, 0x51, 0xf6, 0x11, 
	0xf6, 0x51, 0xf6, 0x53, 0xf6, 0x53, 0xf6, 0x53, 
	0xf6, 0x51, 0xf6, 0x53, 0xf6, 0x95, 0xf6, 0x0f, 
	0xf5, 0x8d, 0xf5, 0x8f, 0xed, 0x8d, 0xed, 0x8d, 
	0xed, 0x8d, 0xed, 0x8d, 0xed, 0x4d, 0xed, 0x4d, 
	0xed, 0x4d, 0xed, 0x8e, 0xed, 0xd2, 0x00, 0x00, 
	0x00, 0x00, 0x00, 0x00, 0x00, 0x00, 0x00, 0x00, 
	0x00, 0x00, 0x00, 0x00, 0x00, 0x00, 0x00, 0x00, 
	0xf6, 0xde, 0xf6, 0x95, 0xf6, 0x51, 0xf6, 0x51, 
	0xf6, 0x51, 0xf6, 0x53, 0xf6, 0x51, 0xf6, 0x53, 
	0xf6, 0x51, 0xf6, 0x95, 0xf6, 0x0f, 0xf5, 0x8d, 
	0xed, 0x8d, 0xed, 0x8d, 0xed, 0x8d, 0xed, 0x4d, 
	0xed, 0x4d, 0xed, 0x4d, 0xed, 0x8f, 0xe5, 0x90, 
	0xe6, 0x5c, 0x00, 0x00, 0x00, 0x00, 0x00, 0x00, 
	0x00, 0x00, 0x00, 0x00, 0x00, 0x00, 0x00, 0x00, 
	0x00, 0x00, 0x00, 0x00, 0x00, 0x00, 0x00, 0x00, 
	0x00, 0x00, 0xf6, 0xde, 0xf6, 0x95, 0xf6, 0x53, 
	0xf6, 0x51, 0xf6, 0x51, 0xf6, 0x51, 0xf6, 0x51, 
	0xf6, 0x53, 0xf6, 0x0f, 0xf5, 0x8d, 0xed, 0x8d, 
	0xed, 0x4d, 0xed, 0x4d, 0xed, 0x4d, 0xed, 0x4d, 
	0xed, 0x8f, 0xed, 0x92, 0x00, 0x00, 0x00, 0x00, 
	0x00, 0x00, 0x00, 0x00, 0x00, 0x00, 0x00, 0x00, 
	0x00, 0x00, 0x00, 0x00, 0x00, 0x00, 0x00, 0x00, 
	0x00, 0x00, 0x00, 0x00, 0x00, 0x00, 0x00, 0x00, 
	0x00, 0x00, 0x00, 0x00, 0xf6, 0xdf, 0xf6, 0x0f, 
	0xf6, 0x53, 0xf6, 0x51, 0xf6, 0x51, 0xf6, 0x53, 
	0xf6, 0x51, 0xf5, 0x8d, 0xe4, 0xc9, 0xed, 0x4d, 
	0xed, 0x4d, 0xe5, 0x8f, 0xed, 0x90, 0xe6, 0x5a, 
	0x00, 0x00, 0x00, 0x00, 0x00, 0x00, 0x00, 0x00, 
	0x00, 0x00, 0x00, 0x00, 0x00, 0x00, 0x00, 0x00, 
	0x00, 0x00, 0x00, 0x00, 0x00, 0x00, 0x00, 0x00, 
	0x00, 0x00, 0x00, 0x00, 0x00, 0x00, 0x00, 0x00, 
	0x00, 0x00, 0x00, 0x00, 0x00, 0x00, 0x00, 0x00, 
	0xf6, 0x53, 0xf6, 0x51, 0xf6, 0x53, 0xf6, 0x53, 
	0xf5, 0x8d, 0xed, 0x4d, 0xe5, 0x4b, 0xee, 0x1b, 
	0xed, 0xd2, 0x00, 0x00, 0x00, 0x00, 0x00, 0x00, 
	0x00, 0x00, 0x00, 0x00, 0x00, 0x00, 0x00, 0x00, 
	0x00, 0x00, 0x00, 0x00, 0x00, 0x00, 0x00, 0x00, 
	0x00, 0x00, 0x00, 0x00, 0x00, 0x00, 0x00, 0x00, 
	0x00, 0x00, 0x00, 0x00, 0x00, 0x00, 0x00, 0x00, 
	0x00, 0x00, 0x00, 0x00, 0x00, 0x00, 0x00, 0x00, 
	0xf6, 0x97, 0xf6, 0x51, 0xf6, 0x55, 0xed, 0x8d, 
	0xed, 0x8f, 0xed, 0x90, 0xee, 0x5c, 0x00, 0x00, 
	0x00, 0x00, 0x00, 0x00, 0x00, 0x00, 0x00, 0x00, 
	0x00, 0x00, 0x00, 0x00, 0x00, 0x00, 0x00, 0x00, 
	0x00, 0x00, 0x00, 0x00, 0x00, 0x00, 0x00, 0x00, 
	0x00, 0x00, 0x00, 0x00, 0x00, 0x00, 0x00, 0x00, 
	0x00, 0x00, 0x00, 0x00, 0x00, 0x00, 0x00, 0x00, 
	0x00, 0x00, 0x00, 0x00, 0x00, 0x00, 0x00, 0x00, 
	0xf6, 0x9a, 0xf6, 0x97, 0xee, 0x15, 0xed, 0x92, 
	0x00, 0x00, 0x00, 0x00, 0x00, 0x00, 0x00, 0x00, 
	0x00, 0x00, 0x00, 0x00, 0x00, 0x00, 0x00, 0x00, 
	0x00, 0x00, 0x00, 0x00, 0x00, 0x00, 0x00, 0x00, 
	0x00, 0x00, 0x00, 0x00, 0x00, 0x00, 0x00, 0x00, 
	0x00, 0x00, 0x00, 0x00, 0x00, 0x00, 0x00, 0x00, 
	0x00, 0x00, 0x00, 0x00, 0x00, 0x00, 0x00, 0x00, 
	0x00, 0x00, 0x00, 0x00, 0x00, 0x00, 0x00, 0x00, 
	0x00, 0x00, 0x00, 0x00, 0x00, 0x00, 0x00, 0x00, 
	0x00, 0x00, 0x00, 0x00, 0x00, 0x00, 0x00, 0x00, 
	0x00, 0x00, 0x00, 0x00, 0x00, 0x00, 0x00, 0x00, 
	0x00, 0x00, 0x00, 0x00, 0x00, 0x00, 0x00, 0x00, 
	0x00, 0x00, 0x00, 0x00, 0x00, 0x00, 0x00, 0x00, 
	0x00, 0x00, 0x00, 0x00, 0x00, 0x00, 0x00, 0x00, 
	0x00, 0x00, 0x00, 0x00, 0x00, 0x00, 0x00, 0x00, 
	0x00, 0x00, 0x00, 0x00, 0x00, 0x00, 0x00, 0x00, 
	0x00, 0x00, 0x00, 0x00, 0x00, 0x00, 0x00, 0x00, 
	0x00, 0x00, 0x00, 0x00, 0x00, 0x00, 0x00, 0x00, 
	0x00, 0x00, 0x00, 0x00, 0x00, 0x00, 0x00, 0x00, 
	0x00, 0x00, 0x00, 0x00, 0x00, 0x00, 0x00, 0x00, 
	0x00, 0x00, 0x00, 0x00, 0x00, 0x00, 0x00, 0x00, 
	0x00, 0x00, 0x00, 0x00, 0x00, 0x00, 0x00, 0x00, 
	0x00, 0x00, 0x00, 0x00, 0x00, 0x00, 0x00, 0x00, 
	0x00, 0x00, 0x00, 0x00, 0x00, 0x00, 0x00, 0x00, 
	0x00, 0x00, 0x00, 0x00, 0x00, 0x00, 0x00, 0x00, 
	0x00, 0x00, 0x00, 0x00, 0x00, 0x00, 0x00, 0x00, 
	0x00, 0x00, 0x00, 0x00, 0x00, 0x00, 0x00, 0x00, 
	0x00, 0x00, 0x00, 0x00, 0x00, 0x00, 0x00, 0x00, 
	0x00, 0x00, 0x00, 0x00, 0x00, 0x00, 0x00, 0x00, 
	0x00, 0x00, 0x00, 0x00, 0x00, 0x00, 0x00, 0x00, 
	0x00, 0x00, 0x00, 0x00, 0x00, 0x00, 0x00, 0x00, 
	0x00, 0x00, 0x00, 0x00, 0x00, 0x00, 0x00, 0x00, 
	0x00, 0x00, 0x00, 0x00, 0x00, 0x00, 0x00, 0x00, 
	0x00, 0x00, 0x00, 0x00, 0x00, 0x00, 0x00, 0x00, 
	0x00, 0x00, 0x00, 0x00, 0x00, 0x00, 0x00, 0x00, 
	0x00, 0x00, 0x00, 0x00, 0x00, 0x00, 0x00, 0x00, 
	0x00, 0x00, 0x00, 0x00, 0x00, 0x00, 0x00, 0x00, 
	0x00, 0x00, 0x00, 0x00, 0x00, 0x00, 0x00, 0x00, 
	0x00, 0x00, 0x00, 0x00, 0x00, 0x00, 0x00, 0x00, 
	0x00, 0x00, 0x00, 0x00, 0x00, 0x00, 0x00, 0x00, 
	0x00, 0x00, 0x00, 0x00, 0x00, 0x00, 0x00, 0x00, 
	0x00, 0x00, 0x00, 0x00, 0x00, 0x00, 0x00, 0x00, 
	0x00, 0x00, 0x00, 0x00, 0x00, 0x00, 0x00, 0x00, 
	0x00, 0x00, 0x00, 0x00, 0x00, 0x00, 0x00, 0x00, 
	0x00, 0x00, 0x00, 0x00, 0x00, 0x00, 0x00, 0x00, 
	0x00, 0x00, 0x00, 0x00, 0x00, 0x00, 0x00, 0x00, 
	
};

Texture ingredients_chopped_cheese_rgba16[] = {
	0x00, 0x00, 0x00, 0x00, 0x00, 0x00, 0x00, 0x00, 
	0x00, 0x00, 0x00, 0x00, 0x00, 0x00, 0x00, 0x00, 
	0x00, 0x00, 0x00, 0x00, 0x00, 0x00, 0x00, 0x00, 
	0x00, 0x00, 0x00, 0x00, 0x00, 0x00, 0x00, 0x00, 
	0x00, 0x00, 0x00, 0x00, 0x00, 0x00, 0x00, 0x00, 
	0x00, 0x00, 0x00, 0x00, 0x00, 0x00, 0x00, 0x00, 
	0x00, 0x00, 0x00, 0x00, 0x00, 0x00, 0x00, 0x00, 
	0x00, 0x00, 0x00, 0x00, 0x00, 0x00, 0x00, 0x00, 
	0x00, 0x00, 0x00, 0x00, 0x00, 0x00, 0x00, 0x00, 
	0x00, 0x00, 0x00, 0x00, 0x00, 0x00, 0x00, 0x00, 
	0x00, 0x00, 0x00, 0x00, 0x00, 0x00, 0x00, 0x00, 
	0x00, 0x00, 0x00, 0x00, 0x00, 0x00, 0x00, 0x00, 
	0x00, 0x00, 0x00, 0x00, 0x00, 0x00, 0x00, 0x00, 
	0x00, 0x00, 0x00, 0x00, 0x00, 0x00, 0x00, 0x00, 
	0x00, 0x00, 0x00, 0x00, 0x00, 0x00, 0x00, 0x00, 
	0x00, 0x00, 0x00, 0x00, 0x00, 0x00, 0x00, 0x00, 
	0x00, 0x00, 0x00, 0x00, 0x00, 0x00, 0x00, 0x00, 
	0x00, 0x00, 0x00, 0x00, 0x00, 0x00, 0x00, 0x00, 
	0x00, 0x00, 0x00, 0x00, 0x00, 0x00, 0x00, 0x00, 
	0x00, 0x00, 0x00, 0x00, 0x00, 0x00, 0x00, 0x00, 
	0x00, 0x00, 0x00, 0x00, 0x00, 0x00, 0x00, 0x00, 
	0x00, 0x00, 0x00, 0x00, 0x00, 0x00, 0x00, 0x00, 
	0x00, 0x00, 0x00, 0x00, 0x00, 0x00, 0x00, 0x00, 
	0x00, 0x00, 0x00, 0x00, 0x00, 0x00, 0x00, 0x00, 
	0x00, 0x00, 0x00, 0x00, 0x00, 0x00, 0x00, 0x00, 
	0x00, 0x00, 0x00, 0x00, 0x00, 0x00, 0x00, 0x00, 
	0x00, 0x00, 0x00, 0x00, 0x00, 0x00, 0x00, 0x00, 
	0x00, 0x00, 0x00, 0x00, 0x00, 0x00, 0x00, 0x00, 
	0x00, 0x00, 0x00, 0x00, 0x00, 0x00, 0x00, 0x00, 
	0x00, 0x00, 0x00, 0x00, 0x00, 0x00, 0x00, 0x00, 
	0x00, 0x00, 0x00, 0x00, 0x00, 0x00, 0x00, 0x00, 
	0x00, 0x00, 0x00, 0x00, 0x00, 0x00, 0x00, 0x00, 
	0x00, 0x00, 0x00, 0x00, 0x00, 0x00, 0x00, 0x00, 
	0x00, 0x00, 0x00, 0x00, 0x00, 0x00, 0x00, 0x00, 
	0x00, 0x00, 0x00, 0x00, 0x00, 0x00, 0x00, 0x00, 
	0x00, 0x00, 0x00, 0x00, 0x00, 0x00, 0x00, 0x00, 
	0x00, 0x00, 0x00, 0x00, 0x00, 0x00, 0x00, 0x00, 
	0x00, 0x00, 0x00, 0x00, 0x00, 0x00, 0x00, 0x00, 
	0x00, 0x00, 0x00, 0x00, 0x00, 0x00, 0x00, 0x00, 
	0x00, 0x00, 0x00, 0x00, 0x00, 0x00, 0x00, 0x00, 
	0x00, 0x00, 0x00, 0x00, 0x00, 0x00, 0x00, 0x00, 
	0x00, 0x00, 0x00, 0x00, 0x00, 0x00, 0x00, 0x00, 
	0x00, 0x00, 0x00, 0x00, 0x00, 0x00, 0x00, 0x00, 
	0x00, 0x00, 0x00, 0x00, 0x00, 0x00, 0xee, 0xe0, 
	0xee, 0xe2, 0xee, 0x9e, 0xee, 0x5a, 0xee, 0x5d, 
	0xee, 0x59, 0xee, 0x57, 0xee, 0x56, 0xee, 0x56, 
	0x00, 0x00, 0x00, 0x00, 0x00, 0x00, 0x00, 0x00, 
	0x00, 0x00, 0x00, 0x00, 0x00, 0x00, 0x00, 0x00, 
	0x00, 0x00, 0x00, 0x00, 0x00, 0x00, 0x00, 0x00, 
	0x00, 0x00, 0x00, 0x00, 0x00, 0x00, 0x00, 0x00, 
	0x00, 0x00, 0xdf, 0xfe, 0xfb, 0x40, 0xee, 0xe8, 
	0xee, 0x9e, 0xee, 0x9a, 0xee, 0x5b, 0xee, 0x59, 
	0xee, 0x57, 0xee, 0x17, 0xee, 0x17, 0xee, 0x17, 
	0xee, 0x15, 0xee, 0x17, 0xee, 0x58, 0xee, 0x9e, 
	0xee, 0x5a, 0x00, 0x00, 0x00, 0x00, 0x00, 0x00, 
	0x00, 0x00, 0x00, 0x00, 0x00, 0x00, 0x00, 0x00, 
	0x00, 0x00, 0x00, 0x00, 0x00, 0x00, 0x00, 0x00, 
	0xe7, 0xb4, 0x07, 0xfe, 0xef, 0x2c, 0xee, 0x9c, 
	0xf6, 0x9a, 0xf6, 0x5b, 0xee, 0x59, 0xf6, 0x59, 
	0xf6, 0x17, 0xee, 0x17, 0xee, 0x17, 0xee, 0x17, 
	0xee, 0x17, 0xee, 0x17, 0xee, 0x17, 0xee, 0x17, 
	0xee, 0x15, 0xee, 0x15, 0xee, 0x17, 0xee, 0x58, 
	0xee, 0x56, 0x00, 0x00, 0x00, 0x00, 0x00, 0x00, 
	0x00, 0x00, 0x00, 0x00, 0x00, 0x00, 0x00, 0x00, 
	0x00, 0x00, 0xee, 0xe2, 0xee, 0xe0, 0xee, 0x9a, 
	0xee, 0x9a, 0xee, 0x59, 0xf6, 0x59, 0xf6, 0x59, 
	0xee, 0x57, 0xf6, 0x17, 0xf6, 0x17, 0xf6, 0x17, 
	0xee, 0x17, 0xee, 0x17, 0xee, 0x17, 0xee, 0x17, 
	0xee, 0x17, 0xee, 0x17, 0xee, 0x15, 0xee, 0x17, 
	0xee, 0x15, 0xee, 0x15, 0xee, 0x15, 0xee, 0x58, 
	0xee, 0x9c, 0xee, 0x5a, 0x00, 0x00, 0x00, 0x00, 
	0x00, 0x00, 0x00, 0x00, 0x00, 0x00, 0x00, 0x00, 
	0x00, 0x00, 0xe6, 0x5c, 0xee, 0x5d, 0xf6, 0x57, 
	0xf6, 0x57, 0xf6, 0x57, 0xf6, 0x57, 0xf6, 0x57, 
	0xf6, 0x17, 0xf6, 0x17, 0xee, 0x17, 0xee, 0x17, 
	0xee, 0x17, 0xee, 0x17, 0xee, 0x17, 0xee, 0x17, 
	0xee, 0x17, 0xee, 0x15, 0xee, 0x15, 0xee, 0x15, 
	0xee, 0x15, 0xee, 0x15, 0xee, 0x15, 0xee, 0x57, 
	0xee, 0x56, 0xee, 0x56, 0x00, 0x00, 0x00, 0x00, 
	0x00, 0x00, 0x00, 0x00, 0x00, 0x00, 0x00, 0x00, 
	0x00, 0x00, 0xee, 0x9c, 0xee, 0x5a, 0xee, 0x57, 
	0xf6, 0x57, 0xf6, 0x57, 0xf6, 0x57, 0xf6, 0x17, 
	0xf6, 0x17, 0xf6, 0x17, 0xee, 0x17, 0xee, 0x17, 
	0xee, 0x17, 0xee, 0x17, 0xee, 0x17, 0xee, 0x17, 
	0xee, 0x15, 0xee, 0x15, 0xee, 0x17, 0xee, 0x15, 
	0xee, 0x15, 0xee, 0x15, 0xee, 0x15, 0xee, 0x15, 
	0xee, 0x58, 0xee, 0x9c, 0xee, 0x5a, 0x00, 0x00, 
	0x00, 0x00, 0x00, 0x00, 0x00, 0x00, 0x00, 0x00, 
	0x00, 0x00, 0xe6, 0xa2, 0xee, 0x5c, 0xee, 0x59, 
	0xf6, 0x57, 0xf6, 0x57, 0xf6, 0x57, 0xf6, 0x17, 
	0xf6, 0x17, 0xf6, 0x17, 0xee, 0x17, 0xee, 0x17, 
	0xee, 0x17, 0xee, 0x17, 0xee, 0x17, 0xee, 0x17, 
	0xee, 0x17, 0xee, 0x17, 0xee, 0x17, 0xee, 0x15, 
	0xee, 0x15, 0xee, 0x15, 0xee, 0x15, 0xee, 0x15, 
	0xee, 0x17, 0xee, 0x58, 0xee, 0x16, 0x00, 0x00, 
	0x00, 0x00, 0x00, 0x00, 0x00, 0x00, 0x00, 0x00, 
	0x00, 0x00, 0xfd, 0xc0, 0xee, 0x9e, 0xee, 0x59, 
	0xf6, 0x57, 0xf6, 0x57, 0xf6, 0x17, 0xf6, 0x17, 
	0xf6, 0x17, 0xee, 0x17, 0xee, 0x17, 0xee, 0x17, 
	0xee, 0x17, 0xee, 0x17, 0xee, 0x17, 0xee, 0x17, 
	0xee, 0x17, 0xee, 0x15, 0xee, 0x17, 0xee, 0x15, 
	0xee, 0x15, 0xee, 0x15, 0xee, 0x15, 0xee, 0x15, 
	0xee, 0x15, 0xee, 0x58, 0xee, 0x9c, 0xee, 0x5a, 
	0x00, 0x00, 0x00, 0x00, 0x00, 0x00, 0x00, 0x00, 
	0x00, 0x00, 0xee, 0x58, 0xee, 0x58, 0xee, 0x59, 
	0xf6, 0x59, 0xf6, 0x57, 0xf6, 0x17, 0xf6, 0x17, 
	0xf6, 0x17, 0xee, 0x17, 0xee, 0x17, 0xee, 0x17, 
	0xee, 0x17, 0xee, 0x17, 0xee, 0x17, 0xee, 0x17, 
	0xee, 0x15, 0xee, 0x15, 0xee, 0x15, 0xee, 0x15, 
	0xee, 0x15, 0xee, 0x15, 0xee, 0x15, 0xee, 0x15, 
	0xee, 0x15, 0xee, 0x17, 0xee, 0x56, 0xee, 0x56, 
	0x00, 0x00, 0x00, 0x00, 0x00, 0x00, 0x00, 0x00, 
	0x00, 0x00, 0xee, 0xa0, 0xee, 0xa2, 0xee, 0xa1, 
	0xee, 0x57, 0xf6, 0x57, 0xf6, 0x17, 0xf6, 0x17, 
	0xf6, 0x17, 0xee, 0x17, 0xee, 0x17, 0xee, 0x17, 
	0xee, 0x17, 0xee, 0x17, 0xee, 0x17, 0xee, 0x17, 
	0xee, 0x17, 0xee, 0x15, 0xee, 0x15, 0xee, 0x15, 
	0xee, 0x15, 0xee, 0x15, 0xee, 0x15, 0xee, 0x15, 
	0xee, 0x15, 0xee, 0x15, 0xee, 0x58, 0xee, 0x9c, 
	0xee, 0x5a, 0x00, 0x00, 0x00, 0x00, 0x00, 0x00, 
	0x00, 0x00, 0xee, 0x5a, 0xe6, 0x9c, 0xee, 0x5a, 
	0xee, 0x57, 0xf6, 0x57, 0xf6, 0x17, 0xf6, 0x17, 
	0xf6, 0x17, 0xee, 0x17, 0xee, 0x17, 0xee, 0x17, 
	0xee, 0x17, 0xee, 0x17, 0xee, 0x17, 0xee, 0x15, 
	0xee, 0x15, 0xee, 0x17, 0xee, 0x15, 0xf6, 0x15, 
	0xee, 0x15, 0xee, 0x15, 0xee, 0x15, 0xee, 0x15, 
	0xee, 0x15, 0xee, 0x15, 0xee, 0x17, 0xee, 0x58, 
	0xee, 0x10, 0xd7, 0xfe, 0x00, 0x00, 0x00, 0x00, 
	0x00, 0x00, 0xee, 0x9e, 0xd7, 0x6e, 0xee, 0x5c, 
	0xee, 0x59, 0xf6, 0x57, 0xee, 0x57, 0xf6, 0x17, 
	0xee, 0x17, 0xee, 0x17, 0xee, 0x17, 0xee, 0x17, 
	0xee, 0x17, 0xee, 0x17, 0xee, 0x17, 0xee, 0x17, 
	0xee, 0x17, 0xee, 0x15, 0xee, 0x15, 0xee, 0x15, 
	0xee, 0x15, 0xee, 0x15, 0xee, 0x15, 0xee, 0x15, 
	0xee, 0x15, 0xee, 0x15, 0xee, 0x15, 0xee, 0x58, 
	0xee, 0x9c, 0xee, 0x5a, 0x00, 0x00, 0x00, 0x00, 
	0x00, 0x00, 0xdf, 0x36, 0xee, 0x06, 0xee, 0xa2, 
	0xee, 0x59, 0xf6, 0x59, 0xf6, 0x17, 0xee, 0x17, 
	0xee, 0x17, 0xee, 0x17, 0xee, 0x17, 0xee, 0x17, 
	0xee, 0x17, 0xee, 0x17, 0xee, 0x17, 0xee, 0x17, 
	0xee, 0x17, 0xee, 0x17, 0xee, 0x15, 0xee, 0x15, 
	0xee, 0x15, 0xee, 0x15, 0xee, 0x15, 0xee, 0x15, 
	0xee, 0x15, 0xee, 0x15, 0xee, 0x15, 0xee, 0x17, 
	0xee, 0x56, 0xee, 0x16, 0x00, 0x00, 0x00, 0x00, 
	0x00, 0x00, 0x00, 0x00, 0xee, 0x5a, 0xee, 0x5a, 
	0xee, 0x5b, 0xf6, 0x59, 0xf6, 0x17, 0xee, 0x17, 
	0xee, 0x17, 0xee, 0x17, 0xee, 0x17, 0xee, 0x17, 
	0xee, 0x17, 0xee, 0x17, 0xee, 0x17, 0xee, 0x17, 
	0xee, 0x17, 0xee, 0x17, 0xee, 0x15, 0xee, 0x15, 
	0xee, 0x15, 0xee, 0x15, 0xee, 0x15, 0xee, 0x15, 
	0xee, 0x15, 0xee, 0x15, 0xee, 0x15, 0xee, 0x15, 
	0xee, 0x58, 0xee, 0x9c, 0xee, 0x5a, 0x00, 0x00, 
	0x00, 0x00, 0x00, 0x00, 0xee, 0x5a, 0xee, 0x5c, 
	0xee, 0x5a, 0xee, 0x59, 0xf6, 0x17, 0xee, 0x17, 
	0xee, 0x17, 0xee, 0x17, 0xee, 0x17, 0xee, 0x17, 
	0xee, 0x17, 0xee, 0x17, 0xee, 0x17, 0xee, 0x17, 
	0xee, 0x17, 0xee, 0x17, 0xee, 0x17, 0xee, 0x15, 
	0xee, 0x15, 0xee, 0x15, 0xee, 0x15, 0xee, 0x15, 
	0xee, 0x15, 0xee, 0x15, 0xee, 0x15, 0xee, 0x15, 
	0xee, 0x17, 0xee, 0x60, 0xed, 0xc8, 0x00, 0x00, 
	0x00, 0x00, 0x00, 0x00, 0xee, 0x5c, 0xe6, 0xa0, 
	0xee, 0x5a, 0xee, 0x57, 0xee, 0x17, 0xee, 0x17, 
	0xee, 0x17, 0xee, 0x17, 0xee, 0x17, 0xee, 0x17, 
	0xee, 0x17, 0xee, 0x17, 0xee, 0x17, 0xee, 0x17, 
	0xee, 0x17, 0xee, 0x17, 0xee, 0x17, 0xee, 0x15, 
	0xee, 0x15, 0xee, 0x15, 0xee, 0x15, 0xee, 0x15, 
	0xee, 0x15, 0xee, 0x15, 0xee, 0x15, 0xee, 0x15, 
	0xee, 0x15, 0xee, 0x58, 0xee, 0x5a, 0x00, 0x00, 
	0x00, 0x00, 0x00, 0x00, 0xe6, 0xa2, 0xfd, 0x40, 
	0xee, 0x5c, 0xee, 0x59, 0xee, 0x17, 0xee, 0x17, 
	0xee, 0x17, 0xee, 0x17, 0xee, 0x17, 0xee, 0x17, 
	0xee, 0x17, 0xee, 0x17, 0xee, 0x17, 0xee, 0x17, 
	0xee, 0x17, 0xee, 0x17, 0xee, 0x17, 0xee, 0x15, 
	0xee, 0x15, 0xee, 0x15, 0xee, 0x15, 0xee, 0x15, 
	0xee, 0x15, 0xee, 0x15, 0xee, 0x15, 0xee, 0x15, 
	0xe5, 0xd5, 0xe6, 0x17, 0xe6, 0x16, 0x00, 0x00, 
	0x00, 0x00, 0x00, 0x00, 0x00, 0x00, 0xee, 0x5a, 
	0xee, 0x5a, 0xee, 0x5b, 0xee, 0x19, 0xee, 0x19, 
	0xee, 0x17, 0xee, 0x19, 0xee, 0x17, 0xee, 0x17, 
	0xee, 0x17, 0xee, 0x17, 0xee, 0x17, 0xee, 0x17, 
	0xee, 0x17, 0xee, 0x17, 0xee, 0x17, 0xee, 0x15, 
	0xee, 0x15, 0xee, 0x15, 0xee, 0x15, 0xe5, 0xd5, 
	0xe5, 0xd5, 0xe5, 0xd5, 0xdd, 0xd5, 0xdd, 0xd6, 
	0xdd, 0x98, 0xd5, 0x9e, 0xfd, 0xc0, 0x00, 0x00, 
	0x00, 0x00, 0x00, 0x00, 0x00, 0x00, 0xe6, 0x5c, 
	0xe6, 0x5e, 0xe6, 0x5d, 0xee, 0x19, 0xee, 0x19, 
	0xee, 0x19, 0xee, 0x19, 0xee, 0x19, 0xee, 0x17, 
	0xee, 0x17, 0xee, 0x17, 0xee, 0x17, 0xee, 0x17, 
	0xee, 0x17, 0xee, 0x15, 0xee, 0x15, 0xee, 0x17, 
	0xe5, 0xd7, 0xe5, 0xd5, 0xe5, 0xdb, 0xdd, 0xd8, 
	0xdd, 0x96, 0xcd, 0x60, 0xfe, 0x40, 0xac, 0xee, 
	0x00, 0x00, 0x00, 0x00, 0x00, 0x00, 0x00, 0x00, 
	0x00, 0x00, 0x00, 0x00, 0x00, 0x00, 0xee, 0x5c, 
	0xe6, 0x60, 0xee, 0x5c, 0xee, 0x19, 0xee, 0x19, 
	0xee, 0x19, 0xee, 0x19, 0xee, 0x19, 0xee, 0x17, 
	0xee, 0x17, 0xee, 0x17, 0xee, 0x17, 0xe5, 0xd7, 
	0xe5, 0xd7, 0xe5, 0xd5, 0xdd, 0x95, 0xdd, 0x96, 
	0xdd, 0x9a, 0xcd, 0x5e, 0xd5, 0x9c, 0x00, 0x00, 
	0x00, 0x00, 0x00, 0x00, 0x00, 0x00, 0x00, 0x00, 
	0x00, 0x00, 0x00, 0x00, 0x00, 0x00, 0x00, 0x00, 
	0x00, 0x00, 0x00, 0x00, 0x00, 0x00, 0xe6, 0x60, 
	0xd7, 0x32, 0xee, 0x5c, 0xee, 0x19, 0xee, 0x19, 
	0xee, 0x19, 0xee, 0x19, 0xee, 0x17, 0xee, 0x17, 
	0xe5, 0xd7, 0xe5, 0xd9, 0xe6, 0x1c, 0xdd, 0x94, 
	0xd5, 0x9a, 0xff, 0xc0, 0xb5, 0x24, 0x00, 0x00, 
	0x00, 0x00, 0x00, 0x00, 0x00, 0x00, 0x00, 0x00, 
	0x00, 0x00, 0x00, 0x00, 0x00, 0x00, 0x00, 0x00, 
	0x00, 0x00, 0x00, 0x00, 0x00, 0x00, 0x00, 0x00, 
	0x00, 0x00, 0x00, 0x00, 0x00, 0x00, 0xe6, 0xf2, 
	0xee, 0x00, 0xe6, 0x60, 0xee, 0x19, 0xee, 0x19, 
	0xe5, 0xd7, 0xe5, 0xd7, 0xe5, 0xd6, 0xdd, 0xd6, 
	0xd5, 0x9a, 0xdd, 0x98, 0x00, 0x00, 0x00, 0x00, 
	0x00, 0x00, 0x00, 0x00, 0x00, 0x00, 0x00, 0x00, 
	0x00, 0x00, 0x00, 0x00, 0x00, 0x00, 0x00, 0x00, 
	0x00, 0x00, 0x00, 0x00, 0x00, 0x00, 0x00, 0x00, 
	0x00, 0x00, 0x00, 0x00, 0x00, 0x00, 0x00, 0x00, 
	0x00, 0x00, 0x00, 0x00, 0x00, 0x00, 0x00, 0x00, 
	0xe6, 0x1a, 0xe6, 0x1a, 0xe6, 0x1a, 0xdd, 0xd8, 
	0x00, 0x3e, 0xbd, 0x64, 0x00, 0x00, 0x00, 0x00, 
	0x00, 0x00, 0x00, 0x00, 0x00, 0x00, 0x00, 0x00, 
	0x00, 0x00, 0x00, 0x00, 0x00, 0x00, 0x00, 0x00, 
	0x00, 0x00, 0x00, 0x00, 0x00, 0x00, 0x00, 0x00, 
	0x00, 0x00, 0x00, 0x00, 0x00, 0x00, 0x00, 0x00, 
	0x00, 0x00, 0x00, 0x00, 0x00, 0x00, 0x00, 0x00, 
	0x00, 0x00, 0x00, 0x00, 0x00, 0x00, 0x00, 0x00, 
	0x00, 0x00, 0x00, 0x00, 0x00, 0x00, 0x00, 0x00, 
	0x00, 0x00, 0x00, 0x00, 0x00, 0x00, 0x00, 0x00, 
	0x00, 0x00, 0x00, 0x00, 0x00, 0x00, 0x00, 0x00, 
	0x00, 0x00, 0x00, 0x00, 0x00, 0x00, 0x00, 0x00, 
	0x00, 0x00, 0x00, 0x00, 0x00, 0x00, 0x00, 0x00, 
	0x00, 0x00, 0x00, 0x00, 0x00, 0x00, 0x00, 0x00, 
	0x00, 0x00, 0x00, 0x00, 0x00, 0x00, 0x00, 0x00, 
	0x00, 0x00, 0x00, 0x00, 0x00, 0x00, 0x00, 0x00, 
	0x00, 0x00, 0x00, 0x00, 0x00, 0x00, 0x00, 0x00, 
	0x00, 0x00, 0x00, 0x00, 0x00, 0x00, 0x00, 0x00, 
	0x00, 0x00, 0x00, 0x00, 0x00, 0x00, 0x00, 0x00, 
	0x00, 0x00, 0x00, 0x00, 0x00, 0x00, 0x00, 0x00, 
	0x00, 0x00, 0x00, 0x00, 0x00, 0x00, 0x00, 0x00, 
	0x00, 0x00, 0x00, 0x00, 0x00, 0x00, 0x00, 0x00, 
	0x00, 0x00, 0x00, 0x00, 0x00, 0x00, 0x00, 0x00, 
	0x00, 0x00, 0x00, 0x00, 0x00, 0x00, 0x00, 0x00, 
	0x00, 0x00, 0x00, 0x00, 0x00, 0x00, 0x00, 0x00, 
	0x00, 0x00, 0x00, 0x00, 0x00, 0x00, 0x00, 0x00, 
	0x00, 0x00, 0x00, 0x00, 0x00, 0x00, 0x00, 0x00, 
	0x00, 0x00, 0x00, 0x00, 0x00, 0x00, 0x00, 0x00, 
	0x00, 0x00, 0x00, 0x00, 0x00, 0x00, 0x00, 0x00, 
	0x00, 0x00, 0x00, 0x00, 0x00, 0x00, 0x00, 0x00, 
	0x00, 0x00, 0x00, 0x00, 0x00, 0x00, 0x00, 0x00, 
	0x00, 0x00, 0x00, 0x00, 0x00, 0x00, 0x00, 0x00, 
	0x00, 0x00, 0x00, 0x00, 0x00, 0x00, 0x00, 0x00, 
	0x00, 0x00, 0x00, 0x00, 0x00, 0x00, 0x00, 0x00, 
	0x00, 0x00, 0x00, 0x00, 0x00, 0x00, 0x00, 0x00, 
	0x00, 0x00, 0x00, 0x00, 0x00, 0x00, 0x00, 0x00, 
	0x00, 0x00, 0x00, 0x00, 0x00, 0x00, 0x00, 0x00, 
	0x00, 0x00, 0x00, 0x00, 0x00, 0x00, 0x00, 0x00, 
	0x00, 0x00, 0x00, 0x00, 0x00, 0x00, 0x00, 0x00, 
	
};

Texture ingredients_unchopped_meat_raw_rgba16[] = {
	0x00, 0x00, 0x00, 0x00, 0x00, 0x00, 0x00, 0x00, 
	0x00, 0x00, 0x00, 0x00, 0x00, 0x00, 0x00, 0x00, 
	0x00, 0x00, 0x00, 0x00, 0x00, 0x00, 0x00, 0x00, 
	0x00, 0x00, 0x00, 0x00, 0x00, 0x00, 0x00, 0x00, 
	0x00, 0x00, 0x00, 0x00, 0x00, 0x00, 0x00, 0x00, 
	0x00, 0x00, 0x00, 0x00, 0x00, 0x00, 0x00, 0x00, 
	0x00, 0x00, 0x00, 0x00, 0x00, 0x00, 0x00, 0x00, 
	0x00, 0x00, 0x00, 0x00, 0x00, 0x00, 0x00, 0x00, 
	0x00, 0x00, 0x00, 0x00, 0x00, 0x00, 0x00, 0x00, 
	0x00, 0x00, 0x00, 0x00, 0x00, 0x00, 0x00, 0x00, 
	0x00, 0x00, 0x00, 0x00, 0x00, 0x00, 0x00, 0x00, 
	0x00, 0x00, 0x00, 0x00, 0x00, 0x00, 0x00, 0x00, 
	0x00, 0x00, 0x00, 0x00, 0x00, 0x00, 0x00, 0x00, 
	0x00, 0x00, 0x00, 0x00, 0x00, 0x00, 0x00, 0x00, 
	0x00, 0x00, 0x00, 0x00, 0x00, 0x00, 0x00, 0x00, 
	0x00, 0x00, 0x00, 0x00, 0x00, 0x00, 0x00, 0x00, 
	0x00, 0x00, 0x00, 0x00, 0x00, 0x00, 0x00, 0x00, 
	0x00, 0x00, 0x00, 0x00, 0x00, 0x00, 0x00, 0x00, 
	0x00, 0x00, 0x00, 0x00, 0x00, 0x00, 0x00, 0x00, 
	0x00, 0x00, 0x00, 0x00, 0x00, 0x00, 0x00, 0x00, 
	0x00, 0x00, 0x00, 0x00, 0x00, 0x00, 0x00, 0x00, 
	0x00, 0x00, 0x00, 0x00, 0x00, 0x00, 0x00, 0x00, 
	0x00, 0x00, 0x00, 0x00, 0x00, 0x00, 0x00, 0x00, 
	0x00, 0x00, 0x00, 0x00, 0x00, 0x00, 0x00, 0x00, 
	0x00, 0x00, 0x00, 0x00, 0x00, 0x00, 0x00, 0x00, 
	0x00, 0x00, 0x00, 0x00, 0x00, 0x00, 0x00, 0x00, 
	0x00, 0x00, 0x00, 0x00, 0x00, 0x00, 0x00, 0x00, 
	0x00, 0x00, 0x00, 0x00, 0x00, 0x00, 0x00, 0x00, 
	0x00, 0x00, 0x00, 0x00, 0x00, 0x00, 0x00, 0x00, 
	0x00, 0x00, 0x00, 0x00, 0x00, 0x00, 0x00, 0x00, 
	0x00, 0x00, 0x00, 0x00, 0x00, 0x00, 0x00, 0x00, 
	0x00, 0x00, 0x00, 0x00, 0x00, 0x00, 0x00, 0x00, 
	0x00, 0x00, 0x00, 0x00, 0x00, 0x00, 0x00, 0x00, 
	0x00, 0x00, 0x00, 0x00, 0x00, 0x00, 0x00, 0x00, 
	0x00, 0x00, 0x00, 0x00, 0x00, 0x00, 0x00, 0x00, 
	0x00, 0x00, 0x00, 0x00, 0x00, 0x00, 0x00, 0x00, 
	0x00, 0x00, 0x00, 0x00, 0x00, 0x00, 0x00, 0x00, 
	0x00, 0x00, 0x00, 0x00, 0x00, 0x00, 0x00, 0x00, 
	0x00, 0x00, 0x00, 0x00, 0x00, 0x00, 0x00, 0x00, 
	0x00, 0x00, 0x00, 0x00, 0x00, 0x00, 0x00, 0x00, 
	0x00, 0x00, 0x00, 0x00, 0x00, 0x00, 0x00, 0x00, 
	0x00, 0x00, 0x00, 0x00, 0x00, 0x00, 0x00, 0x00, 
	0x00, 0x00, 0x00, 0x00, 0x00, 0x00, 0x00, 0x00, 
	0x00, 0x00, 0x00, 0x00, 0x00, 0x00, 0x00, 0x00, 
	0x00, 0x00, 0x00, 0x00, 0x00, 0x00, 0x00, 0x00, 
	0x00, 0x00, 0x00, 0x00, 0x00, 0x00, 0x00, 0x00, 
	0x00, 0x00, 0x00, 0x00, 0x00, 0x00, 0x00, 0x00, 
	0x00, 0x00, 0x00, 0x00, 0x00, 0x00, 0x00, 0x00, 
	0x00, 0x00, 0x00, 0x00, 0x00, 0x00, 0x00, 0x00, 
	0x00, 0x00, 0x00, 0x00, 0x00, 0x00, 0x00, 0x00, 
	0x00, 0x00, 0x00, 0x00, 0x00, 0x00, 0x00, 0x00, 
	0x00, 0x00, 0x00, 0x00, 0x00, 0x00, 0x00, 0x00, 
	0x00, 0x00, 0x00, 0x00, 0x00, 0x00, 0x00, 0x00, 
	0x00, 0x00, 0x00, 0x00, 0x00, 0x00, 0x00, 0x00, 
	0x00, 0x00, 0x00, 0x00, 0x00, 0x00, 0x00, 0x00, 
	0x00, 0x00, 0x00, 0x00, 0x00, 0x00, 0x00, 0x00, 
	0x00, 0x00, 0x00, 0x00, 0x00, 0x00, 0x00, 0x00, 
	0x00, 0x00, 0x00, 0x00, 0x00, 0x00, 0x00, 0x00, 
	0x00, 0x00, 0x00, 0x00, 0x00, 0x00, 0x00, 0x00, 
	0x00, 0x00, 0x00, 0x00, 0x00, 0x00, 0x00, 0x00, 
	0x00, 0x00, 0x00, 0x00, 0x00, 0x00, 0x00, 0x00, 
	0x00, 0x00, 0xef, 0x38, 0xef, 0xfe, 0x00, 0x00, 
	0x00, 0x00, 0x00, 0x00, 0x00, 0x00, 0x00, 0x00, 
	0x00, 0x00, 0x00, 0x00, 0x00, 0x00, 0x00, 0x00, 
	0x00, 0x00, 0x00, 0x00, 0x00, 0x00, 0x00, 0x00, 
	0x00, 0x00, 0x00, 0x00, 0x00, 0x00, 0x00, 0x00, 
	0x00, 0x00, 0x00, 0x00, 0x00, 0x00, 0x00, 0x00, 
	0x00, 0x00, 0xff, 0xfe, 0xf7, 0x7a, 0xe6, 0xf6, 
	0xde, 0x74, 0xe7, 0x38, 0xef, 0xfe, 0xe6, 0xb6, 
	0xe6, 0x73, 0xee, 0xb5, 0xf6, 0xb5, 0xee, 0x73, 
	0xf5, 0xaa, 0xf6, 0x2e, 0x00, 0x00, 0x00, 0x00, 
	0x00, 0x00, 0x00, 0x00, 0x00, 0x00, 0x00, 0x00, 
	0x00, 0x00, 0x00, 0x00, 0x00, 0x00, 0x00, 0x00, 
	0x00, 0x00, 0x00, 0x00, 0x00, 0x00, 0x00, 0x00, 
	0x00, 0x00, 0xee, 0xb6, 0xee, 0xf8, 0xee, 0xf7, 
	0xe6, 0x75, 0xd5, 0x2d, 0xdd, 0x6d, 0xdc, 0xe9, 
	0xd4, 0xa9, 0xd4, 0xe9, 0xdc, 0x65, 0xd4, 0x65, 
	0xd4, 0xa7, 0xd4, 0x67, 0xd4, 0x25, 0xd4, 0x23, 
	0xd4, 0x25, 0xd4, 0x25, 0xdc, 0xa9, 0xe6, 0x32, 
	0x00, 0x00, 0x00, 0x00, 0x00, 0x00, 0x00, 0x00, 
	0x00, 0x00, 0x00, 0x00, 0x00, 0x00, 0x00, 0x00, 
	0x00, 0x00, 0x00, 0x00, 0x00, 0x00, 0xf7, 0x38, 
	0xe6, 0xb5, 0xee, 0xf7, 0xee, 0xf7, 0xdd, 0xb1, 
	0xe5, 0xf3, 0xd4, 0xa9, 0xd4, 0xa9, 0xd4, 0x67, 
	0xdc, 0xa7, 0xcc, 0x25, 0xdd, 0x2b, 0xdd, 0x29, 
	0xd4, 0xa7, 0xdc, 0xa9, 0xd3, 0xe1, 0xd3, 0xa1, 
	0xd3, 0x9f, 0xd3, 0x9f, 0xed, 0xef, 0xdd, 0x6b, 
	0xe5, 0x2a, 0x00, 0x00, 0x00, 0x00, 0x00, 0x00, 
	0x00, 0x00, 0x00, 0x00, 0x00, 0x00, 0x00, 0x00, 
	0x00, 0x00, 0xff, 0xfe, 0xee, 0x33, 0xdd, 0x6d, 
	0xd3, 0x9d, 0xdd, 0xaf, 0xdd, 0xf1, 0xdd, 0xf1, 
	0xdd, 0xb1, 0xd4, 0xeb, 0xd4, 0xeb, 0xd4, 0xeb, 
	0xcc, 0x25, 0xd4, 0x65, 0xcb, 0xe3, 0xd4, 0x65, 
	0xcb, 0x5b, 0xdd, 0x29, 0xe4, 0x65, 0xd3, 0x5d, 
	0xd3, 0x5d, 0xdc, 0x65, 0xd3, 0x9f, 0xc2, 0xd9, 
	0xca, 0xdb, 0xe5, 0xef, 0xf7, 0xfe, 0x00, 0x00, 
	0x00, 0x00, 0x00, 0x00, 0x00, 0x00, 0x00, 0x00, 
	0x00, 0x00, 0xcb, 0xe1, 0xc2, 0xdb, 0xa2, 0x97, 
	0xaa, 0x57, 0xb2, 0x99, 0xcb, 0xe3, 0xd4, 0x65, 
	0xbb, 0xa1, 0xd4, 0x65, 0xdd, 0x2b, 0xbb, 0x1d, 
	0xc3, 0x5d, 0xcb, 0x1d, 0xbb, 0x1b, 0xbb, 0x1d, 
	0xbb, 0x1d, 0xc3, 0xe1, 0xdc, 0xe5, 0xdc, 0x23, 
	0xca, 0xdb, 0xba, 0x99, 0xaa, 0x15, 0xaa, 0x13, 
	0xc3, 0x1d, 0xee, 0xb5, 0xee, 0xb5, 0x00, 0x00, 
	0x00, 0x00, 0x00, 0x00, 0xd5, 0xb0, 0xe6, 0x33, 
	0xed, 0xad, 0xb2, 0x99, 0x92, 0x99, 0xcb, 0xdf, 
	0x9a, 0x13, 0x92, 0x15, 0xa2, 0x97, 0xd4, 0x65, 
	0xd4, 0xa9, 0xb2, 0x55, 0x78, 0x89, 0xa2, 0x13, 
	0xd5, 0x29, 0xd5, 0x29, 0xcb, 0x9f, 0xc2, 0x99, 
	0xaa, 0x57, 0xb2, 0x97, 0xba, 0xd9, 0xc3, 0x1d, 
	0xdc, 0x23, 0xd3, 0x1b, 0xdc, 0xa5, 0xe5, 0xef, 
	0xee, 0x71, 0xee, 0xb5, 0xee, 0xf7, 0x00, 0x00, 
	0x00, 0x00, 0xdc, 0xe8, 0xd3, 0x9f, 0xe4, 0xe5, 
	0xcb, 0xdd, 0x82, 0x55, 0x71, 0xd1, 0xaa, 0xd9, 
	0x89, 0x8f, 0x69, 0xd1, 0x9a, 0xd9, 0xaa, 0xdb, 
	0xc2, 0xd9, 0xb2, 0x99, 0xa2, 0x97, 0x68, 0xcb, 
	0x9a, 0x55, 0x9a, 0x55, 0x9a, 0x15, 0xa2, 0x13, 
	0xaa, 0x57, 0xd5, 0x29, 0xc2, 0xd9, 0xb2, 0x15, 
	0xcb, 0x9f, 0xd3, 0x5d, 0xe4, 0x65, 0xe5, 0xef, 
	0xe5, 0x6b, 0xee, 0x2f, 0x00, 0x00, 0x00, 0x00, 
	0x00, 0x00, 0xcd, 0x29, 0xbb, 0xa1, 0xa1, 0xd1, 
	0x8a, 0x13, 0x92, 0x55, 0x8a, 0x55, 0x71, 0xd1, 
	0x92, 0x13, 0x82, 0x15, 0x72, 0x13, 0x8a, 0x55, 
	0xa2, 0x15, 0xb2, 0x57, 0xd4, 0xa5, 0xa2, 0x57, 
	0x71, 0x0b, 0xb2, 0xdb, 0xcb, 0x9d, 0xb2, 0x97, 
	0xc3, 0x9f, 0xcb, 0x5d, 0xaa, 0x15, 0xaa, 0xdb, 
	0xd4, 0xe9, 0xd4, 0xe7, 0xbb, 0xe1, 0xcb, 0x5f, 
	0xcb, 0x5f, 0xdc, 0xa6, 0x00, 0x00, 0x00, 0x00, 
	0x00, 0x00, 0xb3, 0xe0, 0x9b, 0x1b, 0x9a, 0x55, 
	0x92, 0x13, 0x92, 0x55, 0x8a, 0x95, 0x7a, 0x13, 
	0x81, 0xd1, 0x8a, 0x55, 0x92, 0x99, 0x92, 0x97, 
	0x8a, 0x97, 0xaa, 0xdb, 0x9a, 0x57, 0x8a, 0x13, 
	0x9a, 0x57, 0x68, 0xc9, 0x92, 0x55, 0x89, 0xd3, 
	0x9a, 0x97, 0xa2, 0x13, 0xa2, 0x55, 0xdc, 0x21, 
	0xb3, 0x5d, 0x99, 0xd3, 0xcb, 0x9d, 0xc3, 0x5f, 
	0xcb, 0xdf, 0x00, 0x00, 0x00, 0x00, 0x00, 0x00, 
	0x00, 0x00, 0xbc, 0xa6, 0xa2, 0x99, 0xbb, 0xe1, 
	0xa2, 0x55, 0x92, 0x99, 0x82, 0x55, 0x92, 0x97, 
	0x82, 0x15, 0x92, 0x57, 0x79, 0x8f, 0x81, 0xd1, 
	0x71, 0xd3, 0x82, 0x15, 0xb2, 0x57, 0xaa, 0x99, 
	0xcc, 0xe7, 0x79, 0xd1, 0x71, 0x0b, 0x92, 0x13, 
	0x99, 0xd3, 0xa2, 0x15, 0xaa, 0x97, 0xb3, 0x1b, 
	0xb2, 0x97, 0xc2, 0xd9, 0xd4, 0x23, 0xdc, 0xe7, 
	0xf6, 0xb2, 0x00, 0x00, 0x00, 0x00, 0x00, 0x00, 
	0x00, 0x00, 0x00, 0x00, 0xbb, 0xe0, 0xd4, 0xa5, 
	0xbb, 0x9d, 0x92, 0x95, 0x9a, 0xd9, 0xab, 0x5d, 
	0x82, 0x57, 0x82, 0x13, 0x92, 0x13, 0x9a, 0xdb, 
	0x8a, 0x55, 0x81, 0xd1, 0x82, 0x13, 0xcb, 0x9f, 
	0xa2, 0xdb, 0x9a, 0x99, 0xaa, 0x55, 0xaa, 0x15, 
	0xa2, 0x15, 0xc3, 0x9f, 0xb2, 0x97, 0xba, 0xd9, 
	0xdc, 0x21, 0xcb, 0x9f, 0xe5, 0xad, 0x00, 0x00, 
	0x00, 0x00, 0x00, 0x00, 0x00, 0x00, 0x00, 0x00, 
	0x00, 0x00, 0x00, 0x00, 0x00, 0x00, 0xc3, 0x9e, 
	0xbc, 0x23, 0xa2, 0x97, 0xa2, 0xd9, 0xab, 0x5d, 
	0x8a, 0x97, 0x7a, 0x55, 0x79, 0xd3, 0x8a, 0x57, 
	0x82, 0x55, 0x79, 0x91, 0x69, 0x4f, 0xaa, 0x55, 
	0xa2, 0x97, 0x92, 0x15, 0x99, 0xd3, 0xa2, 0x99, 
	0xb2, 0x99, 0xba, 0x99, 0xdc, 0x21, 0xd4, 0xe7, 
	0xc3, 0x9f, 0xd4, 0xe6, 0x00, 0x00, 0x00, 0x00, 
	0x00, 0x00, 0x00, 0x00, 0x00, 0x00, 0x00, 0x00, 
	0x00, 0x00, 0x00, 0x00, 0x00, 0x00, 0x00, 0x00, 
	0x00, 0x00, 0x48, 0x04, 0xb3, 0xe1, 0xbb, 0xdf, 
	0x82, 0x15, 0x7a, 0x13, 0x92, 0x99, 0x92, 0x57, 
	0x79, 0xd3, 0x79, 0xd1, 0x79, 0x8f, 0x69, 0x4f, 
	0xd3, 0x9f, 0xba, 0x97, 0xa2, 0x57, 0xaa, 0x97, 
	0xa2, 0x55, 0xaa, 0x13, 0xb2, 0x97, 0xc3, 0x5d, 
	0xd4, 0x62, 0x00, 0x00, 0x00, 0x00, 0x00, 0x00, 
	0x00, 0x00, 0x00, 0x00, 0x00, 0x00, 0x00, 0x00, 
	0x00, 0x00, 0x00, 0x00, 0x00, 0x00, 0x00, 0x00, 
	0x00, 0x00, 0x00, 0x00, 0x00, 0x00, 0xde, 0x31, 
	0x9a, 0x97, 0x82, 0x55, 0x9b, 0x1b, 0x82, 0x13, 
	0x82, 0x55, 0x92, 0x55, 0x81, 0x91, 0x89, 0x91, 
	0xcb, 0xe1, 0xe4, 0xe5, 0xbb, 0x1b, 0x9a, 0x13, 
	0xaa, 0x55, 0xaa, 0x97, 0xbb, 0x9d, 0xd5, 0x28, 
	0x00, 0x00, 0x00, 0x00, 0x00, 0x00, 0x00, 0x00, 
	0x00, 0x00, 0x00, 0x00, 0x00, 0x00, 0x00, 0x00, 
	0x00, 0x00, 0x00, 0x00, 0x00, 0x00, 0x00, 0x00, 
	0x00, 0x00, 0x00, 0x00, 0x00, 0x00, 0x00, 0x00, 
	0xa3, 0xe0, 0x9a, 0xd9, 0x82, 0x55, 0x79, 0x91, 
	0x8a, 0x55, 0x82, 0x55, 0x9a, 0x55, 0x91, 0xd1, 
	0xaa, 0x13, 0xb2, 0xd9, 0xa2, 0x13, 0xaa, 0x55, 
	0xb3, 0x5d, 0xb3, 0xde, 0x00, 0x00, 0x00, 0x00, 
	0x00, 0x00, 0x00, 0x00, 0x00, 0x00, 0x00, 0x00, 
	0x00, 0x00, 0x00, 0x00, 0x00, 0x00, 0x00, 0x00, 
	0x00, 0x00, 0x00, 0x00, 0x00, 0x00, 0x00, 0x00, 
	0x00, 0x00, 0x00, 0x00, 0x00, 0x00, 0x00, 0x00, 
	0x00, 0x00, 0x9b, 0xde, 0x82, 0x99, 0x92, 0x57, 
	0x92, 0x99, 0x7a, 0x15, 0x8a, 0x57, 0x9a, 0x13, 
	0x9a, 0x13, 0xa2, 0x55, 0xa2, 0x97, 0xb3, 0x9e, 
	0x00, 0x00, 0x00, 0x00, 0x00, 0x00, 0x00, 0x00, 
	0x00, 0x00, 0x00, 0x00, 0x00, 0x00, 0x00, 0x00, 
	0x00, 0x00, 0x00, 0x00, 0x00, 0x00, 0x00, 0x00, 
	0x00, 0x00, 0x00, 0x00, 0x00, 0x00, 0x00, 0x00, 
	0x00, 0x00, 0x00, 0x00, 0x00, 0x00, 0x00, 0x00, 
	0x00, 0x00, 0x00, 0x00, 0x00, 0x00, 0xab, 0x9e, 
	0x82, 0x55, 0x71, 0xd3, 0x7a, 0x15, 0x92, 0x55, 
	0xa2, 0x97, 0xa2, 0x55, 0xb3, 0x9e, 0x00, 0x00, 
	0x00, 0x00, 0x00, 0x00, 0x00, 0x00, 0x00, 0x00, 
	0x00, 0x00, 0x00, 0x00, 0x00, 0x00, 0x00, 0x00, 
	0x00, 0x00, 0x00, 0x00, 0x00, 0x00, 0x00, 0x00, 
	0x00, 0x00, 0x00, 0x00, 0x00, 0x00, 0x00, 0x00, 
	0x00, 0x00, 0x00, 0x00, 0x00, 0x00, 0x00, 0x00, 
	0x00, 0x00, 0x00, 0x00, 0x00, 0x00, 0x00, 0x00, 
	0x00, 0x00, 0x7a, 0x54, 0x72, 0x52, 0xa3, 0x5a, 
	0xbb, 0xe0, 0x00, 0x00, 0x00, 0x00, 0x00, 0x00, 
	0x00, 0x00, 0x00, 0x00, 0x00, 0x00, 0x00, 0x00, 
	0x00, 0x00, 0x00, 0x00, 0x00, 0x00, 0x00, 0x00, 
	0x00, 0x00, 0x00, 0x00, 0x00, 0x00, 0x00, 0x00, 
	0x00, 0x00, 0x00, 0x00, 0x00, 0x00, 0x00, 0x00, 
	0x00, 0x00, 0x00, 0x00, 0x00, 0x00, 0x00, 0x00, 
	0x00, 0x00, 0x00, 0x00, 0x00, 0x00, 0x00, 0x00, 
	0x00, 0x00, 0x00, 0x00, 0x00, 0x00, 0x00, 0x00, 
	0x00, 0x00, 0x00, 0x00, 0x00, 0x00, 0x00, 0x00, 
	0x00, 0x00, 0x00, 0x00, 0x00, 0x00, 0x00, 0x00, 
	0x00, 0x00, 0x00, 0x00, 0x00, 0x00, 0x00, 0x00, 
	0x00, 0x00, 0x00, 0x00, 0x00, 0x00, 0x00, 0x00, 
	0x00, 0x00, 0x00, 0x00, 0x00, 0x00, 0x00, 0x00, 
	0x00, 0x00, 0x00, 0x00, 0x00, 0x00, 0x00, 0x00, 
	0x00, 0x00, 0x00, 0x00, 0x00, 0x00, 0x00, 0x00, 
	0x00, 0x00, 0x00, 0x00, 0x00, 0x00, 0x00, 0x00, 
	0x00, 0x00, 0x00, 0x00, 0x00, 0x00, 0x00, 0x00, 
	0x00, 0x00, 0x00, 0x00, 0x00, 0x00, 0x00, 0x00, 
	0x00, 0x00, 0x00, 0x00, 0x00, 0x00, 0x00, 0x00, 
	0x00, 0x00, 0x00, 0x00, 0x00, 0x00, 0x00, 0x00, 
	0x00, 0x00, 0x00, 0x00, 0x00, 0x00, 0x00, 0x00, 
	0x00, 0x00, 0x00, 0x00, 0x00, 0x00, 0x00, 0x00, 
	0x00, 0x00, 0x00, 0x00, 0x00, 0x00, 0x00, 0x00, 
	0x00, 0x00, 0x00, 0x00, 0x00, 0x00, 0x00, 0x00, 
	0x00, 0x00, 0x00, 0x00, 0x00, 0x00, 0x00, 0x00, 
	0x00, 0x00, 0x00, 0x00, 0x00, 0x00, 0x00, 0x00, 
	0x00, 0x00, 0x00, 0x00, 0x00, 0x00, 0x00, 0x00, 
	0x00, 0x00, 0x00, 0x00, 0x00, 0x00, 0x00, 0x00, 
	0x00, 0x00, 0x00, 0x00, 0x00, 0x00, 0x00, 0x00, 
	0x00, 0x00, 0x00, 0x00, 0x00, 0x00, 0x00, 0x00, 
	0x00, 0x00, 0x00, 0x00, 0x00, 0x00, 0x00, 0x00, 
	0x00, 0x00, 0x00, 0x00, 0x00, 0x00, 0x00, 0x00, 
	0x00, 0x00, 0x00, 0x00, 0x00, 0x00, 0x00, 0x00, 
	0x00, 0x00, 0x00, 0x00, 0x00, 0x00, 0x00, 0x00, 
	0x00, 0x00, 0x00, 0x00, 0x00, 0x00, 0x00, 0x00, 
	0x00, 0x00, 0x00, 0x00, 0x00, 0x00, 0x00, 0x00, 
	0x00, 0x00, 0x00, 0x00, 0x00, 0x00, 0x00, 0x00, 
	0x00, 0x00, 0x00, 0x00, 0x00, 0x00, 0x00, 0x00, 
	0x00, 0x00, 0x00, 0x00, 0x00, 0x00, 0x00, 0x00, 
	0x00, 0x00, 0x00, 0x00, 0x00, 0x00, 0x00, 0x00, 
	0x00, 0x00, 0x00, 0x00, 0x00, 0x00, 0x00, 0x00, 
	0x00, 0x00, 0x00, 0x00, 0x00, 0x00, 0x00, 0x00, 
	0x00, 0x00, 0x00, 0x00, 0x00, 0x00, 0x00, 0x00, 
	0x00, 0x00, 0x00, 0x00, 0x00, 0x00, 0x00, 0x00, 
	0x00, 0x00, 0x00, 0x00, 0x00, 0x00, 0x00, 0x00, 
	0x00, 0x00, 0x00, 0x00, 0x00, 0x00, 0x00, 0x00, 
	0x00, 0x00, 0x00, 0x00, 0x00, 0x00, 0x00, 0x00, 
	0x00, 0x00, 0x00, 0x00, 0x00, 0x00, 0x00, 0x00, 
	0x00, 0x00, 0x00, 0x00, 0x00, 0x00, 0x00, 0x00, 
	0x00, 0x00, 0x00, 0x00, 0x00, 0x00, 0x00, 0x00, 
	0x00, 0x00, 0x00, 0x00, 0x00, 0x00, 0x00, 0x00, 
	0x00, 0x00, 0x00, 0x00, 0x00, 0x00, 0x00, 0x00, 
	
};

Texture ingredients_chopped_meat_raw_ci8[] = {
	0x00, 0x00, 0x00, 0x00, 0x00, 0x00, 0x00, 0x00, 
	0x00, 0x00, 0x00, 0x00, 0x00, 0x00, 0x00, 0x00, 
	0x00, 0x00, 0x00, 0x00, 0x00, 0x00, 0x00, 0x00, 
	0x00, 0x00, 0x00, 0x00, 0x00, 0x00, 0x00, 0x00, 
	0x00, 0x00, 0x00, 0x00, 0x00, 0x00, 0x00, 0x00, 
	0x00, 0x00, 0x00, 0x00, 0x00, 0x00, 0x00, 0x00, 
	0x00, 0x00, 0x00, 0x00, 0x00, 0x00, 0x00, 0x00, 
	0x00, 0x00, 0x00, 0x00, 0x00, 0x00, 0x00, 0x00, 
	0x00, 0x00, 0x00, 0x00, 0x00, 0x00, 0x00, 0x00, 
	0x00, 0x00, 0x00, 0x00, 0x00, 0x00, 0x00, 0x00, 
	0x00, 0x00, 0x00, 0x00, 0x00, 0x00, 0x00, 0x00, 
	0x00, 0x00, 0x00, 0x00, 0x00, 0x00, 0x00, 0x00, 
	0x00, 0x00, 0x00, 0x00, 0x00, 0x00, 0x00, 0x00, 
	0x00, 0x00, 0x00, 0x00, 0x00, 0x00, 0x00, 0x00, 
	0x00, 0x00, 0x00, 0x00, 0x00, 0x00, 0x00, 0x00, 
	0x00, 0x00, 0x00, 0x00, 0x00, 0x00, 0x00, 0x00, 
	0x00, 0x00, 0x00, 0x00, 0x00, 0x00, 0x00, 0x00, 
	0x00, 0x00, 0x00, 0x00, 0x00, 0x00, 0x00, 0x00, 
	0x00, 0x00, 0x00, 0x00, 0x00, 0x00, 0x00, 0x00, 
	0x00, 0x00, 0x00, 0x00, 0x00, 0x00, 0x00, 0x00, 
	0x00, 0x00, 0x00, 0x00, 0x00, 0x00, 0x00, 0x00, 
	0x00, 0x00, 0x00, 0x00, 0x00, 0x00, 0x00, 0x00, 
	0x00, 0x00, 0x00, 0x00, 0x00, 0x00, 0x00, 0x00, 
	0x00, 0x00, 0x00, 0x00, 0x00, 0x00, 0x00, 0x00, 
	0x00, 0x00, 0x00, 0x00, 0x00, 0x00, 0x00, 0x00, 
	0x00, 0x00, 0x00, 0x00, 0x00, 0x00, 0x00, 0x00, 
	0x00, 0x00, 0x00, 0x00, 0x00, 0x00, 0x00, 0x00, 
	0x00, 0x00, 0x00, 0x00, 0x00, 0x00, 0x00, 0x00, 
	0x00, 0x00, 0x00, 0x00, 0x00, 0x00, 0x00, 0x00, 
	0x00, 0x00, 0x00, 0x00, 0x00, 0x00, 0x00, 0x01, 
	0x02, 0x03, 0x00, 0x00, 0x00, 0x00, 0x00, 0x00, 
	0x00, 0x00, 0x00, 0x00, 0x00, 0x00, 0x00, 0x00, 
	0x00, 0x00, 0x00, 0x00, 0x00, 0x00, 0x00, 0x04, 
	0x05, 0x06, 0x07, 0x08, 0x09, 0x00, 0x0a, 0x0b, 
	0x0c, 0x0d, 0x02, 0x0a, 0x0c, 0x0e, 0x0f, 0x10, 
	0x00, 0x00, 0x00, 0x00, 0x00, 0x00, 0x00, 0x00, 
	0x00, 0x00, 0x00, 0x00, 0x00, 0x11, 0x12, 0x10, 
	0x03, 0x13, 0x14, 0x13, 0x15, 0x15, 0x04, 0x07, 
	0x01, 0x0d, 0x0c, 0x0a, 0x0c, 0x0d, 0x14, 0x11, 
	0x05, 0x00, 0x00, 0x00, 0x00, 0x00, 0x00, 0x00, 
	0x00, 0x00, 0x00, 0x00, 0x16, 0x15, 0x16, 0x05, 
	0x17, 0x11, 0x04, 0x0d, 0x15, 0x18, 0x19, 0x15, 
	0x01, 0x15, 0x14, 0x0a, 0x11, 0x1a, 0x1b, 0x13, 
	0x1c, 0x13, 0x00, 0x00, 0x00, 0x00, 0x00, 0x00, 
	0x00, 0x00, 0x00, 0x00, 0x14, 0x13, 0x15, 0x03, 
	0x04, 0x1d, 0x14, 0x1e, 0x1f, 0x20, 0x0c, 0x21, 
	0x14, 0x12, 0x10, 0x0c, 0x07, 0x03, 0x1b, 0x13, 
	0x13, 0x17, 0x16, 0x00, 0x00, 0x00, 0x00, 0x00, 
	0x00, 0x00, 0x00, 0x03, 0x0f, 0x13, 0x10, 0x12, 
	0x04, 0x03, 0x22, 0x23, 0x24, 0x0d, 0x25, 0x05, 
	0x1b, 0x26, 0x27, 0x04, 0x07, 0x07, 0x10, 0x18, 
	0x13, 0x11, 0x0d, 0x28, 0x00, 0x00, 0x00, 0x00, 
	0x00, 0x00, 0x16, 0x13, 0x11, 0x15, 0x10, 0x13, 
	0x11, 0x13, 0x17, 0x29, 0x2a, 0x22, 0x05, 0x04, 
	0x04, 0x01, 0x2b, 0x19, 0x2c, 0x13, 0x1b, 0x15, 
	0x2d, 0x08, 0x0d, 0x07, 0x00, 0x00, 0x00, 0x00, 
	0x00, 0x00, 0x03, 0x13, 0x03, 0x13, 0x11, 0x15, 
	0x13, 0x05, 0x0e, 0x2e, 0x2b, 0x22, 0x2f, 0x07, 
	0x05, 0x07, 0x30, 0x25, 0x31, 0x14, 0x14, 0x32, 
	0x14, 0x05, 0x2b, 0x07, 0x00, 0x00, 0x00, 0x00, 
	0x00, 0x00, 0x16, 0x05, 0x05, 0x17, 0x03, 0x13, 
	0x33, 0x16, 0x07, 0x18, 0x29, 0x24, 0x0d, 0x01, 
	0x34, 0x25, 0x0d, 0x25, 0x2c, 0x07, 0x13, 0x29, 
	0x07, 0x05, 0x15, 0x11, 0x00, 0x00, 0x00, 0x00, 
	0x00, 0x00, 0x11, 0x0d, 0x35, 0x07, 0x36, 0x1c, 
	0x13, 0x13, 0x37, 0x0d, 0x2b, 0x1c, 0x38, 0x07, 
	0x1e, 0x39, 0x3a, 0x3b, 0x05, 0x05, 0x05, 0x22, 
	0x3c, 0x26, 0x0d, 0x2c, 0x04, 0x00, 0x00, 0x00, 
	0x00, 0x00, 0x17, 0x15, 0x17, 0x33, 0x15, 0x16, 
	0x05, 0x17, 0x11, 0x11, 0x29, 0x3d, 0x2a, 0x3e, 
	0x3f, 0x25, 0x2c, 0x40, 0x17, 0x41, 0x26, 0x22, 
	0x25, 0x32, 0x05, 0x33, 0x00, 0x00, 0x00, 0x00, 
	0x00, 0x00, 0x20, 0x17, 0x0d, 0x16, 0x03, 0x32, 
	0x05, 0x33, 0x05, 0x0d, 0x33, 0x0d, 0x30, 0x34, 
	0x3c, 0x26, 0x0a, 0x28, 0x1b, 0x29, 0x25, 0x32, 
	0x07, 0x10, 0x05, 0x42, 0x00, 0x00, 0x00, 0x00, 
	0x00, 0x00, 0x00, 0x13, 0x17, 0x17, 0x34, 0x05, 
	0x31, 0x08, 0x33, 0x05, 0x17, 0x2a, 0x0d, 0x22, 
	0x32, 0x43, 0x25, 0x2b, 0x26, 0x2a, 0x05, 0x41, 
	0x05, 0x44, 0x28, 0x3f, 0x00, 0x00, 0x00, 0x00, 
	0x00, 0x00, 0x00, 0x10, 0x17, 0x18, 0x07, 0x05, 
	0x17, 0x0c, 0x19, 0x0d, 0x05, 0x05, 0x2a, 0x22, 
	0x2b, 0x13, 0x45, 0x32, 0x25, 0x22, 0x03, 0x0d, 
	0x46, 0x05, 0x39, 0x00, 0x00, 0x00, 0x00, 0x00, 
	0x00, 0x00, 0x00, 0x00, 0x37, 0x47, 0x46, 0x07, 
	0x11, 0x33, 0x07, 0x07, 0x11, 0x3c, 0x31, 0x48, 
	0x20, 0x49, 0x12, 0x25, 0x31, 0x11, 0x1b, 0x28, 
	0x26, 0x14, 0x4a, 0x00, 0x00, 0x00, 0x00, 0x00, 
	0x00, 0x00, 0x00, 0x00, 0x00, 0x4b, 0x3c, 0x07, 
	0x25, 0x4c, 0x1b, 0x07, 0x03, 0x07, 0x16, 0x4d, 
	0x00, 0x4e, 0x4f, 0x20, 0x15, 0x07, 0x17, 0x17, 
	0x08, 0x06, 0x00, 0x00, 0x00, 0x00, 0x00, 0x00, 
	0x00, 0x00, 0x00, 0x00, 0x00, 0x00, 0x4f, 0x4f, 
	0x50, 0x15, 0x51, 0x2d, 0x17, 0x17, 0x00, 0x00, 
	0x00, 0x00, 0x00, 0x2b, 0x52, 0x50, 0x50, 0x1d, 
	0x1d, 0x00, 0x00, 0x00, 0x00, 0x00, 0x00, 0x00, 
	0x00, 0x00, 0x00, 0x00, 0x00, 0x00, 0x00, 0x00, 
	0x4f, 0x2b, 0x0d, 0x0e, 0x13, 0x00, 0x00, 0x00, 
	0x00, 0x00, 0x00, 0x00, 0x03, 0x1d, 0x00, 0x00, 
	0x00, 0x00, 0x00, 0x00, 0x00, 0x00, 0x00, 0x00, 
	0x00, 0x00, 0x00, 0x00, 0x00, 0x00, 0x00, 0x00, 
	0x00, 0x00, 0x00, 0x00, 0x00, 0x00, 0x00, 0x00, 
	0x00, 0x00, 0x00, 0x00, 0x00, 0x00, 0x00, 0x00, 
	0x00, 0x00, 0x00, 0x00, 0x00, 0x00, 0x00, 0x00, 
	0x00, 0x00, 0x00, 0x00, 0x00, 0x00, 0x00, 0x00, 
	0x00, 0x00, 0x00, 0x00, 0x00, 0x00, 0x00, 0x00, 
	0x00, 0x00, 0x00, 0x00, 0x00, 0x00, 0x00, 0x00, 
	0x00, 0x00, 0x00, 0x00, 0x00, 0x00, 0x00, 0x00, 
	0x00, 0x00, 0x00, 0x00, 0x00, 0x00, 0x00, 0x00, 
	0x00, 0x00, 0x00, 0x00, 0x00, 0x00, 0x00, 0x00, 
	0x00, 0x00, 0x00, 0x00, 0x00, 0x00, 0x00, 0x00, 
	0x00, 0x00, 0x00, 0x00, 0x00, 0x00, 0x00, 0x00, 
	0x00, 0x00, 0x00, 0x00, 0x00, 0x00, 0x00, 0x00, 
	0x00, 0x00, 0x00, 0x00, 0x00, 0x00, 0x00, 0x00, 
	0x00, 0x00, 0x00, 0x00, 0x00, 0x00, 0x00, 0x00, 
	0x00, 0x00, 0x00, 0x00, 0x00, 0x00, 0x00, 0x00, 
	0x00, 0x00, 0x00, 0x00, 0x00, 0x00, 0x00, 0x00, 
	0x00, 0x00, 0x00, 0x00, 0x00, 0x00, 0x00, 0x00, 
	0x00, 0x00, 0x00, 0x00, 0x00, 0x00, 0x00, 0x00, 
	0x00, 0x00, 0x00, 0x00, 0x00, 0x00, 0x00, 0x00, 
	0x00, 0x00, 0x00, 0x00, 0x00, 0x00, 0x00, 0x00, 
	0x00, 0x00, 0x00, 0x00, 0x00, 0x00, 0x00, 0x00, 
	0x00, 0x00, 0x00, 0x00, 0x00, 0x00, 0x00, 0x00, 
	0x00, 0x00, 0x00, 0x00, 0x00, 0x00, 0x00, 0x00, 
	0x00, 0x00, 0x00, 0x00, 0x00, 0x00, 0x00, 0x00, 
	0x00, 0x00, 0x00, 0x00, 0x00, 0x00, 0x00, 0x00, 
	0x00, 0x00, 0x00, 0x00, 0x00, 0x00, 0x00, 0x00, 
	0x00, 0x00, 0x00, 0x00, 0x00, 0x00, 0x00, 0x00, 
	
};

Texture ingredients_chopped_meat_raw_pal_rgba16[] = {
	0x00, 0x00, 0xcb, 0xa1, 0xc4, 0x23, 0xb3, 0x1b, 
	0xc3, 0x9f, 0xb2, 0xdb, 0xbb, 0xe1, 0xbb, 0x1d, 
	0xbb, 0xa1, 0xbb, 0x9f, 0xcb, 0xe3, 0xd4, 0x65, 
	0xcb, 0xe1, 0x9a, 0x57, 0x9a, 0x99, 0xc3, 0xe1, 
	0xbb, 0x5d, 0xbb, 0x5f, 0xaa, 0x9b, 0xb3, 0x1d, 
	0xc3, 0xa1, 0xa2, 0x99, 0xb3, 0x5d, 0xaa, 0xdb, 
	0xaa, 0xd9, 0xc3, 0x5d, 0x9a, 0x55, 0xc3, 0x5f, 
	0x8a, 0x13, 0xab, 0x1d, 0x9a, 0x97, 0x71, 0x4f, 
	0xa2, 0xdb, 0x89, 0xd5, 0x92, 0x15, 0xa3, 0x1b, 
	0x8a, 0x15, 0xc3, 0x1d, 0xb2, 0x99, 0xc3, 0xe3, 
	0xbb, 0x1b, 0x89, 0xd3, 0x81, 0xd3, 0x92, 0x57, 
	0xb2, 0x9b, 0xb3, 0x5f, 0x92, 0x55, 0xba, 0xdd, 
	0x81, 0x91, 0xba, 0xdb, 0xa2, 0x57, 0xaa, 0x99, 
	0x9a, 0x15, 0xaa, 0xdd, 0xa2, 0x97, 0xab, 0x1b, 
	0x81, 0x93, 0xcb, 0x9f, 0xaa, 0x57, 0xd3, 0x9f, 
	0xcb, 0x5f, 0x79, 0x4f, 0xa2, 0x15, 0xd3, 0xe1, 
	0xd4, 0x63, 0x91, 0xd3, 0xcb, 0x61, 0xb2, 0x59, 
	0xaa, 0x59, 0xbb, 0x1f, 0xc3, 0x1f, 0x81, 0x51, 
	0x71, 0x8f, 0xa3, 0x1d, 0xbc, 0x21, 0x99, 0xd5, 
	0xba, 0x9b, 0x9b, 0x9f, 0x8b, 0x19, 0x9b, 0x1b, 
	0xa3, 0x5d, 0xb3, 0x9f, 0x9a, 0xdb, 
};

Texture ingredients_chopped_meat_cooked_rgba16[] = {
	0x00, 0x00, 0x00, 0x00, 0x00, 0x00, 0x00, 0x00, 
	0x00, 0x00, 0x00, 0x00, 0x00, 0x00, 0x00, 0x00, 
	0x00, 0x00, 0x00, 0x00, 0x00, 0x00, 0x00, 0x00, 
	0x00, 0x00, 0x00, 0x00, 0x00, 0x00, 0x00, 0x00, 
	0x00, 0x00, 0x00, 0x00, 0x00, 0x00, 0x00, 0x00, 
	0x00, 0x00, 0x00, 0x00, 0x00, 0x00, 0x00, 0x00, 
	0x00, 0x00, 0x00, 0x00, 0x00, 0x00, 0x00, 0x00, 
	0x00, 0x00, 0x00, 0x00, 0x00, 0x00, 0x00, 0x00, 
	0x00, 0x00, 0x00, 0x00, 0x00, 0x00, 0x00, 0x00, 
	0x00, 0x00, 0x00, 0x00, 0x00, 0x00, 0x00, 0x00, 
	0x00, 0x00, 0x00, 0x00, 0x00, 0x00, 0x00, 0x00, 
	0x00, 0x00, 0x00, 0x00, 0x00, 0x00, 0x00, 0x00, 
	0x00, 0x00, 0x00, 0x00, 0x00, 0x00, 0x00, 0x00, 
	0x00, 0x00, 0x00, 0x00, 0x00, 0x00, 0x00, 0x00, 
	0x00, 0x00, 0x00, 0x00, 0x00, 0x00, 0x00, 0x00, 
	0x00, 0x00, 0x00, 0x00, 0x00, 0x00, 0x00, 0x00, 
	0x00, 0x00, 0x00, 0x00, 0x00, 0x00, 0x00, 0x00, 
	0x00, 0x00, 0x00, 0x00, 0x00, 0x00, 0x00, 0x00, 
	0x00, 0x00, 0x00, 0x00, 0x00, 0x00, 0x00, 0x00, 
	0x00, 0x00, 0x00, 0x00, 0x00, 0x00, 0x00, 0x00, 
	0x00, 0x00, 0x00, 0x00, 0x00, 0x00, 0x00, 0x00, 
	0x00, 0x00, 0x00, 0x00, 0x00, 0x00, 0x00, 0x00, 
	0x00, 0x00, 0x00, 0x00, 0x00, 0x00, 0x00, 0x00, 
	0x00, 0x00, 0x00, 0x00, 0x00, 0x00, 0x00, 0x00, 
	0x00, 0x00, 0x00, 0x00, 0x00, 0x00, 0x00, 0x00, 
	0x00, 0x00, 0x00, 0x00, 0x00, 0x00, 0x00, 0x00, 
	0x00, 0x00, 0x00, 0x00, 0x00, 0x00, 0x00, 0x00, 
	0x00, 0x00, 0x00, 0x00, 0x00, 0x00, 0x00, 0x00, 
	0x00, 0x00, 0x00, 0x00, 0x00, 0x00, 0x00, 0x00, 
	0x00, 0x00, 0x00, 0x00, 0x00, 0x00, 0x00, 0x00, 
	0x00, 0x00, 0x00, 0x00, 0x00, 0x00, 0x00, 0x00, 
	0x00, 0x00, 0x00, 0x00, 0x00, 0x00, 0x00, 0x00, 
	0x00, 0x00, 0x00, 0x00, 0x00, 0x00, 0x00, 0x00, 
	0x00, 0x00, 0x00, 0x00, 0x00, 0x00, 0x00, 0x00, 
	0x00, 0x00, 0x00, 0x00, 0x00, 0x00, 0x00, 0x00, 
	0x00, 0x00, 0x00, 0x00, 0x00, 0x00, 0x00, 0x00, 
	0x00, 0x00, 0x00, 0x00, 0x00, 0x00, 0x00, 0x00, 
	0x00, 0x00, 0x00, 0x00, 0x00, 0x00, 0x00, 0x00, 
	0x00, 0x00, 0x00, 0x00, 0x00, 0x00, 0x00, 0x00, 
	0x00, 0x00, 0x00, 0x00, 0x00, 0x00, 0x00, 0x00, 
	0x00, 0x00, 0x00, 0x00, 0x00, 0x00, 0x00, 0x00, 
	0x00, 0x00, 0x00, 0x00, 0x00, 0x00, 0x00, 0x00, 
	0x00, 0x00, 0x00, 0x00, 0x00, 0x00, 0x00, 0x00, 
	0x00, 0x00, 0x00, 0x00, 0x00, 0x00, 0x00, 0x00, 
	0x00, 0x00, 0x00, 0x00, 0x00, 0x00, 0x00, 0x00, 
	0x00, 0x00, 0x00, 0x00, 0x00, 0x00, 0x00, 0x00, 
	0x00, 0x00, 0x00, 0x00, 0x00, 0x00, 0x00, 0x00, 
	0x00, 0x00, 0x00, 0x00, 0x00, 0x00, 0x00, 0x00, 
	0x00, 0x00, 0x00, 0x00, 0x00, 0x00, 0x00, 0x00, 
	0x00, 0x00, 0x00, 0x00, 0x00, 0x00, 0x00, 0x00, 
	0x00, 0x00, 0x00, 0x00, 0x00, 0x00, 0x00, 0x00, 
	0x00, 0x00, 0x00, 0x00, 0x00, 0x00, 0x00, 0x00, 
	0x00, 0x00, 0x00, 0x00, 0x00, 0x00, 0x00, 0x00, 
	0x00, 0x00, 0x00, 0x00, 0x00, 0x00, 0x00, 0x00, 
	0x00, 0x00, 0x00, 0x00, 0x00, 0x00, 0x00, 0x00, 
	0x00, 0x00, 0x00, 0x00, 0x00, 0x00, 0x00, 0x00, 
	0x00, 0x00, 0x00, 0x00, 0x00, 0x00, 0x00, 0x00, 
	0x00, 0x00, 0x00, 0x00, 0x00, 0x00, 0x00, 0x00, 
	0x00, 0x00, 0x00, 0x00, 0xde, 0xb0, 0xc4, 0xdc, 
	0xdd, 0xe6, 0xc4, 0xdc, 0xb4, 0x5b, 0xac, 0xa1, 
	0x7a, 0xd3, 0x8b, 0x99, 0xb4, 0xe2, 0xb4, 0x9e, 
	0xbc, 0x9c, 0x00, 0x00, 0x00, 0x00, 0x00, 0x00, 
	0x00, 0x00, 0x00, 0x00, 0x00, 0x00, 0x00, 0x00, 
	0x00, 0x00, 0x00, 0x00, 0x00, 0x00, 0x00, 0x00, 
	0x00, 0x00, 0x00, 0x00, 0x00, 0x00, 0x00, 0x00, 
	0x00, 0x00, 0x00, 0x00, 0x00, 0x00, 0x00, 0x00, 
	0xcc, 0x94, 0xdd, 0xe9, 0xe6, 0xb3, 0xc5, 0x25, 
	0x92, 0xd1, 0x7a, 0x93, 0x8b, 0x9b, 0xac, 0xe5, 
	0x93, 0x99, 0xbc, 0x9f, 0xab, 0x93, 0x8a, 0x4d, 
	0xa3, 0xd9, 0x82, 0x4d, 0xa3, 0x4e, 0xc4, 0x08, 
	0x00, 0x00, 0x00, 0x00, 0x00, 0x00, 0x00, 0x00, 
	0x00, 0x00, 0x00, 0x00, 0x00, 0x00, 0x00, 0x00, 
	0x00, 0x00, 0x00, 0x00, 0x00, 0x00, 0x00, 0x00, 
	0x00, 0x00, 0x00, 0x00, 0xee, 0xf2, 0xde, 0x29, 
	0xcd, 0x63, 0xb4, 0x9d, 0x7a, 0x51, 0x49, 0xcd, 
	0x9c, 0x1f, 0xbc, 0xe3, 0xb4, 0x5b, 0xc4, 0xdf, 
	0x92, 0x8d, 0x71, 0xcb, 0x69, 0x47, 0x51, 0x89, 
	0x7a, 0x91, 0x7a, 0x0b, 0xa3, 0x53, 0x9b, 0x0f, 
	0xab, 0x91, 0x6a, 0x0c, 0x00, 0x00, 0x00, 0x00, 
	0x00, 0x00, 0x00, 0x00, 0x00, 0x00, 0x00, 0x00, 
	0x00, 0x00, 0x00, 0x00, 0x00, 0x00, 0x00, 0x00, 
	0xe6, 0xb0, 0xe6, 0xb1, 0xc5, 0x67, 0x7b, 0x57, 
	0x62, 0x51, 0xa4, 0xa3, 0x9b, 0xdb, 0x9b, 0x97, 
	0xdd, 0xeb, 0xab, 0xd9, 0x71, 0x87, 0x51, 0x07, 
	0x6a, 0x0d, 0x83, 0x57, 0xac, 0x1b, 0xb4, 0x1b, 
	0x9b, 0x11, 0x92, 0xcd, 0x82, 0x8d, 0x61, 0x05, 
	0x50, 0xc3, 0x51, 0x07, 0x69, 0xc9, 0xbc, 0x16, 
	0x00, 0x00, 0x00, 0x00, 0x00, 0x00, 0x00, 0x00, 
	0x00, 0x00, 0x00, 0x00, 0x00, 0x00, 0xff, 0xba, 
	0xde, 0x71, 0x93, 0x59, 0x93, 0xdd, 0x93, 0xdd, 
	0xcd, 0xa9, 0xbc, 0xe1, 0x8a, 0x8d, 0x72, 0x91, 
	0x49, 0xcd, 0x5a, 0x0f, 0x9c, 0x1f, 0xa4, 0x1d, 
	0xbc, 0xe3, 0x9a, 0xcf, 0x82, 0x4d, 0x69, 0xc9, 
	0x39, 0x07, 0x39, 0x4b, 0x59, 0xcd, 0x61, 0x47, 
	0x82, 0x4b, 0x9b, 0x0f, 0x9a, 0xcf, 0x9a, 0xcf, 
	0x92, 0x8c, 0x00, 0x00, 0x00, 0x00, 0x00, 0x00, 
	0x00, 0x00, 0x00, 0x00, 0xbd, 0x26, 0xd5, 0xa7, 
	0xcd, 0xa7, 0xb4, 0x9d, 0xcd, 0xab, 0xac, 0x1b, 
	0x62, 0x0d, 0x49, 0x07, 0x62, 0x0f, 0x8b, 0x9b, 
	0xb5, 0x25, 0xd6, 0x2d, 0xc5, 0x25, 0xac, 0x5f, 
	0x49, 0x8b, 0x62, 0x0d, 0x49, 0x8b, 0x73, 0x17, 
	0x83, 0x13, 0xb4, 0x19, 0x9a, 0xcd, 0x92, 0x89, 
	0x71, 0x87, 0x71, 0x45, 0x41, 0x05, 0x49, 0x05, 
	0x7a, 0x4d, 0x00, 0x00, 0x00, 0x00, 0x00, 0x00, 
	0x00, 0x00, 0x00, 0x00, 0xe6, 0x2b, 0xcd, 0x61, 
	0xd5, 0xa5, 0xac, 0x19, 0x62, 0x51, 0x5a, 0x51, 
	0x94, 0x1d, 0xab, 0xd9, 0xab, 0x99, 0x92, 0xcf, 
	0xa3, 0x11, 0x71, 0xc9, 0x59, 0x07, 0x61, 0xcd, 
	0x94, 0x1f, 0x9c, 0x1f, 0xa3, 0xd9, 0xa3, 0x53, 
	0x79, 0xc9, 0x79, 0xc7, 0x40, 0x81, 0x30, 0x83, 
	0x51, 0x89, 0x82, 0x91, 0x82, 0x4d, 0x7a, 0x09, 
	0x8a, 0x4b, 0x92, 0x8c, 0x00, 0x00, 0x00, 0x00, 
	0x00, 0x00, 0xe6, 0xb2, 0xdd, 0xa1, 0xdd, 0xe3, 
	0xb4, 0xe3, 0x6a, 0x95, 0x93, 0xdb, 0xd5, 0xeb, 
	0xd5, 0x65, 0xa3, 0xd9, 0x7a, 0xd3, 0x39, 0x07, 
	0x72, 0x93, 0x83, 0x15, 0x93, 0x97, 0xc4, 0xe1, 
	0xbc, 0x17, 0xab, 0x95, 0x81, 0xc7, 0x61, 0x47, 
	0x51, 0x89, 0x49, 0x49, 0x8a, 0xd1, 0x9b, 0x53, 
	0x92, 0x8b, 0x81, 0xc7, 0xa3, 0x95, 0x92, 0x8b, 
	0x9b, 0x0d, 0x92, 0xcd, 0x00, 0x00, 0x00, 0x00, 
	0x00, 0x00, 0xdd, 0xa6, 0xd5, 0x63, 0xd5, 0xa7, 
	0x93, 0x55, 0xc5, 0x25, 0xb4, 0x19, 0xa3, 0xd9, 
	0x61, 0xc9, 0x49, 0x07, 0x51, 0x8d, 0x8b, 0x59, 
	0xb4, 0x9f, 0xab, 0x95, 0xac, 0x1b, 0x92, 0x8d, 
	0x69, 0x45, 0x49, 0x05, 0x50, 0xc5, 0x61, 0x89, 
	0x82, 0xd3, 0x92, 0x49, 0x8a, 0x4b, 0x9a, 0xcf, 
	0x9b, 0x11, 0x71, 0xc7, 0x48, 0xc5, 0x59, 0x05, 
	0x79, 0xc9, 0x9b, 0x55, 0x00, 0x00, 0x00, 0x00, 
	0x00, 0x00, 0xcd, 0x20, 0xc5, 0x21, 0xb4, 0x59, 
	0xab, 0xd7, 0xab, 0x93, 0xac, 0x1b, 0x72, 0xd5, 
	0x62, 0x95, 0x8b, 0xdd, 0xb4, 0xe1, 0x9b, 0x53, 
	0x79, 0x85, 0x61, 0x89, 0x51, 0x07, 0x41, 0x07, 
	0x6a, 0x93, 0x82, 0x0b, 0x92, 0x8d, 0x9b, 0x0f, 
	0x9a, 0x49, 0x81, 0xc7, 0x8a, 0x8f, 0x50, 0xc5, 
	0x30, 0x43, 0x18, 0x43, 0x20, 0x85, 0x30, 0x83, 
	0x7a, 0x4f, 0xa3, 0xd9, 0x00, 0x00, 0x00, 0x00, 
	0x00, 0x00, 0xee, 0xae, 0xb3, 0xd5, 0x9b, 0x55, 
	0xbc, 0x5b, 0x92, 0x8f, 0xa3, 0x97, 0x82, 0x4f, 
	0x82, 0x4d, 0xa3, 0x53, 0x9b, 0x11, 0x72, 0x4d, 
	0x51, 0x8b, 0x62, 0x0f, 0x7a, 0x93, 0xac, 0x9f, 
	0x9a, 0xcd, 0x92, 0xcd, 0x9b, 0x53, 0x92, 0x49, 
	0x69, 0x45, 0x51, 0x05, 0x50, 0xc5, 0x30, 0x85, 
	0x49, 0x07, 0x69, 0xc9, 0x49, 0x07, 0x93, 0x53, 
	0xac, 0x1b, 0x93, 0x97, 0x00, 0x00, 0x00, 0x00, 
	0x00, 0x00, 0x00, 0x00, 0xcd, 0x65, 0x92, 0x8d, 
	0x9a, 0xcf, 0x8a, 0xcf, 0xcd, 0x23, 0xb4, 0x1b, 
	0x8a, 0x8f, 0x9b, 0x11, 0x71, 0xcb, 0x7a, 0x93, 
	0x8a, 0x8f, 0xa3, 0x55, 0xa3, 0x4f, 0x92, 0xcf, 
	0x9b, 0x0d, 0x82, 0x07, 0x48, 0xc5, 0x38, 0x85, 
	0x40, 0xc5, 0x30, 0xc5, 0x6a, 0x0d, 0x79, 0xc9, 
	0x69, 0x47, 0x82, 0x8f, 0x9b, 0xd9, 0x93, 0x53, 
	0x9b, 0x97, 0x93, 0x54, 0x00, 0x00, 0x00, 0x00, 
	0x00, 0x00, 0x00, 0x00, 0xbc, 0x14, 0xb4, 0x1b, 
	0x9b, 0x95, 0xb4, 0x5b, 0x9a, 0xcf, 0x92, 0x49, 
	0x79, 0x45, 0x79, 0xc9, 0x81, 0x89, 0x82, 0x4d, 
	0xac, 0x1b, 0x92, 0xcf, 0x8a, 0x4b, 0x79, 0x89, 
	0x59, 0x07, 0x50, 0xc5, 0x41, 0x09, 0x59, 0x8b, 
	0x61, 0x47, 0x69, 0x87, 0x9b, 0x53, 0x82, 0xd1, 
	0x61, 0x47, 0x8a, 0xd1, 0x8a, 0x8f, 0x82, 0x4b, 
	0x82, 0xd1, 0x72, 0x4c, 0x00, 0x00, 0x00, 0x00, 
	0x00, 0x00, 0x00, 0x00, 0x00, 0x00, 0xab, 0xd7, 
	0xb4, 0x17, 0xbc, 0x59, 0xa3, 0x53, 0x8a, 0x8b, 
	0x8a, 0xd1, 0x92, 0xd3, 0x82, 0x8d, 0x82, 0x8f, 
	0x79, 0xc9, 0x69, 0x05, 0x69, 0x03, 0x59, 0x05, 
	0x61, 0x05, 0x71, 0x87, 0x71, 0xc9, 0x8a, 0xd1, 
	0x72, 0x0b, 0x72, 0x0b, 0x71, 0x89, 0x9b, 0x55, 
	0x8b, 0x55, 0x82, 0x8d, 0x72, 0x0b, 0x7a, 0x4d, 
	0x6a, 0x0b, 0xff, 0xfe, 0x00, 0x00, 0x00, 0x00, 
	0x00, 0x00, 0x00, 0x00, 0x00, 0x00, 0x00, 0x00, 
	0xbc, 0x9d, 0xa3, 0x95, 0xb4, 0x19, 0x92, 0x8b, 
	0xa3, 0x95, 0x69, 0x05, 0x69, 0x87, 0x82, 0xcf, 
	0x8a, 0x8f, 0x69, 0x87, 0x69, 0x87, 0x71, 0x87, 
	0x61, 0x05, 0x71, 0xc9, 0x69, 0xc9, 0x82, 0x8f, 
	0x71, 0xc9, 0x69, 0x89, 0x59, 0x45, 0x61, 0x45, 
	0x8a, 0xd1, 0x82, 0x8d, 0x69, 0xc9, 0x69, 0xcb, 
	0x59, 0x88, 0x00, 0x00, 0x00, 0x00, 0x00, 0x00, 
	0x00, 0x00, 0x00, 0x00, 0x00, 0x00, 0x00, 0x00, 
	0xab, 0xd6, 0xa4, 0x1b, 0xac, 0x19, 0x92, 0xcd, 
	0x8a, 0x49, 0x7a, 0x0b, 0x8a, 0x8f, 0x71, 0xc9, 
	0x71, 0x87, 0x69, 0x87, 0x69, 0x85, 0x71, 0xc9, 
	0x69, 0x45, 0x69, 0x87, 0x59, 0x05, 0x61, 0x45, 
	0x69, 0x87, 0x61, 0x89, 0x61, 0x87, 0x61, 0x89, 
	0x69, 0xcb, 0x72, 0x0b, 0x61, 0xc9, 0x00, 0x00, 
	0x00, 0x00, 0x00, 0x00, 0x00, 0x00, 0x00, 0x00, 
	0x00, 0x00, 0x00, 0x00, 0x00, 0x00, 0x00, 0x00, 
	0x00, 0x00, 0x00, 0x00, 0x9b, 0x52, 0x82, 0xd1, 
	0x8b, 0x13, 0x82, 0x09, 0x82, 0x4d, 0x7a, 0x09, 
	0x71, 0xc9, 0x69, 0xc9, 0x7a, 0x0b, 0x72, 0x4f, 
	0x59, 0x87, 0x61, 0x87, 0x61, 0xcb, 0x61, 0xc9, 
	0x59, 0x87, 0x59, 0x47, 0x51, 0x45, 0x61, 0x89, 
	0x59, 0x89, 0x51, 0x46, 0x00, 0x00, 0x00, 0x00, 
	0x00, 0x00, 0x00, 0x00, 0x00, 0x00, 0x00, 0x00, 
	0x00, 0x00, 0x00, 0x00, 0x00, 0x00, 0x00, 0x00, 
	0x00, 0x00, 0x00, 0x00, 0x00, 0x00, 0x00, 0x00, 
	0x5a, 0xda, 0x7a, 0x08, 0x72, 0x0b, 0x69, 0xc9, 
	0x61, 0x87, 0x6a, 0x0b, 0x59, 0x87, 0x59, 0x47, 
	0x61, 0xc9, 0x49, 0x05, 0x40, 0xc5, 0x51, 0x45, 
	0x49, 0x05, 0x49, 0x05, 0x49, 0x46, 0x38, 0xc4, 
	0x00, 0x00, 0x00, 0x00, 0x00, 0x00, 0x00, 0x00, 
	0x00, 0x00, 0x00, 0x00, 0x00, 0x00, 0x00, 0x00, 
	0x00, 0x00, 0x00, 0x00, 0x00, 0x00, 0x00, 0x00, 
	0x00, 0x00, 0x00, 0x00, 0x00, 0x00, 0x00, 0x00, 
	0x00, 0x00, 0x00, 0x00, 0x00, 0x00, 0x20, 0x40, 
	0x41, 0x06, 0x41, 0x06, 0x30, 0x82, 0x20, 0x00, 
	0x28, 0x40, 0x28, 0x42, 0x20, 0x40, 0x20, 0x42, 
	0x00, 0x00, 0x00, 0x00, 0x00, 0x00, 0x00, 0x00, 
	0x00, 0x00, 0x00, 0x00, 0x00, 0x00, 0x00, 0x00, 
	0x00, 0x00, 0x00, 0x00, 0x00, 0x00, 0x00, 0x00, 
	0x00, 0x00, 0x00, 0x00, 0x00, 0x00, 0x00, 0x00, 
	0x00, 0x00, 0x00, 0x00, 0x00, 0x00, 0x00, 0x00, 
	0x00, 0x00, 0x00, 0x00, 0x00, 0x00, 0x00, 0x00, 
	0x00, 0x00, 0x00, 0x00, 0x00, 0x00, 0x00, 0x00, 
	0x00, 0x00, 0x00, 0x00, 0x00, 0x00, 0x00, 0x00, 
	0x00, 0x00, 0x00, 0x00, 0x00, 0x00, 0x00, 0x00, 
	0x00, 0x00, 0x00, 0x00, 0x00, 0x00, 0x00, 0x00, 
	0x00, 0x00, 0x00, 0x00, 0x00, 0x00, 0x00, 0x00, 
	0x00, 0x00, 0x00, 0x00, 0x00, 0x00, 0x00, 0x00, 
	0x00, 0x00, 0x00, 0x00, 0x00, 0x00, 0x00, 0x00, 
	0x00, 0x00, 0x00, 0x00, 0x00, 0x00, 0x00, 0x00, 
	0x00, 0x00, 0x00, 0x00, 0x00, 0x00, 0x00, 0x00, 
	0x00, 0x00, 0x00, 0x00, 0x00, 0x00, 0x00, 0x00, 
	0x00, 0x00, 0x00, 0x00, 0x00, 0x00, 0x00, 0x00, 
	0x00, 0x00, 0x00, 0x00, 0x00, 0x00, 0x00, 0x00, 
	0x00, 0x00, 0x00, 0x00, 0x00, 0x00, 0x00, 0x00, 
	0x00, 0x00, 0x00, 0x00, 0x00, 0x00, 0x00, 0x00, 
	0x00, 0x00, 0x00, 0x00, 0x00, 0x00, 0x00, 0x00, 
	0x00, 0x00, 0x00, 0x00, 0x00, 0x00, 0x00, 0x00, 
	0x00, 0x00, 0x00, 0x00, 0x00, 0x00, 0x00, 0x00, 
	0x00, 0x00, 0x00, 0x00, 0x00, 0x00, 0x00, 0x00, 
	0x00, 0x00, 0x00, 0x00, 0x00, 0x00, 0x00, 0x00, 
	0x00, 0x00, 0x00, 0x00, 0x00, 0x00, 0x00, 0x00, 
	0x00, 0x00, 0x00, 0x00, 0x00, 0x00, 0x00, 0x00, 
	0x00, 0x00, 0x00, 0x00, 0x00, 0x00, 0x00, 0x00, 
	0x00, 0x00, 0x00, 0x00, 0x00, 0x00, 0x00, 0x00, 
	0x00, 0x00, 0x00, 0x00, 0x00, 0x00, 0x00, 0x00, 
	0x00, 0x00, 0x00, 0x00, 0x00, 0x00, 0x00, 0x00, 
	0x00, 0x00, 0x00, 0x00, 0x00, 0x00, 0x00, 0x00, 
	0x00, 0x00, 0x00, 0x00, 0x00, 0x00, 0x00, 0x00, 
	0x00, 0x00, 0x00, 0x00, 0x00, 0x00, 0x00, 0x00, 
	0x00, 0x00, 0x00, 0x00, 0x00, 0x00, 0x00, 0x00, 
	0x00, 0x00, 0x00, 0x00, 0x00, 0x00, 0x00, 0x00, 
	0x00, 0x00, 0x00, 0x00, 0x00, 0x00, 0x00, 0x00, 
	0x00, 0x00, 0x00, 0x00, 0x00, 0x00, 0x00, 0x00, 
	0x00, 0x00, 0x00, 0x00, 0x00, 0x00, 0x00, 0x00, 
	0x00, 0x00, 0x00, 0x00, 0x00, 0x00, 0x00, 0x00, 
	0x00, 0x00, 0x00, 0x00, 0x00, 0x00, 0x00, 0x00, 
	0x00, 0x00, 0x00, 0x00, 0x00, 0x00, 0x00, 0x00, 
	0x00, 0x00, 0x00, 0x00, 0x00, 0x00, 0x00, 0x00, 
	0x00, 0x00, 0x00, 0x00, 0x00, 0x00, 0x00, 0x00, 
	0x00, 0x00, 0x00, 0x00, 0x00, 0x00, 0x00, 0x00, 
	0x00, 0x00, 0x00, 0x00, 0x00, 0x00, 0x00, 0x00, 
	0x00, 0x00, 0x00, 0x00, 0x00, 0x00, 0x00, 0x00, 
	0x00, 0x00, 0x00, 0x00, 0x00, 0x00, 0x00, 0x00, 
	0x00, 0x00, 0x00, 0x00, 0x00, 0x00, 0x00, 0x00, 
	0x00, 0x00, 0x00, 0x00, 0x00, 0x00, 0x00, 0x00, 
	0x00, 0x00, 0x00, 0x00, 0x00, 0x00, 0x00, 0x00, 
	
};

Vtx ingredients_ingredient_dl_mesh_layer_5_vtx_0[4] = {
	{{{-100, 200, 0}, 0, {-16, -16}, {0x00, 0x00, 0x7F, 0xFF}}},
	{{{-100, 0, 0}, 0, {-16, 1008}, {0x00, 0x00, 0x7F, 0xFF}}},
	{{{100, 0, 0}, 0, {1008, 1008}, {0x00, 0x00, 0x7F, 0xFF}}},
	{{{100, 200, 0}, 0, {1008, -16}, {0x00, 0x00, 0x7F, 0xFF}}},
};

Gfx ingredients_ingredient_dl_mesh_layer_5_tri_0[] = {
	gsSPVertex(ingredients_ingredient_dl_mesh_layer_5_vtx_0 + 0, 4, 0),
	gsSP2Triangles(0, 1, 2, 0, 0, 2, 3, 0),
	gsSPEndDisplayList(),
};


Gfx mat_ingredients_lettuce_unchopped[] = {
	gsSPClearGeometryMode(G_CULL_BACK),
	gsDPPipeSync(),
	gsDPSetCombineLERP(0, 0, 0, TEXEL0, 0, 0, 0, TEXEL0, 0, 0, 0, TEXEL0, 0, 0, 0, TEXEL0),
	gsDPSetAlphaDither(G_AD_NOISE),
	gsSPTexture(65535, 65535, 0, 0, 1),
	gsDPSetTextureImage(G_IM_FMT_RGBA, G_IM_SIZ_16b_LOAD_BLOCK, 1, ingredients_unchopped_lettuce_rgba16),
	gsDPSetTile(G_IM_FMT_RGBA, G_IM_SIZ_16b_LOAD_BLOCK, 0, 0, 7, 0, G_TX_WRAP | G_TX_NOMIRROR, 0, 0, G_TX_WRAP | G_TX_NOMIRROR, 0, 0),
	gsDPLoadBlock(7, 0, 0, 1023, 256),
	gsDPSetTile(G_IM_FMT_RGBA, G_IM_SIZ_16b, 8, 0, 0, 0, G_TX_WRAP | G_TX_NOMIRROR, 5, 0, G_TX_WRAP | G_TX_NOMIRROR, 5, 0),
	gsDPSetTileSize(0, 0, 0, 124, 124),
	gsSPEndDisplayList(),
};

Gfx mat_revert_ingredients_lettuce_unchopped[] = {
	gsSPSetGeometryMode(G_CULL_BACK),
	gsDPPipeSync(),
	gsDPSetAlphaDither(G_AD_DISABLE),
	gsSPEndDisplayList(),
};

Gfx mat_ingredients_lettuce_chopped[] = {
	gsSPClearGeometryMode(G_CULL_BACK),
	gsDPPipeSync(),
	gsDPSetCombineLERP(0, 0, 0, TEXEL0, 0, 0, 0, TEXEL0, 0, 0, 0, TEXEL0, 0, 0, 0, TEXEL0),
	gsDPSetAlphaDither(G_AD_NOISE),
	gsDPSetTextureLUT(G_TT_RGBA16),
	gsSPTexture(65535, 65535, 0, 0, 1),
	gsDPSetTextureImage(G_IM_FMT_RGBA, G_IM_SIZ_16b, 1, ingredients_chopped_lettuce_pal_rgba16),
	gsDPSetTile(0, 0, 0, 256, 5, 0, G_TX_WRAP | G_TX_NOMIRROR, 0, 0, G_TX_WRAP | G_TX_NOMIRROR, 0, 0),
	gsDPLoadTLUTCmd(5, 73),
	gsDPSetTextureImage(G_IM_FMT_CI, G_IM_SIZ_8b_LOAD_BLOCK, 1, ingredients_chopped_lettuce_ci8),
	gsDPSetTile(G_IM_FMT_CI, G_IM_SIZ_8b_LOAD_BLOCK, 0, 0, 7, 0, G_TX_WRAP | G_TX_NOMIRROR, 0, 0, G_TX_WRAP | G_TX_NOMIRROR, 0, 0),
	gsDPLoadBlock(7, 0, 0, 511, 512),
	gsDPSetTile(G_IM_FMT_CI, G_IM_SIZ_8b, 4, 0, 0, 0, G_TX_WRAP | G_TX_NOMIRROR, 5, 0, G_TX_WRAP | G_TX_NOMIRROR, 5, 0),
	gsDPSetTileSize(0, 0, 0, 124, 124),
	gsSPEndDisplayList(),
};

Gfx mat_revert_ingredients_lettuce_chopped[] = {
	gsSPSetGeometryMode(G_CULL_BACK),
	gsDPPipeSync(),
	gsDPSetAlphaDither(G_AD_DISABLE),
	gsDPSetTextureLUT(G_TT_NONE),
	gsSPEndDisplayList(),
};

Gfx mat_ingredients_tomato_unchopped[] = {
	gsSPClearGeometryMode(G_CULL_BACK),
	gsDPPipeSync(),
	gsDPSetCombineLERP(0, 0, 0, TEXEL0, 0, 0, 0, TEXEL0, 0, 0, 0, TEXEL0, 0, 0, 0, TEXEL0),
	gsDPSetAlphaDither(G_AD_NOISE),
	gsSPTexture(65535, 65535, 0, 0, 1),
	gsDPSetTextureImage(G_IM_FMT_RGBA, G_IM_SIZ_16b_LOAD_BLOCK, 1, ingredients_unchopped_tomato_rgba16),
	gsDPSetTile(G_IM_FMT_RGBA, G_IM_SIZ_16b_LOAD_BLOCK, 0, 0, 7, 0, G_TX_WRAP | G_TX_NOMIRROR, 0, 0, G_TX_WRAP | G_TX_NOMIRROR, 0, 0),
	gsDPLoadBlock(7, 0, 0, 1023, 256),
	gsDPSetTile(G_IM_FMT_RGBA, G_IM_SIZ_16b, 8, 0, 0, 0, G_TX_WRAP | G_TX_NOMIRROR, 5, 0, G_TX_WRAP | G_TX_NOMIRROR, 5, 0),
	gsDPSetTileSize(0, 0, 0, 124, 124),
	gsSPEndDisplayList(),
};

Gfx mat_revert_ingredients_tomato_unchopped[] = {
	gsSPSetGeometryMode(G_CULL_BACK),
	gsDPPipeSync(),
	gsDPSetAlphaDither(G_AD_DISABLE),
	gsSPEndDisplayList(),
};

Gfx mat_ingredients_tomato_chopped[] = {
	gsSPSetLights1(ingredients_tomato_chopped_lights),
	gsDPPipeSync(),
	gsDPSetCombineLERP(TEXEL0, 0, SHADE, 0, TEXEL0, 0, ENVIRONMENT, 0, TEXEL0, 0, SHADE, 0, TEXEL0, 0, ENVIRONMENT, 0),
	gsDPSetAlphaDither(G_AD_NOISE),
	gsDPSetTextureLUT(G_TT_RGBA16),
	gsSPTexture(65535, 65535, 0, 0, 1),
	gsDPSetTextureImage(G_IM_FMT_RGBA, G_IM_SIZ_16b, 1, ingredients_chopped_tomato_pal_rgba16),
	gsDPSetTile(0, 0, 0, 256, 5, 0, G_TX_WRAP | G_TX_NOMIRROR, 0, 0, G_TX_WRAP | G_TX_NOMIRROR, 0, 0),
	gsDPLoadTLUTCmd(5, 216),
	gsDPSetTextureImage(G_IM_FMT_CI, G_IM_SIZ_8b_LOAD_BLOCK, 1, ingredients_chopped_tomato_ci8),
	gsDPSetTile(G_IM_FMT_CI, G_IM_SIZ_8b_LOAD_BLOCK, 0, 0, 7, 0, G_TX_WRAP | G_TX_NOMIRROR, 0, 0, G_TX_WRAP | G_TX_NOMIRROR, 0, 0),
	gsDPLoadBlock(7, 0, 0, 511, 512),
	gsDPSetTile(G_IM_FMT_CI, G_IM_SIZ_8b, 4, 0, 0, 0, G_TX_WRAP | G_TX_NOMIRROR, 5, 0, G_TX_WRAP | G_TX_NOMIRROR, 5, 0),
	gsDPSetTileSize(0, 0, 0, 124, 124),
	gsSPEndDisplayList(),
};

Gfx mat_revert_ingredients_tomato_chopped[] = {
	gsDPPipeSync(),
	gsDPSetAlphaDither(G_AD_DISABLE),
	gsDPSetTextureLUT(G_TT_NONE),
	gsSPEndDisplayList(),
};

Gfx mat_ingredients_cheese_unchopped[] = {
	gsSPClearGeometryMode(G_CULL_BACK),
	gsDPPipeSync(),
	gsDPSetCombineLERP(0, 0, 0, TEXEL0, 0, 0, 0, TEXEL0, 0, 0, 0, TEXEL0, 0, 0, 0, TEXEL0),
	gsDPSetAlphaDither(G_AD_NOISE),
	gsSPTexture(65535, 65535, 0, 0, 1),
	gsDPSetTextureImage(G_IM_FMT_RGBA, G_IM_SIZ_16b_LOAD_BLOCK, 1, ingredients_unchopped_cheese_rgba16),
	gsDPSetTile(G_IM_FMT_RGBA, G_IM_SIZ_16b_LOAD_BLOCK, 0, 0, 7, 0, G_TX_WRAP | G_TX_NOMIRROR, 0, 0, G_TX_WRAP | G_TX_NOMIRROR, 0, 0),
	gsDPLoadBlock(7, 0, 0, 1023, 256),
	gsDPSetTile(G_IM_FMT_RGBA, G_IM_SIZ_16b, 8, 0, 0, 0, G_TX_WRAP | G_TX_NOMIRROR, 5, 0, G_TX_WRAP | G_TX_NOMIRROR, 5, 0),
	gsDPSetTileSize(0, 0, 0, 124, 124),
	gsSPEndDisplayList(),
};

Gfx mat_revert_ingredients_cheese_unchopped[] = {
	gsSPSetGeometryMode(G_CULL_BACK),
	gsDPPipeSync(),
	gsDPSetAlphaDither(G_AD_DISABLE),
	gsSPEndDisplayList(),
};

Gfx mat_ingredients_cheese_chopped[] = {
	gsSPClearGeometryMode(G_CULL_BACK),
	gsDPPipeSync(),
	gsDPSetCombineLERP(0, 0, 0, TEXEL0, 0, 0, 0, TEXEL0, 0, 0, 0, TEXEL0, 0, 0, 0, TEXEL0),
	gsDPSetAlphaDither(G_AD_NOISE),
	gsSPTexture(65535, 65535, 0, 0, 1),
	gsDPSetTextureImage(G_IM_FMT_RGBA, G_IM_SIZ_16b_LOAD_BLOCK, 1, ingredients_chopped_cheese_rgba16),
	gsDPSetTile(G_IM_FMT_RGBA, G_IM_SIZ_16b_LOAD_BLOCK, 0, 0, 7, 0, G_TX_WRAP | G_TX_NOMIRROR, 0, 0, G_TX_WRAP | G_TX_NOMIRROR, 0, 0),
	gsDPLoadBlock(7, 0, 0, 1023, 256),
	gsDPSetTile(G_IM_FMT_RGBA, G_IM_SIZ_16b, 8, 0, 0, 0, G_TX_WRAP | G_TX_NOMIRROR, 5, 0, G_TX_WRAP | G_TX_NOMIRROR, 5, 0),
	gsDPSetTileSize(0, 0, 0, 124, 124),
	gsSPEndDisplayList(),
};

Gfx mat_revert_ingredients_cheese_chopped[] = {
	gsSPSetGeometryMode(G_CULL_BACK),
	gsDPPipeSync(),
	gsDPSetAlphaDither(G_AD_DISABLE),
	gsSPEndDisplayList(),
};

Gfx mat_ingredients_meat_unchopped_raw[] = {
	gsSPClearGeometryMode(G_CULL_BACK),
	gsDPPipeSync(),
	gsDPSetCombineLERP(0, 0, 0, TEXEL0, 0, 0, 0, TEXEL0, 0, 0, 0, TEXEL0, 0, 0, 0, TEXEL0),
	gsDPSetAlphaDither(G_AD_NOISE),
	gsSPTexture(65535, 65535, 0, 0, 1),
	gsDPSetTextureImage(G_IM_FMT_RGBA, G_IM_SIZ_16b_LOAD_BLOCK, 1, ingredients_unchopped_meat_raw_rgba16),
	gsDPSetTile(G_IM_FMT_RGBA, G_IM_SIZ_16b_LOAD_BLOCK, 0, 0, 7, 0, G_TX_WRAP | G_TX_NOMIRROR, 0, 0, G_TX_WRAP | G_TX_NOMIRROR, 0, 0),
	gsDPLoadBlock(7, 0, 0, 1023, 256),
	gsDPSetTile(G_IM_FMT_RGBA, G_IM_SIZ_16b, 8, 0, 0, 0, G_TX_WRAP | G_TX_NOMIRROR, 5, 0, G_TX_WRAP | G_TX_NOMIRROR, 5, 0),
	gsDPSetTileSize(0, 0, 0, 124, 124),
	gsSPEndDisplayList(),
};

Gfx mat_revert_ingredients_meat_unchopped_raw[] = {
	gsSPSetGeometryMode(G_CULL_BACK),
	gsDPPipeSync(),
	gsDPSetAlphaDither(G_AD_DISABLE),
	gsSPEndDisplayList(),
};

Gfx mat_ingredients_meat_chopped_raw[] = {
	gsSPClearGeometryMode(G_CULL_BACK),
	gsDPPipeSync(),
	gsDPSetCombineLERP(0, 0, 0, TEXEL0, 0, 0, 0, TEXEL0, 0, 0, 0, TEXEL0, 0, 0, 0, TEXEL0),
	gsDPSetAlphaDither(G_AD_NOISE),
	gsDPSetTextureLUT(G_TT_RGBA16),
	gsSPTexture(65535, 65535, 0, 0, 1),
	gsDPSetTextureImage(G_IM_FMT_RGBA, G_IM_SIZ_16b, 1, ingredients_chopped_meat_raw_pal_rgba16),
	gsDPSetTile(0, 0, 0, 256, 5, 0, G_TX_WRAP | G_TX_NOMIRROR, 0, 0, G_TX_WRAP | G_TX_NOMIRROR, 0, 0),
	gsDPLoadTLUTCmd(5, 82),
	gsDPSetTextureImage(G_IM_FMT_CI, G_IM_SIZ_8b_LOAD_BLOCK, 1, ingredients_chopped_meat_raw_ci8),
	gsDPSetTile(G_IM_FMT_CI, G_IM_SIZ_8b_LOAD_BLOCK, 0, 0, 7, 0, G_TX_WRAP | G_TX_NOMIRROR, 0, 0, G_TX_WRAP | G_TX_NOMIRROR, 0, 0),
	gsDPLoadBlock(7, 0, 0, 511, 512),
	gsDPSetTile(G_IM_FMT_CI, G_IM_SIZ_8b, 4, 0, 0, 0, G_TX_WRAP | G_TX_NOMIRROR, 5, 0, G_TX_WRAP | G_TX_NOMIRROR, 5, 0),
	gsDPSetTileSize(0, 0, 0, 124, 124),
	gsSPEndDisplayList(),
};

Gfx mat_revert_ingredients_meat_chopped_raw[] = {
	gsSPSetGeometryMode(G_CULL_BACK),
	gsDPPipeSync(),
	gsDPSetAlphaDither(G_AD_DISABLE),
	gsDPSetTextureLUT(G_TT_NONE),
	gsSPEndDisplayList(),
};

Gfx mat_ingredients_meat_chopped_cooked[] = {
	gsSPClearGeometryMode(G_CULL_BACK),
	gsDPPipeSync(),
	gsDPSetCombineLERP(0, 0, 0, TEXEL0, 0, 0, 0, TEXEL0, 0, 0, 0, TEXEL0, 0, 0, 0, TEXEL0),
	gsDPSetAlphaDither(G_AD_NOISE),
	gsSPTexture(65535, 65535, 0, 0, 1),
	gsDPSetTextureImage(G_IM_FMT_RGBA, G_IM_SIZ_16b_LOAD_BLOCK, 1, ingredients_chopped_meat_cooked_rgba16),
	gsDPSetTile(G_IM_FMT_RGBA, G_IM_SIZ_16b_LOAD_BLOCK, 0, 0, 7, 0, G_TX_WRAP | G_TX_NOMIRROR, 0, 0, G_TX_WRAP | G_TX_NOMIRROR, 0, 0),
	gsDPLoadBlock(7, 0, 0, 1023, 256),
	gsDPSetTile(G_IM_FMT_RGBA, G_IM_SIZ_16b, 8, 0, 0, 0, G_TX_WRAP | G_TX_NOMIRROR, 5, 0, G_TX_WRAP | G_TX_NOMIRROR, 5, 0),
	gsDPSetTileSize(0, 0, 0, 124, 124),
	gsSPEndDisplayList(),
};

Gfx mat_revert_ingredients_meat_chopped_cooked[] = {
	gsSPSetGeometryMode(G_CULL_BACK),
	gsDPPipeSync(),
	gsDPSetAlphaDither(G_AD_DISABLE),
	gsSPEndDisplayList(),
};

Gfx ingredients_ingredient_dl_mesh_layer_5_with_revert[] = {
	gsSPDisplayList(mat_ingredients_lettuce_unchopped),
	gsSPDisplayList(ingredients_ingredient_dl_mesh_layer_5_tri_0),
	gsSPDisplayList(mat_revert_ingredients_lettuce_unchopped),
	gsDPPipeSync(),
	gsSPSetGeometryMode(G_LIGHTING),
	gsSPClearGeometryMode(G_TEXTURE_GEN),
	gsDPSetCombineLERP(0, 0, 0, SHADE, 0, 0, 0, ENVIRONMENT, 0, 0, 0, SHADE, 0, 0, 0, ENVIRONMENT),
	gsSPTexture(65535, 65535, 0, 0, 0),
	gsDPSetEnvColor(255, 255, 255, 255),
	gsDPSetAlphaCompare(G_AC_NONE),
	gsDPSetTextureImage(G_IM_FMT_RGBA, G_IM_SIZ_16b_LOAD_BLOCK, 1, 0),
	gsDPSetTile(G_IM_FMT_RGBA, G_IM_SIZ_16b_LOAD_BLOCK, 0, 0, 7, 0, G_TX_WRAP | G_TX_NOMIRROR, 0, 0, G_TX_WRAP  | G_TX_NOMIRROR, 0, 0),
	gsDPLoadBlock(7, 0, 0, 1023, 256),
	gsDPSetTile(G_IM_FMT_RGBA, G_IM_SIZ_16b, 8, 0, 0, 0, G_TX_CLAMP | G_TX_NOMIRROR, 5, 0, G_TX_CLAMP | G_TX_NOMIRROR, 5, 0),
	gsDPSetTileSize(0, 0, 0, 124, 124),
	gsDPSetTextureImage(G_IM_FMT_RGBA, G_IM_SIZ_16b_LOAD_BLOCK, 1, 0),
	gsDPSetTile(G_IM_FMT_RGBA, G_IM_SIZ_16b_LOAD_BLOCK, 0, 256, 6, 0, G_TX_WRAP | G_TX_NOMIRROR, 0, 0, G_TX_WRAP | G_TX_NOMIRROR, 0, 0),
	gsDPLoadBlock(6, 0, 0, 1023, 256),
	gsDPSetTile(G_IM_FMT_RGBA, G_IM_SIZ_16b, 8, 256, 1, 0, G_TX_CLAMP | G_TX_NOMIRROR, 5, 0, G_TX_CLAMP | G_TX_NOMIRROR, 5, 0),
	gsDPSetTileSize(1, 0, 0, 124, 124),
	gsSPEndDisplayList(),
};

Gfx ingredients_ingredient_dl_mesh_layer_5_opt_1_with_revert[] = {
	gsSPDisplayList(mat_ingredients_lettuce_chopped),
	gsSPDisplayList(ingredients_ingredient_dl_mesh_layer_5_tri_0),
	gsSPDisplayList(mat_revert_ingredients_lettuce_chopped),
	gsDPPipeSync(),
	gsSPSetGeometryMode(G_LIGHTING),
	gsSPClearGeometryMode(G_TEXTURE_GEN),
	gsDPSetCombineLERP(0, 0, 0, SHADE, 0, 0, 0, ENVIRONMENT, 0, 0, 0, SHADE, 0, 0, 0, ENVIRONMENT),
	gsSPTexture(65535, 65535, 0, 0, 0),
	gsDPSetEnvColor(255, 255, 255, 255),
	gsDPSetAlphaCompare(G_AC_NONE),
	gsDPSetTextureImage(G_IM_FMT_RGBA, G_IM_SIZ_16b_LOAD_BLOCK, 1, 0),
	gsDPSetTile(G_IM_FMT_RGBA, G_IM_SIZ_16b_LOAD_BLOCK, 0, 0, 7, 0, G_TX_WRAP | G_TX_NOMIRROR, 0, 0, G_TX_WRAP  | G_TX_NOMIRROR, 0, 0),
	gsDPLoadBlock(7, 0, 0, 1023, 256),
	gsDPSetTile(G_IM_FMT_RGBA, G_IM_SIZ_16b, 8, 0, 0, 0, G_TX_CLAMP | G_TX_NOMIRROR, 5, 0, G_TX_CLAMP | G_TX_NOMIRROR, 5, 0),
	gsDPSetTileSize(0, 0, 0, 124, 124),
	gsDPSetTextureImage(G_IM_FMT_RGBA, G_IM_SIZ_16b_LOAD_BLOCK, 1, 0),
	gsDPSetTile(G_IM_FMT_RGBA, G_IM_SIZ_16b_LOAD_BLOCK, 0, 256, 6, 0, G_TX_WRAP | G_TX_NOMIRROR, 0, 0, G_TX_WRAP | G_TX_NOMIRROR, 0, 0),
	gsDPLoadBlock(6, 0, 0, 1023, 256),
	gsDPSetTile(G_IM_FMT_RGBA, G_IM_SIZ_16b, 8, 256, 1, 0, G_TX_CLAMP | G_TX_NOMIRROR, 5, 0, G_TX_CLAMP | G_TX_NOMIRROR, 5, 0),
	gsDPSetTileSize(1, 0, 0, 124, 124),
	gsSPEndDisplayList(),
};

Gfx ingredients_ingredient_dl_mesh_layer_5_opt_2_with_revert[] = {
	gsSPDisplayList(mat_ingredients_tomato_unchopped),
	gsSPDisplayList(ingredients_ingredient_dl_mesh_layer_5_tri_0),
	gsSPDisplayList(mat_revert_ingredients_tomato_unchopped),
	gsDPPipeSync(),
	gsSPSetGeometryMode(G_LIGHTING),
	gsSPClearGeometryMode(G_TEXTURE_GEN),
	gsDPSetCombineLERP(0, 0, 0, SHADE, 0, 0, 0, ENVIRONMENT, 0, 0, 0, SHADE, 0, 0, 0, ENVIRONMENT),
	gsSPTexture(65535, 65535, 0, 0, 0),
	gsDPSetEnvColor(255, 255, 255, 255),
	gsDPSetAlphaCompare(G_AC_NONE),
	gsDPSetTextureImage(G_IM_FMT_RGBA, G_IM_SIZ_16b_LOAD_BLOCK, 1, 0),
	gsDPSetTile(G_IM_FMT_RGBA, G_IM_SIZ_16b_LOAD_BLOCK, 0, 0, 7, 0, G_TX_WRAP | G_TX_NOMIRROR, 0, 0, G_TX_WRAP  | G_TX_NOMIRROR, 0, 0),
	gsDPLoadBlock(7, 0, 0, 1023, 256),
	gsDPSetTile(G_IM_FMT_RGBA, G_IM_SIZ_16b, 8, 0, 0, 0, G_TX_CLAMP | G_TX_NOMIRROR, 5, 0, G_TX_CLAMP | G_TX_NOMIRROR, 5, 0),
	gsDPSetTileSize(0, 0, 0, 124, 124),
	gsDPSetTextureImage(G_IM_FMT_RGBA, G_IM_SIZ_16b_LOAD_BLOCK, 1, 0),
	gsDPSetTile(G_IM_FMT_RGBA, G_IM_SIZ_16b_LOAD_BLOCK, 0, 256, 6, 0, G_TX_WRAP | G_TX_NOMIRROR, 0, 0, G_TX_WRAP | G_TX_NOMIRROR, 0, 0),
	gsDPLoadBlock(6, 0, 0, 1023, 256),
	gsDPSetTile(G_IM_FMT_RGBA, G_IM_SIZ_16b, 8, 256, 1, 0, G_TX_CLAMP | G_TX_NOMIRROR, 5, 0, G_TX_CLAMP | G_TX_NOMIRROR, 5, 0),
	gsDPSetTileSize(1, 0, 0, 124, 124),
	gsSPEndDisplayList(),
};

Gfx ingredients_ingredient_dl_mesh_layer_5_opt_3_with_revert[] = {
	gsSPDisplayList(mat_ingredients_tomato_chopped),
	gsSPDisplayList(ingredients_ingredient_dl_mesh_layer_5_tri_0),
	gsSPDisplayList(mat_revert_ingredients_tomato_chopped),
	gsDPPipeSync(),
	gsSPSetGeometryMode(G_LIGHTING),
	gsSPClearGeometryMode(G_TEXTURE_GEN),
	gsDPSetCombineLERP(0, 0, 0, SHADE, 0, 0, 0, ENVIRONMENT, 0, 0, 0, SHADE, 0, 0, 0, ENVIRONMENT),
	gsSPTexture(65535, 65535, 0, 0, 0),
	gsDPSetEnvColor(255, 255, 255, 255),
	gsDPSetAlphaCompare(G_AC_NONE),
	gsDPSetTextureImage(G_IM_FMT_RGBA, G_IM_SIZ_16b_LOAD_BLOCK, 1, 0),
	gsDPSetTile(G_IM_FMT_RGBA, G_IM_SIZ_16b_LOAD_BLOCK, 0, 0, 7, 0, G_TX_WRAP | G_TX_NOMIRROR, 0, 0, G_TX_WRAP  | G_TX_NOMIRROR, 0, 0),
	gsDPLoadBlock(7, 0, 0, 1023, 256),
	gsDPSetTile(G_IM_FMT_RGBA, G_IM_SIZ_16b, 8, 0, 0, 0, G_TX_CLAMP | G_TX_NOMIRROR, 5, 0, G_TX_CLAMP | G_TX_NOMIRROR, 5, 0),
	gsDPSetTileSize(0, 0, 0, 124, 124),
	gsDPSetTextureImage(G_IM_FMT_RGBA, G_IM_SIZ_16b_LOAD_BLOCK, 1, 0),
	gsDPSetTile(G_IM_FMT_RGBA, G_IM_SIZ_16b_LOAD_BLOCK, 0, 256, 6, 0, G_TX_WRAP | G_TX_NOMIRROR, 0, 0, G_TX_WRAP | G_TX_NOMIRROR, 0, 0),
	gsDPLoadBlock(6, 0, 0, 1023, 256),
	gsDPSetTile(G_IM_FMT_RGBA, G_IM_SIZ_16b, 8, 256, 1, 0, G_TX_CLAMP | G_TX_NOMIRROR, 5, 0, G_TX_CLAMP | G_TX_NOMIRROR, 5, 0),
	gsDPSetTileSize(1, 0, 0, 124, 124),
	gsSPEndDisplayList(),
};

Gfx ingredients_ingredient_dl_mesh_layer_5_opt_4_with_revert[] = {
	gsSPDisplayList(mat_ingredients_cheese_unchopped),
	gsSPDisplayList(ingredients_ingredient_dl_mesh_layer_5_tri_0),
	gsSPDisplayList(mat_revert_ingredients_cheese_unchopped),
	gsDPPipeSync(),
	gsSPSetGeometryMode(G_LIGHTING),
	gsSPClearGeometryMode(G_TEXTURE_GEN),
	gsDPSetCombineLERP(0, 0, 0, SHADE, 0, 0, 0, ENVIRONMENT, 0, 0, 0, SHADE, 0, 0, 0, ENVIRONMENT),
	gsSPTexture(65535, 65535, 0, 0, 0),
	gsDPSetEnvColor(255, 255, 255, 255),
	gsDPSetAlphaCompare(G_AC_NONE),
	gsDPSetTextureImage(G_IM_FMT_RGBA, G_IM_SIZ_16b_LOAD_BLOCK, 1, 0),
	gsDPSetTile(G_IM_FMT_RGBA, G_IM_SIZ_16b_LOAD_BLOCK, 0, 0, 7, 0, G_TX_WRAP | G_TX_NOMIRROR, 0, 0, G_TX_WRAP  | G_TX_NOMIRROR, 0, 0),
	gsDPLoadBlock(7, 0, 0, 1023, 256),
	gsDPSetTile(G_IM_FMT_RGBA, G_IM_SIZ_16b, 8, 0, 0, 0, G_TX_CLAMP | G_TX_NOMIRROR, 5, 0, G_TX_CLAMP | G_TX_NOMIRROR, 5, 0),
	gsDPSetTileSize(0, 0, 0, 124, 124),
	gsDPSetTextureImage(G_IM_FMT_RGBA, G_IM_SIZ_16b_LOAD_BLOCK, 1, 0),
	gsDPSetTile(G_IM_FMT_RGBA, G_IM_SIZ_16b_LOAD_BLOCK, 0, 256, 6, 0, G_TX_WRAP | G_TX_NOMIRROR, 0, 0, G_TX_WRAP | G_TX_NOMIRROR, 0, 0),
	gsDPLoadBlock(6, 0, 0, 1023, 256),
	gsDPSetTile(G_IM_FMT_RGBA, G_IM_SIZ_16b, 8, 256, 1, 0, G_TX_CLAMP | G_TX_NOMIRROR, 5, 0, G_TX_CLAMP | G_TX_NOMIRROR, 5, 0),
	gsDPSetTileSize(1, 0, 0, 124, 124),
	gsSPEndDisplayList(),
};

Gfx ingredients_ingredient_dl_mesh_layer_5_opt_5_with_revert[] = {
	gsSPDisplayList(mat_ingredients_cheese_chopped),
	gsSPDisplayList(ingredients_ingredient_dl_mesh_layer_5_tri_0),
	gsSPDisplayList(mat_revert_ingredients_cheese_chopped),
	gsDPPipeSync(),
	gsSPSetGeometryMode(G_LIGHTING),
	gsSPClearGeometryMode(G_TEXTURE_GEN),
	gsDPSetCombineLERP(0, 0, 0, SHADE, 0, 0, 0, ENVIRONMENT, 0, 0, 0, SHADE, 0, 0, 0, ENVIRONMENT),
	gsSPTexture(65535, 65535, 0, 0, 0),
	gsDPSetEnvColor(255, 255, 255, 255),
	gsDPSetAlphaCompare(G_AC_NONE),
	gsDPSetTextureImage(G_IM_FMT_RGBA, G_IM_SIZ_16b_LOAD_BLOCK, 1, 0),
	gsDPSetTile(G_IM_FMT_RGBA, G_IM_SIZ_16b_LOAD_BLOCK, 0, 0, 7, 0, G_TX_WRAP | G_TX_NOMIRROR, 0, 0, G_TX_WRAP  | G_TX_NOMIRROR, 0, 0),
	gsDPLoadBlock(7, 0, 0, 1023, 256),
	gsDPSetTile(G_IM_FMT_RGBA, G_IM_SIZ_16b, 8, 0, 0, 0, G_TX_CLAMP | G_TX_NOMIRROR, 5, 0, G_TX_CLAMP | G_TX_NOMIRROR, 5, 0),
	gsDPSetTileSize(0, 0, 0, 124, 124),
	gsDPSetTextureImage(G_IM_FMT_RGBA, G_IM_SIZ_16b_LOAD_BLOCK, 1, 0),
	gsDPSetTile(G_IM_FMT_RGBA, G_IM_SIZ_16b_LOAD_BLOCK, 0, 256, 6, 0, G_TX_WRAP | G_TX_NOMIRROR, 0, 0, G_TX_WRAP | G_TX_NOMIRROR, 0, 0),
	gsDPLoadBlock(6, 0, 0, 1023, 256),
	gsDPSetTile(G_IM_FMT_RGBA, G_IM_SIZ_16b, 8, 256, 1, 0, G_TX_CLAMP | G_TX_NOMIRROR, 5, 0, G_TX_CLAMP | G_TX_NOMIRROR, 5, 0),
	gsDPSetTileSize(1, 0, 0, 124, 124),
	gsSPEndDisplayList(),
};

Gfx ingredients_ingredient_dl_mesh_layer_5_opt_6_with_revert[] = {
	gsSPDisplayList(mat_ingredients_meat_unchopped_raw),
	gsSPDisplayList(ingredients_ingredient_dl_mesh_layer_5_tri_0),
	gsSPDisplayList(mat_revert_ingredients_meat_unchopped_raw),
	gsDPPipeSync(),
	gsSPSetGeometryMode(G_LIGHTING),
	gsSPClearGeometryMode(G_TEXTURE_GEN),
	gsDPSetCombineLERP(0, 0, 0, SHADE, 0, 0, 0, ENVIRONMENT, 0, 0, 0, SHADE, 0, 0, 0, ENVIRONMENT),
	gsSPTexture(65535, 65535, 0, 0, 0),
	gsDPSetEnvColor(255, 255, 255, 255),
	gsDPSetAlphaCompare(G_AC_NONE),
	gsDPSetTextureImage(G_IM_FMT_RGBA, G_IM_SIZ_16b_LOAD_BLOCK, 1, 0),
	gsDPSetTile(G_IM_FMT_RGBA, G_IM_SIZ_16b_LOAD_BLOCK, 0, 0, 7, 0, G_TX_WRAP | G_TX_NOMIRROR, 0, 0, G_TX_WRAP  | G_TX_NOMIRROR, 0, 0),
	gsDPLoadBlock(7, 0, 0, 1023, 256),
	gsDPSetTile(G_IM_FMT_RGBA, G_IM_SIZ_16b, 8, 0, 0, 0, G_TX_CLAMP | G_TX_NOMIRROR, 5, 0, G_TX_CLAMP | G_TX_NOMIRROR, 5, 0),
	gsDPSetTileSize(0, 0, 0, 124, 124),
	gsDPSetTextureImage(G_IM_FMT_RGBA, G_IM_SIZ_16b_LOAD_BLOCK, 1, 0),
	gsDPSetTile(G_IM_FMT_RGBA, G_IM_SIZ_16b_LOAD_BLOCK, 0, 256, 6, 0, G_TX_WRAP | G_TX_NOMIRROR, 0, 0, G_TX_WRAP | G_TX_NOMIRROR, 0, 0),
	gsDPLoadBlock(6, 0, 0, 1023, 256),
	gsDPSetTile(G_IM_FMT_RGBA, G_IM_SIZ_16b, 8, 256, 1, 0, G_TX_CLAMP | G_TX_NOMIRROR, 5, 0, G_TX_CLAMP | G_TX_NOMIRROR, 5, 0),
	gsDPSetTileSize(1, 0, 0, 124, 124),
	gsSPEndDisplayList(),
};

Gfx ingredients_ingredient_dl_mesh_layer_5_opt_7_with_revert[] = {
	gsSPDisplayList(mat_ingredients_meat_chopped_raw),
	gsSPDisplayList(ingredients_ingredient_dl_mesh_layer_5_tri_0),
	gsSPDisplayList(mat_revert_ingredients_meat_chopped_raw),
	gsDPPipeSync(),
	gsSPSetGeometryMode(G_LIGHTING),
	gsSPClearGeometryMode(G_TEXTURE_GEN),
	gsDPSetCombineLERP(0, 0, 0, SHADE, 0, 0, 0, ENVIRONMENT, 0, 0, 0, SHADE, 0, 0, 0, ENVIRONMENT),
	gsSPTexture(65535, 65535, 0, 0, 0),
	gsDPSetEnvColor(255, 255, 255, 255),
	gsDPSetAlphaCompare(G_AC_NONE),
	gsDPSetTextureImage(G_IM_FMT_RGBA, G_IM_SIZ_16b_LOAD_BLOCK, 1, 0),
	gsDPSetTile(G_IM_FMT_RGBA, G_IM_SIZ_16b_LOAD_BLOCK, 0, 0, 7, 0, G_TX_WRAP | G_TX_NOMIRROR, 0, 0, G_TX_WRAP  | G_TX_NOMIRROR, 0, 0),
	gsDPLoadBlock(7, 0, 0, 1023, 256),
	gsDPSetTile(G_IM_FMT_RGBA, G_IM_SIZ_16b, 8, 0, 0, 0, G_TX_CLAMP | G_TX_NOMIRROR, 5, 0, G_TX_CLAMP | G_TX_NOMIRROR, 5, 0),
	gsDPSetTileSize(0, 0, 0, 124, 124),
	gsDPSetTextureImage(G_IM_FMT_RGBA, G_IM_SIZ_16b_LOAD_BLOCK, 1, 0),
	gsDPSetTile(G_IM_FMT_RGBA, G_IM_SIZ_16b_LOAD_BLOCK, 0, 256, 6, 0, G_TX_WRAP | G_TX_NOMIRROR, 0, 0, G_TX_WRAP | G_TX_NOMIRROR, 0, 0),
	gsDPLoadBlock(6, 0, 0, 1023, 256),
	gsDPSetTile(G_IM_FMT_RGBA, G_IM_SIZ_16b, 8, 256, 1, 0, G_TX_CLAMP | G_TX_NOMIRROR, 5, 0, G_TX_CLAMP | G_TX_NOMIRROR, 5, 0),
	gsDPSetTileSize(1, 0, 0, 124, 124),
	gsSPEndDisplayList(),
};

Gfx ingredients_ingredient_dl_mesh_layer_5_opt_8_with_revert[] = {
	gsSPDisplayList(mat_ingredients_meat_chopped_cooked),
	gsSPDisplayList(ingredients_ingredient_dl_mesh_layer_5_tri_0),
	gsSPDisplayList(mat_revert_ingredients_meat_chopped_cooked),
	gsDPPipeSync(),
	gsSPSetGeometryMode(G_LIGHTING),
	gsSPClearGeometryMode(G_TEXTURE_GEN),
	gsDPSetCombineLERP(0, 0, 0, SHADE, 0, 0, 0, ENVIRONMENT, 0, 0, 0, SHADE, 0, 0, 0, ENVIRONMENT),
	gsSPTexture(65535, 65535, 0, 0, 0),
	gsDPSetEnvColor(255, 255, 255, 255),
	gsDPSetAlphaCompare(G_AC_NONE),
	gsDPSetTextureImage(G_IM_FMT_RGBA, G_IM_SIZ_16b_LOAD_BLOCK, 1, 0),
	gsDPSetTile(G_IM_FMT_RGBA, G_IM_SIZ_16b_LOAD_BLOCK, 0, 0, 7, 0, G_TX_WRAP | G_TX_NOMIRROR, 0, 0, G_TX_WRAP  | G_TX_NOMIRROR, 0, 0),
	gsDPLoadBlock(7, 0, 0, 1023, 256),
	gsDPSetTile(G_IM_FMT_RGBA, G_IM_SIZ_16b, 8, 0, 0, 0, G_TX_CLAMP | G_TX_NOMIRROR, 5, 0, G_TX_CLAMP | G_TX_NOMIRROR, 5, 0),
	gsDPSetTileSize(0, 0, 0, 124, 124),
	gsDPSetTextureImage(G_IM_FMT_RGBA, G_IM_SIZ_16b_LOAD_BLOCK, 1, 0),
	gsDPSetTile(G_IM_FMT_RGBA, G_IM_SIZ_16b_LOAD_BLOCK, 0, 256, 6, 0, G_TX_WRAP | G_TX_NOMIRROR, 0, 0, G_TX_WRAP | G_TX_NOMIRROR, 0, 0),
	gsDPLoadBlock(6, 0, 0, 1023, 256),
	gsDPSetTile(G_IM_FMT_RGBA, G_IM_SIZ_16b, 8, 256, 1, 0, G_TX_CLAMP | G_TX_NOMIRROR, 5, 0, G_TX_CLAMP | G_TX_NOMIRROR, 5, 0),
	gsDPSetTileSize(1, 0, 0, 124, 124),
	gsSPEndDisplayList(),
};

